{
    "0": {
        "score": 8.053743362426758,
        "runtime": 115.44350814819336
    },
    "1": {
        "score": 8.450470924377441,
        "runtime": 115.0348289012909
    },
    "2": {
        "score": 8.189943313598633,
        "runtime": 114.23599100112915
    },
    "3": {
        "score": 8.443401336669922,
        "runtime": 115.12972927093506
    },
    "4": {
        "score": 8.677030563354492,
        "runtime": 114.36501908302307
    },
    "5": {
        "score": 7.654203414916992,
        "runtime": 114.45770001411438
    },
    "6": {
        "score": 8.142772674560547,
        "runtime": 115.37333512306213
    },
    "7": {
        "score": 8.396885871887207,
        "runtime": 114.1502161026001
    },
    "8": {
        "score": 7.940042972564697,
        "runtime": 115.63359761238098
    },
    "9": {
        "score": 8.076430320739746,
        "runtime": 115.46041059494019
    },
    "10": {
        "score": 8.044180870056152,
        "runtime": 115.4551649093628
    },
    "11": {
        "score": 7.90579080581665,
        "runtime": 115.32101845741272
    },
    "12": {
        "score": 8.280174255371094,
        "runtime": 115.68427443504333
    },
    "13": {
        "score": 7.678772449493408,
        "runtime": 115.96263909339905
    },
    "14": {
        "score": 8.116557121276855,
        "runtime": 115.61818265914917
    },
    "15": {
        "score": 8.03941535949707,
        "runtime": 114.67351222038269
    },
    "16": {
        "score": 8.01491928100586,
        "runtime": 114.50164484977722
    },
    "17": {
        "score": 8.112195014953613,
        "runtime": 115.3505265712738
    },
    "18": {
        "score": 8.143836975097656,
        "runtime": 116.0163185596466
    },
    "19": {
        "score": 8.523749351501465,
        "runtime": 116.67382550239563
    },
    "20": {
        "score": 8.148275375366211,
        "runtime": 116.03499412536621
    },
    "21": {
        "score": 9.037620544433594,
        "runtime": 116.38891243934631
    },
    "22": {
        "score": 8.354905128479004,
        "runtime": 115.41018056869507
    },
    "23": {
        "score": 8.218338966369629,
        "runtime": 115.02455115318298
    },
    "24": {
        "score": 7.675420761108398,
        "runtime": 116.10261368751526
    },
    "25": {
        "score": 8.423559188842773,
        "runtime": 117.15880513191223
    },
    "26": {
        "score": 8.405024528503418,
        "runtime": 114.4757673740387
    },
    "27": {
        "score": 8.05715560913086,
        "runtime": 115.1423225402832
    },
    "28": {
        "score": 8.817142486572266,
        "runtime": 116.75231170654297
    },
    "29": {
        "score": 7.571432113647461,
        "runtime": 116.71281313896179
    },
    "30": {
        "score": 8.14530086517334,
        "runtime": 115.80882048606873
    },
    "31": {
        "score": 7.9878716468811035,
        "runtime": 115.22970628738403
    },
    "32": {
        "score": 7.701521396636963,
        "runtime": 114.69863724708557
    },
    "33": {
        "score": 8.044615745544434,
        "runtime": 114.93374371528625
    },
    "34": {
        "score": 8.595059394836426,
        "runtime": 115.54092049598694
    },
    "35": {
        "score": 8.169655799865723,
        "runtime": 115.76896500587463
    },
    "36": {
        "score": 8.193096160888672,
        "runtime": 116.67195439338684
    },
    "37": {
        "score": 8.131546020507812,
        "runtime": 115.89968609809875
    },
    "38": {
        "score": 8.04112720489502,
        "runtime": 114.34271192550659
    },
    "39": {
        "score": 7.626486301422119,
        "runtime": 115.08113551139832
    },
    "40": {
        "score": 8.028033256530762,
        "runtime": 116.3034200668335
    },
    "41": {
        "score": 7.846043109893799,
        "runtime": 115.18198657035828
    },
    "42": {
        "score": 7.83833646774292,
        "runtime": 115.72030329704285
    },
    "43": {
        "score": 8.131260871887207,
        "runtime": 116.1967282295227
    },
    "44": {
        "score": 7.863646030426025,
        "runtime": 116.07795858383179
    },
    "45": {
        "score": 7.893162250518799,
        "runtime": 116.7632839679718
    },
    "46": {
        "score": 8.582834243774414,
        "runtime": 115.66044759750366
    },
    "47": {
        "score": 8.273209571838379,
        "runtime": 114.54773569107056
    },
    "48": {
        "score": 8.264097213745117,
        "runtime": 115.71641445159912
    },
    "49": {
        "score": 8.622701644897461,
        "runtime": 117.74750232696533
    },
    "50": {
        "score": 8.34035587310791,
        "runtime": 116.63851380348206
    },
    "51": {
        "score": 8.023978233337402,
        "runtime": 114.26397180557251
    },
    "52": {
        "score": 8.519693374633789,
        "runtime": 115.1718978881836
    },
    "53": {
        "score": 7.568186283111572,
        "runtime": 116.02120208740234
    },
    "54": {
        "score": 8.411294937133789,
        "runtime": 115.22914361953735
    },
    "55": {
        "score": 7.97582483291626,
        "runtime": 116.66263103485107
    },
    "56": {
        "score": 8.246511459350586,
        "runtime": 115.82870554924011
    },
    "57": {
        "score": 8.116525650024414,
        "runtime": 116.90274477005005
    },
    "58": {
        "score": 8.329771995544434,
        "runtime": 115.12317872047424
    },
    "59": {
        "score": 7.627726078033447,
        "runtime": 115.42625951766968
    },
    "60": {
        "score": 7.996150016784668,
        "runtime": 114.76509380340576
    },
    "61": {
        "score": 8.272330284118652,
        "runtime": 115.88855028152466
    },
    "62": {
        "score": 8.29969310760498,
        "runtime": 115.021981716156
    },
    "63": {
        "score": 7.943575382232666,
        "runtime": 114.9631016254425
    },
    "64": {
        "score": 7.760432720184326,
        "runtime": 116.10195255279541
    },
    "65": {
        "score": 8.5888090133667,
        "runtime": 116.69074702262878
    },
    "66": {
        "score": 8.438471794128418,
        "runtime": 115.96561050415039
    },
    "67": {
        "score": 8.029431343078613,
        "runtime": 116.94867897033691
    },
    "68": {
        "score": 8.087087631225586,
        "runtime": 115.59842586517334
    },
    "69": {
        "score": 7.8680524826049805,
        "runtime": 116.15555620193481
    },
    "70": {
        "score": 8.61893367767334,
        "runtime": 114.70016026496887
    },
    "71": {
        "score": 7.46510648727417,
        "runtime": 115.8434886932373
    },
    "72": {
        "score": 8.52434253692627,
        "runtime": 115.88370704650879
    },
    "73": {
        "score": 8.29580307006836,
        "runtime": 115.93333411216736
    },
    "74": {
        "score": 7.823381423950195,
        "runtime": 115.83649945259094
    },
    "75": {
        "score": 7.785227298736572,
        "runtime": 114.33574509620667
    },
    "76": {
        "score": 8.191849708557129,
        "runtime": 114.35805702209473
    },
    "77": {
        "score": 8.397698402404785,
        "runtime": 115.37237358093262
    },
    "78": {
        "score": 7.881921291351318,
        "runtime": 114.26451063156128
    },
    "79": {
        "score": 8.102499008178711,
        "runtime": 116.10972809791565
    },
    "80": {
        "score": 7.542368412017822,
        "runtime": 113.92593193054199
    },
    "81": {
        "score": 7.902590751647949,
        "runtime": 133.52786660194397
    },
    "82": {
        "score": 7.560791015625,
        "runtime": 120.45344877243042
    },
    "83": {
        "score": 7.605940818786621,
        "runtime": 114.81400060653687
    },
    "84": {
        "score": 7.739932060241699,
        "runtime": 113.94000220298767
    },
    "85": {
        "score": 8.330418586730957,
        "runtime": 116.44699740409851
    },