{
    "0": {
        "score": 6.758175849914551,
        "runtime": 1.647998332977295
    },
    "1": {
        "score": 6.758175849914551,
        "runtime": 1.7829995155334473
    },
    "2": {
        "score": 6.758175849914551,
        "runtime": 1.6710007190704346
    },
    "3": {
        "score": 6.758175849914551,
        "runtime": 1.7759997844696045
    },
    "4": {
        "score": 6.758175849914551,
        "runtime": 1.704002857208252
    },
    "5": {
        "score": 6.758175849914551,
        "runtime": 1.7089991569519043
    },
    "6": {
        "score": 6.758175849914551,
        "runtime": 1.7140014171600342
    },
    "7": {
        "score": 6.758175849914551,
        "runtime": 1.7180004119873047
    },
    "8": {
        "score": 6.758175849914551,
        "runtime": 1.7489995956420898
    },
    "9": {
        "score": 6.758175849914551,
        "runtime": 1.720001459121704
    },
    "10": {
        "score": 6.758175849914551,
        "runtime": 1.7580013275146484
    },
    "11": {
        "score": 6.758175849914551,
        "runtime": 1.703000783920288
    },
    "12": {
        "score": 6.758175849914551,
        "runtime": 1.7170023918151855
    },
    "13": {
        "score": 6.758175849914551,
        "runtime": 1.6970012187957764
    },
    "14": {
        "score": 6.758175849914551,
        "runtime": 1.7269978523254395
    },
    "15": {
        "score": 6.758175849914551,
        "runtime": 1.6769990921020508
    },
    "16": {
        "score": 6.758175849914551,
        "runtime": 1.7950003147125244
    },
    "17": {
        "score": 6.758175849914551,
        "runtime": 1.7640016078948975
    },
    "18": {
        "score": 6.758175849914551,
        "runtime": 1.7459993362426758
    },
    "19": {
        "score": 6.758175849914551,
        "runtime": 1.6750011444091797
    },
    "20": {
        "score": 6.758175849914551,
        "runtime": 1.7639985084533691
    },
    "21": {
        "score": 6.758175849914551,
        "runtime": 1.7049996852874756
    },
    "22": {
        "score": 6.758175849914551,
        "runtime": 1.7950007915496826
    },
    "23": {
        "score": 6.758175849914551,
        "runtime": 1.7390005588531494
    },
    "24": {
        "score": 6.758175849914551,
        "runtime": 1.7380001544952393
    },
    "25": {
        "score": 6.758175849914551,
        "runtime": 1.687002182006836
    },
    "26": {
        "score": 6.758175849914551,
        "runtime": 1.7239997386932373
    },
    "27": {
        "score": 6.758175849914551,
        "runtime": 1.7619984149932861
    },
    "28": {
        "score": 6.758175849914551,
        "runtime": 1.712998867034912
    },
    "29": {
        "score": 6.758175849914551,
        "runtime": 1.7389988899230957
    },
    "30": {
        "score": 6.758175849914551,
        "runtime": 1.7069988250732422
    },
    "31": {
        "score": 6.758175849914551,
        "runtime": 1.7019968032836914
    },
    "32": {
        "score": 6.758175849914551,
        "runtime": 1.6850008964538574
    },
    "33": {
        "score": 6.758175849914551,
        "runtime": 1.7469987869262695
    },
    "34": {
        "score": 6.758175849914551,
        "runtime": 1.7060022354125977
    },
    "35": {
        "score": 6.758175849914551,
        "runtime": 1.660003423690796
    },
    "36": {
        "score": 6.758175849914551,
        "runtime": 1.6950016021728516
    },
    "37": {
        "score": 6.758175849914551,
        "runtime": 1.7739975452423096
    },
    "38": {
        "score": 6.758175849914551,
        "runtime": 1.806001901626587
    },
    "39": {
        "score": 6.758175849914551,
        "runtime": 1.7630000114440918
    },
    "40": {
        "score": 6.758175849914551,
        "runtime": 1.7439990043640137
    },
    "41": {
        "score": 6.758175849914551,
        "runtime": 1.7770028114318848
    },
    "42": {
        "score": 6.758175849914551,
        "runtime": 1.7049992084503174
    },
    "43": {
        "score": 6.758175849914551,
        "runtime": 1.7320008277893066
    },
    "44": {
        "score": 6.758175849914551,
        "runtime": 1.7709970474243164
    },
    "45": {
        "score": 6.758175849914551,
        "runtime": 1.721998691558838
    },
    "46": {
        "score": 6.758175849914551,
        "runtime": 1.709000825881958
    },
    "47": {
        "score": 6.758175849914551,
        "runtime": 1.8329980373382568
    },
    "48": {
        "score": 6.758175849914551,
        "runtime": 1.7170004844665527
    },
    "49": {
        "score": 6.758175849914551,
        "runtime": 1.7450006008148193
    },
    "50": {
        "score": 6.758175849914551,
        "runtime": 1.7479994297027588
    },
    "51": {
        "score": 6.758175849914551,
        "runtime": 1.6700000762939453
    },
    "52": {
        "score": 6.758175849914551,
        "runtime": 1.7270009517669678
    },
    "53": {
        "score": 6.758175849914551,
        "runtime": 1.7000012397766113
    },
    "54": {
        "score": 6.758175849914551,
        "runtime": 1.701997995376587
    },
    "55": {
        "score": 6.758175849914551,
        "runtime": 1.7090001106262207
    },
    "56": {
        "score": 6.758175849914551,
        "runtime": 1.707000970840454
    },
    "57": {
        "score": 6.758175849914551,
        "runtime": 1.649000644683838
    },
    "58": {
        "score": 6.758175849914551,
        "runtime": 1.7789971828460693
    },
    "59": {
        "score": 6.758175849914551,
        "runtime": 1.695997953414917
    },
    "60": {
        "score": 6.758175849914551,
        "runtime": 1.7410001754760742
    },
    "61": {
        "score": 6.758175849914551,
        "runtime": 1.7260010242462158
    },
    "62": {
        "score": 6.758175849914551,
        "runtime": 1.7040009498596191
    },
    "63": {
        "score": 6.758175849914551,
        "runtime": 1.7169973850250244
    },
    "64": {
        "score": 6.758175849914551,
        "runtime": 1.690000295639038
    },
    "65": {
        "score": 6.758175849914551,
        "runtime": 1.7780020236968994
    },
    "66": {
        "score": 6.758175849914551,
        "runtime": 1.823002576828003
    },
    "67": {
        "score": 6.758175849914551,
        "runtime": 1.755000114440918
    },
    "68": {
        "score": 6.758175849914551,
        "runtime": 1.7390122413635254
    },
    "69": {
        "score": 6.758175849914551,
        "runtime": 1.7100028991699219
    },
    "70": {
        "score": 6.758175849914551,
        "runtime": 1.6979985237121582
    },
    "71": {
        "score": 6.758175849914551,
        "runtime": 1.7309989929199219
    },
    "72": {
        "score": 6.758175849914551,
        "runtime": 1.714998722076416
    },
    "73": {
        "score": 6.758175849914551,
        "runtime": 1.7179992198944092
    },
    "74": {
        "score": 6.758175849914551,
        "runtime": 1.7080004215240479
    },
    "75": {
        "score": 6.758175849914551,
        "runtime": 1.7139971256256104
    },
    "76": {
        "score": 6.758175849914551,
        "runtime": 1.7290024757385254
    },
    "77": {
        "score": 6.758175849914551,
        "runtime": 1.7210001945495605
    },
    "78": {
        "score": 6.758175849914551,
        "runtime": 1.7279977798461914
    },
    "79": {
        "score": 6.758175849914551,
        "runtime": 1.716003656387329
    },
    "80": {
        "score": 6.758175849914551,
        "runtime": 1.6559984683990479
    },
    "81": {
        "score": 6.758175849914551,
        "runtime": 1.7170000076293945
    },
    "82": {
        "score": 6.758175849914551,
        "runtime": 1.76900053024292
    },
    "83": {
        "score": 6.758175849914551,
        "runtime": 1.7060022354125977
    },
    "84": {
        "score": 6.758175849914551,
        "runtime": 1.7939989566802979
    },
    "85": {
        "score": 6.758175849914551,
        "runtime": 1.7350010871887207
    },