{
    "epoch=167-train_score=5.69817": {
        "result_avg": {
            "score": 5.803557000160217,
            "runtime": 10.99030030965805
        },
        "result_std": {
            "score": 0.07833055747674757,
            "runtime": 0.022603209783117535
        }
    },
    "epoch=199-train_score=5.68959": {
        "result_avg": {
            "score": 5.799551577568054,
            "runtime": 10.987994694709778
        },
        "result_std": {
            "score": 0.07241866947140213,
            "runtime": 0.024254934878351266
        }
    },
    "epoch=145-train_score=5.71067": {
        "result_avg": {
            "score": 5.812364516258239,
            "runtime": 11.004199495315552
        },
        "result_std": {
            "score": 0.07402012501579822,
            "runtime": 0.02436438486733199
        }
    },
    "epoch=119-train_score=5.71073": {
        "result_avg": {
            "score": 5.823865432739257,
            "runtime": 11.015581738948821
        },
        "result_std": {
            "score": 0.07565099332933148,
            "runtime": 0.024896604131342176
        }
    },
    "epoch=127-train_score=5.69979": {
        "result_avg": {
            "score": 5.818077540397644,
            "runtime": 11.015831027030945
        },
        "result_std": {
            "score": 0.08841419065374055,
            "runtime": 0.02124410083510953
        }
    }
}