{
    "0": {
        "score": 5.666977405548096,
        "runtime": 11.12949538230896
    },
    "1": {
        "score": 5.8972086906433105,
        "runtime": 11.354525566101074
    },
    "2": {
        "score": 6.317463397979736,
        "runtime": 11.024945735931396
    },
    "3": {
        "score": 6.159651756286621,
        "runtime": 10.96595311164856
    },
    "4": {
        "score": 5.859945297241211,
        "runtime": 11.69151520729065
    },
    "5": {
        "score": 5.881460666656494,
        "runtime": 11.159944534301758
    },
    "6": {
        "score": 6.0720038414001465,
        "runtime": 10.986952781677246
    },
    "7": {
        "score": 6.065482139587402,
        "runtime": 11.08494782447815
    },
    "8": {
        "score": 5.7301764488220215,
        "runtime": 10.878952980041504
    },
    "9": {
        "score": 6.159329891204834,
        "runtime": 11.359501600265503
    },
    "10": {
        "score": 5.496968746185303,
        "runtime": 11.00199270248413
    },
    "11": {
        "score": 5.096682548522949,
        "runtime": 10.965468168258667
    },
    "12": {
        "score": 5.756067752838135,
        "runtime": 10.868942260742188
    },
    "13": {
        "score": 5.743045330047607,
        "runtime": 10.929994821548462
    },
    "14": {
        "score": 6.421438217163086,
        "runtime": 10.92776370048523
    },
    "15": {
        "score": 6.031674861907959,
        "runtime": 10.973472833633423
    },
    "16": {
        "score": 5.751594066619873,
        "runtime": 10.981940269470215
    },
    "17": {
        "score": 5.420934200286865,
        "runtime": 10.997956037521362
    },
    "18": {
        "score": 5.702567100524902,
        "runtime": 10.877978563308716
    },
    "19": {
        "score": 5.571242332458496,
        "runtime": 11.057215213775635
    },
    "20": {
        "score": 5.471527576446533,
        "runtime": 10.95071029663086
    },
    "21": {
        "score": 5.963338375091553,
        "runtime": 11.076940059661865
    },
    "22": {
        "score": 5.759951591491699,
        "runtime": 10.97620964050293
    },
    "23": {
        "score": 5.946459770202637,
        "runtime": 11.26068377494812
    },
    "24": {
        "score": 5.884261131286621,
        "runtime": 10.89420747756958
    },
    "25": {
        "score": 6.152249813079834,
        "runtime": 10.947928190231323
    },
    "26": {
        "score": 5.707890033721924,
        "runtime": 10.889443635940552
    },
    "27": {
        "score": 5.825554370880127,
        "runtime": 10.861942529678345
    },
    "28": {
        "score": 5.588083267211914,
        "runtime": 10.9134681224823
    },
    "29": {
        "score": 6.168292999267578,
        "runtime": 10.87387728691101
    },
    "30": {
        "score": 6.055611610412598,
        "runtime": 11.086681604385376
    },
    "31": {
        "score": 5.657261371612549,
        "runtime": 10.867196083068848
    },
    "32": {
        "score": 5.902464389801025,
        "runtime": 10.863739967346191
    },
    "33": {
        "score": 5.591897010803223,
        "runtime": 10.954048156738281
    },
    "34": {
        "score": 5.672811508178711,
        "runtime": 10.863505840301514
    },
    "35": {
        "score": 5.92213249206543,
        "runtime": 11.05346155166626
    },
    "36": {
        "score": 5.994709491729736,
        "runtime": 10.855489730834961
    },
    "37": {
        "score": 6.358107089996338,
        "runtime": 10.807472705841064
    },
    "38": {
        "score": 5.696890354156494,
        "runtime": 10.877955198287964
    },
    "39": {
        "score": 6.137750625610352,
        "runtime": 10.98664379119873
    },
    "40": {
        "score": 5.6664862632751465,
        "runtime": 11.156898498535156
    },
    "41": {
        "score": 5.914459228515625,
        "runtime": 10.922424793243408
    },
    "42": {
        "score": 5.719614505767822,
        "runtime": 10.932926416397095
    },
    "43": {
        "score": 7.066073894500732,
        "runtime": 11.024622917175293
    },
    "44": {
        "score": 5.477430820465088,
        "runtime": 10.803433656692505
    },
    "45": {
        "score": 5.791769504547119,
        "runtime": 11.03249979019165
    },
    "46": {
        "score": 6.023120880126953,
        "runtime": 10.909475564956665
    },
    "47": {
        "score": 5.659748554229736,
        "runtime": 10.74971604347229
    },
    "48": {
        "score": 5.81151819229126,
        "runtime": 10.983695268630981
    },
    "49": {
        "score": 6.095895767211914,
        "runtime": 10.905940532684326
    },
    "50": {
        "score": 5.962913513183594,
        "runtime": 10.891451120376587
    },
    "51": {
        "score": 5.9934892654418945,
        "runtime": 10.962948322296143
    },
    "52": {
        "score": 6.211682319641113,
        "runtime": 11.03777551651001
    },
    "53": {
        "score": 5.4203057289123535,
        "runtime": 11.402533769607544
    },
    "54": {
        "score": 5.68527364730835,
        "runtime": 11.127944707870483
    },
    "55": {
        "score": 5.872507572174072,
        "runtime": 11.083712816238403
    },
    "56": {
        "score": 6.16302490234375,
        "runtime": 11.069471836090088
    },
    "57": {
        "score": 5.862945079803467,
        "runtime": 11.052479267120361
    },
    "58": {
        "score": 5.69420862197876,
        "runtime": 11.03194260597229
    },
    "59": {
        "score": 5.744133472442627,
        "runtime": 11.30251407623291
    },
    "60": {
        "score": 6.525050163269043,
        "runtime": 11.042017459869385
    },
    "61": {
        "score": 5.655560493469238,
        "runtime": 10.918457984924316
    },
    "62": {
        "score": 5.8128814697265625,
        "runtime": 11.142451763153076
    },
    "63": {
        "score": 5.580864429473877,
        "runtime": 11.053922176361084
    },
    "64": {
        "score": 5.799757480621338,
        "runtime": 10.93795132637024
    },
    "65": {
        "score": 5.734061241149902,
        "runtime": 11.061925888061523
    },
    "66": {
        "score": 5.574284076690674,
        "runtime": 10.991209506988525
    },
    "67": {
        "score": 5.3804612159729,
        "runtime": 11.110481977462769
    },
    "68": {
        "score": 5.776971817016602,
        "runtime": 10.981939792633057
    },
    "69": {
        "score": 5.41215181350708,
        "runtime": 11.031400442123413
    },
    "70": {
        "score": 6.020664691925049,
        "runtime": 11.04099702835083
    },
    "71": {
        "score": 5.466837406158447,
        "runtime": 11.307475090026855
    },
    "72": {
        "score": 6.02821159362793,
        "runtime": 10.880985736846924
    },
    "73": {
        "score": 5.577282905578613,
        "runtime": 10.926942110061646
    },
    "74": {
        "score": 5.630668640136719,
        "runtime": 10.93493127822876
    },
    "75": {
        "score": 5.8697309494018555,
        "runtime": 10.852956056594849
    },
    "76": {
        "score": 6.115797996520996,
        "runtime": 10.86314582824707
    },
    "77": {
        "score": 5.781491756439209,
        "runtime": 11.036928415298462
    },
    "78": {
        "score": 5.896013259887695,
        "runtime": 10.793425798416138
    },
    "79": {
        "score": 5.123435020446777,
        "runtime": 10.901430606842041
    },
    "80": {
        "score": 5.693075656890869,
        "runtime": 11.19393539428711
    },
    "81": {
        "score": 5.348254203796387,
        "runtime": 10.91791296005249
    },
    "82": {
        "score": 5.592456340789795,
        "runtime": 11.066955327987671
    },
    "83": {
        "score": 6.247898578643799,
        "runtime": 11.221004962921143
    },
    "84": {
        "score": 5.965689659118652,
        "runtime": 10.948935747146606
    },
    "85": {
        "score": 5.824131965637207,
        "runtime": 11.027949571609497
    },