{
    "0": {
        "score": 5.69064998626709,
        "runtime": 10.909494400024414
    },
    "1": {
        "score": 6.065963268280029,
        "runtime": 11.336525201797485
    },
    "2": {
        "score": 6.218859672546387,
        "runtime": 11.10594367980957
    },
    "3": {
        "score": 6.019261837005615,
        "runtime": 10.833954334259033
    },
    "4": {
        "score": 5.758479118347168,
        "runtime": 11.772516012191772
    },
    "5": {
        "score": 5.812621593475342,
        "runtime": 11.057944774627686
    },
    "6": {
        "score": 6.071447372436523,
        "runtime": 11.078948497772217
    },
    "7": {
        "score": 6.00775146484375,
        "runtime": 11.016466617584229
    },
    "8": {
        "score": 5.767615795135498,
        "runtime": 10.966997623443604
    },
    "9": {
        "score": 6.426602363586426,
        "runtime": 11.792008876800537
    },
    "10": {
        "score": 5.751590728759766,
        "runtime": 11.213973760604858
    },
    "11": {
        "score": 5.12148380279541,
        "runtime": 10.989965200424194
    },
    "12": {
        "score": 5.920711040496826,
        "runtime": 10.843465328216553
    },
    "13": {
        "score": 5.749359130859375,
        "runtime": 11.029715538024902
    },
    "14": {
        "score": 6.001717567443848,
        "runtime": 10.914445400238037
    },
    "15": {
        "score": 6.019528388977051,
        "runtime": 11.022704124450684
    },
    "16": {
        "score": 5.591521263122559,
        "runtime": 10.968943357467651
    },
    "17": {
        "score": 5.47195291519165,
        "runtime": 11.00597858428955
    },
    "18": {
        "score": 5.820853233337402,
        "runtime": 10.806930541992188
    },
    "19": {
        "score": 5.568150520324707,
        "runtime": 10.915453672409058
    },
    "20": {
        "score": 5.439564228057861,
        "runtime": 10.971224069595337
    },
    "21": {
        "score": 5.830796718597412,
        "runtime": 11.061940431594849
    },
    "22": {
        "score": 5.874357223510742,
        "runtime": 11.074724435806274
    },
    "23": {
        "score": 5.661653995513916,
        "runtime": 11.038942813873291
    },
    "24": {
        "score": 5.774966239929199,
        "runtime": 11.044676065444946
    },
    "25": {
        "score": 6.227479934692383,
        "runtime": 10.910471677780151
    },
    "26": {
        "score": 5.967554092407227,
        "runtime": 10.885927200317383
    },
    "27": {
        "score": 5.9582977294921875,
        "runtime": 10.933089017868042
    },
    "28": {
        "score": 5.830541133880615,
        "runtime": 10.908901929855347
    },
    "29": {
        "score": 6.069036483764648,
        "runtime": 10.80191683769226
    },
    "30": {
        "score": 5.893190860748291,
        "runtime": 11.069205045700073
    },
    "31": {
        "score": 5.758361339569092,
        "runtime": 11.162198781967163
    },
    "32": {
        "score": 5.880220890045166,
        "runtime": 11.071451425552368
    },
    "33": {
        "score": 5.609893798828125,
        "runtime": 10.75999641418457
    },
    "34": {
        "score": 5.696276664733887,
        "runtime": 11.041529893875122
    },
    "35": {
        "score": 5.779253959655762,
        "runtime": 10.961422204971313
    },
    "36": {
        "score": 5.998816013336182,
        "runtime": 10.96492052078247
    },
    "37": {
        "score": 6.297145366668701,
        "runtime": 11.026476383209229
    },
    "38": {
        "score": 5.60870885848999,
        "runtime": 10.841975450515747
    },
    "39": {
        "score": 6.129616737365723,
        "runtime": 11.03992772102356
    },
    "40": {
        "score": 5.625700950622559,
        "runtime": 11.09818434715271
    },
    "41": {
        "score": 5.741351127624512,
        "runtime": 11.075950145721436
    },
    "42": {
        "score": 5.955741882324219,
        "runtime": 10.994019269943237
    },
    "43": {
        "score": 6.5352959632873535,
        "runtime": 10.800668001174927
    },
    "44": {
        "score": 5.445080757141113,
        "runtime": 10.899940729141235
    },
    "45": {
        "score": 5.798792362213135,
        "runtime": 11.114960193634033
    },
    "46": {
        "score": 6.052632808685303,
        "runtime": 10.918935537338257
    },
    "47": {
        "score": 5.659748554229736,
        "runtime": 10.940411806106567
    },
    "48": {
        "score": 5.590330600738525,
        "runtime": 10.84195351600647
    },
    "49": {
        "score": 6.145212173461914,
        "runtime": 10.92395305633545
    },
    "50": {
        "score": 6.148552894592285,
        "runtime": 10.92693042755127
    },
    "51": {
        "score": 5.976573944091797,
        "runtime": 11.04293441772461
    },
    "52": {
        "score": 6.3256940841674805,
        "runtime": 11.04662275314331
    },
    "53": {
        "score": 5.5042548179626465,
        "runtime": 11.16130518913269
    },
    "54": {
        "score": 5.8000264167785645,
        "runtime": 10.997920274734497
    },
    "55": {
        "score": 5.955252647399902,
        "runtime": 10.842969179153442
    },
    "56": {
        "score": 6.1917948722839355,
        "runtime": 11.160426616668701
    },
    "57": {
        "score": 5.638439655303955,
        "runtime": 11.05446720123291
    },
    "58": {
        "score": 5.730618000030518,
        "runtime": 10.950692176818848
    },
    "59": {
        "score": 5.735616683959961,
        "runtime": 11.283525705337524
    },
    "60": {
        "score": 6.364154815673828,
        "runtime": 10.850750923156738
    },
    "61": {
        "score": 5.599362373352051,
        "runtime": 10.92294955253601
    },
    "62": {
        "score": 5.8128814697265625,
        "runtime": 11.079940557479858
    },
    "63": {
        "score": 5.5953168869018555,
        "runtime": 11.075436115264893
    },
    "64": {
        "score": 5.6673383712768555,
        "runtime": 10.98346734046936
    },
    "65": {
        "score": 5.760947227478027,
        "runtime": 11.040928840637207
    },
    "66": {
        "score": 5.635595798492432,
        "runtime": 11.223207950592041
    },
    "67": {
        "score": 5.431697845458984,
        "runtime": 11.206477165222168
    },
    "68": {
        "score": 5.804957866668701,
        "runtime": 11.032959222793579
    },
    "69": {
        "score": 5.433464050292969,
        "runtime": 10.795410871505737
    },
    "70": {
        "score": 6.058794975280762,
        "runtime": 10.804004669189453
    },
    "71": {
        "score": 5.685547828674316,
        "runtime": 11.209980010986328
    },
    "72": {
        "score": 6.1120100021362305,
        "runtime": 10.989472150802612
    },
    "73": {
        "score": 5.648659706115723,
        "runtime": 10.820223569869995
    },
    "74": {
        "score": 5.663511753082275,
        "runtime": 11.043931484222412
    },
    "75": {
        "score": 5.822537899017334,
        "runtime": 10.98226261138916
    },
    "76": {
        "score": 6.17046594619751,
        "runtime": 10.96712875366211
    },
    "77": {
        "score": 5.7541022300720215,
        "runtime": 10.958433866500854
    },
    "78": {
        "score": 5.889721870422363,
        "runtime": 10.950945854187012
    },
    "79": {
        "score": 5.181743144989014,
        "runtime": 10.797955751419067
    },
    "80": {
        "score": 5.693075656890869,
        "runtime": 10.949922561645508
    },
    "81": {
        "score": 5.338550090789795,
        "runtime": 10.920996189117432
    },
    "82": {
        "score": 5.607177734375,
        "runtime": 10.938928127288818
    },
    "83": {
        "score": 6.298996448516846,
        "runtime": 11.099004030227661
    },
    "84": {
        "score": 6.145062446594238,
        "runtime": 11.031949520111084
    },
    "85": {
        "score": 5.881627559661865,
        "runtime": 11.082918167114258
    },