{
    "0": {
        "score": 5.54872465133667,
        "runtime": 11.16449499130249
    },
    "1": {
        "score": 5.921407699584961,
        "runtime": 10.945525169372559
    },
    "2": {
        "score": 6.184398174285889,
        "runtime": 11.15194320678711
    },
    "3": {
        "score": 6.059227466583252,
        "runtime": 11.067952871322632
    },
    "4": {
        "score": 5.732729911804199,
        "runtime": 11.770514011383057
    },
    "5": {
        "score": 5.840554714202881,
        "runtime": 11.01394510269165
    },
    "6": {
        "score": 6.0720038414001465,
        "runtime": 11.075655221939087
    },
    "7": {
        "score": 5.990518093109131,
        "runtime": 10.9954252243042
    },
    "8": {
        "score": 5.767615795135498,
        "runtime": 10.979915618896484
    },
    "9": {
        "score": 6.291415214538574,
        "runtime": 11.286739110946655
    },
    "10": {
        "score": 5.496968746185303,
        "runtime": 10.829468965530396
    },
    "11": {
        "score": 5.01278829574585,
        "runtime": 11.026412963867188
    },
    "12": {
        "score": 5.870879650115967,
        "runtime": 10.743942975997925
    },
    "13": {
        "score": 5.749359130859375,
        "runtime": 10.918491125106812
    },
    "14": {
        "score": 5.984251976013184,
        "runtime": 11.182734966278076
    },
    "15": {
        "score": 6.0019659996032715,
        "runtime": 10.841970443725586
    },
    "16": {
        "score": 5.611529350280762,
        "runtime": 11.13670301437378
    },
    "17": {
        "score": 5.476924419403076,
        "runtime": 11.025472640991211
    },
    "18": {
        "score": 5.810152530670166,
        "runtime": 10.971941471099854
    },
    "19": {
        "score": 5.550275802612305,
        "runtime": 10.978211164474487
    },
    "20": {
        "score": 5.443243026733398,
        "runtime": 11.05094861984253
    },
    "21": {
        "score": 5.921844959259033,
        "runtime": 10.849185943603516
    },
    "22": {
        "score": 5.6250996589660645,
        "runtime": 10.984458923339844
    },
    "23": {
        "score": 5.719677925109863,
        "runtime": 11.177796840667725
    },
    "24": {
        "score": 5.791593551635742,
        "runtime": 10.878711223602295
    },
    "25": {
        "score": 6.2363362312316895,
        "runtime": 10.880447149276733
    },
    "26": {
        "score": 5.901500701904297,
        "runtime": 10.865471363067627
    },
    "27": {
        "score": 5.825384616851807,
        "runtime": 10.915932893753052
    },
    "28": {
        "score": 5.563612461090088,
        "runtime": 11.013684511184692
    },
    "29": {
        "score": 6.064957618713379,
        "runtime": 10.924917936325073
    },
    "30": {
        "score": 5.935666084289551,
        "runtime": 10.996000528335571
    },
    "31": {
        "score": 5.657261371612549,
        "runtime": 10.700732231140137
    },
    "32": {
        "score": 6.0271382331848145,
        "runtime": 10.934261560440063
    },
    "33": {
        "score": 5.706457138061523,
        "runtime": 11.025997400283813
    },
    "34": {
        "score": 5.537557601928711,
        "runtime": 10.967018127441406
    },
    "35": {
        "score": 5.933164596557617,
        "runtime": 10.858952283859253
    },
    "36": {
        "score": 5.852151870727539,
        "runtime": 10.775525569915771
    },
    "37": {
        "score": 6.309654712677002,
        "runtime": 10.717671155929565
    },
    "38": {
        "score": 5.673336505889893,
        "runtime": 10.85799264907837
    },
    "39": {
        "score": 6.117241382598877,
        "runtime": 10.862686157226562
    },
    "40": {
        "score": 5.53599739074707,
        "runtime": 10.89896035194397
    },
    "41": {
        "score": 5.741726875305176,
        "runtime": 11.013427019119263
    },
    "42": {
        "score": 5.700766563415527,
        "runtime": 10.81092643737793
    },
    "43": {
        "score": 6.403509140014648,
        "runtime": 10.828623294830322
    },
    "44": {
        "score": 5.445943832397461,
        "runtime": 11.16042947769165
    },
    "45": {
        "score": 5.715022563934326,
        "runtime": 10.790458917617798
    },
    "46": {
        "score": 6.056084156036377,
        "runtime": 10.91647720336914
    },
    "47": {
        "score": 5.716195583343506,
        "runtime": 10.958718299865723
    },
    "48": {
        "score": 5.577902317047119,
        "runtime": 10.876694440841675
    },
    "49": {
        "score": 6.2380266189575195,
        "runtime": 10.962942600250244
    },
    "50": {
        "score": 5.964966297149658,
        "runtime": 10.809451580047607
    },
    "51": {
        "score": 5.937408924102783,
        "runtime": 10.971415519714355
    },
    "52": {
        "score": 6.3272600173950195,
        "runtime": 10.970772743225098
    },
    "53": {
        "score": 5.392426490783691,
        "runtime": 11.453466892242432
    },
    "54": {
        "score": 5.750241279602051,
        "runtime": 11.07390570640564
    },
    "55": {
        "score": 5.982898712158203,
        "runtime": 11.05525279045105
    },
    "56": {
        "score": 6.118967056274414,
        "runtime": 11.056426286697388
    },
    "57": {
        "score": 6.225264549255371,
        "runtime": 11.069708824157715
    },
    "58": {
        "score": 5.798051357269287,
        "runtime": 10.98898458480835
    },
    "59": {
        "score": 5.7637529373168945,
        "runtime": 11.099924325942993
    },
    "60": {
        "score": 6.3415069580078125,
        "runtime": 11.030983209609985
    },
    "61": {
        "score": 5.615568161010742,
        "runtime": 10.818015813827515
    },
    "62": {
        "score": 5.885218143463135,
        "runtime": 11.043453693389893
    },
    "63": {
        "score": 5.6820173263549805,
        "runtime": 11.372918367385864
    },
    "64": {
        "score": 5.801809787750244,
        "runtime": 10.967957973480225
    },
    "65": {
        "score": 5.801510334014893,
        "runtime": 11.131944179534912
    },
    "66": {
        "score": 5.557531833648682,
        "runtime": 10.830159902572632
    },
    "67": {
        "score": 5.3804612159729,
        "runtime": 10.914965391159058
    },
    "68": {
        "score": 5.737819671630859,
        "runtime": 10.9369478225708
    },
    "69": {
        "score": 5.408113479614258,
        "runtime": 11.058944463729858
    },
    "70": {
        "score": 5.850681304931641,
        "runtime": 10.921440362930298
    },
    "71": {
        "score": 5.444997787475586,
        "runtime": 11.062933921813965
    },
    "72": {
        "score": 6.029499053955078,
        "runtime": 11.041945457458496
    },
    "73": {
        "score": 5.582503795623779,
        "runtime": 11.02747368812561
    },
    "74": {
        "score": 5.630668640136719,
        "runtime": 11.061926364898682
    },
    "75": {
        "score": 5.959036350250244,
        "runtime": 10.90592360496521
    },
    "76": {
        "score": 6.09853982925415,
        "runtime": 10.791146278381348
    },
    "77": {
        "score": 5.719771385192871,
        "runtime": 10.971668481826782
    },
    "78": {
        "score": 5.955542087554932,
        "runtime": 10.7799072265625
    },
    "79": {
        "score": 5.242494583129883,
        "runtime": 10.733430624008179
    },
    "80": {
        "score": 5.769998073577881,
        "runtime": 11.291937828063965
    },
    "81": {
        "score": 5.33355712890625,
        "runtime": 10.82791018486023
    },
    "82": {
        "score": 5.592456340789795,
        "runtime": 11.001948833465576
    },
    "83": {
        "score": 6.217923641204834,
        "runtime": 10.99996018409729
    },
    "84": {
        "score": 5.825488090515137,
        "runtime": 10.935901641845703
    },
    "85": {
        "score": 5.8203253746032715,
        "runtime": 11.001688003540039
    },