{
    "epoch=141-train_score=5.64330": {
        "result_avg": {
            "score": 5.740988912582398,
            "runtime": 10.99316577911377
        },
        "result_std": {
            "score": 0.06630951954376896,
            "runtime": 0.018459326232029977
        }
    },
    "epoch=113-train_score=5.65355": {
        "result_avg": {
            "score": 5.757143115997314,
            "runtime": 10.992621762752533
        },
        "result_std": {
            "score": 0.07209652966396334,
            "runtime": 0.02003306820945823
        }
    },
    "epoch=131-train_score=5.66280": {
        "result_avg": {
            "score": 5.758522729873658,
            "runtime": 11.00790678024292
        },
        "result_std": {
            "score": 0.07595385584661206,
            "runtime": 0.020719051932650615
        }
    },
    "epoch=195-train_score=5.66837": {
        "result_avg": {
            "score": 5.73966016292572,
            "runtime": 11.000907423496246
        },
        "result_std": {
            "score": 0.07035217935609712,
            "runtime": 0.018357289739251992
        }
    },
    "epoch=147-train_score=5.67667": {
        "result_avg": {
            "score": 5.742590246200561,
            "runtime": 11.0001628613472
        },
        "result_std": {
            "score": 0.08230551842854662,
            "runtime": 0.020768589116928624
        }
    }
}