{
    "0": {
        "score": 5.5296149253845215,
        "runtime": 11.109702587127686
    },
    "1": {
        "score": 5.608453750610352,
        "runtime": 11.095454454421997
    },
    "2": {
        "score": 6.088074207305908,
        "runtime": 11.081452131271362
    },
    "3": {
        "score": 6.009098052978516,
        "runtime": 11.04267954826355
    },
    "4": {
        "score": 5.70851993560791,
        "runtime": 11.23894476890564
    },
    "5": {
        "score": 5.793453693389893,
        "runtime": 11.11038088798523
    },
    "6": {
        "score": 6.083081245422363,
        "runtime": 10.960955381393433
    },
    "7": {
        "score": 5.989184856414795,
        "runtime": 10.862701654434204
    },
    "8": {
        "score": 5.725388526916504,
        "runtime": 10.971959352493286
    },
    "9": {
        "score": 6.152530670166016,
        "runtime": 11.643002033233643
    },
    "10": {
        "score": 5.508719444274902,
        "runtime": 11.054920434951782
    },
    "11": {
        "score": 5.017271041870117,
        "runtime": 10.874486207962036
    },
    "12": {
        "score": 5.81313943862915,
        "runtime": 10.941466093063354
    },
    "13": {
        "score": 5.873997211456299,
        "runtime": 11.012934446334839
    },
    "14": {
        "score": 5.934072494506836,
        "runtime": 10.969970464706421
    },
    "15": {
        "score": 5.97514009475708,
        "runtime": 10.829497814178467
    },
    "16": {
        "score": 5.5898756980896,
        "runtime": 11.044877529144287
    },
    "17": {
        "score": 5.4731669425964355,
        "runtime": 10.89472222328186
    },
    "18": {
        "score": 5.688399314880371,
        "runtime": 11.043486833572388
    },
    "19": {
        "score": 5.550275802612305,
        "runtime": 10.870149374008179
    },
    "20": {
        "score": 5.419047832489014,
        "runtime": 10.920455694198608
    },
    "21": {
        "score": 5.843054294586182,
        "runtime": 11.059959173202515
    },
    "22": {
        "score": 5.4794511795043945,
        "runtime": 10.870478868484497
    },
    "23": {
        "score": 5.687826633453369,
        "runtime": 11.088975667953491
    },
    "24": {
        "score": 5.613920211791992,
        "runtime": 11.294952630996704
    },
    "25": {
        "score": 6.079145431518555,
        "runtime": 10.877958536148071
    },
    "26": {
        "score": 5.733453273773193,
        "runtime": 11.061450481414795
    },
    "27": {
        "score": 5.7228827476501465,
        "runtime": 10.966432094573975
    },
    "28": {
        "score": 5.759953022003174,
        "runtime": 10.86093783378601
    },
    "29": {
        "score": 6.1413397789001465,
        "runtime": 10.933951377868652
    },
    "30": {
        "score": 5.983476638793945,
        "runtime": 10.969691038131714
    },
    "31": {
        "score": 5.692385673522949,
        "runtime": 10.758443832397461
    },
    "32": {
        "score": 5.840205192565918,
        "runtime": 11.064885377883911
    },
    "33": {
        "score": 5.613226890563965,
        "runtime": 11.001455068588257
    },
    "34": {
        "score": 5.624642372131348,
        "runtime": 10.883466482162476
    },
    "35": {
        "score": 5.857781887054443,
        "runtime": 10.885244607925415
    },
    "36": {
        "score": 5.795141220092773,
        "runtime": 10.933934450149536
    },
    "37": {
        "score": 6.2868499755859375,
        "runtime": 10.758626937866211
    },
    "38": {
        "score": 5.593270301818848,
        "runtime": 11.069478750228882
    },
    "39": {
        "score": 6.112633228302002,
        "runtime": 10.952675580978394
    },
    "40": {
        "score": 5.536965370178223,
        "runtime": 10.874902486801147
    },
    "41": {
        "score": 5.655930042266846,
        "runtime": 10.99296236038208
    },
    "42": {
        "score": 5.604324817657471,
        "runtime": 10.78697395324707
    },
    "43": {
        "score": 6.434423923492432,
        "runtime": 10.897961378097534
    },
    "44": {
        "score": 5.428593635559082,
        "runtime": 10.862468481063843
    },
    "45": {
        "score": 5.735772609710693,
        "runtime": 10.913460969924927
    },
    "46": {
        "score": 5.8785200119018555,
        "runtime": 10.818471193313599
    },
    "47": {
        "score": 5.7248992919921875,
        "runtime": 10.98793363571167
    },
    "48": {
        "score": 5.55390739440918,
        "runtime": 10.953485488891602
    },
    "49": {
        "score": 6.138645172119141,
        "runtime": 10.745959997177124
    },
    "50": {
        "score": 6.014156818389893,
        "runtime": 11.00418758392334
    },
    "51": {
        "score": 5.864652633666992,
        "runtime": 11.228917360305786
    },
    "52": {
        "score": 6.300915718078613,
        "runtime": 10.90501618385315
    },
    "53": {
        "score": 5.331734657287598,
        "runtime": 11.109896421432495
    },
    "54": {
        "score": 5.592309474945068,
        "runtime": 10.791471242904663
    },
    "55": {
        "score": 5.869748115539551,
        "runtime": 11.049943685531616
    },
    "56": {
        "score": 5.942217826843262,
        "runtime": 11.054900407791138
    },
    "57": {
        "score": 5.670907020568848,
        "runtime": 11.051690340042114
    },
    "58": {
        "score": 5.6215949058532715,
        "runtime": 11.04444932937622
    },
    "59": {
        "score": 5.927328586578369,
        "runtime": 10.748661756515503
    },
    "60": {
        "score": 6.361242294311523,
        "runtime": 10.98294472694397
    },
    "61": {
        "score": 5.595675945281982,
        "runtime": 11.074416399002075
    },
    "62": {
        "score": 5.843436241149902,
        "runtime": 11.208970546722412
    },
    "63": {
        "score": 5.646334171295166,
        "runtime": 10.939941167831421
    },
    "64": {
        "score": 5.644948482513428,
        "runtime": 11.254627704620361
    },
    "65": {
        "score": 5.605118274688721,
        "runtime": 11.195711135864258
    },
    "66": {
        "score": 5.53464937210083,
        "runtime": 11.088474035263062
    },
    "67": {
        "score": 5.445538520812988,
        "runtime": 10.732514142990112
    },
    "68": {
        "score": 5.692628860473633,
        "runtime": 11.054996490478516
    },
    "69": {
        "score": 5.3585333824157715,
        "runtime": 10.892954349517822
    },
    "70": {
        "score": 5.825937747955322,
        "runtime": 11.10187840461731
    },
    "71": {
        "score": 5.307118892669678,
        "runtime": 10.96668267250061
    },
    "72": {
        "score": 5.8469929695129395,
        "runtime": 10.99396300315857
    },
    "73": {
        "score": 5.556610584259033,
        "runtime": 10.94324016571045
    },
    "74": {
        "score": 5.7119927406311035,
        "runtime": 11.010974168777466
    },
    "75": {
        "score": 5.945446968078613,
        "runtime": 10.884006261825562
    },
    "76": {
        "score": 6.019922256469727,
        "runtime": 10.786168813705444
    },
    "77": {
        "score": 5.717131614685059,
        "runtime": 10.933955430984497
    },
    "78": {
        "score": 5.868762969970703,
        "runtime": 11.091973781585693
    },
    "79": {
        "score": 5.156968593597412,
        "runtime": 11.116477966308594
    },
    "80": {
        "score": 5.693075656890869,
        "runtime": 11.0116446018219
    },
    "81": {
        "score": 5.33355712890625,
        "runtime": 10.950451850891113
    },
    "82": {
        "score": 5.540971755981445,
        "runtime": 10.883747577667236
    },
    "83": {
        "score": 6.108965873718262,
        "runtime": 10.8619966506958
    },
    "84": {
        "score": 5.78009557723999,
        "runtime": 11.012955904006958
    },
    "85": {
        "score": 5.7275166511535645,
        "runtime": 10.999443054199219
    },