{
    "epoch=193-train_score=6.00572": {
        "result_avg": {
            "score": 6.917881011962891,
            "runtime": 1.7710572981834412
        },
        "result_std": {
            "score": 0.0,
            "runtime": 0.002020829260330055
        }
    },
    "epoch=125-train_score=5.92220": {
        "result_avg": {
            "score": 6.7575907707214355,
            "runtime": 1.7737574291229248
        },
        "result_std": {
            "score": 0.0,
            "runtime": 0.0011085427444962536
        }
    },
    "epoch=135-train_score=6.04142": {
        "result_avg": {
            "score": 6.758175849914551,
            "runtime": 1.7497973012924195
        },
        "result_std": {
            "score": 0.0,
            "runtime": 0.0011590331513268444
        }
    },
    "epoch=133-train_score=6.05372": {
        "result_avg": {
            "score": 6.7575907707214355,
            "runtime": 1.778278796672821
        },
        "result_std": {
            "score": 0.0,
            "runtime": 0.001868936463361768
        }
    },
    "epoch=197-train_score=6.06552": {
        "result_avg": {
            "score": 6.856512670516968,
            "runtime": 1.7801702642440795
        },
        "result_std": {
            "score": 4.7571720363612534e-05,
            "runtime": 0.0018855343632090127
        }
    }
}