{
    "0": {
        "score": 6.758175849914551,
        "runtime": 1.7080023288726807
    },
    "1": {
        "score": 6.758175849914551,
        "runtime": 1.7409992218017578
    },
    "2": {
        "score": 6.758175849914551,
        "runtime": 1.7110018730163574
    },
    "3": {
        "score": 6.758175849914551,
        "runtime": 1.766000509262085
    },
    "4": {
        "score": 6.758175849914551,
        "runtime": 1.7559986114501953
    },
    "5": {
        "score": 6.758175849914551,
        "runtime": 1.744997262954712
    },
    "6": {
        "score": 6.758175849914551,
        "runtime": 1.7710025310516357
    },
    "7": {
        "score": 6.758175849914551,
        "runtime": 1.6989994049072266
    },
    "8": {
        "score": 6.758175849914551,
        "runtime": 1.7380008697509766
    },
    "9": {
        "score": 6.758175849914551,
        "runtime": 1.747997522354126
    },
    "10": {
        "score": 6.758175849914551,
        "runtime": 1.7640018463134766
    },
    "11": {
        "score": 6.758175849914551,
        "runtime": 1.767000436782837
    },
    "12": {
        "score": 6.758175849914551,
        "runtime": 1.745999813079834
    },
    "13": {
        "score": 6.758175849914551,
        "runtime": 1.7269985675811768
    },
    "14": {
        "score": 6.758175849914551,
        "runtime": 1.7189991474151611
    },
    "15": {
        "score": 6.758175849914551,
        "runtime": 1.7899994850158691
    },
    "16": {
        "score": 6.758175849914551,
        "runtime": 1.6720001697540283
    },
    "17": {
        "score": 6.758175849914551,
        "runtime": 1.7889981269836426
    },
    "18": {
        "score": 6.758175849914551,
        "runtime": 1.7579991817474365
    },
    "19": {
        "score": 6.758175849914551,
        "runtime": 1.7270019054412842
    },
    "20": {
        "score": 6.758175849914551,
        "runtime": 1.6910016536712646
    },
    "21": {
        "score": 6.758175849914551,
        "runtime": 1.784001350402832
    },
    "22": {
        "score": 6.758175849914551,
        "runtime": 1.689000129699707
    },
    "23": {
        "score": 6.758175849914551,
        "runtime": 1.7290024757385254
    },
    "24": {
        "score": 6.758175849914551,
        "runtime": 1.7870025634765625
    },
    "25": {
        "score": 6.758175849914551,
        "runtime": 1.7969975471496582
    },
    "26": {
        "score": 6.758175849914551,
        "runtime": 1.731997013092041
    },
    "27": {
        "score": 6.758175849914551,
        "runtime": 1.7620010375976562
    },
    "28": {
        "score": 6.758175849914551,
        "runtime": 1.79599928855896
    },
    "29": {
        "score": 6.758175849914551,
        "runtime": 1.7710013389587402
    },
    "30": {
        "score": 6.758175849914551,
        "runtime": 1.676999807357788
    },
    "31": {
        "score": 6.758175849914551,
        "runtime": 1.765000343322754
    },
    "32": {
        "score": 6.758175849914551,
        "runtime": 1.7720019817352295
    },
    "33": {
        "score": 6.758175849914551,
        "runtime": 1.747999906539917
    },
    "34": {
        "score": 6.758175849914551,
        "runtime": 1.7790000438690186
    },
    "35": {
        "score": 6.758175849914551,
        "runtime": 1.7649974822998047
    },
    "36": {
        "score": 6.758175849914551,
        "runtime": 1.7480008602142334
    },
    "37": {
        "score": 6.758175849914551,
        "runtime": 1.7390003204345703
    },
    "38": {
        "score": 6.758175849914551,
        "runtime": 1.7029988765716553
    },
    "39": {
        "score": 6.758175849914551,
        "runtime": 1.7820014953613281
    },
    "40": {
        "score": 6.758175849914551,
        "runtime": 1.7300019264221191
    },
    "41": {
        "score": 6.758175849914551,
        "runtime": 1.7560009956359863
    },
    "42": {
        "score": 6.758175849914551,
        "runtime": 1.7739994525909424
    },
    "43": {
        "score": 6.758175849914551,
        "runtime": 1.8160011768341064
    },
    "44": {
        "score": 6.758175849914551,
        "runtime": 1.7390000820159912
    },
    "45": {
        "score": 6.758175849914551,
        "runtime": 1.7340006828308105
    },
    "46": {
        "score": 6.758175849914551,
        "runtime": 1.7349987030029297
    },
    "47": {
        "score": 6.758175849914551,
        "runtime": 1.7720000743865967
    },
    "48": {
        "score": 6.758175849914551,
        "runtime": 1.761000633239746
    },
    "49": {
        "score": 6.758175849914551,
        "runtime": 1.7980008125305176
    },
    "50": {
        "score": 6.758175849914551,
        "runtime": 1.7360010147094727
    },
    "51": {
        "score": 6.758175849914551,
        "runtime": 1.7360012531280518
    },
    "52": {
        "score": 6.758175849914551,
        "runtime": 1.712998628616333
    },
    "53": {
        "score": 6.758175849914551,
        "runtime": 1.7420008182525635
    },
    "54": {
        "score": 6.758175849914551,
        "runtime": 1.7930006980895996
    },
    "55": {
        "score": 6.758175849914551,
        "runtime": 1.7340004444122314
    },
    "56": {
        "score": 6.758175849914551,
        "runtime": 1.7179994583129883
    },
    "57": {
        "score": 6.758175849914551,
        "runtime": 1.7709999084472656
    },
    "58": {
        "score": 6.758175849914551,
        "runtime": 1.7699987888336182
    },
    "59": {
        "score": 6.758175849914551,
        "runtime": 1.7220005989074707
    },
    "60": {
        "score": 6.758175849914551,
        "runtime": 1.7200007438659668
    },
    "61": {
        "score": 6.758175849914551,
        "runtime": 1.7380011081695557
    },
    "62": {
        "score": 6.758175849914551,
        "runtime": 1.7569997310638428
    },
    "63": {
        "score": 6.758175849914551,
        "runtime": 1.779998540878296
    },
    "64": {
        "score": 6.758175849914551,
        "runtime": 1.7789993286132812
    },
    "65": {
        "score": 6.758175849914551,
        "runtime": 1.7290010452270508
    },
    "66": {
        "score": 6.758175849914551,
        "runtime": 1.8029985427856445
    },
    "67": {
        "score": 6.758175849914551,
        "runtime": 1.7470006942749023
    },
    "68": {
        "score": 6.758175849914551,
        "runtime": 1.7670011520385742
    },
    "69": {
        "score": 6.758175849914551,
        "runtime": 1.7609970569610596
    },
    "70": {
        "score": 6.758175849914551,
        "runtime": 1.7579987049102783
    },
    "71": {
        "score": 6.758175849914551,
        "runtime": 1.6920006275177002
    },
    "72": {
        "score": 6.758175849914551,
        "runtime": 1.8029975891113281
    },
    "73": {
        "score": 6.758175849914551,
        "runtime": 1.755000114440918
    },
    "74": {
        "score": 6.758175849914551,
        "runtime": 1.7280023097991943
    },
    "75": {
        "score": 6.758175849914551,
        "runtime": 1.7900011539459229
    },
    "76": {
        "score": 6.758175849914551,
        "runtime": 1.7319986820220947
    },
    "77": {
        "score": 6.758175849914551,
        "runtime": 1.7140014171600342
    },
    "78": {
        "score": 6.758175849914551,
        "runtime": 1.7580006122589111
    },
    "79": {
        "score": 6.758175849914551,
        "runtime": 1.7599973678588867
    },
    "80": {
        "score": 6.758175849914551,
        "runtime": 1.7079999446868896
    },
    "81": {
        "score": 6.758175849914551,
        "runtime": 1.747002363204956
    },
    "82": {
        "score": 6.758175849914551,
        "runtime": 1.733001470565796
    },
    "83": {
        "score": 6.758175849914551,
        "runtime": 1.806001901626587
    },
    "84": {
        "score": 6.758175849914551,
        "runtime": 1.7309978008270264
    },
    "85": {
        "score": 6.758175849914551,
        "runtime": 1.7839999198913574
    },