{
    "0": {
        "score": 5.61328125,
        "runtime": 7.305802583694458
    },
    "2": {
        "score": 6.4609375,
        "runtime": 7.150136947631836
    },
    "8": {
        "score": 5.80859375,
        "runtime": 6.988554000854492
    },
    "1": {
        "score": 5.78515625,
        "runtime": 7.439107656478882
    },
    "4": {
        "score": 5.89453125,
        "runtime": 7.2270331382751465
    },
    "3": {
        "score": 6.2109375,
        "runtime": 7.350191593170166
    },
    "5": {
        "score": 5.83203125,
        "runtime": 7.400779962539673
    },
    "9": {
        "score": 6.421875,
        "runtime": 7.233003854751587
    },
    "7": {
        "score": 6.05078125,
        "runtime": 7.4127795696258545
    },
    "6": {
        "score": 6.19921875,
        "runtime": 7.445812940597534
    },
    "11": {
        "score": 5.03515625,
        "runtime": 7.035938501358032
    },
    "10": {
        "score": 5.546875,
        "runtime": 7.220723867416382
    },
    "13": {
        "score": 5.796875,
        "runtime": 7.147569417953491
    },
    "15": {
        "score": 6.03515625,
        "runtime": 7.078476667404175
    },
    "12": {
        "score": 5.82421875,
        "runtime": 7.359402656555176
    },
    "17": {
        "score": 5.54296875,
        "runtime": 7.136541843414307
    },
    "14": {
        "score": 5.96875,
        "runtime": 7.35687255859375
    },
    "16": {
        "score": 5.8515625,
        "runtime": 7.262315511703491
    },
    "19": {
        "score": 5.65234375,
        "runtime": 7.2595508098602295
    },
    "18": {
        "score": 5.78515625,
        "runtime": 7.371884346008301
    },
    "20": {
        "score": 5.45703125,
        "runtime": 7.2782883644104
    },
    "22": {
        "score": 5.80078125,
        "runtime": 7.172111511230469
    },
    "23": {
        "score": 5.71875,
        "runtime": 7.211655855178833
    },
    "21": {
        "score": 5.88671875,
        "runtime": 7.480571508407593
    },
    "24": {
        "score": 5.5546875,
        "runtime": 7.285877227783203
    },
    "29": {
        "score": 6.03125,
        "runtime": 7.047559022903442
    },
    "26": {
        "score": 5.7421875,
        "runtime": 7.320774078369141
    },
    "25": {
        "score": 6.10546875,
        "runtime": 7.388570785522461
    },
    "27": {
        "score": 5.98828125,
        "runtime": 7.323825120925903
    },
    "28": {
        "score": 5.83984375,
        "runtime": 7.302473783493042
    },
    "31": {
        "score": 5.77734375,
        "runtime": 7.129969835281372
    },
    "30": {
        "score": 5.87109375,
        "runtime": 7.217624187469482
    },
    "32": {
        "score": 5.9921875,
        "runtime": 7.151010990142822
    },
    "33": {
        "score": 5.67578125,
        "runtime": 7.222118616104126
    },
    "35": {
        "score": 5.95703125,
        "runtime": 7.271195888519287
    },
    "39": {
        "score": 6.1171875,
        "runtime": 7.0579304695129395
    },
    "37": {
        "score": 6.34375,
        "runtime": 7.233248949050903
    },
    "36": {
        "score": 5.76171875,
        "runtime": 7.247274160385132
    },
    "34": {
        "score": 5.8359375,
        "runtime": 7.469188928604126
    },
    "38": {
        "score": 5.83203125,
        "runtime": 7.292825222015381
    },
    "41": {
        "score": 5.92578125,
        "runtime": 7.117158889770508
    },
    "43": {
        "score": 6.48046875,
        "runtime": 7.131625652313232
    },
    "40": {
        "score": 5.828125,
        "runtime": 7.5042808055877686
    },
    "42": {
        "score": 5.953125,
        "runtime": 7.4431352615356445
    },
    "44": {
        "score": 5.55078125,
        "runtime": 7.087827682495117
    },
    "45": {
        "score": 5.75390625,
        "runtime": 7.2646260261535645
    },
    "46": {
        "score": 6.08203125,
        "runtime": 7.377285718917847
    },
    "47": {
        "score": 5.75,
        "runtime": 7.364268064498901
    },
    "48": {
        "score": 5.75390625,
        "runtime": 7.309674501419067
    },
    "49": {
        "score": 6.12890625,
        "runtime": 7.375779867172241
    },
    "50": {
        "score": 6.0390625,
        "runtime": 7.232445001602173
    },
    "51": {
        "score": 5.98046875,
        "runtime": 7.036617040634155
    },
    "52": {
        "score": 6.24609375,
        "runtime": 7.112755537033081
    },
    "54": {
        "score": 5.6015625,
        "runtime": 7.092480182647705
    },
    "53": {
        "score": 5.4296875,
        "runtime": 7.221444368362427
    },
    "55": {
        "score": 5.95703125,
        "runtime": 7.3245837688446045
    },
    "56": {
        "score": 6.12890625,
        "runtime": 7.200940847396851
    },
    "57": {
        "score": 6.07421875,
        "runtime": 7.4016008377075195
    },
    "58": {
        "score": 5.9140625,
        "runtime": 7.42162823677063
    },
    "59": {
        "score": 5.73828125,
        "runtime": 7.404216766357422
    },
    "61": {
        "score": 5.57421875,
        "runtime": 7.116591691970825
    },
    "60": {
        "score": 6.3203125,
        "runtime": 7.298474073410034
    },
    "62": {
        "score": 5.9453125,
        "runtime": 7.05253529548645
    },
    "63": {
        "score": 5.625,
        "runtime": 7.2502501010894775
    },
    "64": {
        "score": 5.80078125,
        "runtime": 7.416321754455566
    },
    "66": {
        "score": 5.453125,
        "runtime": 7.264049291610718
    },
    "65": {
        "score": 5.78125,
        "runtime": 7.349233865737915
    },
    "67": {
        "score": 5.52734375,
        "runtime": 7.405117750167847
    },
    "68": {
        "score": 6.12890625,
        "runtime": 7.476255416870117
    },
    "69": {
        "score": 5.578125,
        "runtime": 7.534517049789429
    },
    "70": {
        "score": 5.85546875,
        "runtime": 7.161904335021973
    },
    "71": {
        "score": 5.71484375,
        "runtime": 7.387353181838989
    },
    "73": {
        "score": 5.55859375,
        "runtime": 7.120038032531738
    },
    "72": {
        "score": 5.8984375,
        "runtime": 7.554658889770508
    },
    "74": {
        "score": 5.6640625,
        "runtime": 7.381204128265381
    },
    "75": {
        "score": 5.9453125,
        "runtime": 7.226158142089844
    },
    "76": {
        "score": 6.2265625,
        "runtime": 7.292424201965332
    },
    "78": {
        "score": 5.96875,
        "runtime": 7.0679168701171875
    },
    "79": {
        "score": 5.2890625,
        "runtime": 7.145492315292358
    },
    "77": {
        "score": 5.7734375,
        "runtime": 7.586888074874878
    },
    "80": {
        "score": 5.69140625,
        "runtime": 7.3027660846710205
    },
    "81": {
        "score": 5.3984375,
        "runtime": 6.977735996246338
    },
    "83": {
        "score": 6.1796875,
        "runtime": 7.210392951965332
    },
    "82": {
        "score": 5.62109375,
        "runtime": 7.5056891441345215
    },
    "84": {
        "score": 5.8125,
        "runtime": 7.142076015472412
    },
    "85": {
        "score": 5.80078125,
        "runtime": 7.2470128536224365
    },
    "87": {
        "score": 5.72265625,
        "runtime": 7.146061897277832
    },
    "86": {
        "score": 6.0078125,
        "runtime": 7.354477167129517
    },
    "89": {
        "score": 5.58203125,
        "runtime": 7.065059423446655
    },
    "88": {
        "score": 5.46875,
        "runtime": 7.5705742835998535
    },
    "90": {
        "score": 5.5703125,
        "runtime": 7.025960683822632
    },
    "91": {
        "score": 6.0546875,
        "runtime": 7.20691990852356
    },
    "92": {
        "score": 6.00390625,
        "runtime": 7.0741705894470215
    },
    "93": {
        "score": 5.87890625,
        "runtime": 7.003924131393433
    },
    "94": {
        "score": 5.56640625,