{
    "0": {
        "score": 5.6875,
        "runtime": 7.201214075088501
    },
    "3": {
        "score": 6.125,
        "runtime": 7.039989233016968
    },
    "1": {
        "score": 5.8359375,
        "runtime": 7.333333969116211
    },
    "9": {
        "score": 6.40234375,
        "runtime": 7.180860996246338
    },
    "6": {
        "score": 6.30078125,
        "runtime": 7.212409734725952
    },
    "8": {
        "score": 5.74609375,
        "runtime": 7.297803640365601
    },
    "2": {
        "score": 6.32421875,
        "runtime": 7.615726947784424
    },
    "7": {
        "score": 6.05078125,
        "runtime": 7.388916969299316
    },
    "5": {
        "score": 5.83203125,
        "runtime": 7.465524911880493
    },
    "4": {
        "score": 5.83984375,
        "runtime": 7.694612264633179
    },
    "10": {
        "score": 5.546875,
        "runtime": 7.232755661010742
    },
    "11": {
        "score": 5.03515625,
        "runtime": 7.085162401199341
    },
    "12": {
        "score": 5.82421875,
        "runtime": 7.246991872787476
    },
    "13": {
        "score": 5.953125,
        "runtime": 7.397566556930542
    },
    "15": {
        "score": 6.03515625,
        "runtime": 7.304217100143433
    },
    "14": {
        "score": 5.95703125,
        "runtime": 7.41283392906189
    },
    "16": {
        "score": 5.8515625,
        "runtime": 7.202568769454956
    },
    "17": {
        "score": 5.5078125,
        "runtime": 7.301673412322998
    },
    "18": {
        "score": 5.78515625,
        "runtime": 7.323506593704224
    },
    "19": {
        "score": 5.6796875,
        "runtime": 7.455855846405029
    },
    "20": {
        "score": 5.4921875,
        "runtime": 7.05122971534729
    },
    "21": {
        "score": 5.88671875,
        "runtime": 7.056209325790405
    },
    "22": {
        "score": 5.80078125,
        "runtime": 7.167810916900635
    },
    "24": {
        "score": 5.546875,
        "runtime": 7.375378847122192
    },
    "26": {
        "score": 5.734375,
        "runtime": 7.379381418228149
    },
    "28": {
        "score": 5.93359375,
        "runtime": 7.19751501083374
    },
    "25": {
        "score": 6.1015625,
        "runtime": 7.388890981674194
    },
    "23": {
        "score": 5.71875,
        "runtime": 7.564642906188965
    },
    "27": {
        "score": 5.890625,
        "runtime": 7.465123891830444
    },
    "29": {
        "score": 6.03125,
        "runtime": 7.216029167175293
    },
    "30": {
        "score": 5.87109375,
        "runtime": 7.039174795150757
    },
    "31": {
        "score": 5.77734375,
        "runtime": 7.511793851852417
    },
    "32": {
        "score": 5.93359375,
        "runtime": 7.290064096450806
    },
    "35": {
        "score": 5.89453125,
        "runtime": 7.1142072677612305
    },
    "36": {
        "score": 5.80078125,
        "runtime": 7.140743255615234
    },
    "37": {
        "score": 6.34375,
        "runtime": 7.191755771636963
    },
    "33": {
        "score": 5.6796875,
        "runtime": 7.372783422470093
    },
    "34": {
        "score": 5.8203125,
        "runtime": 7.426454544067383
    },
    "38": {
        "score": 5.8359375,
        "runtime": 7.340887546539307
    },
    "39": {
        "score": 6.1171875,
        "runtime": 7.382399797439575
    },
    "40": {
        "score": 5.828125,
        "runtime": 7.348639726638794
    },
    "41": {
        "score": 5.92578125,
        "runtime": 7.316320180892944
    },
    "42": {
        "score": 5.9609375,
        "runtime": 7.216060400009155
    },
    "46": {
        "score": 6.109375,
        "runtime": 6.932323932647705
    },
    "44": {
        "score": 5.44140625,
        "runtime": 7.252546072006226
    },
    "43": {
        "score": 6.5390625,
        "runtime": 7.329121351242065
    },
    "47": {
        "score": 5.73046875,
        "runtime": 7.188473463058472
    },
    "48": {
        "score": 5.7109375,
        "runtime": 7.176115989685059
    },
    "45": {
        "score": 5.9375,
        "runtime": 7.507008790969849
    },
    "49": {
        "score": 6.109375,
        "runtime": 7.217784881591797
    },
    "50": {
        "score": 6.05078125,
        "runtime": 7.221160650253296
    },
    "51": {
        "score": 5.86328125,
        "runtime": 7.301331043243408
    },
    "52": {
        "score": 6.37109375,
        "runtime": 7.281326055526733
    },
    "53": {
        "score": 5.52734375,
        "runtime": 7.071932315826416
    },
    "54": {
        "score": 5.6015625,
        "runtime": 7.1623735427856445
    },
    "55": {
        "score": 5.95703125,
        "runtime": 7.298965930938721
    },
    "56": {
        "score": 6.1015625,
        "runtime": 7.241821050643921
    },
    "58": {
        "score": 5.84375,
        "runtime": 7.2177205085754395
    },
    "57": {
        "score": 6.07421875,
        "runtime": 7.373976230621338
    },
    "59": {
        "score": 5.73828125,
        "runtime": 7.507485628128052
    },
    "60": {
        "score": 6.3203125,
        "runtime": 7.113009214401245
    },
    "61": {
        "score": 5.57421875,
        "runtime": 7.202517747879028
    },
    "62": {
        "score": 5.9453125,
        "runtime": 7.2411510944366455
    },
    "63": {
        "score": 5.66015625,
        "runtime": 7.375298023223877
    },
    "64": {
        "score": 5.734375,
        "runtime": 7.411522626876831
    },
    "68": {
        "score": 5.875,
        "runtime": 6.981502056121826
    },
    "66": {
        "score": 5.58203125,
        "runtime": 7.212799549102783
    },
    "65": {
        "score": 5.78125,
        "runtime": 7.378198623657227
    },
    "67": {
        "score": 5.52734375,
        "runtime": 7.416349649429321
    },
    "69": {
        "score": 5.66015625,
        "runtime": 7.402434587478638
    },
    "70": {
        "score": 5.85546875,
        "runtime": 7.30443549156189
    },
    "71": {
        "score": 5.7578125,
        "runtime": 7.034222364425659
    },
    "73": {
        "score": 5.53515625,
        "runtime": 7.178452730178833
    },
    "72": {
        "score": 5.8984375,
        "runtime": 7.609747886657715
    },
    "74": {
        "score": 5.6640625,
        "runtime": 7.147873401641846
    },
    "77": {
        "score": 5.7109375,
        "runtime": 7.191391229629517
    },
    "75": {
        "score": 5.9375,
        "runtime": 7.420390367507935
    },
    "76": {
        "score": 6.2265625,
        "runtime": 7.380223989486694
    },
    "78": {
        "score": 5.96875,
        "runtime": 7.5179924964904785
    },
    "79": {
        "score": 5.15234375,
        "runtime": 7.36672830581665
    },
    "80": {
        "score": 5.69140625,
        "runtime": 7.194849967956543
    },
    "81": {
        "score": 5.3984375,
        "runtime": 7.426349878311157
    },
    "82": {
        "score": 5.6015625,
        "runtime": 7.433502674102783
    },
    "83": {
        "score": 6.25390625,
        "runtime": 7.389056444168091
    },
    "84": {
        "score": 5.78125,
        "runtime": 7.294891595840454
    },
    "85": {
        "score": 5.80078125,
        "runtime": 7.29440712928772
    },
    "87": {
        "score": 5.8359375,
        "runtime": 7.259857416152954
    },
    "86": {
        "score": 6.0234375,
        "runtime": 7.558768272399902
    },
    "88": {
        "score": 5.46875,
        "runtime": 7.379201889038086
    },
    "89": {
        "score": 5.58203125,
        "runtime": 7.646014451980591
    },
    "90": {
        "score": 5.58203125,
        "runtime": 7.362844944000244
    },
    "91": {
        "score": 6.0546875,
        "runtime": 7.381357669830322
    },
    "92": {
        "score": 6.00390625,
        "runtime": 7.132871389389038
    },
    "93": {
        "score": 5.6015625,
        "runtime": 7.236563205718994
    },
    "94": {
        "score": 5.5703125,
        "runtime": 7.24547815322876
    },