{
    "2": {
        "score": 6.17578125,
        "runtime": 7.218763589859009
    },
    "0": {
        "score": 5.6875,
        "runtime": 7.4813759326934814
    },
    "1": {
        "score": 5.8125,
        "runtime": 7.309677362442017
    },
    "3": {
        "score": 6.125,
        "runtime": 7.368703365325928
    },
    "4": {
        "score": 5.81640625,
        "runtime": 7.4318153858184814
    },
    "5": {
        "score": 5.83203125,
        "runtime": 7.535818338394165
    },
    "8": {
        "score": 5.83984375,
        "runtime": 7.519216060638428
    },
    "6": {
        "score": 6.19140625,
        "runtime": 7.681130409240723
    },
    "7": {
        "score": 6.05078125,
        "runtime": 7.662619113922119
    },
    "9": {
        "score": 6.3828125,
        "runtime": 7.778400421142578
    },
    "10": {
        "score": 5.62890625,
        "runtime": 7.393792152404785
    },
    "12": {
        "score": 5.78515625,
        "runtime": 7.408824920654297
    },
    "11": {
        "score": 5.03515625,
        "runtime": 7.6787428855896
    },
    "15": {
        "score": 5.98046875,
        "runtime": 7.238513708114624
    },
    "13": {
        "score": 5.796875,
        "runtime": 7.609790086746216
    },
    "14": {
        "score": 5.97265625,
        "runtime": 7.440080881118774
    },
    "17": {
        "score": 5.546875,
        "runtime": 7.152651786804199
    },
    "18": {
        "score": 5.71484375,
        "runtime": 7.344388008117676
    },
    "19": {
        "score": 5.6328125,
        "runtime": 7.34789252281189
    },
    "16": {
        "score": 5.8359375,
        "runtime": 7.838321924209595
    },
    "20": {
        "score": 5.4609375,
        "runtime": 7.40781307220459
    },
    "21": {
        "score": 6.1171875,
        "runtime": 7.57050895690918
    },
    "25": {
        "score": 6.07421875,
        "runtime": 7.2473368644714355
    },
    "22": {
        "score": 5.77734375,
        "runtime": 7.603159427642822
    },
    "26": {
        "score": 5.73046875,
        "runtime": 7.48956561088562
    },
    "27": {
        "score": 5.890625,
        "runtime": 7.418121576309204
    },
    "24": {
        "score": 5.54296875,
        "runtime": 7.702999591827393
    },
    "23": {
        "score": 5.7109375,
        "runtime": 7.7716147899627686
    },
    "28": {
        "score": 5.90625,
        "runtime": 7.591846227645874
    },
    "29": {
        "score": 6.03125,
        "runtime": 7.487329006195068
    },
    "30": {
        "score": 5.9453125,
        "runtime": 7.164281845092773
    },
    "31": {
        "score": 5.77734375,
        "runtime": 7.599454402923584
    },
    "32": {
        "score": 5.9921875,
        "runtime": 7.535693168640137
    },
    "33": {
        "score": 5.6328125,
        "runtime": 7.381715297698975
    },
    "34": {
        "score": 5.74609375,
        "runtime": 7.51029109954834
    },
    "36": {
        "score": 5.76171875,
        "runtime": 7.449158191680908
    },
    "35": {
        "score": 5.95703125,
        "runtime": 7.627491235733032
    },
    "37": {
        "score": 6.34375,
        "runtime": 7.604469537734985
    },
    "39": {
        "score": 6.0390625,
        "runtime": 7.369499444961548
    },
    "38": {
        "score": 5.6171875,
        "runtime": 7.5457682609558105
    },
    "40": {
        "score": 5.8125,
        "runtime": 7.412062883377075
    },
    "41": {
        "score": 5.87109375,
        "runtime": 7.379435777664185
    },
    "43": {
        "score": 6.703125,
        "runtime": 7.2863757610321045
    },
    "42": {
        "score": 5.9296875,
        "runtime": 7.4886474609375
    },
    "44": {
        "score": 5.44140625,
        "runtime": 7.483626842498779
    },
    "47": {
        "score": 5.73046875,
        "runtime": 7.462134122848511
    },
    "46": {
        "score": 6.00390625,
        "runtime": 7.547749042510986
    },
    "48": {
        "score": 5.7734375,
        "runtime": 7.375037670135498
    },
    "45": {
        "score": 5.828125,
        "runtime": 7.7640910148620605
    },
    "49": {
        "score": 6.12890625,
        "runtime": 7.692520380020142
    },
    "50": {
        "score": 6.01953125,
        "runtime": 7.904601573944092
    },
    "52": {
        "score": 6.375,
        "runtime": 7.731855392456055
    },
    "51": {
        "score": 5.98046875,
        "runtime": 7.783431768417358
    },
    "53": {
        "score": 5.55078125,
        "runtime": 7.6178929805755615
    },
    "54": {
        "score": 5.640625,
        "runtime": 7.598260164260864
    },
    "55": {
        "score": 5.85546875,
        "runtime": 7.6309614181518555
    },
    "56": {
        "score": 6.109375,
        "runtime": 7.577883720397949
    },
    "58": {
        "score": 5.83203125,
        "runtime": 7.636406660079956
    },
    "59": {
        "score": 5.73828125,
        "runtime": 7.579388380050659
    },
    "57": {
        "score": 6.015625,
        "runtime": 7.91740870475769
    },
    "60": {
        "score": 6.3203125,
        "runtime": 7.200571298599243
    },
    "63": {
        "score": 5.85546875,
        "runtime": 7.408088445663452
    },
    "62": {
        "score": 5.9453125,
        "runtime": 7.49274754524231
    },
    "66": {
        "score": 5.58203125,
        "runtime": 7.068816423416138
    },
    "61": {
        "score": 5.57421875,
        "runtime": 7.610907793045044
    },
    "64": {
        "score": 5.76171875,
        "runtime": 7.4794676303863525
    },
    "65": {
        "score": 5.91796875,
        "runtime": 7.473736763000488
    },
    "68": {
        "score": 6.07421875,
        "runtime": 7.254882097244263
    },
    "67": {
        "score": 5.52734375,
        "runtime": 7.596975088119507
    },
    "69": {
        "score": 5.77734375,
        "runtime": 7.515404939651489
    },
    "70": {
        "score": 5.85546875,
        "runtime": 7.230240106582642
    },
    "71": {
        "score": 5.609375,
        "runtime": 7.514867544174194
    },
    "74": {
        "score": 5.6640625,
        "runtime": 7.425375699996948
    },
    "72": {
        "score": 5.9296875,
        "runtime": 7.670600414276123
    },
    "73": {
        "score": 5.56640625,
        "runtime": 7.6111414432525635
    },
    "75": {
        "score": 5.92578125,
        "runtime": 7.567621231079102
    },
    "76": {
        "score": 6.2265625,
        "runtime": 7.414426565170288
    },
    "77": {
        "score": 5.7109375,
        "runtime": 7.32932448387146
    },
    "78": {
        "score": 5.93359375,
        "runtime": 7.260617733001709
    },
    "79": {
        "score": 5.15234375,
        "runtime": 7.426699876785278
    },
    "80": {
        "score": 5.72265625,
        "runtime": 7.195611476898193
    },
    "82": {
        "score": 5.62109375,
        "runtime": 7.297552585601807
    },
    "83": {
        "score": 6.15234375,
        "runtime": 7.185883522033691
    },
    "81": {
        "score": 5.3984375,
        "runtime": 7.48383092880249
    },
    "86": {
        "score": 6.00390625,
        "runtime": 7.390096426010132
    },
    "84": {
        "score": 5.78125,
        "runtime": 7.567472696304321
    },
    "88": {
        "score": 5.46875,
        "runtime": 7.317253351211548
    },
    "87": {
        "score": 5.8515625,
        "runtime": 7.541615962982178
    },
    "85": {
        "score": 5.82421875,
        "runtime": 7.6953558921813965
    },
    "89": {
        "score": 5.58984375,
        "runtime": 7.447548151016235
    },
    "90": {
        "score": 5.58203125,
        "runtime": 7.457820892333984
    },
    "92": {
        "score": 6.00390625,
        "runtime": 7.154858589172363
    },
    "91": {
        "score": 6.0546875,
        "runtime": 7.179980278015137
    },
    "93": {
        "score": 5.85546875,
        "runtime": 7.098365306854248
    },
    "94": {
        "score": 5.56640625,
        "runtime": 7.057556867599487
    },