{
    "0": {
        "score": 5.66796875,
        "runtime": 7.386276006698608
    },
    "1": {
        "score": 5.671875,
        "runtime": 7.197587013244629
    },
    "2": {
        "score": 6.34375,
        "runtime": 7.2835564613342285
    },
    "5": {
        "score": 5.83203125,
        "runtime": 7.126070976257324
    },
    "3": {
        "score": 6.125,
        "runtime": 7.322648286819458
    },
    "9": {
        "score": 6.40234375,
        "runtime": 7.205217123031616
    },
    "4": {
        "score": 5.83984375,
        "runtime": 7.385725021362305
    },
    "6": {
        "score": 6.28515625,
        "runtime": 7.54156494140625
    },
    "8": {
        "score": 5.80859375,
        "runtime": 7.65071177482605
    },
    "7": {
        "score": 6.05078125,
        "runtime": 7.762046575546265
    },
    "11": {
        "score": 5.03515625,
        "runtime": 7.067932605743408
    },
    "10": {
        "score": 5.546875,
        "runtime": 7.3153088092803955
    },
    "13": {
        "score": 5.796875,
        "runtime": 7.202072381973267
    },
    "15": {
        "score": 5.98046875,
        "runtime": 7.153479337692261
    },
    "16": {
        "score": 5.8515625,
        "runtime": 7.1895153522491455
    },
    "14": {
        "score": 5.97265625,
        "runtime": 7.368487119674683
    },
    "12": {
        "score": 5.828125,
        "runtime": 7.683051586151123
    },
    "17": {
        "score": 5.48828125,
        "runtime": 7.145755767822266
    },
    "18": {
        "score": 5.71484375,
        "runtime": 7.216349124908447
    },
    "19": {
        "score": 5.6484375,
        "runtime": 7.318427324295044
    },
    "20": {
        "score": 5.4609375,
        "runtime": 7.181904077529907
    },
    "21": {
        "score": 6.03515625,
        "runtime": 7.341408014297485
    },
    "23": {
        "score": 5.71875,
        "runtime": 7.118709325790405
    },
    "25": {
        "score": 6.08203125,
        "runtime": 7.009187698364258
    },
    "22": {
        "score": 5.77734375,
        "runtime": 7.284901857376099
    },
    "24": {
        "score": 5.546875,
        "runtime": 7.177099704742432
    },
    "26": {
        "score": 5.734375,
        "runtime": 7.4181787967681885
    },
    "28": {
        "score": 6.00390625,
        "runtime": 7.2615344524383545
    },
    "27": {
        "score": 5.890625,
        "runtime": 7.395759105682373
    },
    "29": {
        "score": 6.09375,
        "runtime": 7.222551345825195
    },
    "30": {
        "score": 5.87109375,
        "runtime": 7.350355625152588
    },
    "34": {
        "score": 5.5859375,
        "runtime": 6.986715078353882
    },
    "33": {
        "score": 5.6328125,
        "runtime": 7.154905557632446
    },
    "32": {
        "score": 5.93359375,
        "runtime": 7.348673105239868
    },
    "31": {
        "score": 5.77734375,
        "runtime": 7.464813947677612
    },
    "35": {
        "score": 5.95703125,
        "runtime": 7.598511457443237
    },
    "39": {
        "score": 6.11328125,
        "runtime": 7.018094301223755
    },
    "38": {
        "score": 5.8359375,
        "runtime": 7.380939245223999
    },
    "36": {
        "score": 5.76171875,
        "runtime": 7.542937994003296
    },
    "37": {
        "score": 6.34375,
        "runtime": 7.493332862854004
    },
    "40": {
        "score": 5.83203125,
        "runtime": 7.016510725021362
    },
    "41": {
        "score": 5.92578125,
        "runtime": 7.134733438491821
    },
    "42": {
        "score": 5.953125,
        "runtime": 7.1717894077301025
    },
    "44": {
        "score": 5.55078125,
        "runtime": 7.257988214492798
    },
    "43": {
        "score": 6.62890625,
        "runtime": 7.361618995666504
    },
    "45": {
        "score": 5.828125,
        "runtime": 7.343033075332642
    },
    "46": {
        "score": 5.94921875,
        "runtime": 7.277435779571533
    },
    "48": {
        "score": 5.7109375,
        "runtime": 7.134499788284302
    },
    "47": {
        "score": 5.8203125,
        "runtime": 7.464106798171997
    },
    "49": {
        "score": 6.12890625,
        "runtime": 7.608612537384033
    },
    "51": {
        "score": 5.86328125,
        "runtime": 7.118200302124023
    },
    "52": {
        "score": 6.2265625,
        "runtime": 7.049571514129639
    },
    "50": {
        "score": 6.01953125,
        "runtime": 7.4573235511779785
    },
    "53": {
        "score": 5.53515625,
        "runtime": 7.14907169342041
    },
    "54": {
        "score": 5.640625,
        "runtime": 7.360382318496704
    },
    "56": {
        "score": 6.13671875,
        "runtime": 7.086916923522949
    },
    "55": {
        "score": 5.87890625,
        "runtime": 7.28519344329834
    },
    "57": {
        "score": 6.09765625,
        "runtime": 7.557039737701416
    },
    "58": {
        "score": 5.83203125,
        "runtime": 7.369519233703613
    },
    "59": {
        "score": 5.73828125,
        "runtime": 7.620137453079224
    },
    "61": {
        "score": 5.57421875,
        "runtime": 7.1741063594818115
    },
    "60": {
        "score": 6.30859375,
        "runtime": 7.341997861862183
    },
    "62": {
        "score": 5.8125,
        "runtime": 7.241439580917358
    },
    "63": {
        "score": 5.625,
        "runtime": 7.043973445892334
    },
    "64": {
        "score": 5.765625,
        "runtime": 7.223206281661987
    },
    "66": {
        "score": 5.54296875,
        "runtime": 7.109818458557129
    },
    "65": {
        "score": 5.78125,
        "runtime": 7.424305200576782
    },
    "67": {
        "score": 5.51171875,
        "runtime": 7.136374235153198
    },
    "68": {
        "score": 5.875,
        "runtime": 7.397232532501221
    },
    "69": {
        "score": 5.66796875,
        "runtime": 7.354626178741455
    },
    "72": {
        "score": 5.8984375,
        "runtime": 7.242653846740723
    },
    "71": {
        "score": 5.67578125,
        "runtime": 7.346492052078247
    },
    "70": {
        "score": 5.85546875,
        "runtime": 7.619406223297119
    },
    "73": {
        "score": 5.55859375,
        "runtime": 7.38280725479126
    },
    "74": {
        "score": 5.6640625,
        "runtime": 7.255681991577148
    },
    "75": {
        "score": 5.9375,
        "runtime": 7.185436248779297
    },
    "76": {
        "score": 6.2265625,
        "runtime": 7.162512540817261
    },
    "77": {
        "score": 5.7109375,
        "runtime": 7.566401958465576
    },
    "78": {
        "score": 5.96875,
        "runtime": 7.333544731140137
    },
    "79": {
        "score": 5.16015625,
        "runtime": 7.111755609512329
    },
    "80": {
        "score": 5.72265625,
        "runtime": 7.387739181518555
    },
    "81": {
        "score": 5.3984375,
        "runtime": 7.339050531387329
    },
    "83": {
        "score": 6.25390625,
        "runtime": 7.343529939651489
    },
    "82": {
        "score": 5.6015625,
        "runtime": 7.502291679382324
    },
    "84": {
        "score": 5.78125,
        "runtime": 7.383627891540527
    },
    "85": {
        "score": 5.7890625,
        "runtime": 7.261963129043579
    },
    "86": {
        "score": 6.015625,
        "runtime": 7.166007041931152
    },
    "87": {
        "score": 5.73046875,
        "runtime": 7.261720418930054
    },
    "88": {
        "score": 5.46875,
        "runtime": 7.2436864376068115
    },
    "89": {
        "score": 5.58984375,
        "runtime": 7.2310638427734375
    },
    "90": {
        "score": 5.57421875,
        "runtime": 7.121844053268433
    },
    "91": {
        "score": 6.0546875,
        "runtime": 7.214970111846924
    },
    "93": {
        "score": 5.6015625,
        "runtime": 7.118091821670532
    },
    "92": {
        "score": 5.99609375,
        "runtime": 7.346497535705566
    },
    "94": {
        "score": 5.57421875,
        "runtime": 7.2007362842559814
    },