{
    "0": {
        "score": 5.66796875,
        "runtime": 7.452356815338135
    },
    "1": {
        "score": 5.71875,
        "runtime": 7.548150300979614
    },
    "2": {
        "score": 6.4609375,
        "runtime": 7.5476462841033936
    },
    "4": {
        "score": 5.81640625,
        "runtime": 7.4335854053497314
    },
    "3": {
        "score": 6.125,
        "runtime": 7.6223304271698
    },
    "5": {
        "score": 5.83203125,
        "runtime": 7.685211181640625
    },
    "8": {
        "score": 5.80859375,
        "runtime": 7.594486713409424
    },
    "7": {
        "score": 6.05078125,
        "runtime": 7.578301191329956
    },
    "6": {
        "score": 6.2265625,
        "runtime": 7.908290147781372
    },
    "9": {
        "score": 6.421875,
        "runtime": 7.973373651504517
    },
    "11": {
        "score": 5.03515625,
        "runtime": 7.3964691162109375
    },
    "10": {
        "score": 5.546875,
        "runtime": 7.683566570281982
    },
    "12": {
        "score": 5.82421875,
        "runtime": 7.702327013015747
    },
    "14": {
        "score": 5.97265625,
        "runtime": 7.456154823303223
    },
    "13": {
        "score": 5.890625,
        "runtime": 7.5873706340789795
    },
    "15": {
        "score": 6.00390625,
        "runtime": 7.5239105224609375
    },
    "17": {
        "score": 5.48046875,
        "runtime": 7.598904132843018
    },
    "16": {
        "score": 5.82421875,
        "runtime": 7.690562009811401
    },
    "18": {
        "score": 5.78515625,
        "runtime": 7.401613235473633
    },
    "19": {
        "score": 5.625,
        "runtime": 7.650967121124268
    },
    "20": {
        "score": 5.4609375,
        "runtime": 7.202281475067139
    },
    "22": {
        "score": 5.80078125,
        "runtime": 7.162208557128906
    },
    "24": {
        "score": 5.53515625,
        "runtime": 7.0906031131744385
    },
    "21": {
        "score": 6.03515625,
        "runtime": 7.446172475814819
    },
    "23": {
        "score": 5.71875,
        "runtime": 7.286927700042725
    },
    "25": {
        "score": 6.1015625,
        "runtime": 7.188418626785278
    },
    "28": {
        "score": 5.8515625,
        "runtime": 7.248955249786377
    },
    "27": {
        "score": 5.890625,
        "runtime": 7.551362037658691
    },
    "26": {
        "score": 5.75,
        "runtime": 7.621484756469727
    },
    "29": {
        "score": 6.03125,
        "runtime": 7.716105222702026
    },
    "30": {
        "score": 5.9453125,
        "runtime": 7.168374538421631
    },
    "31": {
        "score": 5.77734375,
        "runtime": 7.1415112018585205
    },
    "33": {
        "score": 5.6328125,
        "runtime": 7.351603984832764
    },
    "34": {
        "score": 5.66015625,
        "runtime": 7.296879768371582
    },
    "32": {
        "score": 5.93359375,
        "runtime": 7.413700103759766
    },
    "35": {
        "score": 5.9375,
        "runtime": 7.280992031097412
    },
    "36": {
        "score": 5.80078125,
        "runtime": 7.332948446273804
    },
    "37": {
        "score": 6.34375,
        "runtime": 7.313452959060669
    },
    "38": {
        "score": 5.828125,
        "runtime": 7.413081645965576
    },
    "39": {
        "score": 6.1171875,
        "runtime": 7.430710792541504
    },
    "40": {
        "score": 5.83203125,
        "runtime": 7.318707704544067
    },
    "41": {
        "score": 5.92578125,
        "runtime": 7.221812725067139
    },
    "44": {
        "score": 5.44140625,
        "runtime": 7.1817896366119385
    },
    "42": {
        "score": 5.88671875,
        "runtime": 7.307013273239136
    },
    "45": {
        "score": 5.7734375,
        "runtime": 7.3134238719940186
    },
    "43": {
        "score": 6.4765625,
        "runtime": 7.462167263031006
    },
    "47": {
        "score": 5.8203125,
        "runtime": 7.278792381286621
    },
    "46": {
        "score": 6.12890625,
        "runtime": 7.542704820632935
    },
    "48": {
        "score": 5.71875,
        "runtime": 7.448545694351196
    },
    "49": {
        "score": 6.12890625,
        "runtime": 7.460662603378296
    },
    "50": {
        "score": 6.05078125,
        "runtime": 7.528112888336182
    },
    "51": {
        "score": 5.8671875,
        "runtime": 7.395349025726318
    },
    "54": {
        "score": 5.640625,
        "runtime": 7.09290337562561
    },
    "53": {
        "score": 5.4296875,
        "runtime": 7.51750636100769
    },
    "55": {
        "score": 5.95703125,
        "runtime": 7.417930841445923
    },
    "52": {
        "score": 6.25390625,
        "runtime": 7.65674090385437
    },
    "57": {
        "score": 6.09765625,
        "runtime": 7.420309066772461
    },
    "56": {
        "score": 6.109375,
        "runtime": 7.5655388832092285
    },
    "58": {
        "score": 5.83203125,
        "runtime": 7.412793397903442
    },
    "59": {
        "score": 5.734375,
        "runtime": 7.392163515090942
    },
    "61": {
        "score": 5.57421875,
        "runtime": 7.253668546676636
    },
    "60": {
        "score": 6.3203125,
        "runtime": 7.432462453842163
    },
    "62": {
        "score": 5.9453125,
        "runtime": 7.266140937805176
    },
    "63": {
        "score": 5.97265625,
        "runtime": 7.2221550941467285
    },
    "64": {
        "score": 5.8125,
        "runtime": 7.26501989364624
    },
    "65": {
        "score": 5.78125,
        "runtime": 7.2890400886535645
    },
    "67": {
        "score": 5.54296875,
        "runtime": 7.264088869094849
    },
    "68": {
        "score": 5.875,
        "runtime": 7.087316989898682
    },
    "66": {
        "score": 5.453125,
        "runtime": 7.377283096313477
    },
    "69": {
        "score": 5.66015625,
        "runtime": 7.372501373291016
    },
    "70": {
        "score": 5.85546875,
        "runtime": 7.067458152770996
    },
    "71": {
        "score": 5.7578125,
        "runtime": 7.192287445068359
    },
    "72": {
        "score": 5.90625,
        "runtime": 7.447230577468872
    },
    "73": {
        "score": 5.55859375,
        "runtime": 7.2593488693237305
    },
    "74": {
        "score": 5.6640625,
        "runtime": 7.194164752960205
    },
    "75": {
        "score": 5.9375,
        "runtime": 7.263259649276733
    },
    "77": {
        "score": 5.7109375,
        "runtime": 7.218836545944214
    },
    "76": {
        "score": 6.2265625,
        "runtime": 7.301470041275024
    },
    "78": {
        "score": 5.9296875,
        "runtime": 7.2418434619903564
    },
    "79": {
        "score": 5.23828125,
        "runtime": 7.619860649108887
    },
    "80": {
        "score": 5.69140625,
        "runtime": 7.1758904457092285
    },
    "84": {
        "score": 5.78125,
        "runtime": 6.963359355926514
    },
    "81": {
        "score": 5.3984375,
        "runtime": 7.517592906951904
    },
    "83": {
        "score": 6.25390625,
        "runtime": 7.237500905990601
    },
    "82": {
        "score": 5.5859375,
        "runtime": 7.289817571640015
    },
    "85": {
        "score": 5.8125,
        "runtime": 7.280689716339111
    },
    "86": {
        "score": 6.015625,
        "runtime": 7.0688395500183105
    },
    "88": {
        "score": 5.46875,
        "runtime": 7.214782953262329
    },
    "87": {
        "score": 5.84765625,
        "runtime": 7.382965087890625
    },
    "89": {
        "score": 5.58203125,
        "runtime": 7.380350828170776
    },
    "90": {
        "score": 5.5859375,
        "runtime": 7.1891138553619385
    },
    "91": {
        "score": 6.0546875,
        "runtime": 7.164451837539673
    },
    "93": {
        "score": 5.94140625,
        "runtime": 7.279541015625
    },
    "92": {
        "score": 6.00390625,
        "runtime": 7.361479759216309
    },
    "94": {
        "score": 5.5703125,
        "runtime": 7.336093187332153
    },