{
    "0": {
        "score": 5.66796875,
        "runtime": 7.032707452774048
    },
    "5": {
        "score": 5.83203125,
        "runtime": 7.295982360839844
    },
    "1": {
        "score": 5.78515625,
        "runtime": 7.328383684158325
    },
    "4": {
        "score": 5.81640625,
        "runtime": 7.276004314422607
    },
    "2": {
        "score": 6.44140625,
        "runtime": 7.229993104934692
    },
    "3": {
        "score": 6.125,
        "runtime": 7.318137168884277
    },
    "9": {
        "score": 6.36328125,
        "runtime": 7.26121973991394
    },
    "7": {
        "score": 6.01953125,
        "runtime": 7.3269805908203125
    },
    "8": {
        "score": 5.80859375,
        "runtime": 7.383009195327759
    },
    "6": {
        "score": 6.27734375,
        "runtime": 7.563800811767578
    },
    "10": {
        "score": 5.71484375,
        "runtime": 7.653673410415649
    },
    "11": {
        "score": 5.03515625,
        "runtime": 7.231626272201538
    },
    "12": {
        "score": 5.82421875,
        "runtime": 7.340031385421753
    },
    "13": {
        "score": 5.796875,
        "runtime": 7.313109874725342
    },
    "14": {
        "score": 5.97265625,
        "runtime": 7.251034498214722
    },
    "19": {
        "score": 5.66015625,
        "runtime": 6.973340272903442
    },
    "18": {
        "score": 5.78515625,
        "runtime": 7.112762451171875
    },
    "16": {
        "score": 5.8359375,
        "runtime": 7.357383966445923
    },
    "17": {
        "score": 5.48046875,
        "runtime": 7.300761938095093
    },
    "15": {
        "score": 6.00390625,
        "runtime": 7.426612854003906
    },
    "21": {
        "score": 5.9921875,
        "runtime": 7.099335432052612
    },
    "20": {
        "score": 5.4609375,
        "runtime": 7.341929912567139
    },
    "22": {
        "score": 5.80078125,
        "runtime": 7.061190128326416
    },
    "24": {
        "score": 5.53515625,
        "runtime": 7.246972560882568
    },
    "26": {
        "score": 5.734375,
        "runtime": 7.162147521972656
    },
    "23": {
        "score": 5.71875,
        "runtime": 7.395917892456055
    },
    "25": {
        "score": 6.0859375,
        "runtime": 7.37335205078125
    },
    "28": {
        "score": 5.984375,
        "runtime": 7.226980686187744
    },
    "29": {
        "score": 6.03125,
        "runtime": 7.274569511413574
    },
    "27": {
        "score": 5.890625,
        "runtime": 7.399738311767578
    },
    "30": {
        "score": 5.9453125,
        "runtime": 7.240931272506714
    },
    "31": {
        "score": 5.77734375,
        "runtime": 7.416225433349609
    },
    "32": {
        "score": 5.93359375,
        "runtime": 7.2755126953125
    },
    "33": {
        "score": 5.6328125,
        "runtime": 7.505556106567383
    },
    "35": {
        "score": 5.89453125,
        "runtime": 7.40990138053894
    },
    "34": {
        "score": 5.8203125,
        "runtime": 7.571687936782837
    },
    "36": {
        "score": 5.80078125,
        "runtime": 7.449559688568115
    },
    "38": {
        "score": 5.8125,
        "runtime": 7.492710828781128
    },
    "37": {
        "score": 6.34375,
        "runtime": 7.527254581451416
    },
    "39": {
        "score": 6.1171875,
        "runtime": 7.449662923812866
    },
    "40": {
        "score": 5.84765625,
        "runtime": 7.2591471672058105
    },
    "41": {
        "score": 5.9375,
        "runtime": 7.1720170974731445
    },
    "42": {
        "score": 5.8984375,
        "runtime": 7.454468488693237
    },
    "45": {
        "score": 5.75390625,
        "runtime": 7.111008405685425
    },
    "46": {
        "score": 6.078125,
        "runtime": 7.216256856918335
    },
    "43": {
        "score": 6.70703125,
        "runtime": 7.478851795196533
    },
    "44": {
        "score": 5.44140625,
        "runtime": 7.419644355773926
    },
    "49": {
        "score": 6.12890625,
        "runtime": 7.282847166061401
    },
    "47": {
        "score": 5.73046875,
        "runtime": 7.373499870300293
    },
    "48": {
        "score": 5.7109375,
        "runtime": 7.480845212936401
    },
    "50": {
        "score": 6.01953125,
        "runtime": 7.310851335525513
    },
    "51": {
        "score": 5.8671875,
        "runtime": 7.3929595947265625
    },
    "52": {
        "score": 6.24609375,
        "runtime": 7.214687347412109
    },
    "55": {
        "score": 5.87890625,
        "runtime": 6.985024452209473
    },
    "53": {
        "score": 5.52734375,
        "runtime": 7.322756052017212
    },
    "57": {
        "score": 6.12890625,
        "runtime": 7.144798994064331
    },
    "54": {
        "score": 5.61328125,
        "runtime": 7.442294597625732
    },
    "56": {
        "score": 6.109375,
        "runtime": 7.323133707046509
    },
    "58": {
        "score": 5.83203125,
        "runtime": 7.215446710586548
    },
    "59": {
        "score": 5.72265625,
        "runtime": 7.47333550453186
    },
    "60": {
        "score": 6.3046875,
        "runtime": 7.3287084102630615
    },
    "63": {
        "score": 5.91796875,
        "runtime": 7.093871116638184
    },
    "62": {
        "score": 6.00390625,
        "runtime": 7.331811428070068
    },
    "61": {
        "score": 5.57421875,
        "runtime": 7.531221151351929
    },
    "64": {
        "score": 5.8125,
        "runtime": 7.460174083709717
    },
    "65": {
        "score": 5.74609375,
        "runtime": 7.274362325668335
    },
    "66": {
        "score": 5.60546875,
        "runtime": 7.236377954483032
    },
    "67": {
        "score": 5.65234375,
        "runtime": 7.257872104644775
    },
    "69": {
        "score": 5.703125,
        "runtime": 7.068566799163818
    },
    "68": {
        "score": 5.85546875,
        "runtime": 7.4612438678741455
    },
    "70": {
        "score": 5.86328125,
        "runtime": 7.260580062866211
    },
    "71": {
        "score": 5.609375,
        "runtime": 7.232326984405518
    },
    "72": {
        "score": 5.8984375,
        "runtime": 7.461562395095825
    },
    "78": {
        "score": 5.9296875,
        "runtime": 7.021597623825073
    },
    "73": {
        "score": 5.53515625,
        "runtime": 7.601237058639526
    },
    "75": {
        "score": 5.9375,
        "runtime": 7.2830970287323
    },
    "76": {
        "score": 6.2265625,
        "runtime": 7.328807353973389
    },
    "77": {
        "score": 5.7109375,
        "runtime": 7.389867305755615
    },
    "74": {
        "score": 5.6640625,
        "runtime": 7.519009828567505
    },
    "79": {
        "score": 5.15625,
        "runtime": 7.427777290344238
    },
    "80": {
        "score": 5.72265625,
        "runtime": 7.3212480545043945
    },
    "81": {
        "score": 5.3828125,
        "runtime": 7.128025054931641
    },
    "82": {
        "score": 5.5859375,
        "runtime": 7.295935869216919
    },
    "87": {
        "score": 5.78515625,
        "runtime": 7.032413959503174
    },
    "84": {
        "score": 5.78125,
        "runtime": 7.379575729370117
    },
    "88": {
        "score": 5.46875,
        "runtime": 7.177169561386108
    },
    "85": {
        "score": 5.7890625,
        "runtime": 7.505213260650635
    },
    "86": {
        "score": 6.015625,
        "runtime": 7.476065397262573
    },
    "83": {
        "score": 6.07421875,
        "runtime": 7.575791120529175
    },
    "89": {
        "score": 5.58203125,
        "runtime": 7.491394996643066
    },
    "90": {
        "score": 5.5859375,
        "runtime": 7.410647630691528
    },
    "91": {
        "score": 6.0546875,
        "runtime": 7.441193103790283
    },
    "92": {
        "score": 6.00390625,
        "runtime": 7.235002279281616
    },
    "93": {
        "score": 5.85546875,
        "runtime": 7.248965263366699
    },
    "95": {
        "score": 5.51171875,
        "runtime": 7.105820655822754
    },