{
    "0": {
        "score": 7.675869464874268,
        "runtime": 114.79074382781982
    },
    "1": {
        "score": 8.604329109191895,
        "runtime": 114.75098180770874
    },
    "2": {
        "score": 8.284028053283691,
        "runtime": 114.47712683677673
    },
    "3": {
        "score": 8.175516128540039,
        "runtime": 115.07604050636292
    },
    "4": {
        "score": 8.570289611816406,
        "runtime": 114.22361636161804
    },
    "5": {
        "score": 8.326886177062988,
        "runtime": 115.55738115310669
    },
    "6": {
        "score": 8.587471008300781,
        "runtime": 115.59946656227112
    },
    "7": {
        "score": 8.402840614318848,
        "runtime": 116.00654339790344
    },
    "8": {
        "score": 8.09252643585205,
        "runtime": 116.44373846054077
    },
    "9": {
        "score": 7.866103172302246,
        "runtime": 115.80056262016296
    },
    "10": {
        "score": 7.959403038024902,
        "runtime": 116.60877203941345
    },
    "11": {
        "score": 7.808408260345459,
        "runtime": 116.29256820678711
    },
    "12": {
        "score": 8.418357849121094,
        "runtime": 115.59624123573303
    },
    "13": {
        "score": 7.593810558319092,
        "runtime": 116.06730651855469
    },
    "14": {
        "score": 8.137248039245605,
        "runtime": 116.17497134208679
    },
    "15": {
        "score": 8.195442199707031,
        "runtime": 115.65373849868774
    },
    "16": {
        "score": 8.190433502197266,
        "runtime": 115.1517584323883
    },
    "17": {
        "score": 8.392552375793457,
        "runtime": 116.40881037712097
    },
    "18": {
        "score": 8.100370407104492,
        "runtime": 114.24224638938904
    },
    "19": {
        "score": 8.257814407348633,
        "runtime": 114.3459689617157
    },
    "20": {
        "score": 8.416404724121094,
        "runtime": 115.58170509338379
    },
    "21": {
        "score": 8.156949043273926,
        "runtime": 116.01650404930115
    },
    "22": {
        "score": 7.794608116149902,
        "runtime": 115.20765995979309
    },
    "23": {
        "score": 8.266900062561035,
        "runtime": 115.26545929908752
    },
    "24": {
        "score": 7.945380210876465,
        "runtime": 116.27071762084961
    },
    "25": {
        "score": 8.09393310546875,
        "runtime": 115.96059322357178
    },
    "26": {
        "score": 8.094368934631348,
        "runtime": 115.95120310783386
    },
    "27": {
        "score": 7.858911514282227,
        "runtime": 116.01817011833191
    },
    "28": {
        "score": 8.46888542175293,
        "runtime": 115.56629967689514
    },
    "29": {
        "score": 7.603544235229492,
        "runtime": 115.5906457901001
    },
    "30": {
        "score": 8.076908111572266,
        "runtime": 116.49269413948059
    },
    "31": {
        "score": 8.203531265258789,
        "runtime": 116.3497748374939
    },
    "32": {
        "score": 7.944515705108643,
        "runtime": 115.41821813583374
    },
    "33": {
        "score": 8.107934951782227,
        "runtime": 115.26541090011597
    },
    "34": {
        "score": 8.366745948791504,
        "runtime": 116.02134108543396
    },
    "35": {
        "score": 8.137370109558105,
        "runtime": 114.70904755592346
    },
    "36": {
        "score": 8.261903762817383,
        "runtime": 121.27711963653564
    },
    "37": {
        "score": 7.8586015701293945,
        "runtime": 115.21030330657959
    },
    "38": {
        "score": 8.250267028808594,
        "runtime": 115.66343450546265
    },
    "39": {
        "score": 8.208632469177246,
        "runtime": 116.09291386604309
    },
    "40": {
        "score": 7.840281963348389,
        "runtime": 116.21388792991638
    },
    "41": {
        "score": 7.741957664489746,
        "runtime": 115.66979742050171
    },
    "42": {
        "score": 7.995981216430664,
        "runtime": 115.2225546836853
    },
    "43": {
        "score": 8.172140121459961,
        "runtime": 115.64176344871521
    },
    "44": {
        "score": 7.914043426513672,
        "runtime": 115.01592111587524
    },
    "45": {
        "score": 7.973462104797363,
        "runtime": 116.45819306373596
    },
    "46": {
        "score": 8.377846717834473,
        "runtime": 115.46772933006287
    },
    "47": {
        "score": 8.189953804016113,
        "runtime": 115.66127514839172
    },
    "48": {
        "score": 8.236403465270996,
        "runtime": 115.2868857383728
    },
    "49": {
        "score": 8.499879837036133,
        "runtime": 117.93033933639526
    },
    "50": {
        "score": 8.424138069152832,
        "runtime": 118.04198431968689
    },
    "51": {
        "score": 8.1209135055542,
        "runtime": 115.78137731552124
    },
    "52": {
        "score": 7.99876594543457,
        "runtime": 116.6969666481018
    },
    "53": {
        "score": 7.596469402313232,
        "runtime": 115.84572982788086
    },
    "54": {
        "score": 8.30384635925293,
        "runtime": 115.16046261787415
    },
    "55": {
        "score": 7.773191928863525,
        "runtime": 115.18006944656372
    },
    "56": {
        "score": 8.742354393005371,
        "runtime": 114.51981663703918
    },
    "57": {
        "score": 8.184732437133789,
        "runtime": 114.72022128105164
    },
    "58": {
        "score": 8.275487899780273,
        "runtime": 115.13417410850525
    },
    "59": {
        "score": 8.119503021240234,
        "runtime": 115.56554889678955
    },
    "60": {
        "score": 8.418070793151855,
        "runtime": 115.40836596488953
    },
    "61": {
        "score": 7.851192951202393,
        "runtime": 114.41347312927246
    },
    "62": {
        "score": 8.938311576843262,
        "runtime": 115.76623916625977
    },
    "63": {
        "score": 8.372709274291992,
        "runtime": 114.67004990577698
    },
    "64": {
        "score": 7.7734551429748535,
        "runtime": 116.11657977104187
    },
    "65": {
        "score": 8.484289169311523,
        "runtime": 115.46430397033691
    },
    "66": {
        "score": 8.176048278808594,
        "runtime": 114.49533653259277
    },
    "67": {
        "score": 8.178559303283691,
        "runtime": 115.85947799682617
    },
    "68": {
        "score": 7.660372257232666,
        "runtime": 116.57210874557495
    },
    "69": {
        "score": 7.661851406097412,
        "runtime": 115.67276072502136
    },
    "70": {
        "score": 8.36109447479248,
        "runtime": 116.450603723526
    },
    "71": {
        "score": 7.409982204437256,
        "runtime": 115.4615089893341
    },
    "72": {
        "score": 8.710746765136719,
        "runtime": 115.49453282356262
    },
    "73": {
        "score": 8.199883460998535,
        "runtime": 114.96946692466736
    },
    "74": {
        "score": 8.133663177490234,
        "runtime": 114.58240699768066
    },
    "75": {
        "score": 7.98143196105957,
        "runtime": 115.02555060386658
    },
    "76": {
        "score": 7.958098888397217,
        "runtime": 115.1627106666565
    },
    "77": {
        "score": 8.287385940551758,
        "runtime": 114.49930262565613
    },
    "78": {
        "score": 7.9715776443481445,
        "runtime": 116.32541751861572
    },
    "79": {
        "score": 8.501567840576172,
        "runtime": 116.38532280921936
    },
    "80": {
        "score": 7.844737529754639,
        "runtime": 115.44184613227844
    },
    "81": {
        "score": 8.439664840698242,
        "runtime": 113.96975874900818
    },
    "82": {
        "score": 7.4471588134765625,
        "runtime": 115.18285584449768
    },
    "83": {
        "score": 7.418869972229004,
        "runtime": 116.4019992351532
    },
    "84": {
        "score": 8.137316703796387,
        "runtime": 121.27500247955322
    },
    "85": {
        "score": 8.2244873046875,
        "runtime": 115.72951984405518
    },