{
    "0": {
        "score": 7.718804359436035,
        "runtime": 114.64651846885681
    },
    "1": {
        "score": 8.503321647644043,
        "runtime": 114.81465673446655
    },
    "2": {
        "score": 8.189772605895996,
        "runtime": 114.17900919914246
    },
    "3": {
        "score": 8.254342079162598,
        "runtime": 113.9131600856781
    },
    "4": {
        "score": 8.410881996154785,
        "runtime": 114.2496087551117
    },
    "5": {
        "score": 8.362446784973145,
        "runtime": 114.91986274719238
    },
    "6": {
        "score": 8.285836219787598,
        "runtime": 114.9313759803772
    },
    "7": {
        "score": 8.292996406555176,
        "runtime": 114.39548468589783
    },
    "8": {
        "score": 8.134039878845215,
        "runtime": 115.57204008102417
    },
    "9": {
        "score": 7.917842864990234,
        "runtime": 114.20129370689392
    },
    "10": {
        "score": 7.922397613525391,
        "runtime": 115.30560207366943
    },
    "11": {
        "score": 7.866981506347656,
        "runtime": 115.91805291175842
    },
    "12": {
        "score": 8.424463272094727,
        "runtime": 114.73867011070251
    },
    "13": {
        "score": 7.75764799118042,
        "runtime": 115.75321412086487
    },
    "14": {
        "score": 8.138904571533203,
        "runtime": 115.11824154853821
    },
    "15": {
        "score": 8.266300201416016,
        "runtime": 114.23151350021362
    },
    "16": {
        "score": 8.09710693359375,
        "runtime": 114.2549614906311
    },
    "17": {
        "score": 8.332721710205078,
        "runtime": 114.68623304367065
    },
    "18": {
        "score": 8.192228317260742,
        "runtime": 116.37792038917542
    },
    "19": {
        "score": 8.261488914489746,
        "runtime": 115.64095687866211
    },
    "20": {
        "score": 8.455101013183594,
        "runtime": 115.93890118598938
    },
    "21": {
        "score": 8.149007797241211,
        "runtime": 115.71552753448486
    },
    "22": {
        "score": 7.667638301849365,
        "runtime": 115.9685869216919
    },
    "23": {
        "score": 8.050942420959473,
        "runtime": 115.7384922504425
    },
    "24": {
        "score": 7.858253479003906,
        "runtime": 115.48330640792847
    },
    "25": {
        "score": 8.11613941192627,
        "runtime": 116.37925720214844
    },
    "26": {
        "score": 8.102487564086914,
        "runtime": 116.35619854927063
    },
    "27": {
        "score": 7.940329551696777,
        "runtime": 116.65176153182983
    },
    "28": {
        "score": 8.42551040649414,
        "runtime": 117.11280035972595
    },
    "29": {
        "score": 7.560037612915039,
        "runtime": 114.81075119972229
    },
    "30": {
        "score": 8.007695198059082,
        "runtime": 116.37680506706238
    },
    "31": {
        "score": 8.145540237426758,
        "runtime": 115.56436347961426
    },
    "32": {
        "score": 7.9434943199157715,
        "runtime": 116.00640058517456
    },
    "33": {
        "score": 8.116960525512695,
        "runtime": 115.82672572135925
    },
    "34": {
        "score": 8.383617401123047,
        "runtime": 115.4637815952301
    },
    "35": {
        "score": 8.114211082458496,
        "runtime": 116.6401596069336
    },
    "36": {
        "score": 7.99215841293335,
        "runtime": 120.90814638137817
    },
    "37": {
        "score": 7.838687896728516,
        "runtime": 115.13502740859985
    },
    "38": {
        "score": 8.357051849365234,
        "runtime": 116.95593881607056
    },
    "39": {
        "score": 7.886807441711426,
        "runtime": 115.6077208518982
    },
    "40": {
        "score": 7.857194423675537,
        "runtime": 114.81886529922485
    },
    "41": {
        "score": 7.777698993682861,
        "runtime": 115.31639099121094
    },
    "42": {
        "score": 7.953621864318848,
        "runtime": 115.90144324302673
    },
    "43": {
        "score": 8.15179443359375,
        "runtime": 115.96432757377625
    },
    "44": {
        "score": 7.779311656951904,
        "runtime": 116.42107033729553
    },
    "45": {
        "score": 8.051273345947266,
        "runtime": 116.73336338996887
    },
    "46": {
        "score": 8.381752967834473,
        "runtime": 116.06722021102905
    },
    "47": {
        "score": 8.078293800354004,
        "runtime": 116.55430936813354
    },
    "48": {
        "score": 8.207167625427246,
        "runtime": 116.01188826560974
    },
    "49": {
        "score": 8.363137245178223,
        "runtime": 117.567950963974
    },
    "50": {
        "score": 8.372547149658203,
        "runtime": 116.14446711540222
    },
    "51": {
        "score": 8.069403648376465,
        "runtime": 115.28864908218384
    },
    "52": {
        "score": 7.92779541015625,
        "runtime": 115.58774209022522
    },
    "53": {
        "score": 7.614930152893066,
        "runtime": 114.47842025756836
    },
    "54": {
        "score": 8.15326976776123,
        "runtime": 116.69815039634705
    },
    "55": {
        "score": 7.740930557250977,
        "runtime": 115.66238856315613
    },
    "56": {
        "score": 8.714570045471191,
        "runtime": 117.35324549674988
    },
    "57": {
        "score": 8.158864974975586,
        "runtime": 115.91328430175781
    },
    "58": {
        "score": 8.507790565490723,
        "runtime": 115.2127993106842
    },
    "59": {
        "score": 8.180999755859375,
        "runtime": 116.96290063858032
    },
    "60": {
        "score": 8.511659622192383,
        "runtime": 115.14274048805237
    },
    "61": {
        "score": 7.882397174835205,
        "runtime": 115.9869315624237
    },
    "62": {
        "score": 8.744742393493652,
        "runtime": 115.4594714641571
    },
    "63": {
        "score": 8.323528289794922,
        "runtime": 114.3658857345581
    },
    "64": {
        "score": 7.67764139175415,
        "runtime": 115.13386940956116
    },
    "65": {
        "score": 8.647769927978516,
        "runtime": 115.54865455627441
    },
    "66": {
        "score": 8.221158981323242,
        "runtime": 115.60756182670593
    },
    "67": {
        "score": 8.115693092346191,
        "runtime": 115.24167346954346
    },
    "68": {
        "score": 7.634252071380615,
        "runtime": 115.17402720451355
    },
    "69": {
        "score": 7.8976945877075195,
        "runtime": 116.25962972640991
    },
    "70": {
        "score": 8.308911323547363,
        "runtime": 116.04068803787231
    },
    "71": {
        "score": 7.48023796081543,
        "runtime": 115.78204321861267
    },
    "72": {
        "score": 8.710206031799316,
        "runtime": 116.01677703857422
    },
    "73": {
        "score": 8.064255714416504,
        "runtime": 115.4910683631897
    },
    "74": {
        "score": 8.038867950439453,
        "runtime": 115.93467736244202
    },
    "75": {
        "score": 7.938690662384033,
        "runtime": 114.09499931335449
    },
    "76": {
        "score": 8.128527641296387,
        "runtime": 114.71348428726196
    },
    "77": {
        "score": 8.21422004699707,
        "runtime": 114.05876994132996
    },
    "78": {
        "score": 7.972940444946289,
        "runtime": 116.54021096229553
    },
    "79": {
        "score": 8.365067481994629,
        "runtime": 115.80116724967957
    },
    "80": {
        "score": 7.776864051818848,
        "runtime": 117.15320014953613
    },
    "81": {
        "score": 8.487631797790527,
        "runtime": 117.00689935684204
    },
    "82": {
        "score": 7.4415130615234375,
        "runtime": 114.26156759262085
    },
    "83": {
        "score": 7.3112287521362305,
        "runtime": 116.01120257377625
    },
    "84": {
        "score": 8.053422927856445,
        "runtime": 119.23700094223022
    },
    "85": {
        "score": 8.17115592956543,
        "runtime": 115.3841199874878
    },