{
    "0": {
        "score": 7.7048797607421875,
        "runtime": 115.10274171829224
    },
    "1": {
        "score": 8.51388168334961,
        "runtime": 114.4529938697815
    },
    "2": {
        "score": 8.238645553588867,
        "runtime": 114.2690761089325
    },
    "3": {
        "score": 8.220147132873535,
        "runtime": 114.38520956039429
    },
    "4": {
        "score": 9.090750694274902,
        "runtime": 114.74264574050903
    },
    "5": {
        "score": 8.25707721710205,
        "runtime": 115.66037344932556
    },
    "6": {
        "score": 8.180129051208496,
        "runtime": 115.11224365234375
    },
    "7": {
        "score": 8.301070213317871,
        "runtime": 114.55124878883362
    },
    "8": {
        "score": 8.12255859375,
        "runtime": 114.18633341789246
    },
    "9": {
        "score": 7.909589767456055,
        "runtime": 115.60883283615112
    },
    "10": {
        "score": 8.096868515014648,
        "runtime": 115.17732548713684
    },
    "11": {
        "score": 7.8946051597595215,
        "runtime": 115.59983801841736
    },
    "12": {
        "score": 8.449231147766113,
        "runtime": 115.01793217658997
    },
    "13": {
        "score": 7.636040687561035,
        "runtime": 116.71843075752258
    },
    "14": {
        "score": 8.477619171142578,
        "runtime": 116.07547855377197
    },
    "15": {
        "score": 8.032140731811523,
        "runtime": 116.95314812660217
    },
    "16": {
        "score": 8.275810241699219,
        "runtime": 116.26275706291199
    },
    "17": {
        "score": 8.627466201782227,
        "runtime": 115.88681769371033
    },
    "18": {
        "score": 8.183472633361816,
        "runtime": 115.9503059387207
    },
    "19": {
        "score": 8.281583786010742,
        "runtime": 115.14764785766602
    },
    "20": {
        "score": 8.411608695983887,
        "runtime": 116.3294370174408
    },
    "21": {
        "score": 8.255805015563965,
        "runtime": 115.60404658317566
    },
    "22": {
        "score": 7.751354217529297,
        "runtime": 115.9166350364685
    },
    "23": {
        "score": 8.380928993225098,
        "runtime": 115.69993829727173
    },
    "24": {
        "score": 7.916256427764893,
        "runtime": 116.73573064804077
    },
    "25": {
        "score": 8.092927932739258,
        "runtime": 116.22703409194946
    },
    "26": {
        "score": 8.144479751586914,
        "runtime": 116.31397342681885
    },
    "27": {
        "score": 7.9038004875183105,
        "runtime": 115.76871681213379
    },
    "28": {
        "score": 8.509026527404785,
        "runtime": 115.71532535552979
    },
    "29": {
        "score": 7.565726280212402,
        "runtime": 114.61046504974365
    },
    "30": {
        "score": 8.139933586120605,
        "runtime": 116.03722643852234
    },
    "31": {
        "score": 8.262085914611816,
        "runtime": 115.1938648223877
    },
    "32": {
        "score": 7.982916831970215,
        "runtime": 115.75272130966187
    },
    "33": {
        "score": 8.085618019104004,
        "runtime": 114.83454370498657
    },
    "34": {
        "score": 8.413823127746582,
        "runtime": 116.10831189155579
    },
    "35": {
        "score": 8.099529266357422,
        "runtime": 116.18584179878235
    },
    "36": {
        "score": 8.170818328857422,
        "runtime": 121.28874850273132
    },
    "37": {
        "score": 8.04140853881836,
        "runtime": 115.89330911636353
    },
    "38": {
        "score": 8.4491548538208,
        "runtime": 115.79816341400146
    },
    "39": {
        "score": 8.121403694152832,
        "runtime": 114.87721180915833
    },
    "40": {
        "score": 7.964376926422119,
        "runtime": 115.49476909637451
    },
    "41": {
        "score": 7.903858184814453,
        "runtime": 115.62286400794983
    },
    "42": {
        "score": 8.1045503616333,
        "runtime": 115.74147462844849
    },
    "43": {
        "score": 8.243521690368652,
        "runtime": 115.84503483772278
    },
    "44": {
        "score": 7.8396687507629395,
        "runtime": 116.70459628105164
    },
    "45": {
        "score": 7.914144515991211,
        "runtime": 116.5428683757782
    },
    "46": {
        "score": 8.479838371276855,
        "runtime": 116.43014526367188
    },
    "47": {
        "score": 8.314539909362793,
        "runtime": 117.14375424385071
    },
    "48": {
        "score": 8.237496376037598,
        "runtime": 115.1250159740448
    },
    "49": {
        "score": 8.570013046264648,
        "runtime": 117.17904472351074
    },
    "50": {
        "score": 8.526740074157715,
        "runtime": 117.38936424255371
    },
    "51": {
        "score": 8.071113586425781,
        "runtime": 115.61582541465759
    },
    "52": {
        "score": 8.03085708618164,
        "runtime": 116.18665814399719
    },
    "53": {
        "score": 7.648488998413086,
        "runtime": 115.7375385761261
    },
    "54": {
        "score": 8.409180641174316,
        "runtime": 116.4949152469635
    },
    "55": {
        "score": 7.7514166831970215,
        "runtime": 115.64492011070251
    },
    "56": {
        "score": 8.681230545043945,
        "runtime": 117.05944919586182
    },
    "57": {
        "score": 8.310940742492676,
        "runtime": 115.94666528701782
    },
    "58": {
        "score": 8.533381462097168,
        "runtime": 115.34916019439697
    },
    "59": {
        "score": 8.049656867980957,
        "runtime": 114.55260610580444
    },
    "60": {
        "score": 8.508152961730957,
        "runtime": 115.59074807167053
    },
    "61": {
        "score": 7.856052875518799,
        "runtime": 116.16193175315857
    },
    "62": {
        "score": 8.703709602355957,
        "runtime": 115.43169069290161
    },
    "63": {
        "score": 8.177064895629883,
        "runtime": 114.60001802444458
    },
    "64": {
        "score": 7.7632012367248535,
        "runtime": 116.22259259223938
    },
    "65": {
        "score": 8.521700859069824,
        "runtime": 116.07063341140747
    },
    "66": {
        "score": 8.414684295654297,
        "runtime": 115.79708218574524
    },
    "67": {
        "score": 8.199030876159668,
        "runtime": 115.50189924240112
    },
    "68": {
        "score": 7.738924503326416,
        "runtime": 117.42410683631897
    },
    "69": {
        "score": 7.56813383102417,
        "runtime": 116.06827449798584
    },
    "70": {
        "score": 8.230062484741211,
        "runtime": 115.1903326511383
    },
    "71": {
        "score": 7.40286922454834,
        "runtime": 115.8195698261261
    },
    "72": {
        "score": 8.723917007446289,
        "runtime": 115.76202011108398
    },
    "73": {
        "score": 8.19591236114502,
        "runtime": 114.6324667930603
    },
    "74": {
        "score": 8.014486312866211,
        "runtime": 114.62140560150146
    },
    "75": {
        "score": 7.895915508270264,
        "runtime": 116.16854929924011
    },
    "76": {
        "score": 8.092245101928711,
        "runtime": 114.2857825756073
    },
    "77": {
        "score": 8.193849563598633,
        "runtime": 113.24914884567261
    },
    "78": {
        "score": 8.070076942443848,
        "runtime": 115.6444296836853
    },
    "79": {
        "score": 8.446949005126953,
        "runtime": 115.59806895256042
    },
    "80": {
        "score": 7.729413986206055,
        "runtime": 116.2459237575531
    },
    "81": {
        "score": 8.315869331359863,
        "runtime": 116.68007731437683
    },
    "82": {
        "score": 7.567856788635254,
        "runtime": 115.01584672927856
    },
    "83": {
        "score": 7.3792901039123535,
        "runtime": 115.47300219535828
    },
    "84": {
        "score": 8.115654945373535,
        "runtime": 118.45900177955627
    },
    "85": {
        "score": 8.115283966064453,
        "runtime": 115.20651936531067
    },