{
    "0": {
        "score": 7.7942657470703125,
        "runtime": 115.24480199813843
    },
    "1": {
        "score": 8.546782493591309,
        "runtime": 115.97625136375427
    },
    "2": {
        "score": 8.310343742370605,
        "runtime": 115.92972803115845
    },
    "3": {
        "score": 8.219817161560059,
        "runtime": 116.48842573165894
    },
    "4": {
        "score": 8.463434219360352,
        "runtime": 114.54810690879822
    },
    "5": {
        "score": 8.136953353881836,
        "runtime": 115.43226408958435
    },
    "6": {
        "score": 8.46684455871582,
        "runtime": 115.5886778831482
    },
    "7": {
        "score": 8.407990455627441,
        "runtime": 115.36838793754578
    },
    "8": {
        "score": 8.201078414916992,
        "runtime": 115.5237762928009
    },
    "9": {
        "score": 8.077788352966309,
        "runtime": 115.5858302116394
    },
    "10": {
        "score": 8.039334297180176,
        "runtime": 116.08479905128479
    },
    "11": {
        "score": 7.864779472351074,
        "runtime": 117.07509970664978
    },
    "12": {
        "score": 8.4395170211792,
        "runtime": 115.41019439697266
    },
    "13": {
        "score": 7.7733659744262695,
        "runtime": 115.82431316375732
    },
    "14": {
        "score": 8.24824333190918,
        "runtime": 115.99443459510803
    },
    "15": {
        "score": 8.038969993591309,
        "runtime": 116.69124984741211
    },
    "16": {
        "score": 8.150189399719238,
        "runtime": 114.10299301147461
    },
    "17": {
        "score": 8.044825553894043,
        "runtime": 117.2188069820404
    },
    "18": {
        "score": 8.134634971618652,
        "runtime": 116.09044575691223
    },
    "19": {
        "score": 8.260066986083984,
        "runtime": 115.0128390789032
    },
    "20": {
        "score": 8.713385581970215,
        "runtime": 115.97372937202454
    },
    "21": {
        "score": 8.275991439819336,
        "runtime": 114.9505033493042
    },
    "22": {
        "score": 7.899585247039795,
        "runtime": 114.58900618553162
    },
    "23": {
        "score": 8.126986503601074,
        "runtime": 117.19395613670349
    },
    "24": {
        "score": 7.9048638343811035,
        "runtime": 116.96278643608093
    },
    "25": {
        "score": 8.159412384033203,
        "runtime": 115.73382616043091
    },
    "26": {
        "score": 8.064238548278809,
        "runtime": 115.522221326828
    },
    "27": {
        "score": 7.909008979797363,
        "runtime": 116.26465654373169
    },
    "28": {
        "score": 8.499039649963379,
        "runtime": 115.45029354095459
    },
    "29": {
        "score": 7.682991981506348,
        "runtime": 116.00558018684387
    },
    "30": {
        "score": 8.042743682861328,
        "runtime": 116.95674729347229
    },
    "31": {
        "score": 8.181099891662598,
        "runtime": 116.35381841659546
    },
    "32": {
        "score": 7.961421966552734,
        "runtime": 116.1022093296051
    },
    "33": {
        "score": 8.211124420166016,
        "runtime": 115.57836365699768
    },
    "34": {
        "score": 8.515851020812988,
        "runtime": 116.07680797576904
    },
    "35": {
        "score": 8.136627197265625,
        "runtime": 117.1624743938446
    },
    "36": {
        "score": 8.0299711227417,
        "runtime": 115.44278764724731
    },
    "37": {
        "score": 8.007389068603516,
        "runtime": 115.09979701042175
    },
    "38": {
        "score": 8.271303176879883,
        "runtime": 115.87786841392517
    },
    "39": {
        "score": 7.916054725646973,
        "runtime": 115.93739366531372
    },
    "40": {
        "score": 7.907264709472656,
        "runtime": 117.42782306671143
    },
    "41": {
        "score": 7.978023529052734,
        "runtime": 114.64379143714905
    },
    "42": {
        "score": 8.028803825378418,
        "runtime": 115.1680645942688
    },
    "43": {
        "score": 8.209419250488281,
        "runtime": 115.92276930809021
    },
    "44": {
        "score": 7.914753437042236,
        "runtime": 114.62997841835022
    },
    "45": {
        "score": 8.086811065673828,
        "runtime": 115.52673888206482
    },
    "46": {
        "score": 8.326069831848145,
        "runtime": 115.90166425704956
    },
    "47": {
        "score": 8.260750770568848,
        "runtime": 116.63756990432739
    },
    "48": {
        "score": 8.041465759277344,
        "runtime": 115.75689625740051
    },
    "49": {
        "score": 8.506865501403809,
        "runtime": 116.82278990745544
    },
    "50": {
        "score": 9.053351402282715,
        "runtime": 117.04400849342346
    },
    "51": {
        "score": 8.031797409057617,
        "runtime": 116.35543012619019
    },
    "52": {
        "score": 7.924966812133789,
        "runtime": 115.27846550941467
    },
    "53": {
        "score": 7.583394527435303,
        "runtime": 116.10866808891296
    },
    "54": {
        "score": 8.140557289123535,
        "runtime": 116.33246946334839
    },
    "55": {
        "score": 7.743189334869385,
        "runtime": 116.52200770378113
    },
    "56": {
        "score": 8.693471908569336,
        "runtime": 115.98862171173096
    },
    "57": {
        "score": 8.083134651184082,
        "runtime": 115.04575896263123
    },
    "58": {
        "score": 8.292878150939941,
        "runtime": 116.17918586730957
    },
    "59": {
        "score": 8.07798957824707,
        "runtime": 116.28208613395691
    },
    "60": {
        "score": 8.304984092712402,
        "runtime": 115.16836547851562
    },
    "61": {
        "score": 7.997834205627441,
        "runtime": 115.14225029945374
    },
    "62": {
        "score": 8.797202110290527,
        "runtime": 115.59829664230347
    },
    "63": {
        "score": 8.236190795898438,
        "runtime": 115.71155405044556
    },
    "64": {
        "score": 7.732998847961426,
        "runtime": 116.34513831138611
    },
    "65": {
        "score": 8.690605163574219,
        "runtime": 115.21081018447876
    },
    "66": {
        "score": 8.377861022949219,
        "runtime": 115.14557933807373
    },
    "67": {
        "score": 8.135793685913086,
        "runtime": 115.1644377708435
    },
    "68": {
        "score": 7.803745746612549,
        "runtime": 116.64310431480408
    },
    "69": {
        "score": 7.787865161895752,
        "runtime": 115.54528975486755
    },
    "70": {
        "score": 8.44382095336914,
        "runtime": 116.01703214645386
    },
    "71": {
        "score": 7.448675632476807,
        "runtime": 116.97394609451294
    },
    "72": {
        "score": 8.64151668548584,
        "runtime": 115.14024376869202
    },
    "73": {
        "score": 8.115970611572266,
        "runtime": 115.52518939971924
    },
    "74": {
        "score": 8.030962944030762,
        "runtime": 115.25492763519287
    },
    "75": {
        "score": 7.855765342712402,
        "runtime": 115.17412948608398
    },
    "76": {
        "score": 8.068489074707031,
        "runtime": 114.38469243049622
    },
    "77": {
        "score": 8.14060115814209,
        "runtime": 115.2471091747284
    },
    "78": {
        "score": 7.979449272155762,
        "runtime": 116.38413166999817
    },
    "79": {
        "score": 8.4628324508667,
        "runtime": 119.12607431411743
    },
    "80": {
        "score": 7.860879421234131,
        "runtime": 114.99921560287476
    },
    "81": {
        "score": 8.532769203186035,
        "runtime": 115.46693325042725
    },
    "82": {
        "score": 7.420082092285156,
        "runtime": 115.00413703918457
    },
    "83": {
        "score": 7.332812309265137,
        "runtime": 115.51500225067139
    },
    "84": {
        "score": 8.448564529418945,
        "runtime": 123.40899991989136
    },
    "85": {
        "score": 8.186578750610352,
        "runtime": 116.45234727859497
    },