{
    "0": {
        "score": 10.910077095031738,
        "runtime": 20.007997751235962
    },
    "1": {
        "score": 11.33162784576416,
        "runtime": 20.427999019622803
    },
    "2": {
        "score": 11.33162784576416,
        "runtime": 21.075000286102295
    },
    "3": {
        "score": 10.910077095031738,
        "runtime": 20.352002382278442
    },
    "4": {
        "score": 10.910077095031738,
        "runtime": 20.54599952697754
    },
    "5": {
        "score": 10.910077095031738,
        "runtime": 20.858002185821533
    },
    "6": {
        "score": 10.910077095031738,
        "runtime": 20.890000581741333
    },
    "7": {
        "score": 10.910077095031738,
        "runtime": 20.443997383117676
    },
    "8": {
        "score": 11.33162784576416,
        "runtime": 20.548997402191162
    },
    "9": {
        "score": 11.33162784576416,
        "runtime": 20.319000005722046
    },
    "10": {
        "score": 11.33162784576416,
        "runtime": 21.111997842788696
    },
    "11": {
        "score": 11.33162784576416,
        "runtime": 20.342997550964355
    },
    "12": {
        "score": 10.915532112121582,
        "runtime": 21.068000078201294
    },
    "13": {
        "score": 11.33162784576416,
        "runtime": 20.40699791908264
    },
    "14": {
        "score": 11.33162784576416,
        "runtime": 20.1120023727417
    },
    "15": {
        "score": 10.910077095031738,
        "runtime": 20.417001962661743
    },
    "16": {
        "score": 11.33162784576416,
        "runtime": 20.803999185562134
    },
    "17": {
        "score": 10.910077095031738,
        "runtime": 20.56701350212097
    },
    "18": {
        "score": 10.910077095031738,
        "runtime": 20.285999536514282
    },
    "19": {
        "score": 11.171046257019043,
        "runtime": 20.54100227355957
    },
    "20": {
        "score": 11.342915534973145,
        "runtime": 20.484002113342285
    },
    "21": {
        "score": 11.33162784576416,
        "runtime": 20.327000856399536
    },
    "22": {
        "score": 10.910077095031738,
        "runtime": 20.160001277923584
    },
    "23": {
        "score": 10.910077095031738,
        "runtime": 20.227001667022705
    },
    "24": {
        "score": 11.33162784576416,
        "runtime": 20.993999242782593
    },
    "25": {
        "score": 10.910077095031738,
        "runtime": 20.333999395370483
    },
    "26": {
        "score": 10.910077095031738,
        "runtime": 20.51399874687195
    },
    "27": {
        "score": 11.33162784576416,
        "runtime": 21.234997510910034
    },
    "28": {
        "score": 10.910077095031738,
        "runtime": 20.827999114990234
    },
    "29": {
        "score": 10.915532112121582,
        "runtime": 21.18199872970581
    },
    "30": {
        "score": 10.910077095031738,
        "runtime": 20.263001680374146
    },
    "31": {
        "score": 11.33162784576416,
        "runtime": 20.14199948310852
    },
    "32": {
        "score": 10.910077095031738,
        "runtime": 20.464001178741455
    },
    "33": {
        "score": 10.915532112121582,
        "runtime": 21.05299973487854
    },
    "34": {
        "score": 11.33162784576416,
        "runtime": 20.098998069763184
    },
    "35": {
        "score": 11.245681762695312,
        "runtime": 20.71399998664856
    },
    "36": {
        "score": 10.910077095031738,
        "runtime": 20.247452974319458
    },
    "37": {
        "score": 11.171046257019043,
        "runtime": 20.261000394821167
    },
    "38": {
        "score": 10.915532112121582,
        "runtime": 20.961998462677002
    },
    "39": {
        "score": 11.33162784576416,
        "runtime": 20.26099920272827
    },
    "40": {
        "score": 11.33162784576416,
        "runtime": 20.161000967025757
    },
    "41": {
        "score": 11.33162784576416,
        "runtime": 20.228002309799194
    },
    "42": {
        "score": 11.33162784576416,
        "runtime": 20.802002429962158
    },
    "43": {
        "score": 11.33162784576416,
        "runtime": 20.49799919128418
    },
    "44": {
        "score": 11.33162784576416,
        "runtime": 20.557000875473022
    },
    "45": {
        "score": 10.910077095031738,
        "runtime": 20.156001329421997
    },
    "46": {
        "score": 10.910077095031738,
        "runtime": 20.187999486923218
    },
    "47": {
        "score": 10.915532112121582,
        "runtime": 20.776999711990356
    },
    "48": {
        "score": 10.910077095031738,
        "runtime": 20.566002130508423
    },
    "49": {
        "score": 10.910077095031738,
        "runtime": 20.95500135421753
    },
    "50": {
        "score": 11.171046257019043,
        "runtime": 20.001999616622925
    },
    "51": {
        "score": 11.171046257019043,
        "runtime": 20.150999784469604
    },
    "52": {
        "score": 11.33162784576416,
        "runtime": 20.812001705169678
    },
    "53": {
        "score": 10.910077095031738,
        "runtime": 20.405998945236206
    },
    "54": {
        "score": 11.33162784576416,
        "runtime": 20.204999685287476
    },
    "55": {
        "score": 10.910077095031738,
        "runtime": 20.601998567581177
    },
    "56": {
        "score": 10.915532112121582,
        "runtime": 20.60348916053772
    },
    "57": {
        "score": 10.910077095031738,
        "runtime": 20.957001447677612
    },
    "58": {
        "score": 10.910077095031738,
        "runtime": 20.883467197418213
    },
    "59": {
        "score": 10.910077095031738,
        "runtime": 20.102002382278442
    },
    "60": {
        "score": 10.910077095031738,
        "runtime": 20.89199995994568
    },
    "61": {
        "score": 11.33162784576416,
        "runtime": 20.449999570846558
    },
    "62": {
        "score": 10.910077095031738,
        "runtime": 20.691996574401855
    },
    "63": {
        "score": 11.33162784576416,
        "runtime": 20.36899971961975
    },
    "64": {
        "score": 10.910077095031738,
        "runtime": 20.62100124359131
    },
    "65": {
        "score": 10.915532112121582,
        "runtime": 19.950001001358032
    },
    "66": {
        "score": 10.910077095031738,
        "runtime": 20.44100022315979
    },
    "67": {
        "score": 10.910077095031738,
        "runtime": 20.276999711990356
    },
    "68": {
        "score": 11.33162784576416,
        "runtime": 20.87899875640869
    },
    "69": {
        "score": 10.910077095031738,
        "runtime": 20.391001224517822
    },
    "70": {
        "score": 11.33162784576416,
        "runtime": 20.683000087738037
    },
    "71": {
        "score": 10.910077095031738,
        "runtime": 20.508996963500977
    },
    "72": {
        "score": 10.910077095031738,
        "runtime": 20.432002067565918
    },
    "73": {
        "score": 10.910077095031738,
        "runtime": 20.704998254776
    },
    "74": {
        "score": 10.910077095031738,
        "runtime": 20.369998693466187
    },
    "75": {
        "score": 11.33162784576416,
        "runtime": 20.232001304626465
    },
    "76": {
        "score": 11.33162784576416,
        "runtime": 20.89199995994568
    },
    "77": {
        "score": 10.910077095031738,
        "runtime": 20.48200225830078
    },
    "78": {
        "score": 11.33162784576416,
        "runtime": 20.35351848602295
    },
    "79": {
        "score": 11.33162784576416,
        "runtime": 20.54800057411194
    },
    "80": {
        "score": 11.33162784576416,
        "runtime": 21.101510524749756
    },
    "81": {
        "score": 11.33162784576416,
        "runtime": 20.669997215270996
    },
    "82": {
        "score": 10.910077095031738,
        "runtime": 20.239998817443848
    },
    "83": {
        "score": 11.33162784576416,
        "runtime": 20.64900016784668
    },
    "84": {
        "score": 11.33162784576416,
        "runtime": 20.58799958229065
    },
    "85": {
        "score": 10.910077095031738,