{
    "epoch=121-train_score=7.89630": {
        "result_avg": {
            "score": 8.258490409851074,
            "runtime": 116.08943806648254
        },
        "result_std": {
            "score": 0.11039355481765996,
            "runtime": 15.587883836516106
        }
    },
    "epoch=193-train_score=7.90721": {
        "result_avg": {
            "score": 8.163741521835327,
            "runtime": 116.1317371416092
        },
        "result_std": {
            "score": 0.08821420432803741,
            "runtime": 14.920366278150548
        }
    },
    "epoch=163-train_score=7.92232": {
        "result_avg": {
            "score": 8.19180802822113,
            "runtime": 116.03263830661774
        },
        "result_std": {
            "score": 0.09957291666438824,
            "runtime": 16.323860071140857
        }
    },
    "epoch=197-train_score=7.93134": {
        "result_avg": {
            "score": 8.170245265960693,
            "runtime": 116.16200290203095
        },
        "result_std": {
            "score": 0.10971644447505698,
            "runtime": 16.194964680551553
        }
    },
    "epoch=195-train_score=7.94125": {
        "result_avg": {
            "score": 8.192957067489624,
            "runtime": 116.13273635864257
        },
        "result_std": {
            "score": 0.12491912635182648,
            "runtime": 14.606680238281164
        }
    }
}