{
    "0": {
        "score": 7.867311000823975,
        "runtime": 115.88871479034424
    },
    "1": {
        "score": 8.934374809265137,
        "runtime": 115.77901244163513
    },
    "2": {
        "score": 8.27323055267334,
        "runtime": 114.7712607383728
    },
    "3": {
        "score": 8.638124465942383,
        "runtime": 115.26141047477722
    },
    "4": {
        "score": 8.572198867797852,
        "runtime": 115.12624931335449
    },
    "5": {
        "score": 8.019791603088379,
        "runtime": 114.66210961341858
    },
    "6": {
        "score": 8.345212936401367,
        "runtime": 114.41005825996399
    },
    "7": {
        "score": 8.736023902893066,
        "runtime": 116.25483584403992
    },
    "8": {
        "score": 7.772697925567627,
        "runtime": 115.68731546401978
    },
    "9": {
        "score": 8.204282760620117,
        "runtime": 116.5627179145813
    },
    "10": {
        "score": 8.29224967956543,
        "runtime": 115.57248783111572
    },
    "11": {
        "score": 7.927584171295166,
        "runtime": 115.93358397483826
    },
    "12": {
        "score": 8.126680374145508,
        "runtime": 115.93762922286987
    },
    "13": {
        "score": 7.730788707733154,
        "runtime": 116.22032070159912
    },
    "14": {
        "score": 8.423871994018555,
        "runtime": 115.47837352752686
    },
    "15": {
        "score": 8.275270462036133,
        "runtime": 114.45295834541321
    },
    "16": {
        "score": 8.498273849487305,
        "runtime": 115.04319953918457
    },
    "17": {
        "score": 8.279265403747559,
        "runtime": 116.02049040794373
    },
    "18": {
        "score": 8.080866813659668,
        "runtime": 115.52113008499146
    },
    "19": {
        "score": 8.670548439025879,
        "runtime": 114.8126163482666
    },
    "20": {
        "score": 8.460914611816406,
        "runtime": 115.01998543739319
    },
    "21": {
        "score": 8.498414993286133,
        "runtime": 117.612722158432
    },
    "22": {
        "score": 8.309447288513184,
        "runtime": 116.57528328895569
    },
    "23": {
        "score": 8.329236030578613,
        "runtime": 116.31437373161316
    },
    "24": {
        "score": 7.592704772949219,
        "runtime": 115.72412204742432
    },
    "25": {
        "score": 8.197708129882812,
        "runtime": 117.39718556404114
    },
    "26": {
        "score": 8.112844467163086,
        "runtime": 116.88517260551453
    },
    "27": {
        "score": 7.861137390136719,
        "runtime": 116.67876672744751
    },
    "28": {
        "score": 8.617942810058594,
        "runtime": 116.32419800758362
    },
    "29": {
        "score": 7.851874828338623,
        "runtime": 116.81621766090393
    },
    "30": {
        "score": 8.177372932434082,
        "runtime": 115.53487491607666
    },
    "31": {
        "score": 8.091607093811035,
        "runtime": 117.16286540031433
    },
    "32": {
        "score": 7.813838481903076,
        "runtime": 116.43539929389954
    },
    "33": {
        "score": 8.51949405670166,
        "runtime": 116.1225733757019
    },
    "34": {
        "score": 8.114764213562012,
        "runtime": 115.70040369033813
    },
    "35": {
        "score": 8.149356842041016,
        "runtime": 116.21690058708191
    },
    "36": {
        "score": 7.975220203399658,
        "runtime": 115.81847906112671
    },
    "37": {
        "score": 8.324846267700195,
        "runtime": 115.15179514884949
    },
    "38": {
        "score": 7.98807430267334,
        "runtime": 115.52435970306396
    },
    "39": {
        "score": 7.561788082122803,
        "runtime": 115.52105402946472
    },
    "40": {
        "score": 8.36007308959961,
        "runtime": 115.56221342086792
    },
    "41": {
        "score": 7.8299174308776855,
        "runtime": 114.51771926879883
    },
    "42": {
        "score": 7.856271266937256,
        "runtime": 115.79064750671387
    },
    "43": {
        "score": 7.995120048522949,
        "runtime": 115.20963764190674
    },
    "44": {
        "score": 7.744656562805176,
        "runtime": 116.0849244594574
    },
    "45": {
        "score": 8.02775764465332,
        "runtime": 116.88294005393982
    },
    "46": {
        "score": 8.801229476928711,
        "runtime": 115.8943464756012
    },
    "47": {
        "score": 7.908055782318115,
        "runtime": 116.04320120811462
    },
    "48": {
        "score": 8.133373260498047,
        "runtime": 116.13831996917725
    },
    "49": {
        "score": 8.381937980651855,
        "runtime": 116.09428548812866
    },
    "50": {
        "score": 8.287513732910156,
        "runtime": 116.77172899246216
    },
    "51": {
        "score": 8.39912223815918,
        "runtime": 116.30000352859497
    },
    "52": {
        "score": 8.449100494384766,
        "runtime": 115.73673892021179
    },
    "53": {
        "score": 7.977940559387207,
        "runtime": 116.98828148841858
    },
    "54": {
        "score": 9.000861167907715,
        "runtime": 116.53976488113403
    },
    "55": {
        "score": 8.140755653381348,
        "runtime": 115.77742910385132
    },
    "56": {
        "score": 8.206832885742188,
        "runtime": 114.58757472038269
    },
    "57": {
        "score": 8.294556617736816,
        "runtime": 116.93329763412476
    },
    "58": {
        "score": 8.106362342834473,
        "runtime": 115.7468945980072
    },
    "59": {
        "score": 7.5821356773376465,
        "runtime": 114.94014191627502
    },
    "60": {
        "score": 9.081270217895508,
        "runtime": 115.87174582481384
    },
    "61": {
        "score": 8.219653129577637,
        "runtime": 115.74672317504883
    },
    "62": {
        "score": 8.353429794311523,
        "runtime": 115.44048142433167
    },
    "63": {
        "score": 7.866020202636719,
        "runtime": 115.94842052459717
    },
    "64": {
        "score": 8.256597518920898,
        "runtime": 115.5234317779541
    },
    "65": {
        "score": 8.780031204223633,
        "runtime": 115.59533357620239
    },
    "66": {
        "score": 8.220670700073242,
        "runtime": 116.4959716796875
    },
    "67": {
        "score": 8.247241973876953,
        "runtime": 115.34955739974976
    },
    "68": {
        "score": 8.06973934173584,
        "runtime": 116.11958956718445
    },
    "69": {
        "score": 7.7439751625061035,
        "runtime": 115.19977760314941
    },
    "70": {
        "score": 8.73372745513916,
        "runtime": 115.97991490364075
    },
    "71": {
        "score": 7.856759548187256,
        "runtime": 114.74560117721558
    },
    "72": {
        "score": 8.258121490478516,
        "runtime": 114.56920146942139
    },
    "73": {
        "score": 8.593369483947754,
        "runtime": 115.33869814872742
    },
    "74": {
        "score": 7.660211563110352,
        "runtime": 115.6577661037445
    },
    "75": {
        "score": 7.7150983810424805,
        "runtime": 115.87685108184814
    },
    "76": {
        "score": 8.053945541381836,
        "runtime": 115.90415215492249
    },
    "77": {
        "score": 8.407306671142578,
        "runtime": 115.4032347202301
    },
    "78": {
        "score": 7.862245082855225,
        "runtime": 117.54325461387634
    },
    "79": {
        "score": 8.059738159179688,
        "runtime": 115.89730978012085
    },
    "80": {
        "score": 7.622392177581787,
        "runtime": 118.28292393684387
    },
    "81": {
        "score": 8.133147239685059,
        "runtime": 114.87489104270935
    },
    "82": {
        "score": 8.287840843200684,
        "runtime": 116.65916967391968
    },
    "83": {
        "score": 7.766202449798584,
        "runtime": 126.12751960754395
    },
    "84": {
        "score": 7.85051965713501,
        "runtime": 115.79447078704834
    },
    "85": {
        "score": 8.103731155395508,
        "runtime": 114.48463821411133
    },