{
    "0": {
        "score": 7.8180766105651855,
        "runtime": 115.07169771194458
    },
    "1": {
        "score": 9.221585273742676,
        "runtime": 117.21673440933228
    },
    "2": {
        "score": 8.170884132385254,
        "runtime": 115.19952058792114
    },
    "3": {
        "score": 8.485867500305176,
        "runtime": 115.941397190094
    },
    "4": {
        "score": 8.68260669708252,
        "runtime": 114.54845356941223
    },
    "5": {
        "score": 8.053605079650879,
        "runtime": 114.49666714668274
    },
    "6": {
        "score": 8.197688102722168,
        "runtime": 115.32201886177063
    },
    "7": {
        "score": 8.80348014831543,
        "runtime": 115.14333152770996
    },
    "8": {
        "score": 8.04903507232666,
        "runtime": 114.3464846611023
    },
    "9": {
        "score": 8.358041763305664,
        "runtime": 115.32871866226196
    },
    "10": {
        "score": 8.205536842346191,
        "runtime": 116.15746092796326
    },
    "11": {
        "score": 8.06959056854248,
        "runtime": 115.72305154800415
    },
    "12": {
        "score": 8.12520980834961,
        "runtime": 115.66194224357605
    },
    "13": {
        "score": 7.724759578704834,
        "runtime": 115.8177969455719
    },
    "14": {
        "score": 8.289944648742676,
        "runtime": 115.58891487121582
    },
    "15": {
        "score": 8.351935386657715,
        "runtime": 115.49793672561646
    },
    "16": {
        "score": 9.100234985351562,
        "runtime": 114.91125249862671
    },
    "17": {
        "score": 8.270560264587402,
        "runtime": 116.27795314788818
    },
    "18": {
        "score": 8.157204627990723,
        "runtime": 116.2041437625885
    },
    "19": {
        "score": 8.618589401245117,
        "runtime": 116.02313089370728
    },
    "20": {
        "score": 8.341429710388184,
        "runtime": 115.50993061065674
    },
    "21": {
        "score": 8.488404273986816,
        "runtime": 115.24245119094849
    },
    "22": {
        "score": 8.111146926879883,
        "runtime": 114.99335551261902
    },
    "23": {
        "score": 8.068920135498047,
        "runtime": 116.14833998680115
    },
    "24": {
        "score": 8.035077095031738,
        "runtime": 115.64484977722168
    },
    "25": {
        "score": 8.092041969299316,
        "runtime": 117.6946530342102
    },
    "26": {
        "score": 8.048659324645996,
        "runtime": 117.33016443252563
    },
    "27": {
        "score": 7.868288993835449,
        "runtime": 117.08274340629578
    },
    "28": {
        "score": 8.591802597045898,
        "runtime": 115.75369620323181
    },
    "29": {
        "score": 7.830989837646484,
        "runtime": 116.59571194648743
    },
    "30": {
        "score": 8.402750015258789,
        "runtime": 116.70738291740417
    },
    "31": {
        "score": 8.017943382263184,
        "runtime": 115.78412747383118
    },
    "32": {
        "score": 7.759682655334473,
        "runtime": 115.67291569709778
    },
    "33": {
        "score": 8.548358917236328,
        "runtime": 115.83502888679504
    },
    "34": {
        "score": 8.187934875488281,
        "runtime": 115.4909176826477
    },
    "35": {
        "score": 8.113840103149414,
        "runtime": 116.27564144134521
    },
    "36": {
        "score": 8.008033752441406,
        "runtime": 117.3223044872284
    },
    "37": {
        "score": 8.456029891967773,
        "runtime": 115.17431712150574
    },
    "38": {
        "score": 7.952228546142578,
        "runtime": 114.92144918441772
    },
    "39": {
        "score": 7.5415568351745605,
        "runtime": 115.86460471153259
    },
    "40": {
        "score": 8.164939880371094,
        "runtime": 116.28272485733032
    },
    "41": {
        "score": 7.790403842926025,
        "runtime": 114.85223150253296
    },
    "42": {
        "score": 7.820677757263184,
        "runtime": 115.94565629959106
    },
    "43": {
        "score": 8.05306625366211,
        "runtime": 115.77568626403809
    },
    "44": {
        "score": 7.698375701904297,
        "runtime": 116.36189985275269
    },
    "45": {
        "score": 7.8812689781188965,
        "runtime": 116.27698636054993
    },
    "46": {
        "score": 8.621355056762695,
        "runtime": 115.26062107086182
    },
    "47": {
        "score": 7.963830471038818,
        "runtime": 116.32870864868164
    },
    "48": {
        "score": 8.21252155303955,
        "runtime": 116.12176847457886
    },
    "49": {
        "score": 8.424773216247559,
        "runtime": 115.95327639579773
    },
    "50": {
        "score": 8.272856712341309,
        "runtime": 116.6017107963562
    },
    "51": {
        "score": 8.538911819458008,
        "runtime": 114.62504315376282
    },
    "52": {
        "score": 8.515861511230469,
        "runtime": 116.08222842216492
    },
    "53": {
        "score": 8.712812423706055,
        "runtime": 115.89669108390808
    },
    "54": {
        "score": 9.070284843444824,
        "runtime": 116.56430339813232
    },
    "55": {
        "score": 8.104850769042969,
        "runtime": 116.0264151096344
    },
    "56": {
        "score": 8.46760082244873,
        "runtime": 115.40311026573181
    },
    "57": {
        "score": 8.327421188354492,
        "runtime": 114.8862988948822
    },
    "58": {
        "score": 8.149798393249512,
        "runtime": 115.3401210308075
    },
    "59": {
        "score": 7.5631608963012695,
        "runtime": 115.27166748046875
    },
    "60": {
        "score": 8.47109317779541,
        "runtime": 115.37869668006897
    },
    "61": {
        "score": 8.115229606628418,
        "runtime": 116.65118885040283
    },
    "62": {
        "score": 8.151507377624512,
        "runtime": 115.9483277797699
    },
    "63": {
        "score": 7.972985744476318,
        "runtime": 116.69990730285645
    },
    "64": {
        "score": 8.070516586303711,
        "runtime": 116.16626310348511
    },
    "65": {
        "score": 8.691900253295898,
        "runtime": 115.07677245140076
    },
    "66": {
        "score": 8.473498344421387,
        "runtime": 114.54103136062622
    },
    "67": {
        "score": 8.297626495361328,
        "runtime": 115.69366765022278
    },
    "68": {
        "score": 8.044035911560059,
        "runtime": 115.40233254432678
    },
    "69": {
        "score": 7.651224136352539,
        "runtime": 115.14394044876099
    },
    "70": {
        "score": 8.66623306274414,
        "runtime": 115.10739970207214
    },
    "71": {
        "score": 7.881469249725342,
        "runtime": 116.53160858154297
    },
    "72": {
        "score": 8.471318244934082,
        "runtime": 115.90417981147766
    },
    "73": {
        "score": 8.543107986450195,
        "runtime": 114.86861896514893
    },
    "74": {
        "score": 7.743073463439941,
        "runtime": 115.84076595306396
    },
    "75": {
        "score": 7.7010040283203125,
        "runtime": 115.31231117248535
    },
    "76": {
        "score": 8.059287071228027,
        "runtime": 115.5296778678894
    },
    "77": {
        "score": 9.294699668884277,
        "runtime": 116.8071768283844
    },
    "78": {
        "score": 7.885070323944092,
        "runtime": 117.95822191238403
    },
    "79": {
        "score": 8.149974822998047,
        "runtime": 115.58132696151733
    },
    "80": {
        "score": 7.752248287200928,
        "runtime": 117.08599376678467
    },
    "81": {
        "score": 8.153973579406738,
        "runtime": 114.4755470752716
    },
    "82": {
        "score": 7.967672348022461,
        "runtime": 118.86006927490234
    },
    "83": {
        "score": 7.7620697021484375,
        "runtime": 123.93623304367065
    },
    "84": {
        "score": 7.88201904296875,
        "runtime": 115.11147570610046
    },
    "85": {
        "score": 7.948945045471191,
        "runtime": 116.15363788604736
    },