{
    "0": {
        "score": 5.68359375,
        "runtime": 0.21082162857055664
    },
    "10": {
        "score": 5.546875,
        "runtime": 0.026696205139160156
    },
    "11": {
        "score": 5.03515625,
        "runtime": 0.03472781181335449
    },
    "2": {
        "score": 6.4609375,
        "runtime": 0.14056873321533203
    },
    "1": {
        "score": 5.78515625,
        "runtime": 0.13456034660339355
    },
    "12": {
        "score": 5.82421875,
        "runtime": 0.06623458862304688
    },
    "13": {
        "score": 5.890625,
        "runtime": 0.07157278060913086
    },
    "14": {
        "score": 5.96875,
        "runtime": 0.08229994773864746
    },
    "4": {
        "score": 5.89453125,
        "runtime": 0.17463350296020508
    },
    "3": {
        "score": 6.20703125,
        "runtime": 0.18966078758239746
    },
    "15": {
        "score": 6.03515625,
        "runtime": 0.14571690559387207
    },
    "5": {
        "score": 5.83203125,
        "runtime": 0.2302689552307129
    },
    "16": {
        "score": 5.8515625,
        "runtime": 0.16174054145812988
    },
    "9": {
        "score": 6.421875,
        "runtime": 0.26212382316589355
    },
    "17": {
        "score": 5.5703125,
        "runtime": 0.19130825996398926
    },
    "7": {
        "score": 6.02734375,
        "runtime": 0.2804110050201416
    },
    "8": {
        "score": 5.80859375,
        "runtime": 0.28891968727111816
    },
    "18": {
        "score": 5.78515625,
        "runtime": 0.20175671577453613
    },
    "6": {
        "score": 6.19921875,
        "runtime": 0.2893657684326172
    },
    "19": {
        "score": 5.6796875,
        "runtime": 0.2022264003753662
    },
    "20": {
        "score": 5.45703125,
        "runtime": 0.20027804374694824
    },
    "21": {
        "score": 5.88671875,
        "runtime": 0.19827532768249512
    },
    "22": {
        "score": 5.80078125,
        "runtime": 0.20487260818481445
    },
    "23": {
        "score": 5.71875,
        "runtime": 0.20293164253234863
    },
    "24": {
        "score": 5.5546875,
        "runtime": 0.20540809631347656
    },
    "25": {
        "score": 6.10546875,
        "runtime": 0.2043623924255371
    },
    "26": {
        "score": 5.7421875,
        "runtime": 0.20039153099060059
    },
    "27": {
        "score": 5.890625,
        "runtime": 0.20589900016784668
    },
    "28": {
        "score": 5.83984375,
        "runtime": 0.2058238983154297
    },
    "29": {
        "score": 6.03125,
        "runtime": 0.19831228256225586
    },
    "30": {
        "score": 5.87109375,
        "runtime": 0.19741010665893555
    },
    "31": {
        "score": 5.77734375,
        "runtime": 0.1969165802001953
    },
    "32": {
        "score": 5.9921875,
        "runtime": 0.2014176845550537
    },
    "33": {
        "score": 5.6328125,
        "runtime": 0.19940590858459473
    },
    "34": {
        "score": 5.8359375,
        "runtime": 0.21287155151367188
    },
    "35": {
        "score": 5.95703125,
        "runtime": 0.2048206329345703
    },
    "36": {
        "score": 5.76171875,
        "runtime": 0.20679903030395508
    },
    "37": {
        "score": 6.34375,
        "runtime": 0.20537018775939941
    },
    "38": {
        "score": 5.83203125,
        "runtime": 0.2053685188293457
    },
    "39": {
        "score": 6.1171875,
        "runtime": 0.20987725257873535
    },
    "40": {
        "score": 5.828125,
        "runtime": 0.20031142234802246
    },
    "41": {
        "score": 5.92578125,
        "runtime": 0.20331311225891113
    },
    "42": {
        "score": 6.0078125,
        "runtime": 0.20141243934631348
    },
    "43": {
        "score": 6.48046875,
        "runtime": 0.19740962982177734
    },
    "45": {
        "score": 5.7890625,
        "runtime": 0.19841432571411133
    },
    "44": {
        "score": 5.55078125,
        "runtime": 0.19841527938842773
    },
    "46": {
        "score": 6.08203125,
        "runtime": 0.1959090232849121
    },
    "48": {
        "score": 5.7109375,
        "runtime": 0.19335031509399414
    },
    "47": {
        "score": 5.75,
        "runtime": 0.19585847854614258
    },
    "49": {
        "score": 6.12890625,
        "runtime": 0.19823741912841797
    },
    "50": {
        "score": 6.0390625,
        "runtime": 0.19321656227111816
    },
    "51": {
        "score": 5.86328125,
        "runtime": 0.19228267669677734
    },
    "52": {
        "score": 6.24609375,
        "runtime": 0.18695664405822754
    },
    "53": {
        "score": 5.4296875,
        "runtime": 0.19054651260375977
    },
    "55": {
        "score": 5.95703125,
        "runtime": 0.19155526161193848
    },
    "54": {
        "score": 5.6015625,
        "runtime": 0.20257782936096191
    },
    "56": {
        "score": 6.12890625,
        "runtime": 0.20500469207763672
    },
    "58": {
        "score": 5.9140625,
        "runtime": 0.2060072422027588
    },
    "57": {
        "score": 6.07421875,
        "runtime": 0.20232391357421875
    },
    "59": {
        "score": 5.73828125,
        "runtime": 0.20932841300964355
    },
    "60": {
        "score": 6.3203125,
        "runtime": 0.2002112865447998
    },
    "61": {
        "score": 5.57421875,
        "runtime": 0.20250511169433594
    },
    "62": {
        "score": 5.9453125,
        "runtime": 0.20050287246704102
    },
    "63": {
        "score": 5.625,
        "runtime": 0.2005019187927246
    },
    "64": {
        "score": 5.80078125,
        "runtime": 0.20401620864868164
    },
    "65": {
        "score": 5.78125,
        "runtime": 0.20511484146118164
    },
    "66": {
        "score": 5.453125,
        "runtime": 0.19927144050598145
    },
    "67": {
        "score": 5.52734375,
        "runtime": 0.20500516891479492
    },
    "68": {
        "score": 6.12890625,
        "runtime": 0.20049428939819336
    },
    "69": {
        "score": 5.578125,
        "runtime": 0.20549774169921875
    },
    "70": {
        "score": 5.85546875,
        "runtime": 0.20252037048339844
    },
    "71": {
        "score": 5.6796875,
        "runtime": 0.20208430290222168
    },
    "72": {
        "score": 5.8984375,
        "runtime": 0.20191311836242676
    },
    "73": {
        "score": 5.55859375,
        "runtime": 0.2029714584350586
    },
    "74": {
        "score": 5.6640625,
        "runtime": 0.2084794044494629
    },
    "75": {
        "score": 5.9453125,
        "runtime": 0.20448994636535645
    },
    "76": {
        "score": 6.2265625,
        "runtime": 0.20382356643676758
    },
    "78": {
        "score": 5.96875,
        "runtime": 0.20581912994384766
    },
    "77": {
        "score": 5.7734375,
        "runtime": 0.2068190574645996
    },
    "79": {
        "score": 5.28125,
        "runtime": 0.19986677169799805
    },
    "80": {
        "score": 5.69140625,
        "runtime": 0.20382404327392578
    },
    "81": {
        "score": 5.3984375,
        "runtime": 0.20329523086547852
    },
    "82": {
        "score": 5.6796875,
        "runtime": 0.20379996299743652
    },
    "83": {
        "score": 6.1015625,
        "runtime": 0.20480680465698242
    },
    "84": {
        "score": 5.8125,
        "runtime": 0.20322227478027344
    },
    "85": {
        "score": 5.80078125,
        "runtime": 0.20325851440429688
    },
    "86": {
        "score": 6.0078125,
        "runtime": 0.19982457160949707
    },
    "87": {
        "score": 5.72265625,
        "runtime": 0.20594024658203125
    },
    "88": {
        "score": 5.46875,
        "runtime": 0.202437162399292
    },
    "89": {
        "score": 5.58203125,
        "runtime": 0.2049415111541748
    },
    "90": {
        "score": 5.58203125,
        "runtime": 0.19700264930725098
    },
    "91": {
        "score": 6.0546875,
        "runtime": 0.19745278358459473
    },
    "92": {
        "score": 6.00390625,
        "runtime": 0.1898198127746582
    },