{
    "0": {
        "score": 5.703125,
        "runtime": 0.15407824516296387
    },
    "1": {
        "score": 5.9609375,
        "runtime": 0.24934864044189453
    },
    "10": {
        "score": 5.62890625,
        "runtime": 0.10066390037536621
    },
    "2": {
        "score": 6.19921875,
        "runtime": 0.1892704963684082
    },
    "11": {
        "score": 5.03515625,
        "runtime": 0.05556225776672363
    },
    "13": {
        "score": 5.890625,
        "runtime": 0.06006956100463867
    },
    "12": {
        "score": 5.82421875,
        "runtime": 0.06106877326965332
    },
    "14": {
        "score": 5.97265625,
        "runtime": 0.0625765323638916
    },
    "15": {
        "score": 5.98046875,
        "runtime": 0.0810995101928711
    },
    "16": {
        "score": 5.875,
        "runtime": 0.08109879493713379
    },
    "3": {
        "score": 6.125,
        "runtime": 0.15419363975524902
    },
    "17": {
        "score": 5.58984375,
        "runtime": 0.0801241397857666
    },
    "18": {
        "score": 5.78515625,
        "runtime": 0.1307075023651123
    },
    "4": {
        "score": 5.81640625,
        "runtime": 0.20681023597717285
    },
    "20": {
        "score": 5.4609375,
        "runtime": 0.1337120532989502
    },
    "5": {
        "score": 5.83203125,
        "runtime": 0.22936153411865234
    },
    "19": {
        "score": 5.66015625,
        "runtime": 0.1536719799041748
    },
    "6": {
        "score": 6.2265625,
        "runtime": 0.2515525817871094
    },
    "21": {
        "score": 5.98046875,
        "runtime": 0.1929330825805664
    },
    "7": {
        "score": 5.94140625,
        "runtime": 0.28909993171691895
    },
    "8": {
        "score": 5.80859375,
        "runtime": 0.31311988830566406
    },
    "9": {
        "score": 6.36328125,
        "runtime": 0.299588680267334
    },
    "23": {
        "score": 5.703125,
        "runtime": 0.20626258850097656
    },
    "22": {
        "score": 5.78125,
        "runtime": 0.20775103569030762
    },
    "24": {
        "score": 5.53515625,
        "runtime": 0.20074677467346191
    },
    "25": {
        "score": 6.078125,
        "runtime": 0.2016916275024414
    },
    "26": {
        "score": 5.73828125,
        "runtime": 0.20418357849121094
    },
    "27": {
        "score": 5.8984375,
        "runtime": 0.2001793384552002
    },
    "28": {
        "score": 5.8984375,
        "runtime": 0.20583033561706543
    },
    "29": {
        "score": 6.09375,
        "runtime": 0.20441293716430664
    },
    "30": {
        "score": 5.88671875,
        "runtime": 0.20595741271972656
    },
    "31": {
        "score": 5.77734375,
        "runtime": 0.2089529037475586
    },
    "32": {
        "score": 5.93359375,
        "runtime": 0.20894646644592285
    },
    "33": {
        "score": 5.62890625,
        "runtime": 0.21241164207458496
    },
    "34": {
        "score": 5.8203125,
        "runtime": 0.20537471771240234
    },
    "35": {
        "score": 5.953125,
        "runtime": 0.2053544521331787
    },
    "36": {
        "score": 5.76171875,
        "runtime": 0.20031428337097168
    },
    "37": {
        "score": 6.34375,
        "runtime": 0.20494604110717773
    },
    "38": {
        "score": 5.7265625,
        "runtime": 0.20346975326538086
    },
    "39": {
        "score": 6.0625,
        "runtime": 0.2004692554473877
    },
    "40": {
        "score": 5.8125,
        "runtime": 0.20595431327819824
    },
    "41": {
        "score": 5.85546875,
        "runtime": 0.20446324348449707
    },
    "42": {
        "score": 5.8125,
        "runtime": 0.20576214790344238
    },
    "43": {
        "score": 6.70703125,
        "runtime": 0.2092735767364502
    },
    "44": {
        "score": 5.44140625,
        "runtime": 0.20526838302612305
    },
    "45": {
        "score": 5.828125,
        "runtime": 0.208268404006958
    },
    "46": {
        "score": 5.96484375,
        "runtime": 0.20927023887634277
    },
    "47": {
        "score": 5.75,
        "runtime": 0.2049391269683838
    },
    "48": {
        "score": 5.7734375,
        "runtime": 0.20105648040771484
    },
    "49": {
        "score": 6.12890625,
        "runtime": 0.20004653930664062
    },
    "50": {
        "score": 6.234375,
        "runtime": 0.20036745071411133
    },
    "51": {
        "score": 5.86328125,
        "runtime": 0.20036625862121582
    },
    "53": {
        "score": 5.52734375,
        "runtime": 0.20185303688049316
    },
    "52": {
        "score": 6.2265625,
        "runtime": 0.20285248756408691
    },
    "54": {
        "score": 5.6015625,
        "runtime": 0.19682765007019043
    },
    "56": {
        "score": 6.12890625,
        "runtime": 0.1968233585357666
    },
    "55": {
        "score": 5.87890625,
        "runtime": 0.19632530212402344
    },
    "57": {
        "score": 6.07421875,
        "runtime": 0.19087505340576172
    },
    "58": {
        "score": 5.9140625,
        "runtime": 0.1912093162536621
    },
    "59": {
        "score": 5.73828125,
        "runtime": 0.18471622467041016
    },
    "60": {
        "score": 6.30859375,
        "runtime": 0.20323801040649414
    },
    "61": {
        "score": 5.63671875,
        "runtime": 0.20223546028137207
    },
    "62": {
        "score": 5.9453125,
        "runtime": 0.21275806427001953
    },
    "63": {
        "score": 5.734375,
        "runtime": 0.2077643871307373
    },
    "64": {
        "score": 5.8046875,
        "runtime": 0.20725011825561523
    },
    "65": {
        "score": 5.75390625,
        "runtime": 0.20476579666137695
    },
    "66": {
        "score": 5.43359375,
        "runtime": 0.20154500007629395
    },
    "67": {
        "score": 5.65234375,
        "runtime": 0.20245361328125
    },
    "68": {
        "score": 6.07421875,
        "runtime": 0.20435786247253418
    },
    "69": {
        "score": 5.5546875,
        "runtime": 0.20334362983703613
    },
    "70": {
        "score": 5.859375,
        "runtime": 0.21107959747314453
    },
    "71": {
        "score": 5.609375,
        "runtime": 0.21007585525512695
    },
    "72": {
        "score": 5.9921875,
        "runtime": 0.21119236946105957
    },
    "73": {
        "score": 5.68359375,
        "runtime": 0.21269488334655762
    },
    "74": {
        "score": 5.6640625,
        "runtime": 0.2086169719696045
    },
    "75": {
        "score": 5.9453125,
        "runtime": 0.20418643951416016
    },
    "76": {
        "score": 6.2265625,
        "runtime": 0.2078077793121338
    },
    "77": {
        "score": 5.7109375,
        "runtime": 0.20076560974121094
    },
    "78": {
        "score": 5.9296875,
        "runtime": 0.20127534866333008
    },
    "79": {
        "score": 5.22265625,
        "runtime": 0.204270601272583
    },
    "80": {
        "score": 5.69140625,
        "runtime": 0.20296907424926758
    },
    "81": {
        "score": 5.3984375,
        "runtime": 0.20447826385498047
    },
    "82": {
        "score": 5.5859375,
        "runtime": 0.20848751068115234
    },
    "83": {
        "score": 6.25390625,
        "runtime": 0.20598196983337402
    },
    "84": {
        "score": 5.81640625,
        "runtime": 0.2039661407470703
    },
    "85": {
        "score": 5.7890625,
        "runtime": 0.20698285102844238
    },
    "86": {
        "score": 5.99609375,
        "runtime": 0.19896507263183594
    },
    "87": {
        "score": 5.65234375,
        "runtime": 0.20171308517456055
    },
    "88": {
        "score": 5.46875,
        "runtime": 0.20273613929748535
    },
    "89": {
        "score": 5.58203125,
        "runtime": 0.20421266555786133
    },
    "90": {
        "score": 5.53125,
        "runtime": 0.20554852485656738
    },
    "91": {
        "score": 6.0546875,
        "runtime": 0.19352054595947266
    },
    "93": {
        "score": 5.7578125,
        "runtime": 0.18799257278442383
    },