{
    "0": {
        "score": 5.703125,
        "runtime": 0.18915843963623047
    },
    "1": {
        "score": 5.859375,
        "runtime": 0.2026975154876709
    },
    "2": {
        "score": 6.296875,
        "runtime": 0.1672055721282959
    },
    "10": {
        "score": 5.546875,
        "runtime": 0.07394909858703613
    },
    "11": {
        "score": 5.03515625,
        "runtime": 0.08240985870361328
    },
    "3": {
        "score": 6.125,
        "runtime": 0.1635570526123047
    },
    "12": {
        "score": 5.82421875,
        "runtime": 0.10109496116638184
    },
    "4": {
        "score": 5.81640625,
        "runtime": 0.20233988761901855
    },
    "13": {
        "score": 5.890625,
        "runtime": 0.12169003486633301
    },
    "5": {
        "score": 5.83203125,
        "runtime": 0.19428014755249023
    },
    "14": {
        "score": 5.97265625,
        "runtime": 0.12772440910339355
    },
    "15": {
        "score": 6.00390625,
        "runtime": 0.1310882568359375
    },
    "16": {
        "score": 5.8515625,
        "runtime": 0.16871118545532227
    },
    "6": {
        "score": 6.2265625,
        "runtime": 0.28379178047180176
    },
    "8": {
        "score": 5.80859375,
        "runtime": 0.28630661964416504
    },
    "17": {
        "score": 5.50390625,
        "runtime": 0.20118212699890137
    },
    "18": {
        "score": 5.78515625,
        "runtime": 0.20668721199035645
    },
    "7": {
        "score": 6.05078125,
        "runtime": 0.30330467224121094
    },
    "19": {
        "score": 5.66015625,
        "runtime": 0.20767831802368164
    },
    "9": {
        "score": 6.41796875,
        "runtime": 0.2982959747314453
    },
    "20": {
        "score": 5.4609375,
        "runtime": 0.20316123962402344
    },
    "21": {
        "score": 5.98828125,
        "runtime": 0.19815325736999512
    },
    "22": {
        "score": 5.80078125,
        "runtime": 0.20022916793823242
    },
    "23": {
        "score": 5.71875,
        "runtime": 0.2032480239868164
    },
    "24": {
        "score": 5.53515625,
        "runtime": 0.20325922966003418
    },
    "25": {
        "score": 6.08203125,
        "runtime": 0.20125770568847656
    },
    "27": {
        "score": 5.8984375,
        "runtime": 0.20324110984802246
    },
    "26": {
        "score": 5.734375,
        "runtime": 0.20474743843078613
    },
    "28": {
        "score": 5.8671875,
        "runtime": 0.2002546787261963
    },
    "29": {
        "score": 6.09375,
        "runtime": 0.2022414207458496
    },
    "31": {
        "score": 5.77734375,
        "runtime": 0.19594264030456543
    },
    "30": {
        "score": 5.9453125,
        "runtime": 0.19396400451660156
    },
    "32": {
        "score": 5.9921875,
        "runtime": 0.20672178268432617
    },
    "33": {
        "score": 5.66015625,
        "runtime": 0.20673584938049316
    },
    "34": {
        "score": 5.66015625,
        "runtime": 0.2082209587097168
    },
    "35": {
        "score": 5.95703125,
        "runtime": 0.20466136932373047
    },
    "36": {
        "score": 5.80078125,
        "runtime": 0.2062215805053711
    },
    "37": {
        "score": 6.34375,
        "runtime": 0.20722603797912598
    },
    "38": {
        "score": 5.703125,
        "runtime": 0.2032337188720703
    },
    "39": {
        "score": 6.12109375,
        "runtime": 0.2057335376739502
    },
    "41": {
        "score": 5.92578125,
        "runtime": 0.19470453262329102
    },
    "40": {
        "score": 5.85546875,
        "runtime": 0.19269752502441406
    },
    "42": {
        "score": 5.90625,
        "runtime": 0.20130109786987305
    },
    "43": {
        "score": 6.4921875,
        "runtime": 0.2003030776977539
    },
    "44": {
        "score": 5.44140625,
        "runtime": 0.2023153305053711
    },
    "45": {
        "score": 5.7734375,
        "runtime": 0.2048194408416748
    },
    "46": {
        "score": 6.09765625,
        "runtime": 0.20632362365722656
    },
    "47": {
        "score": 5.8359375,
        "runtime": 0.20333147048950195
    },
    "49": {
        "score": 6.12890625,
        "runtime": 0.2043471336364746
    },
    "48": {
        "score": 5.7109375,
        "runtime": 0.20734906196594238
    },
    "50": {
        "score": 6.05078125,
        "runtime": 0.19974422454833984
    },
    "51": {
        "score": 5.875,
        "runtime": 0.19724369049072266
    },
    "52": {
        "score": 6.26171875,
        "runtime": 0.1844160556793213
    },
    "55": {
        "score": 5.87890625,
        "runtime": 0.2009279727935791
    },
    "53": {
        "score": 5.52734375,
        "runtime": 0.20193123817443848
    },
    "57": {
        "score": 6.07421875,
        "runtime": 0.202880859375
    },
    "54": {
        "score": 5.640625,
        "runtime": 0.20438265800476074
    },
    "59": {
        "score": 5.73828125,
        "runtime": 0.2118520736694336
    },
    "58": {
        "score": 5.83203125,
        "runtime": 0.20985102653503418
    },
    "56": {
        "score": 6.109375,
        "runtime": 0.21085381507873535
    },
    "60": {
        "score": 6.30859375,
        "runtime": 0.20723700523376465
    },
    "61": {
        "score": 5.57421875,
        "runtime": 0.20524120330810547
    },
    "62": {
        "score": 5.9453125,
        "runtime": 0.19923877716064453
    },
    "63": {
        "score": 5.90234375,
        "runtime": 0.2062397003173828
    },
    "64": {
        "score": 5.8125,
        "runtime": 0.21275901794433594
    },
    "65": {
        "score": 5.74609375,
        "runtime": 0.2097485065460205
    },
    "66": {
        "score": 5.60546875,
        "runtime": 0.2097480297088623
    },
    "67": {
        "score": 5.65234375,
        "runtime": 0.21074414253234863
    },
    "68": {
        "score": 6.07421875,
        "runtime": 0.20374345779418945
    },
    "69": {
        "score": 5.67578125,
        "runtime": 0.2107551097869873
    },
    "70": {
        "score": 5.9375,
        "runtime": 0.20423340797424316
    },
    "71": {
        "score": 5.56640625,
        "runtime": 0.20323657989501953
    },
    "72": {
        "score": 5.8984375,
        "runtime": 0.20632195472717285
    },
    "73": {
        "score": 5.68359375,
        "runtime": 0.21185064315795898
    },
    "75": {
        "score": 5.9375,
        "runtime": 0.21134424209594727
    },
    "74": {
        "score": 5.6640625,
        "runtime": 0.21234846115112305
    },
    "76": {
        "score": 6.2265625,
        "runtime": 0.21234822273254395
    },
    "77": {
        "score": 5.7109375,
        "runtime": 0.2103424072265625
    },
    "78": {
        "score": 5.9296875,
        "runtime": 0.2093350887298584
    },
    "79": {
        "score": 5.1640625,
        "runtime": 0.2103438377380371
    },
    "80": {
        "score": 5.72265625,
        "runtime": 0.20532774925231934
    },
    "81": {
        "score": 5.3984375,
        "runtime": 0.20475316047668457
    },
    "82": {
        "score": 5.6015625,
        "runtime": 0.20877432823181152
    },
    "83": {
        "score": 6.2578125,
        "runtime": 0.21126198768615723
    },
    "84": {
        "score": 5.78125,
        "runtime": 0.20775532722473145
    },
    "86": {
        "score": 5.99609375,
        "runtime": 0.20874881744384766
    },
    "85": {
        "score": 5.7890625,
        "runtime": 0.21175599098205566
    },
    "88": {
        "score": 5.46875,
        "runtime": 0.20623087882995605
    },
    "87": {
        "score": 5.78515625,
        "runtime": 0.21124053001403809
    },
    "89": {
        "score": 5.58203125,
        "runtime": 0.20622563362121582
    },
    "90": {
        "score": 5.58203125,
        "runtime": 0.20221376419067383
    },
    "91": {
        "score": 6.0546875,
        "runtime": 0.19469571113586426
    },
    "92": {
        "score": 5.99609375,
        "runtime": 0.1706695556640625
    },