{
    "0": {
        "score": 5.68359375,
        "runtime": 0.21063780784606934
    },
    "1": {
        "score": 5.71875,
        "runtime": 0.15262603759765625
    },
    "10": {
        "score": 5.546875,
        "runtime": 0.042764902114868164
    },
    "11": {
        "score": 5.03515625,
        "runtime": 0.04094982147216797
    },
    "12": {
        "score": 5.82421875,
        "runtime": 0.04148459434509277
    },
    "13": {
        "score": 5.796875,
        "runtime": 0.04707622528076172
    },
    "14": {
        "score": 5.97265625,
        "runtime": 0.06658363342285156
    },
    "15": {
        "score": 6.00390625,
        "runtime": 0.08562850952148438
    },
    "2": {
        "score": 6.44140625,
        "runtime": 0.16371512413024902
    },
    "3": {
        "score": 6.125,
        "runtime": 0.17574191093444824
    },
    "4": {
        "score": 5.83984375,
        "runtime": 0.17479944229125977
    },
    "16": {
        "score": 5.77734375,
        "runtime": 0.16121578216552734
    },
    "18": {
        "score": 5.78515625,
        "runtime": 0.17020559310913086
    },
    "5": {
        "score": 5.83203125,
        "runtime": 0.26592016220092773
    },
    "17": {
        "score": 5.5703125,
        "runtime": 0.18924593925476074
    },
    "19": {
        "score": 5.625,
        "runtime": 0.19427251815795898
    },
    "6": {
        "score": 6.3359375,
        "runtime": 0.2889842987060547
    },
    "8": {
        "score": 5.80859375,
        "runtime": 0.3014407157897949
    },
    "9": {
        "score": 6.40234375,
        "runtime": 0.2889227867126465
    },
    "20": {
        "score": 5.4609375,
        "runtime": 0.20231270790100098
    },
    "7": {
        "score": 6.05078125,
        "runtime": 0.2939267158508301
    },
    "21": {
        "score": 6.03515625,
        "runtime": 0.19929051399230957
    },
    "22": {
        "score": 5.9296875,
        "runtime": 0.20471525192260742
    },
    "23": {
        "score": 5.71875,
        "runtime": 0.21072983741760254
    },
    "24": {
        "score": 5.546875,
        "runtime": 0.20621299743652344
    },
    "25": {
        "score": 6.08203125,
        "runtime": 0.2081897258758545
    },
    "26": {
        "score": 5.73828125,
        "runtime": 0.20218873023986816
    },
    "27": {
        "score": 5.890625,
        "runtime": 0.21021032333374023
    },
    "29": {
        "score": 6.03125,
        "runtime": 0.20119667053222656
    },
    "28": {
        "score": 5.88671875,
        "runtime": 0.21070218086242676
    },
    "30": {
        "score": 5.87109375,
        "runtime": 0.20019841194152832
    },
    "31": {
        "score": 5.77734375,
        "runtime": 0.19722771644592285
    },
    "32": {
        "score": 5.93359375,
        "runtime": 0.20575332641601562
    },
    "33": {
        "score": 5.6328125,
        "runtime": 0.20474743843078613
    },
    "34": {
        "score": 5.8203125,
        "runtime": 0.2082843780517578
    },
    "35": {
        "score": 5.89453125,
        "runtime": 0.21029114723205566
    },
    "36": {
        "score": 5.80078125,
        "runtime": 0.20727992057800293
    },
    "37": {
        "score": 6.34375,
        "runtime": 0.21128487586975098
    },
    "39": {
        "score": 6.1171875,
        "runtime": 0.19777274131774902
    },
    "38": {
        "score": 5.7265625,
        "runtime": 0.20377087593078613
    },
    "40": {
        "score": 5.83203125,
        "runtime": 0.20377182960510254
    },
    "41": {
        "score": 5.92578125,
        "runtime": 0.18722009658813477
    },
    "43": {
        "score": 6.4921875,
        "runtime": 0.19724822044372559
    },
    "44": {
        "score": 5.55078125,
        "runtime": 0.2002570629119873
    },
    "42": {
        "score": 5.953125,
        "runtime": 0.20225763320922852
    },
    "46": {
        "score": 6.0625,
        "runtime": 0.19725537300109863
    },
    "45": {
        "score": 5.7734375,
        "runtime": 0.20601916313171387
    },
    "47": {
        "score": 5.73046875,
        "runtime": 0.20451092720031738
    },
    "48": {
        "score": 5.7109375,
        "runtime": 0.20451092720031738
    },
    "49": {
        "score": 6.12890625,
        "runtime": 0.20251154899597168
    },
    "50": {
        "score": 6.01953125,
        "runtime": 0.2030172348022461
    },
    "51": {
        "score": 5.87109375,
        "runtime": 0.1847989559173584
    },
    "53": {
        "score": 5.52734375,
        "runtime": 0.1892259120941162
    },
    "54": {
        "score": 5.640625,
        "runtime": 0.18822669982910156
    },
    "52": {
        "score": 6.24609375,
        "runtime": 0.19022274017333984
    },
    "55": {
        "score": 5.87890625,
        "runtime": 0.18921256065368652
    },
    "56": {
        "score": 6.1015625,
        "runtime": 0.19129610061645508
    },
    "59": {
        "score": 5.73828125,
        "runtime": 0.19735240936279297
    },
    "58": {
        "score": 5.83203125,
        "runtime": 0.19935107231140137
    },
    "57": {
        "score": 6.12890625,
        "runtime": 0.20140910148620605
    },
    "60": {
        "score": 6.30859375,
        "runtime": 0.19739460945129395
    },
    "61": {
        "score": 5.57421875,
        "runtime": 0.20070528984069824
    },
    "62": {
        "score": 5.9453125,
        "runtime": 0.20610976219177246
    },
    "63": {
        "score": 5.83203125,
        "runtime": 0.2081136703491211
    },
    "64": {
        "score": 5.8125,
        "runtime": 0.2066028118133545
    },
    "65": {
        "score": 5.74609375,
        "runtime": 0.20759797096252441
    },
    "66": {
        "score": 5.54296875,
        "runtime": 0.2106025218963623
    },
    "67": {
        "score": 5.52734375,
        "runtime": 0.2067241668701172
    },
    "68": {
        "score": 6.07421875,
        "runtime": 0.20573663711547852
    },
    "69": {
        "score": 5.703125,
        "runtime": 0.20023465156555176
    },
    "70": {
        "score": 5.85546875,
        "runtime": 0.1992337703704834
    },
    "71": {
        "score": 5.56640625,
        "runtime": 0.20022892951965332
    },
    "73": {
        "score": 5.55859375,
        "runtime": 0.20376062393188477
    },
    "72": {
        "score": 5.8984375,
        "runtime": 0.21027374267578125
    },
    "74": {
        "score": 5.6640625,
        "runtime": 0.20076346397399902
    },
    "75": {
        "score": 5.97265625,
        "runtime": 0.20333027839660645
    },
    "76": {
        "score": 6.2265625,
        "runtime": 0.2098371982574463
    },
    "77": {
        "score": 5.7109375,
        "runtime": 0.20234084129333496
    },
    "78": {
        "score": 5.9296875,
        "runtime": 0.2033405303955078
    },
    "79": {
        "score": 5.15234375,
        "runtime": 0.20179271697998047
    },
    "80": {
        "score": 5.69140625,
        "runtime": 0.19727778434753418
    },
    "81": {
        "score": 5.3984375,
        "runtime": 0.19980621337890625
    },
    "83": {
        "score": 6.15234375,
        "runtime": 0.20481133460998535
    },
    "82": {
        "score": 5.6015625,
        "runtime": 0.2088155746459961
    },
    "84": {
        "score": 5.78125,
        "runtime": 0.20932841300964355
    },
    "85": {
        "score": 5.82421875,
        "runtime": 0.20622515678405762
    },
    "86": {
        "score": 6.015625,
        "runtime": 0.209730863571167
    },
    "87": {
        "score": 5.71484375,
        "runtime": 0.20123958587646484
    },
    "88": {
        "score": 5.46875,
        "runtime": 0.20575618743896484
    },
    "89": {
        "score": 5.58203125,
        "runtime": 0.20524978637695312
    },
    "90": {
        "score": 5.58203125,
        "runtime": 0.20224905014038086
    },
    "91": {
        "score": 6.0546875,
        "runtime": 0.19324755668640137
    },
    "92": {
        "score": 6.00390625,
        "runtime": 0.1795334815979004
    },