{
    "0": {
        "score": 5.66796875,
        "runtime": 0.1073298454284668
    },
    "1": {
        "score": 5.859375,
        "runtime": 0.11636805534362793
    },
    "10": {
        "score": 5.62890625,
        "runtime": 0.0380856990814209
    },
    "11": {
        "score": 5.03515625,
        "runtime": 0.04553723335266113
    },
    "12": {
        "score": 5.82421875,
        "runtime": 0.04443788528442383
    },
    "13": {
        "score": 5.796875,
        "runtime": 0.08023738861083984
    },
    "2": {
        "score": 6.26171875,
        "runtime": 0.18278956413269043
    },
    "3": {
        "score": 6.20703125,
        "runtime": 0.19435620307922363
    },
    "14": {
        "score": 5.97265625,
        "runtime": 0.1337437629699707
    },
    "4": {
        "score": 5.81640625,
        "runtime": 0.21838831901550293
    },
    "5": {
        "score": 5.83203125,
        "runtime": 0.23966026306152344
    },
    "9": {
        "score": 6.421875,
        "runtime": 0.26804423332214355
    },
    "6": {
        "score": 6.2265625,
        "runtime": 0.26805567741394043
    },
    "15": {
        "score": 6.00390625,
        "runtime": 0.19396495819091797
    },
    "7": {
        "score": 6.05078125,
        "runtime": 0.2995872497558594
    },
    "16": {
        "score": 5.765625,
        "runtime": 0.2022230625152588
    },
    "8": {
        "score": 5.80859375,
        "runtime": 0.29107022285461426
    },
    "17": {
        "score": 5.50390625,
        "runtime": 0.19922137260437012
    },
    "19": {
        "score": 5.66015625,
        "runtime": 0.20174670219421387
    },
    "18": {
        "score": 5.78515625,
        "runtime": 0.20123291015625
    },
    "20": {
        "score": 5.4609375,
        "runtime": 0.19622540473937988
    },
    "21": {
        "score": 5.9609375,
        "runtime": 0.2008342742919922
    },
    "22": {
        "score": 5.80078125,
        "runtime": 0.20282220840454102
    },
    "23": {
        "score": 5.7109375,
        "runtime": 0.20287561416625977
    },
    "24": {
        "score": 5.546875,
        "runtime": 0.20787644386291504
    },
    "25": {
        "score": 6.08203125,
        "runtime": 0.20737171173095703
    },
    "26": {
        "score": 5.734375,
        "runtime": 0.20788311958312988
    },
    "27": {
        "score": 5.890625,
        "runtime": 0.20539236068725586
    },
    "28": {
        "score": 5.8984375,
        "runtime": 0.20591497421264648
    },
    "29": {
        "score": 6.03125,
        "runtime": 0.2034001350402832
    },
    "30": {
        "score": 5.9765625,
        "runtime": 0.20385360717773438
    },
    "31": {
        "score": 5.77734375,
        "runtime": 0.2004237174987793
    },
    "32": {
        "score": 5.93359375,
        "runtime": 0.20385146141052246
    },
    "33": {
        "score": 5.6328125,
        "runtime": 0.2048659324645996
    },
    "34": {
        "score": 5.8203125,
        "runtime": 0.20337295532226562
    },
    "35": {
        "score": 5.89453125,
        "runtime": 0.2008800506591797
    },
    "36": {
        "score": 5.80078125,
        "runtime": 0.20188236236572266
    },
    "37": {
        "score": 6.34375,
        "runtime": 0.20096063613891602
    },
    "38": {
        "score": 5.8125,
        "runtime": 0.20095133781433105
    },
    "39": {
        "score": 6.1171875,
        "runtime": 0.19781732559204102
    },
    "40": {
        "score": 5.83203125,
        "runtime": 0.20182585716247559
    },
    "41": {
        "score": 5.92578125,
        "runtime": 0.1966547966003418
    },
    "42": {
        "score": 5.953125,
        "runtime": 0.1951897144317627
    },
    "43": {
        "score": 6.703125,
        "runtime": 0.19617986679077148
    },
    "44": {
        "score": 5.55078125,
        "runtime": 0.18978548049926758
    },
    "46": {
        "score": 6.0390625,
        "runtime": 0.1897878646850586
    },
    "45": {
        "score": 5.80859375,
        "runtime": 0.19327735900878906
    },
    "47": {
        "score": 5.73046875,
        "runtime": 0.19225525856018066
    },
    "49": {
        "score": 6.12890625,
        "runtime": 0.18721580505371094
    },
    "48": {
        "score": 5.7109375,
        "runtime": 0.1927173137664795
    },
    "50": {
        "score": 6.05078125,
        "runtime": 0.189711332321167
    },
    "51": {
        "score": 5.8671875,
        "runtime": 0.19330215454101562
    },
    "53": {
        "score": 5.55078125,
        "runtime": 0.19881081581115723
    },
    "52": {
        "score": 6.26171875,
        "runtime": 0.19585275650024414
    },
    "54": {
        "score": 5.61328125,
        "runtime": 0.20539569854736328
    },
    "55": {
        "score": 5.95703125,
        "runtime": 0.20640110969543457
    },
    "56": {
        "score": 6.109375,
        "runtime": 0.20540475845336914
    },
    "57": {
        "score": 6.07421875,
        "runtime": 0.20441317558288574
    },
    "58": {
        "score": 5.83203125,
        "runtime": 0.2078113555908203
    },
    "59": {
        "score": 5.72265625,
        "runtime": 0.20481157302856445
    },
    "60": {
        "score": 6.30859375,
        "runtime": 0.19980597496032715
    },
    "61": {
        "score": 5.57421875,
        "runtime": 0.20323395729064941
    },
    "62": {
        "score": 5.8125,
        "runtime": 0.20824432373046875
    },
    "63": {
        "score": 5.85546875,
        "runtime": 0.2087547779083252
    },
    "64": {
        "score": 5.8125,
        "runtime": 0.20631670951843262
    },
    "65": {
        "score": 5.74609375,
        "runtime": 0.20380926132202148
    },
    "66": {
        "score": 5.43359375,
        "runtime": 0.20831584930419922
    },
    "67": {
        "score": 5.52734375,
        "runtime": 0.2022998332977295
    },
    "68": {
        "score": 5.875,
        "runtime": 0.20038843154907227
    },
    "69": {
        "score": 5.77734375,
        "runtime": 0.2005326747894287
    },
    "70": {
        "score": 5.85546875,
        "runtime": 0.20151352882385254
    },
    "71": {
        "score": 5.53515625,
        "runtime": 0.19927358627319336
    },
    "72": {
        "score": 5.8984375,
        "runtime": 0.20067977905273438
    },
    "73": {
        "score": 5.55859375,
        "runtime": 0.20918703079223633
    },
    "74": {
        "score": 5.6640625,
        "runtime": 0.21104192733764648
    },
    "75": {
        "score": 5.9375,
        "runtime": 0.20604515075683594
    },
    "76": {
        "score": 6.2265625,
        "runtime": 0.20855212211608887
    },
    "77": {
        "score": 5.7109375,
        "runtime": 0.19721174240112305
    },
    "78": {
        "score": 5.96875,
        "runtime": 0.20078682899475098
    },
    "79": {
        "score": 5.1640625,
        "runtime": 0.19985175132751465
    },
    "80": {
        "score": 5.69140625,
        "runtime": 0.19234371185302734
    },
    "81": {
        "score": 5.3984375,
        "runtime": 0.2040557861328125
    },
    "82": {
        "score": 5.66015625,
        "runtime": 0.19947385787963867
    },
    "83": {
        "score": 6.07421875,
        "runtime": 0.20647025108337402
    },
    "84": {
        "score": 5.78125,
        "runtime": 0.20792651176452637
    },
    "85": {
        "score": 5.82421875,
        "runtime": 0.20632171630859375
    },
    "86": {
        "score": 6.015625,
        "runtime": 0.20481514930725098
    },
    "87": {
        "score": 5.76171875,
        "runtime": 0.2052159309387207
    },
    "88": {
        "score": 5.46875,
        "runtime": 0.20272374153137207
    },
    "89": {
        "score": 5.58203125,
        "runtime": 0.2067279815673828
    },
    "90": {
        "score": 5.58203125,
        "runtime": 0.20121431350708008
    },
    "91": {
        "score": 6.0546875,
        "runtime": 0.19419598579406738
    },
    "92": {
        "score": 6.00390625,
        "runtime": 0.18319153785705566
    },