{
    "0": {
        "score": 5.66796875,
        "runtime": 0.22941088676452637
    },
    "1": {
        "score": 5.71875,
        "runtime": 0.1518411636352539
    },
    "10": {
        "score": 5.546875,
        "runtime": 0.044408559799194336
    },
    "11": {
        "score": 5.03515625,
        "runtime": 0.04511761665344238
    },
    "12": {
        "score": 5.82421875,
        "runtime": 0.044356346130371094
    },
    "13": {
        "score": 5.796875,
        "runtime": 0.04472970962524414
    },
    "14": {
        "score": 5.97265625,
        "runtime": 0.06507444381713867
    },
    "15": {
        "score": 6.00390625,
        "runtime": 0.08109450340270996
    },
    "2": {
        "score": 6.44140625,
        "runtime": 0.15985727310180664
    },
    "3": {
        "score": 6.125,
        "runtime": 0.15686583518981934
    },
    "4": {
        "score": 5.81640625,
        "runtime": 0.18892812728881836
    },
    "16": {
        "score": 5.82421875,
        "runtime": 0.11831951141357422
    },
    "18": {
        "score": 5.78515625,
        "runtime": 0.12131929397583008
    },
    "19": {
        "score": 5.66015625,
        "runtime": 0.13143396377563477
    },
    "17": {
        "score": 5.50390625,
        "runtime": 0.13544011116027832
    },
    "5": {
        "score": 5.83203125,
        "runtime": 0.25714540481567383
    },
    "8": {
        "score": 5.80859375,
        "runtime": 0.2823045253753662
    },
    "7": {
        "score": 6.05078125,
        "runtime": 0.27680420875549316
    },
    "6": {
        "score": 6.2265625,
        "runtime": 0.2879314422607422
    },
    "9": {
        "score": 6.36328125,
        "runtime": 0.30741453170776367
    },
    "20": {
        "score": 5.4609375,
        "runtime": 0.20855021476745605
    },
    "21": {
        "score": 5.9609375,
        "runtime": 0.20607733726501465
    },
    "22": {
        "score": 5.80078125,
        "runtime": 0.20658612251281738
    },
    "23": {
        "score": 5.71875,
        "runtime": 0.203416109085083
    },
    "24": {
        "score": 5.53515625,
        "runtime": 0.20444416999816895
    },
    "25": {
        "score": 6.0859375,
        "runtime": 0.20030570030212402
    },
    "26": {
        "score": 5.734375,
        "runtime": 0.2032153606414795
    },
    "27": {
        "score": 5.890625,
        "runtime": 0.20270848274230957
    },
    "28": {
        "score": 6.04296875,
        "runtime": 0.2086944580078125
    },
    "29": {
        "score": 6.09375,
        "runtime": 0.20218276977539062
    },
    "30": {
        "score": 5.9453125,
        "runtime": 0.20869207382202148
    },
    "31": {
        "score": 5.77734375,
        "runtime": 0.20369267463684082
    },
    "32": {
        "score": 5.93359375,
        "runtime": 0.20218706130981445
    },
    "33": {
        "score": 5.6328125,
        "runtime": 0.2041928768157959
    },
    "34": {
        "score": 5.8203125,
        "runtime": 0.20018768310546875
    },
    "35": {
        "score": 5.89453125,
        "runtime": 0.20459198951721191
    },
    "36": {
        "score": 5.80078125,
        "runtime": 0.1993100643157959
    },
    "37": {
        "score": 6.34375,
        "runtime": 0.18979930877685547
    },
    "38": {
        "score": 5.8125,
        "runtime": 0.19730281829833984
    },
    "39": {
        "score": 6.1171875,
        "runtime": 0.19391489028930664
    },
    "40": {
        "score": 5.8125,
        "runtime": 0.19573450088500977
    },
    "41": {
        "score": 5.92578125,
        "runtime": 0.1957094669342041
    },
    "42": {
        "score": 5.88671875,
        "runtime": 0.19914698600769043
    },
    "44": {
        "score": 5.55078125,
        "runtime": 0.20266413688659668
    },
    "43": {
        "score": 6.703125,
        "runtime": 0.20066523551940918
    },
    "45": {
        "score": 5.7734375,
        "runtime": 0.2010793685913086
    },
    "46": {
        "score": 6.01953125,
        "runtime": 0.19929075241088867
    },
    "47": {
        "score": 5.8203125,
        "runtime": 0.195817232131958
    },
    "48": {
        "score": 5.7109375,
        "runtime": 0.20333528518676758
    },
    "49": {
        "score": 6.12890625,
        "runtime": 0.20182061195373535
    },
    "51": {
        "score": 5.87109375,
        "runtime": 0.2003016471862793
    },
    "50": {
        "score": 6.01953125,
        "runtime": 0.19977021217346191
    },
    "52": {
        "score": 6.24609375,
        "runtime": 0.1942615509033203
    },
    "53": {
        "score": 5.52734375,
        "runtime": 0.18672490119934082
    },
    "54": {
        "score": 5.61328125,
        "runtime": 0.18929171562194824
    },
    "55": {
        "score": 5.87890625,
        "runtime": 0.18583250045776367
    },
    "57": {
        "score": 6.07421875,
        "runtime": 0.18888211250305176
    },
    "56": {
        "score": 6.1015625,
        "runtime": 0.19738364219665527
    },
    "58": {
        "score": 5.83203125,
        "runtime": 0.19977831840515137
    },
    "60": {
        "score": 6.30859375,
        "runtime": 0.20828723907470703
    },
    "61": {
        "score": 5.57421875,
        "runtime": 0.20778703689575195
    },
    "59": {
        "score": 5.73828125,
        "runtime": 0.2087874412536621
    },
    "62": {
        "score": 5.9453125,
        "runtime": 0.20928359031677246
    },
    "63": {
        "score": 5.85546875,
        "runtime": 0.2027301788330078
    },
    "64": {
        "score": 5.8125,
        "runtime": 0.2017230987548828
    },
    "65": {
        "score": 5.74609375,
        "runtime": 0.20277738571166992
    },
    "66": {
        "score": 5.60546875,
        "runtime": 0.19327640533447266
    },
    "67": {
        "score": 5.52734375,
        "runtime": 0.1983025074005127
    },
    "68": {
        "score": 6.07421875,
        "runtime": 0.20681285858154297
    },
    "69": {
        "score": 5.5078125,
        "runtime": 0.19578981399536133
    },
    "71": {
        "score": 5.53515625,
        "runtime": 0.20623135566711426
    },
    "70": {
        "score": 5.85546875,
        "runtime": 0.20823264122009277
    },
    "72": {
        "score": 5.8984375,
        "runtime": 0.2007293701171875
    },
    "73": {
        "score": 5.55859375,
        "runtime": 0.20623373985290527
    },
    "74": {
        "score": 5.6640625,
        "runtime": 0.20523929595947266
    },
    "75": {
        "score": 5.9375,
        "runtime": 0.2012312412261963
    },
    "76": {
        "score": 6.2265625,
        "runtime": 0.20024895668029785
    },
    "77": {
        "score": 5.7109375,
        "runtime": 0.19173955917358398
    },
    "78": {
        "score": 5.9296875,
        "runtime": 0.20125079154968262
    },
    "79": {
        "score": 5.15625,
        "runtime": 0.20276212692260742
    },
    "81": {
        "score": 5.3984375,
        "runtime": 0.20876431465148926
    },
    "80": {
        "score": 5.69140625,
        "runtime": 0.20676684379577637
    },
    "82": {
        "score": 5.6015625,
        "runtime": 0.20425844192504883
    },
    "83": {
        "score": 6.07421875,
        "runtime": 0.20876336097717285
    },
    "84": {
        "score": 5.78125,
        "runtime": 0.19824790954589844
    },
    "85": {
        "score": 5.7890625,
        "runtime": 0.19683003425598145
    },
    "87": {
        "score": 5.74609375,
        "runtime": 0.1935865879058838
    },
    "86": {
        "score": 6.015625,
        "runtime": 0.19910097122192383
    },
    "88": {
        "score": 5.46875,
        "runtime": 0.2036418914794922
    },
    "89": {
        "score": 5.58203125,
        "runtime": 0.2025437355041504
    },
    "90": {
        "score": 5.58203125,
        "runtime": 0.20404481887817383
    },
    "91": {
        "score": 6.0546875,
        "runtime": 0.20304036140441895
    },
    "92": {
        "score": 6.00390625,
        "runtime": 0.200941801071167
    },