{
    "0": {
        "score": 5.68359375,
        "runtime": 0.19336819648742676
    },
    "1": {
        "score": 5.859375,
        "runtime": 0.1462242603302002
    },
    "10": {
        "score": 5.71484375,
        "runtime": 0.05510306358337402
    },
    "2": {
        "score": 6.296875,
        "runtime": 0.13320350646972656
    },
    "11": {
        "score": 5.03515625,
        "runtime": 0.05757498741149902
    },
    "12": {
        "score": 5.82421875,
        "runtime": 0.06706500053405762
    },
    "13": {
        "score": 5.890625,
        "runtime": 0.09008479118347168
    },
    "14": {
        "score": 5.97265625,
        "runtime": 0.10518693923950195
    },
    "3": {
        "score": 6.125,
        "runtime": 0.1898350715637207
    },
    "4": {
        "score": 5.81640625,
        "runtime": 0.20985865592956543
    },
    "5": {
        "score": 5.83203125,
        "runtime": 0.2153768539428711
    },
    "15": {
        "score": 6.00390625,
        "runtime": 0.1607954502105713
    },
    "7": {
        "score": 6.05078125,
        "runtime": 0.27991676330566406
    },
    "16": {
        "score": 5.77734375,
        "runtime": 0.1962728500366211
    },
    "6": {
        "score": 6.2265625,
        "runtime": 0.30346083641052246
    },
    "9": {
        "score": 6.40234375,
        "runtime": 0.28688669204711914
    },
    "17": {
        "score": 5.55859375,
        "runtime": 0.2052619457244873
    },
    "8": {
        "score": 5.80859375,
        "runtime": 0.288898229598999
    },
    "18": {
        "score": 5.78515625,
        "runtime": 0.20227360725402832
    },
    "19": {
        "score": 5.66015625,
        "runtime": 0.1957390308380127
    },
    "20": {
        "score": 5.4609375,
        "runtime": 0.19624924659729004
    },
    "21": {
        "score": 5.9609375,
        "runtime": 0.20175576210021973
    },
    "22": {
        "score": 5.80078125,
        "runtime": 0.20397353172302246
    },
    "23": {
        "score": 5.71875,
        "runtime": 0.20597457885742188
    },
    "24": {
        "score": 5.546875,
        "runtime": 0.2065732479095459
    },
    "25": {
        "score": 6.08203125,
        "runtime": 0.20596694946289062
    },
    "27": {
        "score": 5.890625,
        "runtime": 0.2094740867614746
    },
    "28": {
        "score": 5.984375,
        "runtime": 0.20445871353149414
    },
    "26": {
        "score": 5.734375,
        "runtime": 0.2074577808380127
    },
    "29": {
        "score": 6.09375,
        "runtime": 0.20343494415283203
    },
    "30": {
        "score": 5.9453125,
        "runtime": 0.20279860496520996
    },
    "31": {
        "score": 5.77734375,
        "runtime": 0.19526195526123047
    },
    "32": {
        "score": 5.9921875,
        "runtime": 0.2062816619873047
    },
    "33": {
        "score": 5.6328125,
        "runtime": 0.20277857780456543
    },
    "34": {
        "score": 5.8203125,
        "runtime": 0.208298921585083
    },
    "35": {
        "score": 5.89453125,
        "runtime": 0.21130990982055664
    },
    "36": {
        "score": 5.80078125,
        "runtime": 0.20682358741760254
    },
    "37": {
        "score": 6.34375,
        "runtime": 0.20531821250915527
    },
    "38": {
        "score": 5.703125,
        "runtime": 0.20782685279846191
    },
    "39": {
        "score": 6.12109375,
        "runtime": 0.20177888870239258
    },
    "40": {
        "score": 5.84765625,
        "runtime": 0.20078539848327637
    },
    "41": {
        "score": 5.92578125,
        "runtime": 0.19486069679260254
    },
    "42": {
        "score": 5.90625,
        "runtime": 0.19742345809936523
    },
    "43": {
        "score": 6.703125,
        "runtime": 0.20195364952087402
    },
    "44": {
        "score": 5.55078125,
        "runtime": 0.19794988632202148
    },
    "45": {
        "score": 5.7890625,
        "runtime": 0.19844937324523926
    },
    "46": {
        "score": 6.0703125,
        "runtime": 0.19805335998535156
    },
    "48": {
        "score": 5.7109375,
        "runtime": 0.19501471519470215
    },
    "47": {
        "score": 5.75,
        "runtime": 0.20029664039611816
    },
    "49": {
        "score": 6.12890625,
        "runtime": 0.19740581512451172
    },
    "50": {
        "score": 6.05078125,
        "runtime": 0.19687461853027344
    },
    "51": {
        "score": 5.86328125,
        "runtime": 0.1853196620941162
    },
    "52": {
        "score": 6.2265625,
        "runtime": 0.19376802444458008
    },
    "53": {
        "score": 5.52734375,
        "runtime": 0.19327640533447266
    },
    "57": {
        "score": 6.09765625,
        "runtime": 0.20582175254821777
    },
    "54": {
        "score": 5.61328125,
        "runtime": 0.20731902122497559
    },
    "55": {
        "score": 5.87890625,
        "runtime": 0.2098233699798584
    },
    "56": {
        "score": 6.13671875,
        "runtime": 0.20929241180419922
    },
    "58": {
        "score": 5.83203125,
        "runtime": 0.20829391479492188
    },
    "59": {
        "score": 5.73828125,
        "runtime": 0.20426559448242188
    },
    "60": {
        "score": 6.30859375,
        "runtime": 0.19976019859313965
    },
    "61": {
        "score": 5.57421875,
        "runtime": 0.20035505294799805
    },
    "63": {
        "score": 5.78125,
        "runtime": 0.20351219177246094
    },
    "62": {
        "score": 5.9453125,
        "runtime": 0.2090156078338623
    },
    "65": {
        "score": 5.75390625,
        "runtime": 0.2079172134399414
    },
    "64": {
        "score": 5.8125,
        "runtime": 0.2099156379699707
    },
    "66": {
        "score": 5.58203125,
        "runtime": 0.20340323448181152
    },
    "67": {
        "score": 5.52734375,
        "runtime": 0.20891523361206055
    },
    "68": {
        "score": 5.875,
        "runtime": 0.20640778541564941
    },
    "69": {
        "score": 5.77734375,
        "runtime": 0.20429396629333496
    },
    "70": {
        "score": 5.85546875,
        "runtime": 0.20475101470947266
    },
    "71": {
        "score": 5.56640625,
        "runtime": 0.2017223834991455
    },
    "72": {
        "score": 5.8984375,
        "runtime": 0.20633769035339355
    },
    "73": {
        "score": 5.55859375,
        "runtime": 0.2073352336883545
    },
    "74": {
        "score": 5.6640625,
        "runtime": 0.2100679874420166
    },
    "76": {
        "score": 6.2265625,
        "runtime": 0.20706796646118164
    },
    "75": {
        "score": 5.9375,
        "runtime": 0.2120673656463623
    },
    "77": {
        "score": 5.7109375,
        "runtime": 0.2070600986480713
    },
    "78": {
        "score": 5.9296875,
        "runtime": 0.21056771278381348
    },
    "79": {
        "score": 5.1640625,
        "runtime": 0.20093107223510742
    },
    "80": {
        "score": 5.69140625,
        "runtime": 0.19793248176574707
    },
    "81": {
        "score": 5.3984375,
        "runtime": 0.19923019409179688
    },
    "82": {
        "score": 5.6015625,
        "runtime": 0.20626211166381836
    },
    "83": {
        "score": 6.1015625,
        "runtime": 0.20725584030151367
    },
    "85": {
        "score": 5.82421875,
        "runtime": 0.2052593231201172
    },
    "84": {
        "score": 5.78125,
        "runtime": 0.20877361297607422
    },
    "86": {
        "score": 6.015625,
        "runtime": 0.20877504348754883
    },
    "88": {
        "score": 5.46875,
        "runtime": 0.20577692985534668
    },
    "87": {
        "score": 5.78515625,
        "runtime": 0.20577692985534668
    },
    "89": {
        "score": 5.58203125,
        "runtime": 0.20226383209228516
    },
    "90": {
        "score": 5.58203125,
        "runtime": 0.19274020195007324
    },
    "91": {
        "score": 6.0546875,
        "runtime": 0.18276572227478027
    },
    "93": {
        "score": 5.85546875,
        "runtime": 0.17585039138793945
    },