{
    "0": {
        "score": 5.68359375,
        "runtime": 0.15027904510498047
    },
    "1": {
        "score": 5.71875,
        "runtime": 0.13626766204833984
    },
    "2": {
        "score": 6.44140625,
        "runtime": 0.1441025733947754
    },
    "10": {
        "score": 5.62890625,
        "runtime": 0.06365180015563965
    },
    "11": {
        "score": 5.03515625,
        "runtime": 0.06110525131225586
    },
    "12": {
        "score": 5.82421875,
        "runtime": 0.06666398048400879
    },
    "13": {
        "score": 5.796875,
        "runtime": 0.0810861587524414
    },
    "14": {
        "score": 5.97265625,
        "runtime": 0.08559918403625488
    },
    "3": {
        "score": 6.125,
        "runtime": 0.15474367141723633
    },
    "15": {
        "score": 6.00390625,
        "runtime": 0.08108639717102051
    },
    "16": {
        "score": 5.8359375,
        "runtime": 0.15624094009399414
    },
    "4": {
        "score": 5.81640625,
        "runtime": 0.2598600387573242
    },
    "17": {
        "score": 5.50390625,
        "runtime": 0.16126465797424316
    },
    "18": {
        "score": 5.78515625,
        "runtime": 0.17927312850952148
    },
    "6": {
        "score": 6.2265625,
        "runtime": 0.27288269996643066
    },
    "9": {
        "score": 6.40234375,
        "runtime": 0.28402113914489746
    },
    "7": {
        "score": 6.05078125,
        "runtime": 0.29202890396118164
    },
    "19": {
        "score": 5.66015625,
        "runtime": 0.19890093803405762
    },
    "5": {
        "score": 5.83203125,
        "runtime": 0.28801965713500977
    },
    "8": {
        "score": 5.80859375,
        "runtime": 0.2930104732513428
    },
    "21": {
        "score": 5.9609375,
        "runtime": 0.19342565536499023
    },
    "20": {
        "score": 5.4609375,
        "runtime": 0.20547842979431152
    },
    "22": {
        "score": 5.80078125,
        "runtime": 0.20700359344482422
    },
    "23": {
        "score": 5.71875,
        "runtime": 0.20549559593200684
    },
    "24": {
        "score": 5.53515625,
        "runtime": 0.20701336860656738
    },
    "25": {
        "score": 6.08203125,
        "runtime": 0.2019338607788086
    },
    "26": {
        "score": 5.734375,
        "runtime": 0.20293116569519043
    },
    "28": {
        "score": 6.00390625,
        "runtime": 0.20401716232299805
    },
    "27": {
        "score": 5.890625,
        "runtime": 0.20652270317077637
    },
    "29": {
        "score": 6.03125,
        "runtime": 0.20240235328674316
    },
    "30": {
        "score": 5.9453125,
        "runtime": 0.20656228065490723
    },
    "31": {
        "score": 5.77734375,
        "runtime": 0.2100377082824707
    },
    "32": {
        "score": 5.93359375,
        "runtime": 0.21184229850769043
    },
    "33": {
        "score": 5.6328125,
        "runtime": 0.2088456153869629
    },
    "34": {
        "score": 5.8203125,
        "runtime": 0.2087714672088623
    },
    "35": {
        "score": 5.89453125,
        "runtime": 0.2067573070526123
    },
    "36": {
        "score": 5.80078125,
        "runtime": 0.20339035987854004
    },
    "37": {
        "score": 6.34375,
        "runtime": 0.205460786819458
    },
    "38": {
        "score": 5.8125,
        "runtime": 0.20496821403503418
    },
    "39": {
        "score": 6.1171875,
        "runtime": 0.20096445083618164
    },
    "40": {
        "score": 5.84765625,
        "runtime": 0.20030832290649414
    },
    "41": {
        "score": 5.92578125,
        "runtime": 0.20432066917419434
    },
    "42": {
        "score": 5.921875,
        "runtime": 0.2078251838684082
    },
    "44": {
        "score": 5.44140625,
        "runtime": 0.20383381843566895
    },
    "43": {
        "score": 6.703125,
        "runtime": 0.2013249397277832
    },
    "45": {
        "score": 5.7890625,
        "runtime": 0.203324556350708
    },
    "46": {
        "score": 6.0703125,
        "runtime": 0.20430445671081543
    },
    "47": {
        "score": 5.8203125,
        "runtime": 0.2062997817993164
    },
    "48": {
        "score": 5.71875,
        "runtime": 0.20174837112426758
    },
    "49": {
        "score": 6.12890625,
        "runtime": 0.19925761222839355
    },
    "50": {
        "score": 6.01953125,
        "runtime": 0.18471288681030273
    },
    "51": {
        "score": 5.86328125,
        "runtime": 0.18771719932556152
    },
    "52": {
        "score": 6.2265625,
        "runtime": 0.18772554397583008
    },
    "54": {
        "score": 5.61328125,
        "runtime": 0.18572211265563965
    },
    "53": {
        "score": 5.52734375,
        "runtime": 0.1937422752380371
    },
    "55": {
        "score": 5.95703125,
        "runtime": 0.19525623321533203
    },
    "56": {
        "score": 6.109375,
        "runtime": 0.19925189018249512
    },
    "58": {
        "score": 5.83203125,
        "runtime": 0.19678974151611328
    },
    "57": {
        "score": 6.09765625,
        "runtime": 0.19628167152404785
    },
    "59": {
        "score": 5.72265625,
        "runtime": 0.20078492164611816
    },
    "60": {
        "score": 6.30859375,
        "runtime": 0.20574212074279785
    },
    "61": {
        "score": 5.57421875,
        "runtime": 0.20773935317993164
    },
    "62": {
        "score": 5.9453125,
        "runtime": 0.20274806022644043
    },
    "63": {
        "score": 5.66015625,
        "runtime": 0.21075654029846191
    },
    "64": {
        "score": 5.8125,
        "runtime": 0.20973825454711914
    },
    "65": {
        "score": 5.74609375,
        "runtime": 0.2072305679321289
    },
    "66": {
        "score": 5.58203125,
        "runtime": 0.20621705055236816
    },
    "67": {
        "score": 5.52734375,
        "runtime": 0.2042067050933838
    },
    "68": {
        "score": 6.07421875,
        "runtime": 0.2042074203491211
    },
    "69": {
        "score": 5.703125,
        "runtime": 0.20220160484313965
    },
    "70": {
        "score": 5.85546875,
        "runtime": 0.20688199996948242
    },
    "71": {
        "score": 5.5703125,
        "runtime": 0.2063767910003662
    },
    "72": {
        "score": 5.8984375,
        "runtime": 0.20587372779846191
    },
    "73": {
        "score": 5.55859375,
        "runtime": 0.20586013793945312
    },
    "74": {
        "score": 5.6640625,
        "runtime": 0.2088615894317627
    },
    "75": {
        "score": 5.9375,
        "runtime": 0.19935035705566406
    },
    "76": {
        "score": 6.2265625,
        "runtime": 0.204756498336792
    },
    "77": {
        "score": 5.7109375,
        "runtime": 0.20807957649230957
    },
    "78": {
        "score": 5.9296875,
        "runtime": 0.20204997062683105
    },
    "79": {
        "score": 5.1640625,
        "runtime": 0.19864392280578613
    },
    "80": {
        "score": 5.69140625,
        "runtime": 0.20361924171447754
    },
    "81": {
        "score": 5.3984375,
        "runtime": 0.20761585235595703
    },
    "82": {
        "score": 5.6015625,
        "runtime": 0.20861577987670898
    },
    "83": {
        "score": 6.07421875,
        "runtime": 0.2080540657043457
    },
    "84": {
        "score": 5.78125,
        "runtime": 0.21098899841308594
    },
    "85": {
        "score": 5.7890625,
        "runtime": 0.20399022102355957
    },
    "86": {
        "score": 6.015625,
        "runtime": 0.20337700843811035
    },
    "87": {
        "score": 5.78515625,
        "runtime": 0.20384955406188965
    },
    "88": {
        "score": 5.46875,
        "runtime": 0.20584964752197266
    },
    "89": {
        "score": 5.58203125,
        "runtime": 0.19480204582214355
    },
    "90": {
        "score": 5.58203125,
        "runtime": 0.2079181671142578
    },
    "91": {
        "score": 6.0546875,
        "runtime": 0.20741677284240723
    },
    "92": {
        "score": 6.00390625,
        "runtime": 0.20291519165039062
    },