{
    "0": {
        "score": 5.68359375,
        "runtime": 0.20600318908691406
    },
    "1": {
        "score": 5.78515625,
        "runtime": 0.17288732528686523
    },
    "2": {
        "score": 6.44140625,
        "runtime": 0.16416168212890625
    },
    "10": {
        "score": 5.71484375,
        "runtime": 0.08085012435913086
    },
    "3": {
        "score": 6.125,
        "runtime": 0.1667497158050537
    },
    "11": {
        "score": 5.03515625,
        "runtime": 0.07897353172302246
    },
    "12": {
        "score": 5.82421875,
        "runtime": 0.0894312858581543
    },
    "13": {
        "score": 5.890625,
        "runtime": 0.09091806411743164
    },
    "14": {
        "score": 5.97265625,
        "runtime": 0.10189366340637207
    },
    "15": {
        "score": 6.03515625,
        "runtime": 0.1095283031463623
    },
    "4": {
        "score": 5.81640625,
        "runtime": 0.19515728950500488
    },
    "5": {
        "score": 5.83203125,
        "runtime": 0.21869707107543945
    },
    "16": {
        "score": 5.8359375,
        "runtime": 0.1722545623779297
    },
    "17": {
        "score": 5.50390625,
        "runtime": 0.1777658462524414
    },
    "7": {
        "score": 6.05078125,
        "runtime": 0.2759439945220947
    },
    "18": {
        "score": 5.78515625,
        "runtime": 0.1927318572998047
    },
    "8": {
        "score": 5.80859375,
        "runtime": 0.3064084053039551
    },
    "19": {
        "score": 5.66015625,
        "runtime": 0.20023059844970703
    },
    "9": {
        "score": 6.40234375,
        "runtime": 0.28838300704956055
    },
    "6": {
        "score": 6.2421875,
        "runtime": 0.28633904457092285
    },
    "20": {
        "score": 5.4609375,
        "runtime": 0.20424365997314453
    },
    "21": {
        "score": 5.9609375,
        "runtime": 0.19777154922485352
    },
    "22": {
        "score": 5.80078125,
        "runtime": 0.19875097274780273
    },
    "23": {
        "score": 5.71875,
        "runtime": 0.20724892616271973
    },
    "24": {
        "score": 5.53515625,
        "runtime": 0.20624613761901855
    },
    "25": {
        "score": 6.08203125,
        "runtime": 0.20624494552612305
    },
    "26": {
        "score": 5.734375,
        "runtime": 0.20472168922424316
    },
    "28": {
        "score": 5.88671875,
        "runtime": 0.20421218872070312
    },
    "29": {
        "score": 6.03125,
        "runtime": 0.20771408081054688
    },
    "27": {
        "score": 5.890625,
        "runtime": 0.21072077751159668
    },
    "30": {
        "score": 5.87109375,
        "runtime": 0.20321273803710938
    },
    "31": {
        "score": 5.77734375,
        "runtime": 0.19469761848449707
    },
    "32": {
        "score": 5.93359375,
        "runtime": 0.20590448379516602
    },
    "33": {
        "score": 5.6328125,
        "runtime": 0.20239734649658203
    },
    "34": {
        "score": 5.8203125,
        "runtime": 0.20640921592712402
    },
    "35": {
        "score": 5.89453125,
        "runtime": 0.20441126823425293
    },
    "36": {
        "score": 5.80078125,
        "runtime": 0.21241044998168945
    },
    "37": {
        "score": 6.34375,
        "runtime": 0.20784735679626465
    },
    "38": {
        "score": 5.8125,
        "runtime": 0.20627307891845703
    },
    "39": {
        "score": 6.1171875,
        "runtime": 0.20528078079223633
    },
    "40": {
        "score": 5.84765625,
        "runtime": 0.20321440696716309
    },
    "41": {
        "score": 5.92578125,
        "runtime": 0.19871807098388672
    },
    "42": {
        "score": 5.9296875,
        "runtime": 0.2003021240234375
    },
    "43": {
        "score": 6.703125,
        "runtime": 0.2023024559020996
    },
    "44": {
        "score": 5.55078125,
        "runtime": 0.2038135528564453
    },
    "45": {
        "score": 5.75390625,
        "runtime": 0.19983601570129395
    },
    "46": {
        "score": 6.00390625,
        "runtime": 0.20183229446411133
    },
    "47": {
        "score": 5.73046875,
        "runtime": 0.2022409439086914
    },
    "48": {
        "score": 5.7109375,
        "runtime": 0.20224809646606445
    },
    "49": {
        "score": 6.12890625,
        "runtime": 0.19924521446228027
    },
    "50": {
        "score": 6.05078125,
        "runtime": 0.197235107421875
    },
    "51": {
        "score": 5.86328125,
        "runtime": 0.18880963325500488
    },
    "52": {
        "score": 6.24609375,
        "runtime": 0.19387221336364746
    },
    "53": {
        "score": 5.52734375,
        "runtime": 0.19738245010375977
    },
    "54": {
        "score": 5.61328125,
        "runtime": 0.1984546184539795
    },
    "55": {
        "score": 5.85546875,
        "runtime": 0.19895625114440918
    },
    "56": {
        "score": 6.109375,
        "runtime": 0.20820116996765137
    },
    "59": {
        "score": 5.72265625,
        "runtime": 0.20716404914855957
    },
    "57": {
        "score": 6.09765625,
        "runtime": 0.21032357215881348
    },
    "58": {
        "score": 5.83203125,
        "runtime": 0.21332478523254395
    },
    "60": {
        "score": 6.30859375,
        "runtime": 0.20819830894470215
    },
    "61": {
        "score": 5.57421875,
        "runtime": 0.20412158966064453
    },
    "62": {
        "score": 5.9453125,
        "runtime": 0.20534753799438477
    },
    "63": {
        "score": 5.85546875,
        "runtime": 0.20685458183288574
    },
    "64": {
        "score": 5.8125,
        "runtime": 0.20862817764282227
    },
    "65": {
        "score": 5.74609375,
        "runtime": 0.20512151718139648
    },
    "66": {
        "score": 5.54296875,
        "runtime": 0.21163654327392578
    },
    "67": {
        "score": 5.52734375,
        "runtime": 0.20963692665100098
    },
    "68": {
        "score": 6.07421875,
        "runtime": 0.21105051040649414
    },
    "69": {
        "score": 5.703125,
        "runtime": 0.20763754844665527
    },
    "70": {
        "score": 5.85546875,
        "runtime": 0.20921683311462402
    },
    "71": {
        "score": 5.609375,
        "runtime": 0.20358967781066895
    },
    "72": {
        "score": 5.8984375,
        "runtime": 0.21612811088562012
    },
    "73": {
        "score": 5.55859375,
        "runtime": 0.2176370620727539
    },
    "74": {
        "score": 5.6640625,
        "runtime": 0.2131798267364502
    },
    "75": {
        "score": 5.9375,
        "runtime": 0.21559476852416992
    },
    "77": {
        "score": 5.7109375,
        "runtime": 0.21446585655212402
    },
    "76": {
        "score": 6.2265625,
        "runtime": 0.21495819091796875
    },
    "78": {
        "score": 5.96875,
        "runtime": 0.22098922729492188
    },
    "79": {
        "score": 5.16015625,
        "runtime": 0.21548128128051758
    },
    "80": {
        "score": 5.69140625,
        "runtime": 0.2169630527496338
    },
    "81": {
        "score": 5.3984375,
        "runtime": 0.21170258522033691
    },
    "82": {
        "score": 5.6015625,
        "runtime": 0.21388483047485352
    },
    "83": {
        "score": 6.07421875,
        "runtime": 0.21437454223632812
    },
    "84": {
        "score": 5.78125,
        "runtime": 0.21260809898376465
    },
    "85": {
        "score": 5.82421875,
        "runtime": 0.21259784698486328
    },
    "86": {
        "score": 6.015625,
        "runtime": 0.2156388759613037
    },
    "87": {
        "score": 5.78515625,
        "runtime": 0.2141249179840088
    },
    "88": {
        "score": 5.46875,
        "runtime": 0.20462536811828613
    },
    "89": {
        "score": 5.58203125,
        "runtime": 0.21013665199279785
    },
    "90": {
        "score": 5.58203125,
        "runtime": 0.20963597297668457
    },
    "91": {
        "score": 6.0546875,
        "runtime": 0.19733810424804688
    },
    "92": {
        "score": 6.00390625,
        "runtime": 0.17725872993469238
    },