{
    "0": {
        "score": 5.68359375,
        "runtime": 0.24194931983947754
    },
    "1": {
        "score": 5.78515625,
        "runtime": 0.21828079223632812
    },
    "2": {
        "score": 6.44140625,
        "runtime": 0.1623232364654541
    },
    "10": {
        "score": 5.71484375,
        "runtime": 0.060730695724487305
    },
    "11": {
        "score": 5.03515625,
        "runtime": 0.06384468078613281
    },
    "12": {
        "score": 5.82421875,
        "runtime": 0.06100606918334961
    },
    "13": {
        "score": 5.796875,
        "runtime": 0.0741875171661377
    },
    "14": {
        "score": 5.97265625,
        "runtime": 0.07680940628051758
    },
    "15": {
        "score": 6.00390625,
        "runtime": 0.08252692222595215
    },
    "4": {
        "score": 5.81640625,
        "runtime": 0.1561586856842041
    },
    "16": {
        "score": 5.8359375,
        "runtime": 0.10418820381164551
    },
    "17": {
        "score": 5.50390625,
        "runtime": 0.11570930480957031
    },
    "3": {
        "score": 6.125,
        "runtime": 0.21905159950256348
    },
    "18": {
        "score": 5.78515625,
        "runtime": 0.15074563026428223
    },
    "19": {
        "score": 5.66015625,
        "runtime": 0.16521167755126953
    },
    "7": {
        "score": 6.05078125,
        "runtime": 0.2568833827972412
    },
    "6": {
        "score": 6.27734375,
        "runtime": 0.2934293746948242
    },
    "8": {
        "score": 5.80859375,
        "runtime": 0.272402286529541
    },
    "9": {
        "score": 6.36328125,
        "runtime": 0.2738320827484131
    },
    "5": {
        "score": 5.83203125,
        "runtime": 0.29335689544677734
    },
    "20": {
        "score": 5.4609375,
        "runtime": 0.20421290397644043
    },
    "21": {
        "score": 5.9609375,
        "runtime": 0.20321917533874512
    },
    "22": {
        "score": 5.80078125,
        "runtime": 0.20572781562805176
    },
    "24": {
        "score": 5.53515625,
        "runtime": 0.20981693267822266
    },
    "23": {
        "score": 5.71875,
        "runtime": 0.21281671524047852
    },
    "25": {
        "score": 6.0859375,
        "runtime": 0.21081256866455078
    },
    "26": {
        "score": 5.73046875,
        "runtime": 0.20780396461486816
    },
    "27": {
        "score": 5.890625,
        "runtime": 0.20730113983154297
    },
    "28": {
        "score": 5.9921875,
        "runtime": 0.20724058151245117
    },
    "29": {
        "score": 6.09375,
        "runtime": 0.20271539688110352
    },
    "30": {
        "score": 5.9453125,
        "runtime": 0.19918584823608398
    },
    "31": {
        "score": 5.77734375,
        "runtime": 0.2031869888305664
    },
    "32": {
        "score": 5.93359375,
        "runtime": 0.20569801330566406
    },
    "33": {
        "score": 5.6328125,
        "runtime": 0.20776081085205078
    },
    "34": {
        "score": 5.8203125,
        "runtime": 0.20818209648132324
    },
    "35": {
        "score": 5.89453125,
        "runtime": 0.20634913444519043
    },
    "36": {
        "score": 5.80078125,
        "runtime": 0.20334506034851074
    },
    "37": {
        "score": 6.34375,
        "runtime": 0.206345796585083
    },
    "38": {
        "score": 5.8125,
        "runtime": 0.2084205150604248
    },
    "39": {
        "score": 6.1171875,
        "runtime": 0.20246338844299316
    },
    "40": {
        "score": 5.84765625,
        "runtime": 0.20646119117736816
    },
    "41": {
        "score": 5.92578125,
        "runtime": 0.20896100997924805
    },
    "42": {
        "score": 5.9296875,
        "runtime": 0.206451416015625
    },
    "44": {
        "score": 5.55078125,
        "runtime": 0.21004772186279297
    },
    "45": {
        "score": 5.75390625,
        "runtime": 0.21103930473327637
    },
    "43": {
        "score": 6.703125,
        "runtime": 0.2075340747833252
    },
    "47": {
        "score": 5.73046875,
        "runtime": 0.20790505409240723
    },
    "46": {
        "score": 6.09375,
        "runtime": 0.20989990234375
    },
    "48": {
        "score": 5.7109375,
        "runtime": 0.20691800117492676
    },
    "49": {
        "score": 6.12890625,
        "runtime": 0.2039015293121338
    },
    "50": {
        "score": 6.01953125,
        "runtime": 0.19714641571044922
    },
    "51": {
        "score": 5.86328125,
        "runtime": 0.1962583065032959
    },
    "52": {
        "score": 6.2265625,
        "runtime": 0.188767671585083
    },
    "53": {
        "score": 5.52734375,
        "runtime": 0.18126320838928223
    },
    "55": {
        "score": 5.85546875,
        "runtime": 0.1832718849182129
    },
    "54": {
        "score": 5.61328125,
        "runtime": 0.1857914924621582
    },
    "57": {
        "score": 6.09765625,
        "runtime": 0.199493408203125
    },
    "56": {
        "score": 6.109375,
        "runtime": 0.19949054718017578
    },
    "58": {
        "score": 5.83203125,
        "runtime": 0.1984694004058838
    },
    "59": {
        "score": 5.72265625,
        "runtime": 0.19847369194030762
    },
    "60": {
        "score": 6.30859375,
        "runtime": 0.20245075225830078
    },
    "61": {
        "score": 5.57421875,
        "runtime": 0.20396041870117188
    },
    "62": {
        "score": 5.9453125,
        "runtime": 0.20144128799438477
    },
    "63": {
        "score": 5.91796875,
        "runtime": 0.20426559448242188
    },
    "64": {
        "score": 5.8125,
        "runtime": 0.2028510570526123
    },
    "65": {
        "score": 5.75390625,
        "runtime": 0.2048628330230713
    },
    "66": {
        "score": 5.58203125,
        "runtime": 0.20626401901245117
    },
    "67": {
        "score": 5.52734375,
        "runtime": 0.21026897430419922
    },
    "68": {
        "score": 6.07421875,
        "runtime": 0.20976972579956055
    },
    "69": {
        "score": 5.703125,
        "runtime": 0.2042529582977295
    },
    "70": {
        "score": 5.85546875,
        "runtime": 0.20365428924560547
    },
    "71": {
        "score": 5.609375,
        "runtime": 0.2020561695098877
    },
    "72": {
        "score": 5.8984375,
        "runtime": 0.2045426368713379
    },
    "73": {
        "score": 5.55859375,
        "runtime": 0.20483088493347168
    },
    "74": {
        "score": 5.6640625,
        "runtime": 0.1988222599029541
    },
    "75": {
        "score": 5.9375,
        "runtime": 0.1998119354248047
    },
    "76": {
        "score": 6.2265625,
        "runtime": 0.20458412170410156
    },
    "77": {
        "score": 5.7109375,
        "runtime": 0.20559263229370117
    },
    "78": {
        "score": 5.9296875,
        "runtime": 0.20259952545166016
    },
    "79": {
        "score": 5.15625,
        "runtime": 0.20349597930908203
    },
    "80": {
        "score": 5.72265625,
        "runtime": 0.20496439933776855
    },
    "81": {
        "score": 5.3984375,
        "runtime": 0.20043635368347168
    },
    "82": {
        "score": 5.6015625,
        "runtime": 0.20535731315612793
    },
    "83": {
        "score": 6.15625,
        "runtime": 0.20228195190429688
    },
    "84": {
        "score": 5.78125,
        "runtime": 0.20379066467285156
    },
    "85": {
        "score": 5.7890625,
        "runtime": 0.20329546928405762
    },
    "86": {
        "score": 6.015625,
        "runtime": 0.2077927589416504
    },
    "87": {
        "score": 5.78515625,
        "runtime": 0.20578503608703613
    },
    "88": {
        "score": 5.46875,
        "runtime": 0.20126581192016602
    },
    "89": {
        "score": 5.58203125,
        "runtime": 0.20226502418518066
    },
    "90": {
        "score": 5.58203125,
        "runtime": 0.20175576210021973
    },
    "91": {
        "score": 6.0546875,
        "runtime": 0.19530320167541504
    },
    "92": {
        "score": 6.00390625,
        "runtime": 0.1907787322998047
    },