{
    "0": {
        "score": 5.68359375,
        "runtime": 0.2245945930480957
    },
    "1": {
        "score": 5.78515625,
        "runtime": 0.20462512969970703
    },
    "2": {
        "score": 6.44140625,
        "runtime": 0.16648435592651367
    },
    "10": {
        "score": 5.71484375,
        "runtime": 0.06144356727600098
    },
    "11": {
        "score": 5.03515625,
        "runtime": 0.058094024658203125
    },
    "12": {
        "score": 5.82421875,
        "runtime": 0.0647127628326416
    },
    "13": {
        "score": 5.890625,
        "runtime": 0.06771039962768555
    },
    "14": {
        "score": 5.97265625,
        "runtime": 0.08199119567871094
    },
    "3": {
        "score": 6.125,
        "runtime": 0.18104147911071777
    },
    "4": {
        "score": 5.81640625,
        "runtime": 0.18899917602539062
    },
    "15": {
        "score": 6.00390625,
        "runtime": 0.11847233772277832
    },
    "16": {
        "score": 5.8359375,
        "runtime": 0.1240849494934082
    },
    "6": {
        "score": 6.28125,
        "runtime": 0.21430397033691406
    },
    "17": {
        "score": 5.50390625,
        "runtime": 0.15703940391540527
    },
    "5": {
        "score": 5.83203125,
        "runtime": 0.27672457695007324
    },
    "18": {
        "score": 5.78515625,
        "runtime": 0.1942765712738037
    },
    "8": {
        "score": 5.80859375,
        "runtime": 0.2872288227081299
    },
    "19": {
        "score": 5.66015625,
        "runtime": 0.2052764892578125
    },
    "9": {
        "score": 6.40234375,
        "runtime": 0.29886698722839355
    },
    "7": {
        "score": 6.05078125,
        "runtime": 0.2943909168243408
    },
    "20": {
        "score": 5.4609375,
        "runtime": 0.2022695541381836
    },
    "21": {
        "score": 5.9609375,
        "runtime": 0.20465755462646484
    },
    "22": {
        "score": 5.80078125,
        "runtime": 0.20061707496643066
    },
    "23": {
        "score": 5.71875,
        "runtime": 0.1987006664276123
    },
    "24": {
        "score": 5.53515625,
        "runtime": 0.20454955101013184
    },
    "25": {
        "score": 6.08203125,
        "runtime": 0.2048490047454834
    },
    "26": {
        "score": 5.73046875,
        "runtime": 0.20135283470153809
    },
    "27": {
        "score": 5.890625,
        "runtime": 0.20645737648010254
    },
    "28": {
        "score": 5.88671875,
        "runtime": 0.2069261074066162
    },
    "29": {
        "score": 6.03125,
        "runtime": 0.20180344581604004
    },
    "30": {
        "score": 5.9453125,
        "runtime": 0.20427346229553223
    },
    "31": {
        "score": 5.77734375,
        "runtime": 0.2052466869354248
    },
    "32": {
        "score": 5.93359375,
        "runtime": 0.20125985145568848
    },
    "33": {
        "score": 5.6328125,
        "runtime": 0.1987612247467041
    },
    "34": {
        "score": 5.8203125,
        "runtime": 0.20798563957214355
    },
    "35": {
        "score": 5.89453125,
        "runtime": 0.20479798316955566
    },
    "36": {
        "score": 5.80078125,
        "runtime": 0.20931172370910645
    },
    "37": {
        "score": 6.34375,
        "runtime": 0.20831584930419922
    },
    "38": {
        "score": 5.8125,
        "runtime": 0.20580601692199707
    },
    "39": {
        "score": 6.1171875,
        "runtime": 0.20729351043701172
    },
    "40": {
        "score": 5.84765625,
        "runtime": 0.20856165885925293
    },
    "41": {
        "score": 5.92578125,
        "runtime": 0.2020413875579834
    },
    "42": {
        "score": 5.9296875,
        "runtime": 0.19803953170776367
    },
    "43": {
        "score": 6.703125,
        "runtime": 0.1982252597808838
    },
    "44": {
        "score": 5.44140625,
        "runtime": 0.1987602710723877
    },
    "46": {
        "score": 6.09375,
        "runtime": 0.1957540512084961
    },
    "45": {
        "score": 5.75390625,
        "runtime": 0.2032768726348877
    },
    "48": {
        "score": 5.7109375,
        "runtime": 0.2047717571258545
    },
    "47": {
        "score": 5.73046875,
        "runtime": 0.19819188117980957
    },
    "49": {
        "score": 6.12890625,
        "runtime": 0.2041926383972168
    },
    "50": {
        "score": 6.01953125,
        "runtime": 0.2032182216644287
    },
    "51": {
        "score": 5.86328125,
        "runtime": 0.2001969814300537
    },
    "52": {
        "score": 6.24609375,
        "runtime": 0.19386625289916992
    },
    "53": {
        "score": 5.52734375,
        "runtime": 0.18695521354675293
    },
    "54": {
        "score": 5.61328125,
        "runtime": 0.1969776153564453
    },
    "55": {
        "score": 5.95703125,
        "runtime": 0.19379925727844238
    },
    "56": {
        "score": 6.109375,
        "runtime": 0.19579482078552246
    },
    "58": {
        "score": 5.83203125,
        "runtime": 0.20029354095458984
    },
    "57": {
        "score": 6.12890625,
        "runtime": 0.20777487754821777
    },
    "59": {
        "score": 5.72265625,
        "runtime": 0.2042675018310547
    },
    "60": {
        "score": 6.30859375,
        "runtime": 0.20577502250671387
    },
    "61": {
        "score": 5.57421875,
        "runtime": 0.20476436614990234
    },
    "62": {
        "score": 5.9453125,
        "runtime": 0.2002396583557129
    },
    "63": {
        "score": 5.91796875,
        "runtime": 0.19525647163391113
    },
    "64": {
        "score": 5.8125,
        "runtime": 0.20780682563781738
    },
    "65": {
        "score": 5.74609375,
        "runtime": 0.2002856731414795
    },
    "66": {
        "score": 5.58203125,
        "runtime": 0.20879626274108887
    },
    "67": {
        "score": 5.52734375,
        "runtime": 0.2033073902130127
    },
    "68": {
        "score": 5.875,
        "runtime": 0.2032938003540039
    },
    "69": {
        "score": 5.703125,
        "runtime": 0.2048015594482422
    },
    "70": {
        "score": 5.85546875,
        "runtime": 0.20980381965637207
    },
    "71": {
        "score": 5.609375,
        "runtime": 0.2017970085144043
    },
    "72": {
        "score": 5.8984375,
        "runtime": 0.20279335975646973
    },
    "73": {
        "score": 5.55859375,
        "runtime": 0.19986653327941895
    },
    "75": {
        "score": 5.9375,
        "runtime": 0.1933603286743164
    },
    "74": {
        "score": 5.6640625,
        "runtime": 0.20638585090637207
    },
    "76": {
        "score": 6.2265625,
        "runtime": 0.20824599266052246
    },
    "77": {
        "score": 5.7109375,
        "runtime": 0.2062366008758545
    },
    "78": {
        "score": 5.9296875,
        "runtime": 0.2012484073638916
    },
    "79": {
        "score": 5.15625,
        "runtime": 0.2088632583618164
    },
    "80": {
        "score": 5.72265625,
        "runtime": 0.20437979698181152
    },
    "81": {
        "score": 5.3984375,
        "runtime": 0.2028822898864746
    },
    "82": {
        "score": 5.6015625,
        "runtime": 0.2008805274963379
    },
    "83": {
        "score": 6.15625,
        "runtime": 0.2018892765045166
    },
    "84": {
        "score": 5.78125,
        "runtime": 0.19992923736572266
    },
    "85": {
        "score": 5.7890625,
        "runtime": 0.20644330978393555
    },
    "86": {
        "score": 6.015625,
        "runtime": 0.2074441909790039
    },
    "87": {
        "score": 5.78515625,
        "runtime": 0.20444607734680176
    },
    "88": {
        "score": 5.46875,
        "runtime": 0.20392799377441406
    },
    "89": {
        "score": 5.58203125,
        "runtime": 0.20145249366760254
    },
    "90": {
        "score": 5.58203125,
        "runtime": 0.2039506435394287
    },
    "91": {
        "score": 6.0546875,
        "runtime": 0.19423699378967285
    },
    "92": {
        "score": 6.00390625,
        "runtime": 0.18884658813476562
    },