{
    "epoch=247-train_score=15.67298": {
        "result_avg": {
            "score": 15.661784439086913,
            "runtime": 180.52748778820038
        },
        "result_std": {
            "score": 0.00208120577101145,
            "runtime": 108.64104101977637
        }
    },
    "epoch=267-train_score=15.78909": {
        "result_avg": {
            "score": 15.700142755508423,
            "runtime": 180.42937995433806
        },
        "result_std": {
            "score": 0.007731847182820186,
            "runtime": 105.65213989511112
        }
    },
    "epoch=93-train_score=15.80659": {
        "result_avg": {
            "score": 15.828203887939454,
            "runtime": 180.76507165908814
        },
        "result_std": {
            "score": 0.023208384872797624,
            "runtime": 99.51293779873413
        }
    },
    "epoch=293-train_score=15.82169": {
        "result_avg": {
            "score": 15.633052597045898,
            "runtime": 181.04708403348923
        },
        "result_std": {
            "score": 0.0037070947112282813,
            "runtime": 98.29808875006303
        }
    },
    "epoch=297-train_score=15.85876": {
        "result_avg": {
            "score": 15.84186255455017,
            "runtime": 181.41557641983033
        },
        "result_std": {
            "score": 0.005497583664521789,
            "runtime": 95.96713409411372
        }
    }
}