{
    "0": {
        "score": 15.72510814666748,
        "runtime": 179.83323407173157
    },
    "1": {
        "score": 15.728724479675293,
        "runtime": 179.82754826545715
    },
    "2": {
        "score": 15.621651649475098,
        "runtime": 178.40508270263672
    },
    "3": {
        "score": 15.614279747009277,
        "runtime": 179.82404232025146
    },
    "4": {
        "score": 15.72969913482666,
        "runtime": 180.49259185791016
    },
    "5": {
        "score": 15.72969913482666,
        "runtime": 178.98000121116638
    },
    "6": {
        "score": 15.8092041015625,
        "runtime": 178.43835043907166
    },
    "7": {
        "score": 15.546025276184082,
        "runtime": 179.83565521240234
    },
    "8": {
        "score": 15.728724479675293,
        "runtime": 179.51852536201477
    },
    "9": {
        "score": 15.553397178649902,
        "runtime": 178.7700002193451
    },
    "10": {
        "score": 15.72969913482666,
        "runtime": 177.72304129600525
    },
    "11": {
        "score": 15.72969913482666,
        "runtime": 178.60627031326294
    },
    "12": {
        "score": 15.72969913482666,
        "runtime": 178.7609987258911
    },
    "13": {
        "score": 15.72969913482666,
        "runtime": 178.03299951553345
    },
    "14": {
        "score": 15.82619571685791,
        "runtime": 179.37947511672974
    },
    "15": {
        "score": 15.72969913482666,
        "runtime": 177.55500054359436
    },
    "16": {
        "score": 15.546025276184082,
        "runtime": 177.6719994544983
    },
    "17": {
        "score": 15.72969913482666,
        "runtime": 178.72100186347961
    },
    "18": {
        "score": 15.728724479675293,
        "runtime": 178.32399988174438
    },
    "19": {
        "score": 15.726082801818848,
        "runtime": 179.99400186538696
    },
    "20": {
        "score": 15.72969913482666,
        "runtime": 178.0114550590515
    },
    "21": {
        "score": 15.726082801818848,
        "runtime": 179.38273239135742
    },
    "22": {
        "score": 15.728724479675293,
        "runtime": 179.13300108909607
    },
    "23": {
        "score": 15.546025276184082,
        "runtime": 180.41100096702576
    },
    "24": {
        "score": 15.72969913482666,
        "runtime": 178.9454963207245
    },
    "25": {
        "score": 15.769490242004395,
        "runtime": 177.57688355445862
    },
    "26": {
        "score": 15.62067699432373,
        "runtime": 179.23700165748596
    },
    "27": {
        "score": 15.614279747009277,
        "runtime": 179.4253649711609
    },
    "28": {
        "score": 15.72969913482666,
        "runtime": 180.4471001625061
    },
    "29": {
        "score": 15.82729721069336,
        "runtime": 177.22111248970032
    },
    "30": {
        "score": 15.621651649475098,
        "runtime": 179.05300116539001
    },
    "31": {
        "score": 15.614279747009277,
        "runtime": 178.41099905967712
    },
    "32": {
        "score": 15.54699993133545,
        "runtime": 180.46946811676025
    },
    "33": {
        "score": 15.546025276184082,
        "runtime": 180.25370836257935
    },
    "34": {
        "score": 15.728724479675293,
        "runtime": 178.76958441734314
    },
    "35": {
        "score": 15.800700187683105,
        "runtime": 178.46600031852722
    },
    "36": {
        "score": 15.726082801818848,
        "runtime": 180.83650660514832
    },
    "37": {
        "score": 15.703228950500488,
        "runtime": 179.4054880142212
    },
    "38": {
        "score": 15.72969913482666,
        "runtime": 178.87000155448914
    },
    "39": {
        "score": 15.728724479675293,
        "runtime": 176.57199788093567
    },
    "40": {
        "score": 15.825221061706543,
        "runtime": 179.03000020980835
    },
    "41": {
        "score": 15.703228950500488,
        "runtime": 179.15900206565857
    },
    "42": {
        "score": 15.72969913482666,
        "runtime": 179.33355569839478
    },
    "43": {
        "score": 15.72969913482666,
        "runtime": 177.6140022277832
    },
    "44": {
        "score": 15.825221061706543,
        "runtime": 179.59499955177307
    },
    "45": {
        "score": 15.72969913482666,
        "runtime": 178.36300230026245
    },
    "46": {
        "score": 15.72969913482666,
        "runtime": 179.63698983192444
    },
    "47": {
        "score": 15.728724479675293,
        "runtime": 178.83621096611023
    },
    "48": {
        "score": 15.72969913482666,
        "runtime": 182.4430012702942
    },
    "49": {
        "score": 15.546025276184082,
        "runtime": 179.72024941444397
    },
    "50": {
        "score": 15.614279747009277,
        "runtime": 180.59199047088623
    },
    "51": {
        "score": 15.72969913482666,
        "runtime": 182.11771249771118
    },
    "52": {
        "score": 15.825221061706543,
        "runtime": 180.32199883460999
    },
    "53": {
        "score": 15.704203605651855,
        "runtime": 180.05472898483276
    },
    "54": {
        "score": 15.728724479675293,
        "runtime": 171.07499980926514
    },
    "55": {
        "score": 15.728724479675293,
        "runtime": 172.57900023460388
    },
    "56": {
        "score": 15.72969913482666,
        "runtime": 171.6455147266388
    },
    "57": {
        "score": 15.614279747009277,
        "runtime": 172.20499968528748
    },
    "58": {
        "score": 15.770464897155762,
        "runtime": 173.1151258945465
    },
    "59": {
        "score": 15.546025276184082,
        "runtime": 173.75600004196167
    },
    "60": {
        "score": 15.615254402160645,
        "runtime": 171.93346977233887
    },
    "61": {
        "score": 15.728724479675293,
        "runtime": 172.53168368339539
    },
    "62": {
        "score": 15.54699993133545,
        "runtime": 173.7029299736023
    },
    "63": {
        "score": 15.728724479675293,
        "runtime": 174.37200164794922
    },
    "64": {
        "score": 15.72969913482666,
        "runtime": 205.95586442947388
    },
    "65": {
        "score": 15.825221061706543,
        "runtime": 174.03804087638855
    },
    "66": {
        "score": 15.72510814666748,
        "runtime": 175.84817051887512
    },
    "67": {
        "score": 15.645794868469238,
        "runtime": 174.5705533027649
    },
    "68": {
        "score": 15.72969913482666,
        "runtime": 175.95000076293945
    },
    "69": {
        "score": 15.726082801818848,
        "runtime": 176.24406599998474
    },
    "70": {
        "score": 15.774065971374512,
        "runtime": 174.35702848434448
    },
    "71": {
        "score": 15.728724479675293,
        "runtime": 174.25302910804749
    },
    "72": {
        "score": 15.770464897155762,
        "runtime": 173.8000009059906
    },
    "73": {
        "score": 15.770464897155762,
        "runtime": 175.71602606773376
    },
    "74": {
        "score": 15.728724479675293,
        "runtime": 173.74500036239624
    },
    "75": {
        "score": 15.54699993133545,
        "runtime": 174.65306949615479
    },
    "76": {
        "score": 15.728724479675293,
        "runtime": 174.6270158290863
    },
    "77": {
        "score": 15.728724479675293,
        "runtime": 174.07106757164001
    },
    "78": {
        "score": 15.72969913482666,
        "runtime": 175.0522050857544
    },
    "79": {
        "score": 15.825221061706543,
        "runtime": 174.48649168014526
    },
    "80": {
        "score": 15.54699993133545,
        "runtime": 173.56846451759338
    },
    "81": {
        "score": 15.728724479675293,
        "runtime": 206.18848204612732
    },
    "82": {
        "score": 15.546025276184082,
        "runtime": 172.05481004714966
    },
    "83": {
        "score": 15.72969913482666,
        "runtime": 174.38701343536377
    },
    "84": {
        "score": 15.728724479675293,
        "runtime": 173.0488965511322
    },
    "85": {
        "score": 15.728724479675293,