{
    "0": {
        "score": 15.860828399658203,
        "runtime": 179.1422348022461
    },
    "1": {
        "score": 15.817678451538086,
        "runtime": 179.65254950523376
    },
    "2": {
        "score": 15.806562423706055,
        "runtime": 180.18108248710632
    },
    "3": {
        "score": 15.712003707885742,
        "runtime": 179.2880425453186
    },
    "4": {
        "score": 16.12545394897461,
        "runtime": 181.22059178352356
    },
    "5": {
        "score": 15.817678451538086,
        "runtime": 179.44700002670288
    },
    "6": {
        "score": 16.26447296142578,
        "runtime": 178.52243185043335
    },
    "7": {
        "score": 15.668853759765625,
        "runtime": 179.757652759552
    },
    "8": {
        "score": 15.668853759765625,
        "runtime": 178.32452583312988
    },
    "9": {
        "score": 15.712003707885742,
        "runtime": 178.9139997959137
    },
    "10": {
        "score": 15.817678451538086,
        "runtime": 178.73804259300232
    },
    "11": {
        "score": 15.817678451538086,
        "runtime": 177.88526940345764
    },
    "12": {
        "score": 16.076353073120117,
        "runtime": 180.54100036621094
    },
    "13": {
        "score": 15.712003707885742,
        "runtime": 180.10000133514404
    },
    "14": {
        "score": 15.712003707885742,
        "runtime": 180.62047410011292
    },
    "15": {
        "score": 15.668853759765625,
        "runtime": 180.35800051689148
    },
    "16": {
        "score": 15.91712474822998,
        "runtime": 180.8800003528595
    },
    "17": {
        "score": 16.12545394897461,
        "runtime": 179.69599962234497
    },
    "18": {
        "score": 15.806562423706055,
        "runtime": 180.05862736701965
    },
    "19": {
        "score": 15.668853759765625,
        "runtime": 180.93647241592407
    },
    "20": {
        "score": 15.700885772705078,
        "runtime": 178.9239718914032
    },
    "21": {
        "score": 15.849711418151855,
        "runtime": 179.3472158908844
    },
    "22": {
        "score": 15.860828399658203,
        "runtime": 176.19299864768982
    },
    "23": {
        "score": 15.817678451538086,
        "runtime": 178.89100170135498
    },
    "24": {
        "score": 16.048603057861328,
        "runtime": 175.46349167823792
    },
    "25": {
        "score": 15.750800132751465,
        "runtime": 180.26288509368896
    },
    "26": {
        "score": 15.801969528198242,
        "runtime": 179.79299974441528
    },
    "27": {
        "score": 15.712003707885742,
        "runtime": 177.964364528656
    },
    "28": {
        "score": 16.148880004882812,
        "runtime": 181.3750970363617
    },
    "29": {
        "score": 15.860828399658203,
        "runtime": 178.7331097126007
    },
    "30": {
        "score": 15.668853759765625,
        "runtime": 177.9550006389618
    },
    "31": {
        "score": 15.712003707885742,
        "runtime": 179.54300045967102
    },
    "32": {
        "score": 15.860828399658203,
        "runtime": 180.44046688079834
    },
    "33": {
        "score": 15.817678451538086,
        "runtime": 180.9407045841217
    },
    "34": {
        "score": 15.712003707885742,
        "runtime": 180.76158499717712
    },
    "35": {
        "score": 15.97987174987793,
        "runtime": 177.1570029258728
    },
    "36": {
        "score": 15.860828399658203,
        "runtime": 180.0365068912506
    },
    "37": {
        "score": 15.668853759765625,
        "runtime": 178.83948493003845
    },
    "38": {
        "score": 15.829978942871094,
        "runtime": 180.56260299682617
    },
    "39": {
        "score": 15.817678451538086,
        "runtime": 178.9000027179718
    },
    "40": {
        "score": 16.050081253051758,
        "runtime": 178.55899834632874
    },
    "41": {
        "score": 15.67196273803711,
        "runtime": 180.30699801445007
    },
    "42": {
        "score": 15.712003707885742,
        "runtime": 177.23655438423157
    },
    "43": {
        "score": 15.860828399658203,
        "runtime": 179.56399846076965
    },
    "44": {
        "score": 15.847043991088867,
        "runtime": 178.88800144195557
    },
    "45": {
        "score": 16.03713035583496,
        "runtime": 180.9290018081665
    },
    "46": {
        "score": 16.055782318115234,
        "runtime": 178.96999096870422
    },
    "47": {
        "score": 15.668853759765625,
        "runtime": 177.54221320152283
    },
    "48": {
        "score": 15.712003707885742,
        "runtime": 181.8830006122589
    },
    "49": {
        "score": 15.712003707885742,
        "runtime": 179.14324760437012
    },
    "50": {
        "score": 15.860828399658203,
        "runtime": 180.666987657547
    },
    "51": {
        "score": 15.817678451538086,
        "runtime": 181.03571248054504
    },
    "52": {
        "score": 15.87669849395752,
        "runtime": 179.73499965667725
    },
    "53": {
        "score": 15.712003707885742,
        "runtime": 180.17173027992249
    },
    "54": {
        "score": 15.860828399658203,
        "runtime": 173.25299978256226
    },
    "55": {
        "score": 15.712003707885742,
        "runtime": 174.36300039291382
    },
    "56": {
        "score": 15.818000793457031,
        "runtime": 173.9930009841919
    },
    "57": {
        "score": 15.712003707885742,
        "runtime": 172.0259997844696
    },
    "58": {
        "score": 15.712003707885742,
        "runtime": 174.78512501716614
    },
    "59": {
        "score": 15.668853759765625,
        "runtime": 172.84799933433533
    },
    "60": {
        "score": 15.907966613769531,
        "runtime": 172.61947345733643
    },
    "61": {
        "score": 15.817678451538086,
        "runtime": 172.2566843032837
    },
    "62": {
        "score": 16.168601989746094,
        "runtime": 173.31746888160706
    },
    "63": {
        "score": 15.712003707885742,
        "runtime": 173.36199736595154
    },
    "64": {
        "score": 15.817678451538086,
        "runtime": 205.09086441993713
    },
    "65": {
        "score": 15.73025131225586,
        "runtime": 174.5040159225464
    },
    "66": {
        "score": 15.93022346496582,
        "runtime": 175.8631718158722
    },
    "67": {
        "score": 15.817678451538086,
        "runtime": 174.80155205726624
    },
    "68": {
        "score": 15.818000793457031,
        "runtime": 174.4670000076294
    },
    "69": {
        "score": 15.668853759765625,
        "runtime": 175.99806261062622
    },
    "70": {
        "score": 15.817678451538086,
        "runtime": 175.3420295715332
    },
    "71": {
        "score": 15.860828399658203,
        "runtime": 175.0670304298401
    },
    "72": {
        "score": 16.26447296142578,
        "runtime": 173.9060001373291
    },
    "73": {
        "score": 15.668853759765625,
        "runtime": 175.5210268497467
    },
    "74": {
        "score": 15.801969528198242,
        "runtime": 175.00500226020813
    },
    "75": {
        "score": 15.860828399658203,
        "runtime": 175.53005814552307
    },
    "76": {
        "score": 15.951263427734375,
        "runtime": 174.30900168418884
    },
    "77": {
        "score": 16.26447296142578,
        "runtime": 173.16353344917297
    },
    "78": {
        "score": 15.817678451538086,
        "runtime": 173.72223043441772
    },
    "79": {
        "score": 15.85301399230957,
        "runtime": 174.91749143600464
    },
    "80": {
        "score": 15.668853759765625,
        "runtime": 174.90602898597717
    },
    "81": {
        "score": 15.87669849395752,
        "runtime": 205.91573405265808
    },
    "82": {
        "score": 15.817678451538086,
        "runtime": 175.85692071914673
    },
    "83": {
        "score": 15.817678451538086,
        "runtime": 182.15167498588562
    },
    "84": {
        "score": 15.817678451538086,
        "runtime": 173.98494172096252
    },
    "85": {
        "score": 15.817678451538086,