{
    "0": {
        "score": 15.623661994934082,
        "runtime": 179.5671887397766
    },
    "1": {
        "score": 15.594987869262695,
        "runtime": 180.3735489845276
    },
    "2": {
        "score": 15.623661994934082,
        "runtime": 182.05908060073853
    },
    "3": {
        "score": 15.623661994934082,
        "runtime": 181.13804244995117
    },
    "4": {
        "score": 15.594987869262695,
        "runtime": 178.78359532356262
    },
    "5": {
        "score": 15.623661994934082,
        "runtime": 179.46000242233276
    },
    "6": {
        "score": 15.623661994934082,
        "runtime": 180.18151450157166
    },
    "7": {
        "score": 15.69244384765625,
        "runtime": 180.45365262031555
    },
    "8": {
        "score": 15.623661994934082,
        "runtime": 177.4435248374939
    },
    "9": {
        "score": 15.623661994934082,
        "runtime": 180.2070016860962
    },
    "10": {
        "score": 15.623661994934082,
        "runtime": 178.29599952697754
    },
    "11": {
        "score": 15.623661994934082,
        "runtime": 179.18499970436096
    },
    "12": {
        "score": 15.622869491577148,
        "runtime": 179.08203053474426
    },
    "13": {
        "score": 15.623661994934082,
        "runtime": 180.22360229492188
    },
    "14": {
        "score": 15.623661994934082,
        "runtime": 179.16847372055054
    },
    "15": {
        "score": 15.623661994934082,
        "runtime": 178.65299725532532
    },
    "16": {
        "score": 15.623661994934082,
        "runtime": 180.15500020980835
    },
    "17": {
        "score": 15.623661994934082,
        "runtime": 178.3380002975464
    },
    "18": {
        "score": 15.623661994934082,
        "runtime": 178.93862915039062
    },
    "19": {
        "score": 15.623661994934082,
        "runtime": 180.23747444152832
    },
    "20": {
        "score": 15.623661994934082,
        "runtime": 179.58397316932678
    },
    "21": {
        "score": 15.623661994934082,
        "runtime": 177.9542167186737
    },
    "22": {
        "score": 15.623661994934082,
        "runtime": 179.50999808311462
    },
    "23": {
        "score": 15.623661994934082,
        "runtime": 181.66300082206726
    },
    "24": {
        "score": 15.623661994934082,
        "runtime": 180.89999985694885
    },
    "25": {
        "score": 15.623661994934082,
        "runtime": 181.545480966568
    },
    "26": {
        "score": 15.623661994934082,
        "runtime": 180.30299997329712
    },
    "27": {
        "score": 15.623661994934082,
        "runtime": 177.98399949073792
    },
    "28": {
        "score": 15.594987869262695,
        "runtime": 178.751531124115
    },
    "29": {
        "score": 15.623661994934082,
        "runtime": 178.9020004272461
    },
    "30": {
        "score": 15.623661994934082,
        "runtime": 180.52300190925598
    },
    "31": {
        "score": 15.623661994934082,
        "runtime": 179.52207398414612
    },
    "32": {
        "score": 15.623661994934082,
        "runtime": 180.15100002288818
    },
    "33": {
        "score": 15.623661994934082,
        "runtime": 179.25046586990356
    },
    "34": {
        "score": 15.623661994934082,
        "runtime": 180.1485869884491
    },
    "35": {
        "score": 15.622869491577148,
        "runtime": 178.4800000190735
    },
    "36": {
        "score": 15.623661994934082,
        "runtime": 179.68150639533997
    },
    "37": {
        "score": 15.623661994934082,
        "runtime": 179.03048729896545
    },
    "38": {
        "score": 15.623661994934082,
        "runtime": 178.71748900413513
    },
    "39": {
        "score": 15.678787231445312,
        "runtime": 177.9119997024536
    },
    "40": {
        "score": 15.623661994934082,
        "runtime": 176.26899909973145
    },
    "41": {
        "score": 15.623661994934082,
        "runtime": 177.73700213432312
    },
    "42": {
        "score": 15.623661994934082,
        "runtime": 179.0865547657013
    },
    "43": {
        "score": 15.592145919799805,
        "runtime": 178.67300081253052
    },
    "44": {
        "score": 15.623661994934082,
        "runtime": 180.48100066184998
    },
    "45": {
        "score": 15.622869491577148,
        "runtime": 179.87199997901917
    },
    "46": {
        "score": 15.623661994934082,
        "runtime": 180.08799004554749
    },
    "47": {
        "score": 15.623661994934082,
        "runtime": 180.35721230506897
    },
    "48": {
        "score": 15.623661994934082,
        "runtime": 181.6430013179779
    },
    "49": {
        "score": 15.623661994934082,
        "runtime": 179.75873613357544
    },
    "50": {
        "score": 15.623661994934082,
        "runtime": 182.52599024772644
    },
    "51": {
        "score": 15.623661994934082,
        "runtime": 181.40571403503418
    },
    "52": {
        "score": 15.623661994934082,
        "runtime": 180.98900032043457
    },
    "53": {
        "score": 15.623661994934082,
        "runtime": 180.34151911735535
    },
    "54": {
        "score": 15.594987869262695,
        "runtime": 174.53302693367004
    },
    "55": {
        "score": 15.623661994934082,
        "runtime": 173.40700006484985
    },
    "56": {
        "score": 15.623661994934082,
        "runtime": 173.2380006313324
    },
    "57": {
        "score": 15.801885604858398,
        "runtime": 174.11300206184387
    },
    "58": {
        "score": 15.742635726928711,
        "runtime": 174.75201296806335
    },
    "59": {
        "score": 15.623661994934082,
        "runtime": 171.9000015258789
    },
    "60": {
        "score": 16.133941650390625,
        "runtime": 174.58147048950195
    },
    "61": {
        "score": 15.623661994934082,
        "runtime": 173.02667903900146
    },
    "62": {
        "score": 15.623661994934082,
        "runtime": 174.9404706954956
    },
    "63": {
        "score": 15.623661994934082,
        "runtime": 175.01499843597412
    },
    "64": {
        "score": 15.623661994934082,
        "runtime": 206.1307942867279
    },
    "65": {
        "score": 15.623661994934082,
        "runtime": 175.6334729194641
    },
    "66": {
        "score": 15.623661994934082,
        "runtime": 172.8454988002777
    },
    "67": {
        "score": 15.623661994934082,
        "runtime": 173.48352551460266
    },
    "68": {
        "score": 15.623661994934082,
        "runtime": 172.99399876594543
    },
    "69": {
        "score": 15.623661994934082,
        "runtime": 174.32719230651855
    },
    "70": {
        "score": 15.623661994934082,
        "runtime": 174.4050271511078
    },
    "71": {
        "score": 15.594987869262695,
        "runtime": 174.8020317554474
    },
    "72": {
        "score": 15.623661994934082,
        "runtime": 175.54100036621094
    },
    "73": {
        "score": 15.623661994934082,
        "runtime": 176.54302859306335
    },
    "74": {
        "score": 15.623661994934082,
        "runtime": 175.13500094413757
    },
    "75": {
        "score": 15.623661994934082,
        "runtime": 177.2200562953949
    },
    "76": {
        "score": 15.594987869262695,
        "runtime": 174.9970030784607
    },
    "77": {
        "score": 15.865950584411621,
        "runtime": 174.8925325870514
    },
    "78": {
        "score": 15.623661994934082,
        "runtime": 174.06122875213623
    },
    "79": {
        "score": 15.623661994934082,
        "runtime": 174.80949211120605
    },
    "80": {
        "score": 15.623661994934082,
        "runtime": 176.48302960395813
    },
    "81": {
        "score": 15.623661994934082,
        "runtime": 204.4137351512909
    },
    "82": {
        "score": 15.623661994934082,
        "runtime": 176.32364797592163
    },
    "83": {
        "score": 15.594987869262695,
        "runtime": 187.85402035713196
    },
    "84": {
        "score": 15.623661994934082,
        "runtime": 174.74925708770752
    },