{
    "0": {
        "score": 6.485398769378662,
        "runtime": 0.14699888229370117
    },
    "1": {
        "score": 6.151253700256348,
        "runtime": 0.14299964904785156
    },
    "2": {
        "score": 5.776076316833496,
        "runtime": 0.17300033569335938
    },
    "3": {
        "score": 6.987531661987305,
        "runtime": 0.14400005340576172
    },
    "4": {
        "score": 6.325018882751465,
        "runtime": 0.1399984359741211
    },
    "5": {
        "score": 8.01611328125,
        "runtime": 0.14299964904785156
    },
    "6": {
        "score": 5.780391216278076,
        "runtime": 0.14400196075439453
    },
    "7": {
        "score": 7.062262535095215,
        "runtime": 0.14799857139587402
    },
    "8": {
        "score": 7.114678859710693,
        "runtime": 0.15099811553955078
    },
    "9": {
        "score": 5.868121147155762,
        "runtime": 0.14599967002868652
    },
    "10": {
        "score": 5.902469635009766,
        "runtime": 0.1439990997314453
    },
    "11": {
        "score": 7.3960041999816895,
        "runtime": 0.1550006866455078
    },
    "12": {
        "score": 6.47916316986084,
        "runtime": 0.1439986228942871
    },
    "13": {
        "score": 6.419213771820068,
        "runtime": 0.14499735832214355
    },
    "14": {
        "score": 9.320809364318848,
        "runtime": 0.1550002098083496
    },
    "15": {
        "score": 6.9602203369140625,
        "runtime": 0.14099621772766113
    },
    "16": {
        "score": 7.1975860595703125,
        "runtime": 0.1509990692138672
    },
    "17": {
        "score": 5.757390022277832,
        "runtime": 0.13799786567687988
    },
    "18": {
        "score": 5.445399284362793,
        "runtime": 0.1419999599456787
    },
    "19": {
        "score": 5.36795711517334,
        "runtime": 0.14299964904785156
    },
    "20": {
        "score": 7.473134994506836,
        "runtime": 0.14099931716918945
    },
    "21": {
        "score": 7.434913635253906,
        "runtime": 0.14300155639648438
    },
    "22": {
        "score": 5.817866325378418,
        "runtime": 0.13699865341186523
    },
    "23": {
        "score": 5.4218926429748535,
        "runtime": 0.14299917221069336
    },
    "24": {
        "score": 6.4877824783325195,
        "runtime": 0.1419987678527832
    },
    "25": {
        "score": 5.368891716003418,
        "runtime": 0.14100027084350586
    },
    "26": {
        "score": 6.0548505783081055,
        "runtime": 0.14599847793579102
    },
    "27": {
        "score": 6.288946151733398,
        "runtime": 0.1439979076385498
    },
    "28": {
        "score": 6.104773044586182,
        "runtime": 0.14599919319152832
    },
    "29": {
        "score": 5.917963981628418,
        "runtime": 0.1379988193511963
    },
    "30": {
        "score": 7.548406600952148,
        "runtime": 0.14000177383422852
    },
    "31": {
        "score": 6.684085369110107,
        "runtime": 0.14999985694885254
    },
    "32": {
        "score": 6.435746192932129,
        "runtime": 0.1399993896484375
    },
    "33": {
        "score": 5.811263084411621,
        "runtime": 0.14300060272216797
    },
    "34": {
        "score": 8.489824295043945,
        "runtime": 0.1419975757598877
    },
    "35": {
        "score": 6.824139595031738,
        "runtime": 0.14200067520141602
    },
    "36": {
        "score": 7.655304431915283,
        "runtime": 0.1459980010986328
    },
    "37": {
        "score": 7.79354190826416,
        "runtime": 0.14400076866149902
    },
    "38": {
        "score": 6.732100486755371,
        "runtime": 0.14099884033203125
    },
    "39": {
        "score": 5.614309310913086,
        "runtime": 0.13900017738342285
    },
    "40": {
        "score": 6.67911434173584,
        "runtime": 0.1340010166168213
    },
    "41": {
        "score": 6.714262962341309,
        "runtime": 0.14399957656860352
    },
    "42": {
        "score": 7.26239013671875,
        "runtime": 0.141998291015625
    },
    "43": {
        "score": 5.268195152282715,
        "runtime": 0.1419990062713623
    },
    "44": {
        "score": 6.912982940673828,
        "runtime": 0.14499974250793457
    },
    "45": {
        "score": 5.66140604019165,
        "runtime": 0.14599943161010742
    },
    "46": {
        "score": 8.381492614746094,
        "runtime": 0.15000033378601074
    },
    "47": {
        "score": 6.509772300720215,
        "runtime": 0.14799976348876953
    },
    "48": {
        "score": 6.192772388458252,
        "runtime": 0.1490015983581543
    },
    "49": {
        "score": 6.098106384277344,
        "runtime": 0.13900041580200195
    },
    "50": {
        "score": 5.449371337890625,
        "runtime": 0.1399993896484375
    },
    "51": {
        "score": 6.1724772453308105,
        "runtime": 0.14400029182434082
    },
    "52": {
        "score": 5.522412300109863,
        "runtime": 0.14499878883361816
    },
    "53": {
        "score": 7.8783440589904785,
        "runtime": 0.14699935913085938
    },
    "54": {
        "score": 7.256364822387695,
        "runtime": 0.14999938011169434
    },
    "55": {
        "score": 6.541133403778076,
        "runtime": 0.1419992446899414
    },
    "56": {
        "score": 7.192234516143799,
        "runtime": 0.15000009536743164
    },
    "57": {
        "score": 7.070605278015137,
        "runtime": 0.14499783515930176
    },
    "58": {
        "score": 7.176459789276123,
        "runtime": 0.14699912071228027
    },
    "59": {
        "score": 6.361140727996826,
        "runtime": 0.14499926567077637
    },
    "60": {
        "score": 6.225718975067139,
        "runtime": 0.1399998664855957
    },
    "61": {
        "score": 5.59018087387085,
        "runtime": 0.14499998092651367
    },
    "62": {
        "score": 6.093206882476807,
        "runtime": 0.15399885177612305
    },
    "63": {
        "score": 7.0921735763549805,
        "runtime": 0.14499831199645996
    },
    "64": {
        "score": 5.5725579261779785,
        "runtime": 0.1439986228942871
    },
    "65": {
        "score": 7.424325942993164,
        "runtime": 0.13900089263916016
    },
    "66": {
        "score": 5.1553215980529785,
        "runtime": 0.139998197555542
    },
    "67": {
        "score": 5.800405979156494,
        "runtime": 0.15200066566467285
    },
    "68": {
        "score": 6.879131317138672,
        "runtime": 0.14400005340576172
    },
    "69": {
        "score": 6.340395927429199,
        "runtime": 0.14699983596801758
    },
    "70": {
        "score": 7.2765398025512695,
        "runtime": 0.14500117301940918
    },
    "71": {
        "score": 5.180273532867432,
        "runtime": 0.1359996795654297
    },
    "72": {
        "score": 7.4062113761901855,
        "runtime": 0.1419985294342041
    },
    "73": {
        "score": 5.898833274841309,
        "runtime": 0.14600062370300293
    },
    "74": {
        "score": 6.922802925109863,
        "runtime": 0.1510012149810791
    },
    "75": {
        "score": 5.344151020050049,
        "runtime": 0.13899946212768555
    },
    "76": {
        "score": 6.420682907104492,
        "runtime": 0.14799952507019043
    },
    "77": {
        "score": 6.164051532745361,
        "runtime": 0.14899992942810059
    },
    "78": {
        "score": 6.995162010192871,
        "runtime": 0.14800071716308594
    },
    "79": {
        "score": 6.576431751251221,
        "runtime": 0.14400053024291992
    },
    "80": {
        "score": 6.453619003295898,
        "runtime": 0.1490001678466797
    },
    "81": {
        "score": 8.104363441467285,
        "runtime": 0.1529996395111084
    },
    "82": {
        "score": 8.891641616821289,
        "runtime": 0.14500164985656738
    },
    "83": {
        "score": 8.145069122314453,
        "runtime": 0.14099931716918945
    },
    "84": {
        "score": 5.499966144561768,
        "runtime": 0.14400172233581543
    },