{
    "0": {
        "score": 5.388264179229736,
        "runtime": 0.14499902725219727
    },
    "1": {
        "score": 7.905411243438721,
        "runtime": 0.15000057220458984
    },
    "2": {
        "score": 6.431024551391602,
        "runtime": 0.14700007438659668
    },
    "3": {
        "score": 6.770691871643066,
        "runtime": 0.14599919319152832
    },
    "4": {
        "score": 5.911261081695557,
        "runtime": 0.14099979400634766
    },
    "5": {
        "score": 5.4682512283325195,
        "runtime": 0.14099955558776855
    },
    "6": {
        "score": 7.164491653442383,
        "runtime": 0.14500045776367188
    },
    "7": {
        "score": 6.412430763244629,
        "runtime": 0.14499974250793457
    },
    "8": {
        "score": 6.629347324371338,
        "runtime": 0.14700102806091309
    },
    "9": {
        "score": 6.309589385986328,
        "runtime": 0.14399933815002441
    },
    "10": {
        "score": 6.059541702270508,
        "runtime": 0.14300012588500977
    },
    "11": {
        "score": 5.75597620010376,
        "runtime": 0.14800119400024414
    },
    "12": {
        "score": 6.7796735763549805,
        "runtime": 0.14600038528442383
    },
    "13": {
        "score": 9.017157554626465,
        "runtime": 0.14799833297729492
    },
    "14": {
        "score": 7.122843265533447,
        "runtime": 0.1399984359741211
    },
    "15": {
        "score": 6.0849103927612305,
        "runtime": 0.14599919319152832
    },
    "16": {
        "score": 7.547347545623779,
        "runtime": 0.14899921417236328
    },
    "17": {
        "score": 7.098268032073975,
        "runtime": 0.14300084114074707
    },
    "18": {
        "score": 6.038684368133545,
        "runtime": 0.1379988193511963
    },
    "19": {
        "score": 7.319020748138428,
        "runtime": 0.14399957656860352
    },
    "20": {
        "score": 6.940295219421387,
        "runtime": 0.14500164985656738
    },
    "21": {
        "score": 5.309937477111816,
        "runtime": 0.14700055122375488
    },
    "22": {
        "score": 5.354656219482422,
        "runtime": 0.1419994831085205
    },
    "23": {
        "score": 6.28649377822876,
        "runtime": 0.1419987678527832
    },
    "24": {
        "score": 5.441638469696045,
        "runtime": 0.1419992446899414
    },
    "25": {
        "score": 6.1122822761535645,
        "runtime": 0.14599990844726562
    },
    "26": {
        "score": 7.733096599578857,
        "runtime": 0.14799857139587402
    },
    "27": {
        "score": 6.74044942855835,
        "runtime": 0.14400100708007812
    },
    "28": {
        "score": 6.638764381408691,
        "runtime": 0.14400005340576172
    },
    "29": {
        "score": 5.81363582611084,
        "runtime": 0.13899993896484375
    },
    "30": {
        "score": 6.729063987731934,
        "runtime": 0.14299869537353516
    },
    "31": {
        "score": 5.964838981628418,
        "runtime": 0.14100027084350586
    },
    "32": {
        "score": 6.166902542114258,
        "runtime": 0.14499974250793457
    },
    "33": {
        "score": 6.651215076446533,
        "runtime": 0.14200091361999512
    },
    "34": {
        "score": 6.169203281402588,
        "runtime": 0.14799904823303223
    },
    "35": {
        "score": 9.027749061584473,
        "runtime": 0.14999985694885254
    },
    "36": {
        "score": 6.668749809265137,
        "runtime": 0.14399957656860352
    },
    "37": {
        "score": 6.0620269775390625,
        "runtime": 0.14700031280517578
    },
    "38": {
        "score": 5.525665283203125,
        "runtime": 0.1419997215270996
    },
    "39": {
        "score": 5.765891075134277,
        "runtime": 0.14299845695495605
    },
    "40": {
        "score": 6.063531875610352,
        "runtime": 0.14499974250793457
    },
    "41": {
        "score": 6.003225326538086,
        "runtime": 0.1400012969970703
    },
    "42": {
        "score": 6.013532638549805,
        "runtime": 0.14299845695495605
    },
    "43": {
        "score": 6.7253241539001465,
        "runtime": 0.14099884033203125
    },
    "44": {
        "score": 5.993813514709473,
        "runtime": 0.1419968605041504
    },
    "45": {
        "score": 7.65340518951416,
        "runtime": 0.14500045776367188
    },
    "46": {
        "score": 5.509418487548828,
        "runtime": 0.14099979400634766
    },
    "47": {
        "score": 7.849021911621094,
        "runtime": 0.14299821853637695
    },
    "48": {
        "score": 5.600869655609131,
        "runtime": 0.14699983596801758
    },
    "49": {
        "score": 6.66030216217041,
        "runtime": 0.13199973106384277
    },
    "50": {
        "score": 9.544506072998047,
        "runtime": 0.14799976348876953
    },
    "51": {
        "score": 7.351571083068848,
        "runtime": 0.14799785614013672
    },
    "52": {
        "score": 6.8083391189575195,
        "runtime": 0.1439986228942871
    },
    "53": {
        "score": 5.4114298820495605,
        "runtime": 0.1419999599456787
    },
    "54": {
        "score": 5.200532913208008,
        "runtime": 0.14299941062927246
    },
    "55": {
        "score": 5.243044853210449,
        "runtime": 0.13699722290039062
    },
    "56": {
        "score": 6.857700347900391,
        "runtime": 0.1510000228881836
    },
    "57": {
        "score": 8.128743171691895,
        "runtime": 0.14200139045715332
    },
    "58": {
        "score": 6.027260780334473,
        "runtime": 0.13900160789489746
    },
    "59": {
        "score": 5.810967922210693,
        "runtime": 0.14100003242492676
    },
    "60": {
        "score": 6.112477779388428,
        "runtime": 0.1510002613067627
    },
    "61": {
        "score": 7.6801438331604,
        "runtime": 0.1439988613128662
    },
    "62": {
        "score": 6.738412857055664,
        "runtime": 0.14599919319152832
    },
    "63": {
        "score": 7.548299312591553,
        "runtime": 0.14099931716918945
    },
    "64": {
        "score": 7.02888298034668,
        "runtime": 0.14399957656860352
    },
    "65": {
        "score": 7.2967305183410645,
        "runtime": 0.14100003242492676
    },
    "66": {
        "score": 6.441997051239014,
        "runtime": 0.14999938011169434
    },
    "67": {
        "score": 5.8519744873046875,
        "runtime": 0.14599967002868652
    },
    "68": {
        "score": 6.811637878417969,
        "runtime": 0.14399957656860352
    },
    "69": {
        "score": 6.1407647132873535,
        "runtime": 0.13599920272827148
    },
    "70": {
        "score": 5.674020290374756,
        "runtime": 0.14099979400634766
    },
    "71": {
        "score": 7.704405307769775,
        "runtime": 0.1399991512298584
    },
    "72": {
        "score": 5.643134117126465,
        "runtime": 0.14200186729431152
    },
    "73": {
        "score": 7.519421100616455,
        "runtime": 0.1439988613128662
    },
    "74": {
        "score": 6.666444778442383,
        "runtime": 0.13699936866760254
    },
    "75": {
        "score": 6.707059383392334,
        "runtime": 0.13899660110473633
    },
    "76": {
        "score": 6.903810977935791,
        "runtime": 0.1419990062713623
    },
    "77": {
        "score": 7.433687210083008,
        "runtime": 0.14299964904785156
    },
    "78": {
        "score": 8.37646484375,
        "runtime": 0.14300131797790527
    },
    "79": {
        "score": 6.1489973068237305,
        "runtime": 0.14499735832214355
    },
    "80": {
        "score": 7.332337379455566,
        "runtime": 0.14299869537353516
    },
    "81": {
        "score": 6.75779914855957,
        "runtime": 0.14599919319152832
    },
    "82": {
        "score": 7.739138603210449,
        "runtime": 0.14300036430358887
    },
    "83": {
        "score": 7.316312789916992,
        "runtime": 0.14500069618225098
    },
    "84": {
        "score": 6.557990074157715,
        "runtime": 0.14300036430358887
    },