{
    "0": {
        "score": 8.09277057647705,
        "runtime": 115.29920983314514
    },
    "1": {
        "score": 8.68110179901123,
        "runtime": 114.91019678115845
    },
    "2": {
        "score": 8.351348876953125,
        "runtime": 115.13747930526733
    },
    "3": {
        "score": 8.453001022338867,
        "runtime": 115.58804035186768
    },
    "4": {
        "score": 8.56595516204834,
        "runtime": 114.88897132873535
    },
    "5": {
        "score": 8.093634605407715,
        "runtime": 115.04403042793274
    },
    "6": {
        "score": 8.08972454071045,
        "runtime": 115.16122460365295
    },
    "7": {
        "score": 8.808838844299316,
        "runtime": 115.4342622756958
    },
    "8": {
        "score": 7.914336204528809,
        "runtime": 115.36492133140564
    },
    "9": {
        "score": 7.992066383361816,
        "runtime": 115.33528661727905
    },
    "10": {
        "score": 8.202609062194824,
        "runtime": 116.2873785495758
    },
    "11": {
        "score": 7.936700820922852,
        "runtime": 115.48716592788696
    },
    "12": {
        "score": 8.696032524108887,
        "runtime": 115.99658417701721
    },
    "13": {
        "score": 7.831622123718262,
        "runtime": 115.68961358070374
    },
    "14": {
        "score": 8.333117485046387,
        "runtime": 114.83978390693665
    },
    "15": {
        "score": 8.219501495361328,
        "runtime": 114.5394811630249
    },
    "16": {
        "score": 8.136617660522461,
        "runtime": 116.05110383033752
    },
    "17": {
        "score": 8.149681091308594,
        "runtime": 114.77198696136475
    },
    "18": {
        "score": 8.32735538482666,
        "runtime": 115.3661675453186
    },
    "19": {
        "score": 8.62110710144043,
        "runtime": 114.66223645210266
    },
    "20": {
        "score": 8.273212432861328,
        "runtime": 114.41921544075012
    },
    "21": {
        "score": 8.334479331970215,
        "runtime": 116.09606742858887
    },
    "22": {
        "score": 8.030647277832031,
        "runtime": 116.57593655586243
    },
    "23": {
        "score": 8.338004112243652,
        "runtime": 115.63848924636841
    },
    "24": {
        "score": 7.471477508544922,
        "runtime": 115.4891414642334
    },
    "25": {
        "score": 8.352259635925293,
        "runtime": 116.23690462112427
    },
    "26": {
        "score": 8.406692504882812,
        "runtime": 116.21012544631958
    },
    "27": {
        "score": 8.14781665802002,
        "runtime": 117.16397166252136
    },
    "28": {
        "score": 8.638602256774902,
        "runtime": 114.44285821914673
    },
    "29": {
        "score": 7.637599945068359,
        "runtime": 115.22177481651306
    },
    "30": {
        "score": 8.357050895690918,
        "runtime": 117.00119495391846
    },
    "31": {
        "score": 8.103663444519043,
        "runtime": 116.41969156265259
    },
    "32": {
        "score": 7.866931915283203,
        "runtime": 114.87556910514832
    },
    "33": {
        "score": 8.14382553100586,
        "runtime": 116.53743362426758
    },
    "34": {
        "score": 8.012011528015137,
        "runtime": 116.40343403816223
    },
    "35": {
        "score": 8.079452514648438,
        "runtime": 115.01940774917603
    },
    "36": {
        "score": 8.102185249328613,
        "runtime": 115.6270797252655
    },
    "37": {
        "score": 8.127923965454102,
        "runtime": 115.4860212802887
    },
    "38": {
        "score": 8.080575942993164,
        "runtime": 116.36602783203125
    },
    "39": {
        "score": 7.9803338050842285,
        "runtime": 116.82431817054749
    },
    "40": {
        "score": 8.227032661437988,
        "runtime": 114.92774486541748
    },
    "41": {
        "score": 8.294815063476562,
        "runtime": 115.12451100349426
    },
    "42": {
        "score": 8.106950759887695,
        "runtime": 115.04350471496582
    },
    "43": {
        "score": 8.305412292480469,
        "runtime": 115.44886040687561
    },
    "44": {
        "score": 7.859370231628418,
        "runtime": 116.0917694568634
    },
    "45": {
        "score": 7.902304172515869,
        "runtime": 115.18236923217773
    },
    "46": {
        "score": 8.2988862991333,
        "runtime": 115.65213775634766
    },
    "47": {
        "score": 8.179302215576172,
        "runtime": 114.91250848770142
    },
    "48": {
        "score": 8.529231071472168,
        "runtime": 115.88639044761658
    },
    "49": {
        "score": 8.493654251098633,
        "runtime": 115.97595381736755
    },
    "50": {
        "score": 8.485406875610352,
        "runtime": 114.95016598701477
    },
    "51": {
        "score": 8.469511032104492,
        "runtime": 115.7050347328186
    },
    "52": {
        "score": 8.381105422973633,
        "runtime": 115.60118913650513
    },
    "53": {
        "score": 7.981309413909912,
        "runtime": 115.96349453926086
    },
    "54": {
        "score": 8.267587661743164,
        "runtime": 115.54195642471313
    },
    "55": {
        "score": 8.318336486816406,
        "runtime": 114.76562929153442
    },
    "56": {
        "score": 8.381919860839844,
        "runtime": 114.8368444442749
    },
    "57": {
        "score": 8.312873840332031,
        "runtime": 116.33742308616638
    },
    "58": {
        "score": 8.311272621154785,
        "runtime": 115.39626455307007
    },
    "59": {
        "score": 7.768216133117676,
        "runtime": 116.68240094184875
    },
    "60": {
        "score": 8.516977310180664,
        "runtime": 115.14509510993958
    },
    "61": {
        "score": 7.989634990692139,
        "runtime": 114.33820247650146
    },
    "62": {
        "score": 8.307002067565918,
        "runtime": 115.44791007041931
    },
    "63": {
        "score": 8.066887855529785,
        "runtime": 114.94097995758057
    },
    "64": {
        "score": 7.75912618637085,
        "runtime": 115.42316341400146
    },
    "65": {
        "score": 8.760812759399414,
        "runtime": 116.20040011405945
    },
    "66": {
        "score": 8.26702880859375,
        "runtime": 113.43137574195862
    },
    "67": {
        "score": 8.33177661895752,
        "runtime": 116.18109488487244
    },
    "68": {
        "score": 8.039435386657715,
        "runtime": 116.68637228012085
    },
    "69": {
        "score": 7.808106899261475,
        "runtime": 116.47579717636108
    },
    "70": {
        "score": 8.510115623474121,
        "runtime": 117.52705192565918
    },
    "71": {
        "score": 7.626488208770752,
        "runtime": 115.04720711708069
    },
    "72": {
        "score": 8.762462615966797,
        "runtime": 114.29094433784485
    },
    "73": {
        "score": 8.211039543151855,
        "runtime": 116.51671290397644
    },
    "74": {
        "score": 8.422148704528809,
        "runtime": 114.54597449302673
    },
    "75": {
        "score": 7.911698818206787,
        "runtime": 114.90432834625244
    },
    "76": {
        "score": 8.22545337677002,
        "runtime": 115.87300777435303
    },
    "77": {
        "score": 8.233993530273438,
        "runtime": 114.53486609458923
    },
    "78": {
        "score": 8.134302139282227,
        "runtime": 115.8746337890625
    },
    "79": {
        "score": 8.395453453063965,
        "runtime": 120.04347014427185
    },
    "80": {
        "score": 7.954895973205566,
        "runtime": 115.28044533729553
    },
    "81": {
        "score": 8.046157836914062,
        "runtime": 116.07521653175354
    },
    "82": {
        "score": 7.754788398742676,
        "runtime": 117.99400234222412
    },
    "83": {
        "score": 7.627144813537598,
        "runtime": 128.83501172065735
    },
    "84": {
        "score": 7.928025722503662,
        "runtime": 127.63593602180481
    },
    "85": {
        "score": 8.099023818969727,
        "runtime": 114.36048078536987
    },