{
    "0": {
        "score": 8.033528327941895,
        "runtime": 114.32223200798035
    },
    "1": {
        "score": 8.781536102294922,
        "runtime": 114.49065732955933
    },
    "2": {
        "score": 8.339089393615723,
        "runtime": 114.43551278114319
    },
    "3": {
        "score": 8.316839218139648,
        "runtime": 115.05743527412415
    },
    "4": {
        "score": 8.647043228149414,
        "runtime": 115.26023626327515
    },
    "5": {
        "score": 8.143322944641113,
        "runtime": 115.16370034217834
    },
    "6": {
        "score": 8.223149299621582,
        "runtime": 114.41174936294556
    },
    "7": {
        "score": 8.631017684936523,
        "runtime": 114.21217608451843
    },
    "8": {
        "score": 7.897103786468506,
        "runtime": 114.51365518569946
    },
    "9": {
        "score": 8.056495666503906,
        "runtime": 115.18219304084778
    },
    "10": {
        "score": 8.041277885437012,
        "runtime": 114.1507511138916
    },
    "11": {
        "score": 7.916759014129639,
        "runtime": 115.05104637145996
    },
    "12": {
        "score": 8.487125396728516,
        "runtime": 115.89297652244568
    },
    "13": {
        "score": 7.8791422843933105,
        "runtime": 115.53075313568115
    },
    "14": {
        "score": 8.190065383911133,
        "runtime": 115.5751416683197
    },
    "15": {
        "score": 8.24052906036377,
        "runtime": 114.63082671165466
    },
    "16": {
        "score": 8.064516067504883,
        "runtime": 114.94504308700562
    },
    "17": {
        "score": 8.256843566894531,
        "runtime": 114.90518069267273
    },
    "18": {
        "score": 8.402376174926758,
        "runtime": 116.023592710495
    },
    "19": {
        "score": 8.664907455444336,
        "runtime": 116.51673817634583
    },
    "20": {
        "score": 8.34245491027832,
        "runtime": 116.27472233772278
    },
    "21": {
        "score": 8.423834800720215,
        "runtime": 116.57050561904907
    },
    "22": {
        "score": 7.901274681091309,
        "runtime": 115.40848278999329
    },
    "23": {
        "score": 8.395596504211426,
        "runtime": 115.85551834106445
    },
    "24": {
        "score": 7.677054405212402,
        "runtime": 115.37161827087402
    },
    "25": {
        "score": 8.20647144317627,
        "runtime": 116.46688342094421
    },
    "26": {
        "score": 8.274090766906738,
        "runtime": 114.9961748123169
    },
    "27": {
        "score": 8.07104206085205,
        "runtime": 116.1639814376831
    },
    "28": {
        "score": 8.702169418334961,
        "runtime": 116.80436420440674
    },
    "29": {
        "score": 7.620750427246094,
        "runtime": 116.26173448562622
    },
    "30": {
        "score": 8.350067138671875,
        "runtime": 116.40050506591797
    },
    "31": {
        "score": 8.18311882019043,
        "runtime": 115.5509340763092
    },
    "32": {
        "score": 8.01099681854248,
        "runtime": 114.92667293548584
    },
    "33": {
        "score": 8.460131645202637,
        "runtime": 116.81821155548096
    },
    "34": {
        "score": 8.444571495056152,
        "runtime": 115.67865633964539
    },
    "35": {
        "score": 8.079452514648438,
        "runtime": 115.93762826919556
    },
    "36": {
        "score": 8.211009979248047,
        "runtime": 117.65201377868652
    },
    "37": {
        "score": 8.091811180114746,
        "runtime": 114.24032664299011
    },
    "38": {
        "score": 8.134553909301758,
        "runtime": 115.55672192573547
    },
    "39": {
        "score": 7.870736598968506,
        "runtime": 114.2093551158905
    },
    "40": {
        "score": 8.03945255279541,
        "runtime": 115.85435009002686
    },
    "41": {
        "score": 8.116748809814453,
        "runtime": 115.5529375076294
    },
    "42": {
        "score": 7.714125156402588,
        "runtime": 115.68108916282654
    },
    "43": {
        "score": 8.238983154296875,
        "runtime": 116.16959285736084
    },
    "44": {
        "score": 7.871939659118652,
        "runtime": 115.47661352157593
    },
    "45": {
        "score": 7.882997989654541,
        "runtime": 116.52865672111511
    },
    "46": {
        "score": 8.299105644226074,
        "runtime": 114.34534621238708
    },
    "47": {
        "score": 8.152153968811035,
        "runtime": 115.80162310600281
    },
    "48": {
        "score": 8.412049293518066,
        "runtime": 116.02846384048462
    },
    "49": {
        "score": 8.451118469238281,
        "runtime": 116.96013164520264
    },
    "50": {
        "score": 8.587401390075684,
        "runtime": 115.85612154006958
    },
    "51": {
        "score": 8.261331558227539,
        "runtime": 114.9196708202362
    },
    "52": {
        "score": 8.389894485473633,
        "runtime": 116.42919611930847
    },
    "53": {
        "score": 7.989148139953613,
        "runtime": 115.3751106262207
    },
    "54": {
        "score": 8.237378120422363,
        "runtime": 113.91303133964539
    },
    "55": {
        "score": 8.112605094909668,
        "runtime": 116.92919754981995
    },
    "56": {
        "score": 8.433439254760742,
        "runtime": 117.26101040840149
    },
    "57": {
        "score": 8.187677383422852,
        "runtime": 116.80995535850525
    },
    "58": {
        "score": 8.306002616882324,
        "runtime": 115.95232272148132
    },
    "59": {
        "score": 7.911982536315918,
        "runtime": 117.18761038780212
    },
    "60": {
        "score": 8.442975997924805,
        "runtime": 114.61911249160767
    },
    "61": {
        "score": 8.114825248718262,
        "runtime": 117.8119957447052
    },
    "62": {
        "score": 8.305798530578613,
        "runtime": 114.72390151023865
    },
    "63": {
        "score": 8.10141372680664,
        "runtime": 114.6824471950531
    },
    "64": {
        "score": 7.813111782073975,
        "runtime": 115.00010371208191
    },
    "65": {
        "score": 8.651180267333984,
        "runtime": 114.5958399772644
    },
    "66": {
        "score": 8.318648338317871,
        "runtime": 115.95610475540161
    },
    "67": {
        "score": 8.12198257446289,
        "runtime": 115.27866816520691
    },
    "68": {
        "score": 8.032262802124023,
        "runtime": 116.56332921981812
    },
    "69": {
        "score": 7.840548992156982,
        "runtime": 115.97202467918396
    },
    "70": {
        "score": 8.431467056274414,
        "runtime": 115.44008731842041
    },
    "71": {
        "score": 7.569180965423584,
        "runtime": 114.81645011901855
    },
    "72": {
        "score": 8.688093185424805,
        "runtime": 116.14266896247864
    },
    "73": {
        "score": 8.185952186584473,
        "runtime": 116.20389556884766
    },
    "74": {
        "score": 8.383131980895996,
        "runtime": 115.31354188919067
    },
    "75": {
        "score": 7.927433490753174,
        "runtime": 113.78085398674011
    },
    "76": {
        "score": 8.29080867767334,
        "runtime": 114.02389740943909
    },
    "77": {
        "score": 8.258419036865234,
        "runtime": 115.01387619972229
    },
    "78": {
        "score": 8.339776039123535,
        "runtime": 116.47472715377808
    },
    "79": {
        "score": 8.166285514831543,
        "runtime": 121.02308511734009
    },
    "80": {
        "score": 7.836377143859863,
        "runtime": 114.62348008155823
    },
    "81": {
        "score": 8.122878074645996,
        "runtime": 118.7877607345581
    },
    "82": {
        "score": 7.831759452819824,
        "runtime": 120.10000014305115
    },
    "83": {
        "score": 7.494146347045898,
        "runtime": 129.68228268623352
    },
    "84": {
        "score": 7.9892988204956055,
        "runtime": 129.4014163017273
    },
    "85": {
        "score": 8.1674222946167,
        "runtime": 115.60680913925171
    },