{
    "0": {
        "score": 8.028374671936035,
        "runtime": 115.42620205879211
    },
    "1": {
        "score": 8.629454612731934,
        "runtime": 114.94721937179565
    },
    "2": {
        "score": 8.246964454650879,
        "runtime": 115.50882244110107
    },
    "3": {
        "score": 8.461542129516602,
        "runtime": 113.85778045654297
    },
    "4": {
        "score": 8.627691268920898,
        "runtime": 114.08672714233398
    },
    "5": {
        "score": 7.930217742919922,
        "runtime": 114.5303385257721
    },
    "6": {
        "score": 8.11588191986084,
        "runtime": 115.00323939323425
    },
    "7": {
        "score": 8.565747261047363,
        "runtime": 114.29151129722595
    },
    "8": {
        "score": 8.748291969299316,
        "runtime": 114.57165789604187
    },
    "9": {
        "score": 8.093536376953125,
        "runtime": 115.61928629875183
    },
    "10": {
        "score": 8.240089416503906,
        "runtime": 115.31003880500793
    },
    "11": {
        "score": 7.817521095275879,
        "runtime": 115.03065752983093
    },
    "12": {
        "score": 8.460432052612305,
        "runtime": 115.84554648399353
    },
    "13": {
        "score": 7.889104843139648,
        "runtime": 115.67638993263245
    },
    "14": {
        "score": 8.028618812561035,
        "runtime": 115.5417411327362
    },
    "15": {
        "score": 8.180991172790527,
        "runtime": 115.24453473091125
    },
    "16": {
        "score": 8.178804397583008,
        "runtime": 115.58202981948853
    },
    "17": {
        "score": 8.24700927734375,
        "runtime": 116.17600703239441
    },
    "18": {
        "score": 8.19443416595459,
        "runtime": 115.52684116363525
    },
    "19": {
        "score": 8.740063667297363,
        "runtime": 115.71205019950867
    },
    "20": {
        "score": 8.390717506408691,
        "runtime": 116.80859279632568
    },
    "21": {
        "score": 8.450546264648438,
        "runtime": 114.81965804100037
    },
    "22": {
        "score": 7.932200908660889,
        "runtime": 114.8394227027893
    },
    "23": {
        "score": 8.34197998046875,
        "runtime": 115.87147879600525
    },
    "24": {
        "score": 7.371689319610596,
        "runtime": 115.83471131324768
    },
    "25": {
        "score": 8.173152923583984,
        "runtime": 114.75686240196228
    },
    "26": {
        "score": 8.525765419006348,
        "runtime": 116.03361630439758
    },
    "27": {
        "score": 8.018842697143555,
        "runtime": 116.68342518806458
    },
    "28": {
        "score": 8.714447975158691,
        "runtime": 115.33960437774658
    },
    "29": {
        "score": 7.602509498596191,
        "runtime": 115.2587776184082
    },
    "30": {
        "score": 8.637354850769043,
        "runtime": 117.98316431045532
    },
    "31": {
        "score": 8.223616600036621,
        "runtime": 114.69216108322144
    },
    "32": {
        "score": 7.802247047424316,
        "runtime": 116.16876435279846
    },
    "33": {
        "score": 8.22578239440918,
        "runtime": 115.0429105758667
    },
    "34": {
        "score": 7.927759170532227,
        "runtime": 116.2513530254364
    },
    "35": {
        "score": 8.199552536010742,
        "runtime": 115.85333919525146
    },
    "36": {
        "score": 8.158209800720215,
        "runtime": 114.84994792938232
    },
    "37": {
        "score": 8.13576602935791,
        "runtime": 115.000244140625
    },
    "38": {
        "score": 8.135464668273926,
        "runtime": 115.72776627540588
    },
    "39": {
        "score": 7.89031982421875,
        "runtime": 115.17561507225037
    },
    "40": {
        "score": 8.083762168884277,
        "runtime": 115.54041957855225
    },
    "41": {
        "score": 8.153412818908691,
        "runtime": 115.20952868461609
    },
    "42": {
        "score": 7.7932562828063965,
        "runtime": 116.02750205993652
    },
    "43": {
        "score": 8.216050148010254,
        "runtime": 116.32993388175964
    },
    "44": {
        "score": 8.004610061645508,
        "runtime": 115.59976887702942
    },
    "45": {
        "score": 7.841192245483398,
        "runtime": 115.2283022403717
    },
    "46": {
        "score": 8.478975296020508,
        "runtime": 115.64916777610779
    },
    "47": {
        "score": 8.178874015808105,
        "runtime": 116.15846300125122
    },
    "48": {
        "score": 8.661094665527344,
        "runtime": 116.28075504302979
    },
    "49": {
        "score": 8.510622024536133,
        "runtime": 116.47294664382935
    },
    "50": {
        "score": 8.47789478302002,
        "runtime": 115.46914601325989
    },
    "51": {
        "score": 8.200896263122559,
        "runtime": 116.31054472923279
    },
    "52": {
        "score": 8.18557071685791,
        "runtime": 115.66569495201111
    },
    "53": {
        "score": 7.967642307281494,
        "runtime": 116.63251042366028
    },
    "54": {
        "score": 8.409172058105469,
        "runtime": 116.78297805786133
    },
    "55": {
        "score": 8.498214721679688,
        "runtime": 115.88160991668701
    },
    "56": {
        "score": 8.403687477111816,
        "runtime": 116.42091131210327
    },
    "57": {
        "score": 8.44714069366455,
        "runtime": 114.58276867866516
    },
    "58": {
        "score": 8.429109573364258,
        "runtime": 115.65028190612793
    },
    "59": {
        "score": 7.8368239402771,
        "runtime": 117.09738779067993
    },
    "60": {
        "score": 8.24938678741455,
        "runtime": 116.22666645050049
    },
    "61": {
        "score": 8.134222984313965,
        "runtime": 115.44746708869934
    },
    "62": {
        "score": 8.330416679382324,
        "runtime": 115.90169882774353
    },
    "63": {
        "score": 7.9746904373168945,
        "runtime": 115.94128561019897
    },
    "64": {
        "score": 7.772143840789795,
        "runtime": 116.51280665397644
    },
    "65": {
        "score": 8.762642860412598,
        "runtime": 114.46790194511414
    },
    "66": {
        "score": 8.35384750366211,
        "runtime": 114.69781303405762
    },
    "67": {
        "score": 8.319441795349121,
        "runtime": 115.64411902427673
    },
    "68": {
        "score": 7.969085216522217,
        "runtime": 116.82292819023132
    },
    "69": {
        "score": 7.81613302230835,
        "runtime": 116.23128581047058
    },
    "70": {
        "score": 8.651162147521973,
        "runtime": 117.04605340957642
    },
    "71": {
        "score": 7.454898834228516,
        "runtime": 115.1681821346283
    },
    "72": {
        "score": 8.480693817138672,
        "runtime": 114.62542414665222
    },
    "73": {
        "score": 8.295638084411621,
        "runtime": 115.33494138717651
    },
    "74": {
        "score": 7.855606555938721,
        "runtime": 114.09375834465027
    },
    "75": {
        "score": 8.044341087341309,
        "runtime": 115.63236141204834
    },
    "76": {
        "score": 8.237239837646484,
        "runtime": 114.84801745414734
    },
    "77": {
        "score": 8.243961334228516,
        "runtime": 115.01940965652466
    },
    "78": {
        "score": 7.949729919433594,
        "runtime": 115.65295028686523
    },
    "79": {
        "score": 10.22438907623291,
        "runtime": 119.22594237327576
    },
    "80": {
        "score": 7.837207317352295,
        "runtime": 114.99248957633972
    },
    "81": {
        "score": 8.207406044006348,
        "runtime": 116.97053670883179
    },
    "82": {
        "score": 7.711816787719727,
        "runtime": 119.42580437660217
    },
    "83": {
        "score": 7.428057670593262,
        "runtime": 125.92401003837585
    },
    "84": {
        "score": 7.9122185707092285,
        "runtime": 129.09409737586975
    },
    "85": {
        "score": 8.140684127807617,
        "runtime": 114.41196727752686
    },