{
    "epoch=145-train_score=5.67336": {
        "result_avg": {
            "score": 5.74722382068634,
            "runtime": 0.2250097608566284
        },
        "result_std": {
            "score": 0.06647472645676887,
            "runtime": 0.0004438674645396306
        }
    },
    "epoch=147-train_score=5.60784": {
        "result_avg": {
            "score": 5.7614801359176635,
            "runtime": 0.22418965816497802
        },
        "result_std": {
            "score": 0.06578060252686142,
            "runtime": 0.0004581717925102336
        }
    },
    "epoch=83-train_score=5.66664": {
        "result_avg": {
            "score": 5.780653786659241,
            "runtime": 0.22392988443374634
        },
        "result_std": {
            "score": 0.07818166646504494,
            "runtime": 0.00043012236153060164
        }
    },
    "epoch=199-train_score=5.65763": {
        "result_avg": {
            "score": 5.746646418571472,
            "runtime": 0.22174968242645263
        },
        "result_std": {
            "score": 0.07170438521324494,
            "runtime": 0.0005606393174630058
        }
    },
    "epoch=197-train_score=5.67270": {
        "result_avg": {
            "score": 5.739489679336548,
            "runtime": 0.2245199203491211
        },
        "result_std": {
            "score": 0.06561409782491238,
            "runtime": 0.0004161867214952507
        }
    }
}