{
    "0": {
        "score": 5.614587306976318,
        "runtime": 0.3139989376068115
    },
    "1": {
        "score": 5.655172348022461,
        "runtime": 0.2200002670288086
    },
    "2": {
        "score": 6.067389488220215,
        "runtime": 0.22099924087524414
    },
    "3": {
        "score": 6.020211696624756,
        "runtime": 0.22499966621398926
    },
    "4": {
        "score": 5.690044403076172,
        "runtime": 0.24000024795532227
    },
    "5": {
        "score": 5.8312482833862305,
        "runtime": 0.2349998950958252
    },
    "6": {
        "score": 6.189203262329102,
        "runtime": 0.20399832725524902
    },
    "7": {
        "score": 5.960868835449219,
        "runtime": 0.20499920845031738
    },
    "8": {
        "score": 5.749032497406006,
        "runtime": 0.2220008373260498
    },
    "9": {
        "score": 6.307107448577881,
        "runtime": 0.23100018501281738
    },
    "10": {
        "score": 5.496968746185303,
        "runtime": 0.23400020599365234
    },
    "11": {
        "score": 5.096129417419434,
        "runtime": 0.2219996452331543
    },
    "12": {
        "score": 5.82580041885376,
        "runtime": 0.21199941635131836
    },
    "13": {
        "score": 5.85637092590332,
        "runtime": 0.20200014114379883
    },
    "14": {
        "score": 5.956424713134766,
        "runtime": 0.2519958019256592
    },
    "15": {
        "score": 6.000311374664307,
        "runtime": 0.24000120162963867
    },
    "16": {
        "score": 5.601335048675537,
        "runtime": 0.1939983367919922
    },
    "17": {
        "score": 5.5225911140441895,
        "runtime": 0.1770000457763672
    },
    "18": {
        "score": 5.677698135375977,
        "runtime": 0.21200060844421387
    },
    "19": {
        "score": 5.5648193359375,
        "runtime": 0.21399855613708496
    },
    "20": {
        "score": 5.420698642730713,
        "runtime": 0.2109982967376709
    },
    "21": {
        "score": 5.849993705749512,
        "runtime": 0.20799994468688965
    },
    "22": {
        "score": 5.588061332702637,
        "runtime": 0.2109994888305664
    },
    "23": {
        "score": 5.736028671264648,
        "runtime": 0.21699976921081543
    },
    "24": {
        "score": 5.859828948974609,
        "runtime": 0.23000097274780273
    },
    "25": {
        "score": 6.078736782073975,
        "runtime": 0.23900055885314941
    },
    "26": {
        "score": 5.671855449676514,
        "runtime": 0.18800139427185059
    },
    "27": {
        "score": 5.990221977233887,
        "runtime": 0.20200490951538086
    },
    "28": {
        "score": 5.782088756561279,
        "runtime": 0.21300101280212402
    },
    "29": {
        "score": 6.064070701599121,
        "runtime": 0.2219986915588379
    },
    "30": {
        "score": 5.840639114379883,
        "runtime": 0.20499897003173828
    },
    "31": {
        "score": 5.744831562042236,
        "runtime": 0.1810007095336914
    },
    "32": {
        "score": 5.880220413208008,
        "runtime": 0.2279965877532959
    },
    "33": {
        "score": 5.609893798828125,
        "runtime": 0.24600005149841309
    },
    "34": {
        "score": 5.7995924949646,
        "runtime": 0.24100112915039062
    },
    "35": {
        "score": 5.819910049438477,
        "runtime": 0.23400044441223145
    },
    "36": {
        "score": 5.761852741241455,
        "runtime": 0.26000046730041504
    },
    "37": {
        "score": 6.309654712677002,
        "runtime": 0.21899843215942383
    },
    "38": {
        "score": 5.6299872398376465,
        "runtime": 0.2239985466003418
    },
    "39": {
        "score": 6.171958923339844,
        "runtime": 0.222001314163208
    },
    "40": {
        "score": 5.52548360824585,
        "runtime": 0.21700024604797363
    },
    "41": {
        "score": 5.704033374786377,
        "runtime": 0.2389986515045166
    },
    "42": {
        "score": 5.609140872955322,
        "runtime": 0.22699928283691406
    },
    "43": {
        "score": 6.7629241943359375,
        "runtime": 0.20499944686889648
    },
    "44": {
        "score": 5.445080757141113,
        "runtime": 0.24700260162353516
    },
    "45": {
        "score": 5.714799880981445,
        "runtime": 0.2089998722076416
    },
    "46": {
        "score": 5.967401504516602,
        "runtime": 0.23000097274780273
    },
    "47": {
        "score": 5.6735992431640625,
        "runtime": 0.26199984550476074
    },
    "48": {
        "score": 5.591424465179443,
        "runtime": 0.20200014114379883
    },
    "49": {
        "score": 6.136017322540283,
        "runtime": 0.2329998016357422
    },
    "50": {
        "score": 5.969677925109863,
        "runtime": 0.24000096321105957
    },
    "51": {
        "score": 5.914987564086914,
        "runtime": 0.2499988079071045
    },
    "52": {
        "score": 6.3275909423828125,
        "runtime": 0.2389988899230957
    },
    "53": {
        "score": 5.271848678588867,
        "runtime": 0.20399904251098633
    },
    "54": {
        "score": 5.597259998321533,
        "runtime": 0.2200005054473877
    },
    "55": {
        "score": 5.890687465667725,
        "runtime": 0.23400187492370605
    },
    "56": {
        "score": 6.204606533050537,
        "runtime": 0.20000481605529785
    },
    "57": {
        "score": 5.817715644836426,
        "runtime": 0.23199844360351562
    },
    "58": {
        "score": 5.686089515686035,
        "runtime": 0.2350008487701416
    },
    "59": {
        "score": 5.687776565551758,
        "runtime": 0.22699880599975586
    },
    "60": {
        "score": 6.364154815673828,
        "runtime": 0.21600031852722168
    },
    "61": {
        "score": 5.648474216461182,
        "runtime": 0.21699905395507812
    },
    "62": {
        "score": 5.915773391723633,
        "runtime": 0.22300052642822266
    },
    "63": {
        "score": 5.82580041885376,
        "runtime": 0.2070000171661377
    },
    "64": {
        "score": 5.76155424118042,
        "runtime": 0.221998929977417
    },
    "65": {
        "score": 5.64553165435791,
        "runtime": 0.21900081634521484
    },
    "66": {
        "score": 5.618838787078857,
        "runtime": 0.2479996681213379
    },
    "67": {
        "score": 5.380460739135742,
        "runtime": 0.22600030899047852
    },
    "68": {
        "score": 5.8071794509887695,
        "runtime": 0.17399907112121582
    },
    "69": {
        "score": 5.3585333824157715,
        "runtime": 0.24500083923339844
    },
    "70": {
        "score": 5.858957767486572,
        "runtime": 0.23799943923950195
    },
    "71": {
        "score": 5.309767246246338,
        "runtime": 0.23200058937072754
    },
    "72": {
        "score": 6.100460052490234,
        "runtime": 0.2219996452331543
    },
    "73": {
        "score": 5.591290473937988,
        "runtime": 0.2310013771057129
    },
    "74": {
        "score": 5.635910511016846,
        "runtime": 0.21399974822998047
    },
    "75": {
        "score": 5.792710304260254,
        "runtime": 0.23599982261657715
    },
    "76": {
        "score": 6.094106674194336,
        "runtime": 0.22499680519104004
    },
    "77": {
        "score": 5.76000452041626,
        "runtime": 0.22900009155273438
    },
    "78": {
        "score": 5.872829437255859,
        "runtime": 0.19900059700012207
    },
    "79": {
        "score": 5.174671173095703,
        "runtime": 0.22699952125549316
    },
    "80": {
        "score": 5.697159767150879,
        "runtime": 0.24300026893615723
    },
    "81": {
        "score": 5.33355712890625,
        "runtime": 0.2219991683959961
    },
    "82": {
        "score": 5.529442310333252,
        "runtime": 0.2199997901916504
    },
    "83": {
        "score": 6.2987446784973145,
        "runtime": 0.19999980926513672
    },
    "84": {
        "score": 5.916595935821533,
        "runtime": 0.23099827766418457
    },
    "85": {
        "score": 5.781634330749512,