{
    "0": {
        "score": 6.608849048614502,
        "runtime": 1.702998399734497
    },
    "1": {
        "score": 6.608849048614502,
        "runtime": 1.7599987983703613
    },
    "2": {
        "score": 6.75044584274292,
        "runtime": 1.765000820159912
    },
    "3": {
        "score": 6.608849048614502,
        "runtime": 1.753002405166626
    },
    "4": {
        "score": 6.75044584274292,
        "runtime": 1.8410019874572754
    },
    "5": {
        "score": 6.608849048614502,
        "runtime": 1.692000389099121
    },
    "6": {
        "score": 6.608849048614502,
        "runtime": 1.746999979019165
    },
    "7": {
        "score": 6.608849048614502,
        "runtime": 1.7739994525909424
    },
    "8": {
        "score": 6.608849048614502,
        "runtime": 1.812997817993164
    },
    "9": {
        "score": 6.608849048614502,
        "runtime": 1.7029988765716553
    },
    "10": {
        "score": 6.608849048614502,
        "runtime": 1.7530028820037842
    },
    "11": {
        "score": 6.608849048614502,
        "runtime": 1.7649991512298584
    },
    "12": {
        "score": 6.608849048614502,
        "runtime": 1.699002981185913
    },
    "13": {
        "score": 6.75044584274292,
        "runtime": 1.8040015697479248
    },
    "14": {
        "score": 6.608849048614502,
        "runtime": 1.7290019989013672
    },
    "15": {
        "score": 6.608849048614502,
        "runtime": 1.7089993953704834
    },
    "16": {
        "score": 6.608849048614502,
        "runtime": 1.7730004787445068
    },
    "17": {
        "score": 6.608849048614502,
        "runtime": 1.706998586654663
    },
    "18": {
        "score": 6.608849048614502,
        "runtime": 1.7209968566894531
    },
    "19": {
        "score": 6.608849048614502,
        "runtime": 1.682997226715088
    },
    "20": {
        "score": 6.75044584274292,
        "runtime": 1.729999303817749
    },
    "21": {
        "score": 6.608849048614502,
        "runtime": 1.7769975662231445
    },
    "22": {
        "score": 6.608849048614502,
        "runtime": 1.7349979877471924
    },
    "23": {
        "score": 6.608849048614502,
        "runtime": 1.7669994831085205
    },
    "24": {
        "score": 6.75044584274292,
        "runtime": 1.7540020942687988
    },
    "25": {
        "score": 6.608849048614502,
        "runtime": 1.7180030345916748
    },
    "26": {
        "score": 6.608849048614502,
        "runtime": 1.762000560760498
    },
    "27": {
        "score": 6.608849048614502,
        "runtime": 1.7479982376098633
    },
    "28": {
        "score": 6.608849048614502,
        "runtime": 1.7229983806610107
    },
    "29": {
        "score": 6.608849048614502,
        "runtime": 1.7690024375915527
    },
    "30": {
        "score": 6.608849048614502,
        "runtime": 1.6679997444152832
    },
    "31": {
        "score": 6.608849048614502,
        "runtime": 1.743999719619751
    },
    "32": {
        "score": 6.75044584274292,
        "runtime": 1.7300007343292236
    },
    "33": {
        "score": 6.608849048614502,
        "runtime": 1.6720030307769775
    },
    "34": {
        "score": 6.608849048614502,
        "runtime": 1.7620000839233398
    },
    "35": {
        "score": 6.608849048614502,
        "runtime": 1.7279975414276123
    },
    "36": {
        "score": 6.608849048614502,
        "runtime": 1.719001054763794
    },
    "37": {
        "score": 6.608849048614502,
        "runtime": 1.7649989128112793
    },
    "38": {
        "score": 6.608849048614502,
        "runtime": 1.6849985122680664
    },
    "39": {
        "score": 6.608849048614502,
        "runtime": 1.746000051498413
    },
    "40": {
        "score": 6.75044584274292,
        "runtime": 1.707998275756836
    },
    "41": {
        "score": 6.75044584274292,
        "runtime": 1.7329990863800049
    },
    "42": {
        "score": 6.608849048614502,
        "runtime": 1.6959996223449707
    },
    "43": {
        "score": 6.608849048614502,
        "runtime": 1.768000841140747
    },
    "44": {
        "score": 6.608849048614502,
        "runtime": 1.7110023498535156
    },
    "45": {
        "score": 6.608849048614502,
        "runtime": 1.7429993152618408
    },
    "46": {
        "score": 6.75044584274292,
        "runtime": 1.7480013370513916
    },
    "47": {
        "score": 6.75044584274292,
        "runtime": 1.7409989833831787
    },
    "48": {
        "score": 6.608849048614502,
        "runtime": 1.7069995403289795
    },
    "49": {
        "score": 6.608849048614502,
        "runtime": 1.7090020179748535
    },
    "50": {
        "score": 6.608849048614502,
        "runtime": 1.7279996871948242
    },
    "51": {
        "score": 6.608849048614502,
        "runtime": 1.7379989624023438
    },
    "52": {
        "score": 6.608849048614502,
        "runtime": 1.7769975662231445
    },
    "53": {
        "score": 6.75044584274292,
        "runtime": 1.7670016288757324
    },
    "54": {
        "score": 6.608849048614502,
        "runtime": 1.7130019664764404
    },
    "55": {
        "score": 6.608849048614502,
        "runtime": 1.6914536952972412
    },
    "56": {
        "score": 6.608849048614502,
        "runtime": 1.7679989337921143
    },
    "57": {
        "score": 6.608849048614502,
        "runtime": 1.6939997673034668
    },
    "58": {
        "score": 6.608849048614502,
        "runtime": 1.712998867034912
    },
    "59": {
        "score": 6.75044584274292,
        "runtime": 1.723001480102539
    },
    "60": {
        "score": 6.608849048614502,
        "runtime": 1.7310028076171875
    },
    "61": {
        "score": 6.608849048614502,
        "runtime": 1.7550005912780762
    },
    "62": {
        "score": 6.75044584274292,
        "runtime": 1.6489970684051514
    },
    "63": {
        "score": 6.75044584274292,
        "runtime": 1.7370011806488037
    },
    "64": {
        "score": 6.75044584274292,
        "runtime": 1.7290003299713135
    },
    "65": {
        "score": 6.608849048614502,
        "runtime": 1.7739996910095215
    },
    "66": {
        "score": 6.608849048614502,
        "runtime": 1.7130000591278076
    },
    "67": {
        "score": 6.75044584274292,
        "runtime": 1.7220001220703125
    },
    "68": {
        "score": 6.608849048614502,
        "runtime": 1.764000654220581
    },
    "69": {
        "score": 6.608849048614502,
        "runtime": 1.7619996070861816
    },
    "70": {
        "score": 6.75044584274292,
        "runtime": 1.7859997749328613
    },
    "71": {
        "score": 6.608849048614502,
        "runtime": 1.7109992504119873
    },
    "72": {
        "score": 6.608849048614502,
        "runtime": 1.7140002250671387
    },
    "73": {
        "score": 6.608849048614502,
        "runtime": 1.7059979438781738
    },
    "74": {
        "score": 6.608849048614502,
        "runtime": 1.6870014667510986
    },
    "75": {
        "score": 6.608849048614502,
        "runtime": 1.818000078201294
    },
    "76": {
        "score": 6.608849048614502,
        "runtime": 1.7170021533966064
    },
    "77": {
        "score": 6.608849048614502,
        "runtime": 1.683002233505249
    },
    "78": {
        "score": 6.608849048614502,
        "runtime": 1.7139992713928223
    },
    "79": {
        "score": 6.608849048614502,
        "runtime": 1.6949992179870605
    },
    "80": {
        "score": 6.608849048614502,
        "runtime": 1.794999361038208
    },
    "81": {
        "score": 6.608849048614502,
        "runtime": 1.7190001010894775
    },
    "82": {
        "score": 6.608849048614502,
        "runtime": 1.7989990711212158
    },
    "83": {
        "score": 6.608849048614502,
        "runtime": 1.7540013790130615
    },
    "84": {
        "score": 6.75044584274292,
        "runtime": 1.7430014610290527
    },
    "85": {
        "score": 6.608849048614502,
        "runtime": 1.7599987983703613
    },
    "86": {
        "score": 6.608849048614502,