{
    "0": {
        "score": 7.999061107635498,
        "runtime": 122.21258115768433
    },
    "1": {
        "score": 9.396668434143066,
        "runtime": 121.64053130149841
    },
    "2": {
        "score": 8.166879653930664,
        "runtime": 121.78198623657227
    },
    "3": {
        "score": 8.620320320129395,
        "runtime": 121.64422059059143
    },
    "4": {
        "score": 8.529184341430664,
        "runtime": 123.55550050735474
    },
    "5": {
        "score": 8.358229637145996,
        "runtime": 122.02069640159607
    },
    "6": {
        "score": 8.0457181930542,
        "runtime": 123.0477545261383
    },
    "7": {
        "score": 8.78555965423584,
        "runtime": 122.6250376701355
    },
    "8": {
        "score": 8.0333890914917,
        "runtime": 121.98917126655579
    },
    "9": {
        "score": 8.38343620300293,
        "runtime": 121.67443442344666
    },
    "10": {
        "score": 8.363860130310059,
        "runtime": 123.2484712600708
    },
    "11": {
        "score": 7.9578166007995605,
        "runtime": 122.286301612854
    },
    "12": {
        "score": 8.329605102539062,
        "runtime": 123.46006989479065
    },
    "13": {
        "score": 7.693357944488525,
        "runtime": 123.8643069267273
    },
    "14": {
        "score": 8.600130081176758,
        "runtime": 122.98691463470459
    },
    "15": {
        "score": 8.422454833984375,
        "runtime": 122.76413130760193
    },
    "16": {
        "score": 9.039336204528809,
        "runtime": 122.14120197296143
    },
    "17": {
        "score": 8.409430503845215,
        "runtime": 122.4674162864685
    },
    "18": {
        "score": 8.246113777160645,
        "runtime": 122.91207098960876
    },
    "19": {
        "score": 8.639420509338379,
        "runtime": 122.63351058959961
    },
    "20": {
        "score": 8.429159164428711,
        "runtime": 122.97673082351685
    },
    "21": {
        "score": 8.735862731933594,
        "runtime": 124.3324544429779
    },
    "22": {
        "score": 8.11436653137207,
        "runtime": 123.66256737709045
    },
    "23": {
        "score": 8.17974853515625,
        "runtime": 123.84931349754333
    },
    "24": {
        "score": 7.821770191192627,
        "runtime": 123.31659197807312
    },
    "25": {
        "score": 8.43166446685791,
        "runtime": 122.38016724586487
    },
    "26": {
        "score": 8.278627395629883,
        "runtime": 124.84185194969177
    },
    "27": {
        "score": 8.068470001220703,
        "runtime": 125.14013862609863
    },
    "28": {
        "score": 8.611578941345215,
        "runtime": 123.81544184684753
    },
    "29": {
        "score": 8.117572784423828,
        "runtime": 123.87268495559692
    },
    "30": {
        "score": 8.10892105102539,
        "runtime": 122.53939127922058
    },
    "31": {
        "score": 8.341819763183594,
        "runtime": 122.51780128479004
    },
    "32": {
        "score": 8.240303993225098,
        "runtime": 123.28899955749512
    },
    "33": {
        "score": 8.45712947845459,
        "runtime": 123.10942578315735
    },
    "34": {
        "score": 8.247939109802246,
        "runtime": 123.26716876029968
    },
    "35": {
        "score": 8.112857818603516,
        "runtime": 123.00292348861694
    },
    "36": {
        "score": 7.991476535797119,
        "runtime": 123.20872926712036
    },
    "37": {
        "score": 8.46396541595459,
        "runtime": 122.83772706985474
    },
    "38": {
        "score": 8.197975158691406,
        "runtime": 122.88418531417847
    },
    "39": {
        "score": 7.719333171844482,
        "runtime": 123.22355437278748
    },
    "40": {
        "score": 8.318056106567383,
        "runtime": 122.84682011604309
    },
    "41": {
        "score": 7.995300769805908,
        "runtime": 121.5011944770813
    },
    "42": {
        "score": 8.085740089416504,
        "runtime": 123.53341865539551
    },
    "43": {
        "score": 8.216519355773926,
        "runtime": 123.59471082687378
    },
    "44": {
        "score": 7.897680759429932,
        "runtime": 123.79693341255188
    },
    "45": {
        "score": 8.097946166992188,
        "runtime": 123.24863767623901
    },
    "46": {
        "score": 8.667064666748047,
        "runtime": 123.35033702850342
    },
    "47": {
        "score": 8.035844802856445,
        "runtime": 124.13987803459167
    },
    "48": {
        "score": 8.456025123596191,
        "runtime": 123.08663415908813
    },
    "49": {
        "score": 8.396474838256836,
        "runtime": 122.61367607116699
    },
    "50": {
        "score": 8.38824462890625,
        "runtime": 123.9834771156311
    },
    "51": {
        "score": 8.451437950134277,
        "runtime": 122.84293127059937
    },
    "52": {
        "score": 8.676262855529785,
        "runtime": 123.05468225479126
    },
    "53": {
        "score": 8.136103630065918,
        "runtime": 123.45566391944885
    },
    "54": {
        "score": 8.75413703918457,
        "runtime": 124.38626050949097
    },
    "55": {
        "score": 8.141683578491211,
        "runtime": 122.20715808868408
    },
    "56": {
        "score": 8.102848052978516,
        "runtime": 122.38959312438965
    },
    "57": {
        "score": 8.2245454788208,
        "runtime": 123.22606229782104
    },
    "58": {
        "score": 8.665273666381836,
        "runtime": 123.51691150665283
    },
    "59": {
        "score": 7.470547676086426,
        "runtime": 123.36923480033875
    },
    "60": {
        "score": 8.555567741394043,
        "runtime": 123.40631866455078
    },
    "61": {
        "score": 8.072439193725586,
        "runtime": 124.42724967002869
    },
    "62": {
        "score": 8.35715103149414,
        "runtime": 122.14537596702576
    },
    "63": {
        "score": 8.014835357666016,
        "runtime": 123.4566695690155
    },
    "64": {
        "score": 8.178506851196289,
        "runtime": 122.11514639854431
    },
    "65": {
        "score": 8.98696231842041,
        "runtime": 124.20970940589905
    },
    "66": {
        "score": 8.374235153198242,
        "runtime": 122.04017066955566
    },
    "67": {
        "score": 7.944586277008057,
        "runtime": 122.89739227294922
    },
    "68": {
        "score": 7.964228630065918,
        "runtime": 123.19546723365784
    },
    "69": {
        "score": 7.601737976074219,
        "runtime": 123.52986764907837
    },
    "70": {
        "score": 8.839096069335938,
        "runtime": 123.01532983779907
    },
    "71": {
        "score": 7.909683704376221,
        "runtime": 123.19898676872253
    },
    "72": {
        "score": 8.210532188415527,
        "runtime": 123.54359149932861
    },
    "73": {
        "score": 8.545931816101074,
        "runtime": 123.8300211429596
    },
    "74": {
        "score": 7.8671650886535645,
        "runtime": 122.91022396087646
    },
    "75": {
        "score": 8.045393943786621,
        "runtime": 123.19846200942993
    },
    "76": {
        "score": 8.335796356201172,
        "runtime": 123.42067384719849
    },
    "77": {
        "score": 8.45376968383789,
        "runtime": 123.12908339500427
    },
    "78": {
        "score": 8.103590965270996,
        "runtime": 124.37521886825562
    },
    "79": {
        "score": 8.059586524963379,
        "runtime": 121.98504638671875
    },
    "80": {
        "score": 7.607802391052246,
        "runtime": 121.47591018676758
    },
    "81": {
        "score": 8.16519832611084,
        "runtime": 122.37271285057068
    },
    "82": {
        "score": 8.04090404510498,
        "runtime": 127.31708908081055
    },
    "83": {
        "score": 7.970323085784912,
        "runtime": 131.07090425491333
    },
    "84": {
        "score": 7.874853610992432,
        "runtime": 122.9384753704071
    },
    "85": {
        "score": 8.190476417541504,
        "runtime": 123.34263968467712
    },