{
    "0": {
        "score": 7.867002010345459,
        "runtime": 123.01506733894348
    },
    "1": {
        "score": 8.982339859008789,
        "runtime": 123.73580598831177
    },
    "2": {
        "score": 8.24803638458252,
        "runtime": 122.53186988830566
    },
    "3": {
        "score": 8.638124465942383,
        "runtime": 122.55921816825867
    },
    "4": {
        "score": 8.570363998413086,
        "runtime": 123.5647599697113
    },
    "5": {
        "score": 8.019791603088379,
        "runtime": 121.80611610412598
    },
    "6": {
        "score": 8.343840599060059,
        "runtime": 122.02045512199402
    },
    "7": {
        "score": 8.736023902893066,
        "runtime": 123.34887504577637
    },
    "8": {
        "score": 7.764185428619385,
        "runtime": 123.77579164505005
    },
    "9": {
        "score": 8.206737518310547,
        "runtime": 123.2728955745697
    },
    "10": {
        "score": 8.253439903259277,
        "runtime": 123.10246253013611
    },
    "11": {
        "score": 7.927584171295166,
        "runtime": 122.73869705200195
    },
    "12": {
        "score": 7.962784290313721,
        "runtime": 122.59279584884644
    },
    "13": {
        "score": 7.730788707733154,
        "runtime": 123.08524823188782
    },
    "14": {
        "score": 8.349130630493164,
        "runtime": 123.05087304115295
    },
    "15": {
        "score": 8.307843208312988,
        "runtime": 122.04692673683167
    },
    "16": {
        "score": 8.410470008850098,
        "runtime": 122.70426964759827
    },
    "17": {
        "score": 8.279265403747559,
        "runtime": 124.05692982673645
    },
    "18": {
        "score": 8.080866813659668,
        "runtime": 123.18863272666931
    },
    "19": {
        "score": 8.670548439025879,
        "runtime": 122.49766993522644
    },
    "20": {
        "score": 8.42132568359375,
        "runtime": 122.7645947933197
    },
    "21": {
        "score": 8.498414993286133,
        "runtime": 124.34445333480835
    },
    "22": {
        "score": 8.309447288513184,
        "runtime": 124.06224536895752
    },
    "23": {
        "score": 8.329236030578613,
        "runtime": 124.428302526474
    },
    "24": {
        "score": 7.601254463195801,
        "runtime": 122.43806505203247
    },
    "25": {
        "score": 8.197708129882812,
        "runtime": 125.1577467918396
    },
    "26": {
        "score": 8.237019538879395,
        "runtime": 124.28890323638916
    },
    "27": {
        "score": 7.861137390136719,
        "runtime": 123.99249839782715
    },
    "28": {
        "score": 8.616423606872559,
        "runtime": 123.61564588546753
    },
    "29": {
        "score": 7.851874828338623,
        "runtime": 122.56217312812805
    },
    "30": {
        "score": 8.177372932434082,
        "runtime": 122.70633697509766
    },
    "31": {
        "score": 8.046879768371582,
        "runtime": 124.3903591632843
    },
    "32": {
        "score": 7.889614582061768,
        "runtime": 124.07925462722778
    },
    "33": {
        "score": 8.51949405670166,
        "runtime": 124.05133390426636
    },
    "34": {
        "score": 8.157198905944824,
        "runtime": 123.48557019233704
    },
    "35": {
        "score": 7.97775936126709,
        "runtime": 124.14267492294312
    },
    "36": {
        "score": 7.975220203399658,
        "runtime": 122.76406860351562
    },
    "37": {
        "score": 8.315942764282227,
        "runtime": 122.49718809127808
    },
    "38": {
        "score": 7.9863996505737305,
        "runtime": 123.82430171966553
    },
    "39": {
        "score": 7.561788082122803,
        "runtime": 123.8068790435791
    },
    "40": {
        "score": 8.36007308959961,
        "runtime": 122.99258351325989
    },
    "41": {
        "score": 7.8299174308776855,
        "runtime": 122.79125308990479
    },
    "42": {
        "score": 7.856271266937256,
        "runtime": 123.85960054397583
    },
    "43": {
        "score": 7.944202423095703,
        "runtime": 123.60852670669556
    },
    "44": {
        "score": 7.756724834442139,
        "runtime": 123.93794894218445
    },
    "45": {
        "score": 7.946388244628906,
        "runtime": 123.62830662727356
    },
    "46": {
        "score": 8.801229476928711,
        "runtime": 123.47025346755981
    },
    "47": {
        "score": 7.93571138381958,
        "runtime": 123.8028347492218
    },
    "48": {
        "score": 8.133373260498047,
        "runtime": 123.71800637245178
    },
    "49": {
        "score": 8.36367130279541,
        "runtime": 124.75303077697754
    },
    "50": {
        "score": 8.287513732910156,
        "runtime": 124.33266854286194
    },
    "51": {
        "score": 8.39912223815918,
        "runtime": 123.50622940063477
    },
    "52": {
        "score": 8.449100494384766,
        "runtime": 123.58678650856018
    },
    "53": {
        "score": 7.977940559387207,
        "runtime": 124.4583809375763
    },
    "54": {
        "score": 9.000861167907715,
        "runtime": 125.17499446868896
    },
    "55": {
        "score": 8.2335205078125,
        "runtime": 123.37727880477905
    },
    "56": {
        "score": 8.206832885742188,
        "runtime": 122.14784836769104
    },
    "57": {
        "score": 8.301852226257324,
        "runtime": 123.44244122505188
    },
    "58": {
        "score": 8.1129150390625,
        "runtime": 123.71642589569092
    },
    "59": {
        "score": 7.5821356773376465,
        "runtime": 123.13762998580933
    },
    "60": {
        "score": 8.75226879119873,
        "runtime": 124.42561984062195
    },
    "61": {
        "score": 8.219653129577637,
        "runtime": 122.11889910697937
    },
    "62": {
        "score": 8.230204582214355,
        "runtime": 122.95630311965942
    },
    "63": {
        "score": 7.866020202636719,
        "runtime": 122.30906677246094
    },
    "64": {
        "score": 8.256597518920898,
        "runtime": 123.58091497421265
    },
    "65": {
        "score": 8.780031204223633,
        "runtime": 123.54356026649475
    },
    "66": {
        "score": 8.220670700073242,
        "runtime": 123.66744446754456
    },
    "67": {
        "score": 8.224291801452637,
        "runtime": 123.06508231163025
    },
    "68": {
        "score": 7.9651780128479,
        "runtime": 123.56529951095581
    },
    "69": {
        "score": 7.7439751625061035,
        "runtime": 122.32973575592041
    },
    "70": {
        "score": 8.73372745513916,
        "runtime": 123.4529333114624
    },
    "71": {
        "score": 7.889973163604736,
        "runtime": 122.32128262519836
    },
    "72": {
        "score": 8.240345001220703,
        "runtime": 122.34123945236206
    },
    "73": {
        "score": 8.593369483947754,
        "runtime": 122.54255294799805
    },
    "74": {
        "score": 7.660963535308838,
        "runtime": 122.80007815361023
    },
    "75": {
        "score": 7.7236785888671875,
        "runtime": 122.68113160133362
    },
    "76": {
        "score": 8.053945541381836,
        "runtime": 123.82037854194641
    },
    "77": {
        "score": 8.540550231933594,
        "runtime": 123.20441198348999
    },
    "78": {
        "score": 7.862245082855225,
        "runtime": 124.65490341186523
    },
    "79": {
        "score": 8.088712692260742,
        "runtime": 121.4040515422821
    },
    "80": {
        "score": 7.540428638458252,
        "runtime": 121.81710481643677
    },
    "81": {
        "score": 8.105807304382324,
        "runtime": 122.7830560207367
    },
    "82": {
        "score": 8.287840843200684,
        "runtime": 126.86956906318665
    },
    "83": {
        "score": 7.766202449798584,
        "runtime": 123.95341086387634
    },
    "84": {
        "score": 7.85051965713501,
        "runtime": 123.55605387687683
    },
    "85": {
        "score": 8.103731155395508,
        "runtime": 123.05404996871948
    },