{
    "0": {
        "score": 20.817914962768555,
        "runtime": 176.4180474281311
    },
    "1": {
        "score": 20.5845947265625,
        "runtime": 181.8878629207611
    },
    "2": {
        "score": 20.260473251342773,
        "runtime": 180.24402904510498
    },
    "3": {
        "score": 20.21335792541504,
        "runtime": 182.93499898910522
    },
    "4": {
        "score": 20.606433868408203,
        "runtime": 181.461998462677
    },
    "5": {
        "score": 20.492477416992188,
        "runtime": 181.0381817817688
    },
    "6": {
        "score": 20.135540008544922,
        "runtime": 180.43048191070557
    },
    "7": {
        "score": 19.88542366027832,
        "runtime": 180.7842948436737
    },
    "8": {
        "score": 20.571929931640625,
        "runtime": 179.00900220870972
    },
    "9": {
        "score": 19.754261016845703,
        "runtime": 178.6740005016327
    },
    "10": {
        "score": 20.622446060180664,
        "runtime": 178.22599959373474
    },
    "11": {
        "score": 19.33583641052246,
        "runtime": 179.57660031318665
    },
    "12": {
        "score": 20.021459579467773,
        "runtime": 179.10554242134094
    },
    "13": {
        "score": 19.80628204345703,
        "runtime": 178.05260848999023
    },
    "14": {
        "score": 20.29199981689453,
        "runtime": 177.96500039100647
    },
    "15": {
        "score": 21.28472137451172,
        "runtime": 178.63948440551758
    },
    "16": {
        "score": 19.630756378173828,
        "runtime": 178.6085114479065
    },
    "17": {
        "score": 19.99192237854004,
        "runtime": 179.31996607780457
    },
    "18": {
        "score": 19.955825805664062,
        "runtime": 177.87600016593933
    },
    "19": {
        "score": 19.227689743041992,
        "runtime": 177.54906797409058
    },
    "20": {
        "score": 20.125568389892578,
        "runtime": 180.04752826690674
    },
    "21": {
        "score": 19.928796768188477,
        "runtime": 179.85447478294373
    },
    "22": {
        "score": 19.290889739990234,
        "runtime": 179.83307218551636
    },
    "23": {
        "score": 20.293609619140625,
        "runtime": 180.53499913215637
    },
    "24": {
        "score": 19.820663452148438,
        "runtime": 181.32800126075745
    },
    "25": {
        "score": 19.99634552001953,
        "runtime": 179.64499759674072
    },
    "26": {
        "score": 19.94349479675293,
        "runtime": 179.96800136566162
    },
    "27": {
        "score": 20.712909698486328,
        "runtime": 177.28200316429138
    },
    "28": {
        "score": 19.8651180267334,
        "runtime": 177.5464963912964
    },
    "29": {
        "score": 21.054906845092773,
        "runtime": 189.51440334320068
    },
    "30": {
        "score": 19.927309036254883,
        "runtime": 179.00500011444092
    },
    "31": {
        "score": 20.681650161743164,
        "runtime": 177.14799857139587
    },
    "32": {
        "score": 19.868663787841797,
        "runtime": 176.26102542877197
    },
    "33": {
        "score": 19.848779678344727,
        "runtime": 178.98100018501282
    },
    "34": {
        "score": 19.49200439453125,
        "runtime": 179.9800021648407
    },
    "35": {
        "score": 20.052824020385742,
        "runtime": 179.39100003242493
    },
    "36": {
        "score": 19.64092254638672,
        "runtime": 178.64946842193604
    },
    "37": {
        "score": 19.090274810791016,
        "runtime": 179.7815022468567
    },
    "38": {
        "score": 19.970264434814453,
        "runtime": 179.6004672050476
    },
    "39": {
        "score": 18.9283447265625,
        "runtime": 179.02900195121765
    },
    "40": {
        "score": 20.681032180786133,
        "runtime": 179.90899920463562
    },
    "41": {
        "score": 19.29616355895996,
        "runtime": 179.07200002670288
    },
    "42": {
        "score": 19.883142471313477,
        "runtime": 179.4028296470642
    },
    "43": {
        "score": 19.641319274902344,
        "runtime": 180.79747200012207
    },
    "44": {
        "score": 20.674571990966797,
        "runtime": 180.28452062606812
    },
    "45": {
        "score": 19.457218170166016,
        "runtime": 180.12799978256226
    },
    "46": {
        "score": 19.211124420166016,
        "runtime": 179.7966980934143
    },
    "47": {
        "score": 19.511863708496094,
        "runtime": 177.1524636745453
    },
    "48": {
        "score": 19.464563369750977,
        "runtime": 178.2180004119873
    },
    "49": {
        "score": 20.080394744873047,
        "runtime": 179.01948761940002
    },
    "50": {
        "score": 19.414859771728516,
        "runtime": 180.049001455307
    },
    "51": {
        "score": 19.860836029052734,
        "runtime": 177.05247831344604
    },
    "52": {
        "score": 19.307632446289062,
        "runtime": 178.3300004005432
    },
    "53": {
        "score": 20.6240234375,
        "runtime": 174.6010024547577
    },
    "54": {
        "score": 20.105649948120117,
        "runtime": 172.58897471427917
    },
    "55": {
        "score": 19.495695114135742,
        "runtime": 174.43446135520935
    },
    "56": {
        "score": 19.4393367767334,
        "runtime": 173.64199995994568
    },
    "57": {
        "score": 19.863569259643555,
        "runtime": 174.19206523895264
    },
    "58": {
        "score": 19.489578247070312,
        "runtime": 173.15744614601135
    },
    "59": {
        "score": 19.51736831665039,
        "runtime": 175.8139979839325
    },
    "60": {
        "score": 19.101266860961914,
        "runtime": 174.4299771785736
    },
    "61": {
        "score": 19.759164810180664,
        "runtime": 175.77477097511292
    },
    "62": {
        "score": 20.08295249938965,
        "runtime": 173.68946290016174
    },
    "63": {
        "score": 20.256942749023438,
        "runtime": 173.18300247192383
    },
    "64": {
        "score": 20.293521881103516,
        "runtime": 179.00447940826416
    },
    "65": {
        "score": 19.664306640625,
        "runtime": 173.465350151062
    },
    "66": {
        "score": 20.0687198638916,
        "runtime": 176.99001550674438
    },
    "67": {
        "score": 20.299846649169922,
        "runtime": 175.89399647712708
    },
    "68": {
        "score": 19.180633544921875,
        "runtime": 174.13703560829163
    },
    "69": {
        "score": 19.896820068359375,
        "runtime": 175.7745237350464
    },
    "70": {
        "score": 20.239761352539062,
        "runtime": 174.9779999256134
    },
    "71": {
        "score": 19.590351104736328,
        "runtime": 174.6380569934845
    },
    "72": {
        "score": 19.34227752685547,
        "runtime": 174.00502800941467
    },
    "73": {
        "score": 19.935205459594727,
        "runtime": 172.50805616378784
    },
    "74": {
        "score": 19.434833526611328,
        "runtime": 174.17600297927856
    },
    "75": {
        "score": 20.34132957458496,
        "runtime": 174.00247263908386
    },
    "76": {
        "score": 19.37990951538086,
        "runtime": 173.3414807319641
    },
    "77": {
        "score": 19.825252532958984,
        "runtime": 173.3050811290741
    },
    "78": {
        "score": 20.134401321411133,
        "runtime": 174.7450304031372
    },
    "79": {
        "score": 19.066322326660156,
        "runtime": 175.02603101730347
    },
    "80": {
        "score": 20.261428833007812,
        "runtime": 174.34919214248657
    },
    "81": {
        "score": 19.613452911376953,
        "runtime": 204.2632119655609
    },
    "82": {
        "score": 20.26886558532715,
        "runtime": 171.910480260849
    },
    "83": {
        "score": 19.960187911987305,
        "runtime": 203.7119014263153
    },
    "84": {
        "score": 19.76205062866211,
        "runtime": 173.12356615066528
    },
    "85": {
        "score": 19.496356964111328,