{
    "0": {
        "score": 18.027307510375977,
        "runtime": 178.05804896354675
    },
    "1": {
        "score": 17.994050979614258,
        "runtime": 179.20386171340942
    },
    "2": {
        "score": 17.90472412109375,
        "runtime": 182.757000207901
    },
    "3": {
        "score": 17.866567611694336,
        "runtime": 177.90504455566406
    },
    "4": {
        "score": 18.747034072875977,
        "runtime": 181.13804388046265
    },
    "5": {
        "score": 19.03680992126465,
        "runtime": 178.48106002807617
    },
    "6": {
        "score": 18.138269424438477,
        "runtime": 178.8041365146637
    },
    "7": {
        "score": 18.16188621520996,
        "runtime": 184.81980538368225
    },
    "8": {
        "score": 18.007253646850586,
        "runtime": 178.70647811889648
    },
    "9": {
        "score": 18.07948875427246,
        "runtime": 181.322998046875
    },
    "10": {
        "score": 18.252519607543945,
        "runtime": 179.9484703540802
    },
    "11": {
        "score": 17.957305908203125,
        "runtime": 178.38359999656677
    },
    "12": {
        "score": 18.159032821655273,
        "runtime": 179.52554726600647
    },
    "13": {
        "score": 18.236494064331055,
        "runtime": 180.2634813785553
    },
    "14": {
        "score": 17.957265853881836,
        "runtime": 180.3050012588501
    },
    "15": {
        "score": 18.174333572387695,
        "runtime": 180.2754807472229
    },
    "16": {
        "score": 18.089143753051758,
        "runtime": 179.20751404762268
    },
    "17": {
        "score": 18.094097137451172,
        "runtime": 178.9479627609253
    },
    "18": {
        "score": 17.93280601501465,
        "runtime": 180.1140010356903
    },
    "19": {
        "score": 18.645240783691406,
        "runtime": 177.9930670261383
    },
    "20": {
        "score": 18.109121322631836,
        "runtime": 179.65452909469604
    },
    "21": {
        "score": 18.097883224487305,
        "runtime": 180.563472032547
    },
    "22": {
        "score": 18.135286331176758,
        "runtime": 179.84199976921082
    },
    "23": {
        "score": 17.97928237915039,
        "runtime": 180.93299889564514
    },
    "24": {
        "score": 17.84660530090332,
        "runtime": 179.35800004005432
    },
    "25": {
        "score": 18.544029235839844,
        "runtime": 180.2790002822876
    },
    "26": {
        "score": 18.3681697845459,
        "runtime": 179.40300107002258
    },
    "27": {
        "score": 18.084016799926758,
        "runtime": 177.8230013847351
    },
    "28": {
        "score": 18.030773162841797,
        "runtime": 179.08004641532898
    },
    "29": {
        "score": 18.421024322509766,
        "runtime": 193.6544051170349
    },
    "30": {
        "score": 17.847185134887695,
        "runtime": 182.7234604358673
    },
    "31": {
        "score": 17.93333625793457,
        "runtime": 176.69200015068054
    },
    "32": {
        "score": 18.142963409423828,
        "runtime": 178.48300051689148
    },
    "33": {
        "score": 18.485458374023438,
        "runtime": 180.0570034980774
    },
    "34": {
        "score": 18.03436279296875,
        "runtime": 179.1599986553192
    },
    "35": {
        "score": 18.90894889831543,
        "runtime": 178.65199971199036
    },
    "36": {
        "score": 17.994050979614258,
        "runtime": 177.93699741363525
    },
    "37": {
        "score": 17.912860870361328,
        "runtime": 178.03150153160095
    },
    "38": {
        "score": 18.084016799926758,
        "runtime": 181.8619999885559
    },
    "39": {
        "score": 18.16707992553711,
        "runtime": 177.63999843597412
    },
    "40": {
        "score": 18.83824920654297,
        "runtime": 179.3950002193451
    },
    "41": {
        "score": 18.084016799926758,
        "runtime": 180.01500010490417
    },
    "42": {
        "score": 18.084016799926758,
        "runtime": 179.9818308353424
    },
    "43": {
        "score": 17.998708724975586,
        "runtime": 180.27300143241882
    },
    "44": {
        "score": 18.600156784057617,
        "runtime": 180.7869987487793
    },
    "45": {
        "score": 18.000194549560547,
        "runtime": 178.5369997024536
    },
    "46": {
        "score": 17.85394859313965,
        "runtime": 181.00954842567444
    },
    "47": {
        "score": 17.7437686920166,
        "runtime": 180.7539258003235
    },
    "48": {
        "score": 17.853221893310547,
        "runtime": 182.18600130081177
    },
    "49": {
        "score": 17.963533401489258,
        "runtime": 178.40098643302917
    },
    "50": {
        "score": 18.1033992767334,
        "runtime": 179.37638115882874
    },
    "51": {
        "score": 17.949575424194336,
        "runtime": 179.80147767066956
    },
    "52": {
        "score": 17.881467819213867,
        "runtime": 178.39099740982056
    },
    "53": {
        "score": 19.04865074157715,
        "runtime": 173.318998336792
    },
    "54": {
        "score": 18.02668571472168,
        "runtime": 175.2189745903015
    },
    "55": {
        "score": 17.91438865661621,
        "runtime": 170.73846173286438
    },
    "56": {
        "score": 18.227489471435547,
        "runtime": 172.3430016040802
    },
    "57": {
        "score": 18.42848777770996,
        "runtime": 175.3300654888153
    },
    "58": {
        "score": 17.901681900024414,
        "runtime": 173.33700037002563
    },
    "59": {
        "score": 17.951454162597656,
        "runtime": 173.66900157928467
    },
    "60": {
        "score": 17.885986328125,
        "runtime": 173.79149103164673
    },
    "61": {
        "score": 18.49073600769043,
        "runtime": 175.8187701702118
    },
    "62": {
        "score": 18.100217819213867,
        "runtime": 173.99446511268616
    },
    "63": {
        "score": 18.330900192260742,
        "runtime": 174.03600025177002
    },
    "64": {
        "score": 19.023502349853516,
        "runtime": 183.16797614097595
    },
    "65": {
        "score": 18.11073112487793,
        "runtime": 174.65935349464417
    },
    "66": {
        "score": 18.092439651489258,
        "runtime": 173.7709996700287
    },
    "67": {
        "score": 18.64740562438965,
        "runtime": 173.80306196212769
    },
    "68": {
        "score": 17.847185134887695,
        "runtime": 172.50509572029114
    },
    "69": {
        "score": 18.100801467895508,
        "runtime": 172.98852801322937
    },
    "70": {
        "score": 18.28179931640625,
        "runtime": 174.05422520637512
    },
    "71": {
        "score": 18.061439514160156,
        "runtime": 175.2920002937317
    },
    "72": {
        "score": 17.8531436920166,
        "runtime": 175.5970003604889
    },
    "73": {
        "score": 18.12476921081543,
        "runtime": 175.8831114768982
    },
    "74": {
        "score": 18.471837997436523,
        "runtime": 175.31700134277344
    },
    "75": {
        "score": 17.994050979614258,
        "runtime": 175.81051349639893
    },
    "76": {
        "score": 18.340604782104492,
        "runtime": 174.48100209236145
    },
    "77": {
        "score": 18.249868392944336,
        "runtime": 174.9810812473297
    },
    "78": {
        "score": 17.76752471923828,
        "runtime": 172.9650275707245
    },
    "79": {
        "score": 18.135286331176758,
        "runtime": 175.76950597763062
    },
    "80": {
        "score": 17.94847869873047,
        "runtime": 176.21519589424133
    },
    "81": {
        "score": 18.092439651489258,
        "runtime": 203.92669367790222
    },
    "82": {
        "score": 18.38387680053711,
        "runtime": 172.326895236969
    },
    "83": {
        "score": 17.994050979614258,
        "runtime": 205.24183869361877
    },
    "84": {
        "score": 17.84799575805664,
        "runtime": 173.65556287765503
    },
    "85": {
        "score": 17.98131561279297,
        "runtime": 222.48327040672302
    },