{
    "epoch=147-train_score=5.60784": {
        "result_avg": {
            "score": 5.76415988445282,
            "runtime": 11.480913491249085
        },
        "result_std": {
            "score": 0.06470167348112346,
            "runtime": 0.01689913879035177
        }
    },
    "epoch=83-train_score=5.66664": {
        "result_avg": {
            "score": 5.783963017463684,
            "runtime": 11.49568410396576
        },
        "result_std": {
            "score": 0.08094060033342837,
            "runtime": 0.018842161450207163
        }
    },
    "epoch=197-train_score=5.67270": {
        "result_avg": {
            "score": 5.7393682670593265,
            "runtime": 11.508966159820556
        },
        "result_std": {
            "score": 0.06595875183795902,
            "runtime": 0.018207086376112326
        }
    },
    "epoch=199-train_score=5.65763": {
        "result_avg": {
            "score": 5.748807897567749,
            "runtime": 11.478798298835754
        },
        "result_std": {
            "score": 0.07274451636815221,
            "runtime": 0.015707357609472613
        }
    },
    "epoch=145-train_score=5.67336": {
        "result_avg": {
            "score": 5.746524376869202,
            "runtime": 11.489788510799407
        },
        "result_std": {
            "score": 0.06778863675909223,
            "runtime": 0.0183599069738933
        }
    }
}