{
    "0": {
        "score": 8.044167518615723,
        "runtime": 124.1457302570343
    },
    "1": {
        "score": 8.68110179901123,
        "runtime": 122.06920051574707
    },
    "2": {
        "score": 8.2848539352417,
        "runtime": 122.74072122573853
    },
    "3": {
        "score": 8.453001022338867,
        "runtime": 123.28306913375854
    },
    "4": {
        "score": 8.578394889831543,
        "runtime": 122.61469912528992
    },
    "5": {
        "score": 8.167348861694336,
        "runtime": 123.10725474357605
    },
    "6": {
        "score": 8.051383972167969,
        "runtime": 123.83343625068665
    },
    "7": {
        "score": 8.679644584655762,
        "runtime": 123.75118803977966
    },
    "8": {
        "score": 7.914336204528809,
        "runtime": 123.48398876190186
    },
    "9": {
        "score": 7.992066383361816,
        "runtime": 123.85289859771729
    },
    "10": {
        "score": 8.202609062194824,
        "runtime": 123.34808421134949
    },
    "11": {
        "score": 7.936700820922852,
        "runtime": 123.69235849380493
    },
    "12": {
        "score": 8.69989013671875,
        "runtime": 123.71612501144409
    },
    "13": {
        "score": 7.831622123718262,
        "runtime": 122.8553216457367
    },
    "14": {
        "score": 8.21419620513916,
        "runtime": 122.00444841384888
    },
    "15": {
        "score": 8.219501495361328,
        "runtime": 123.39469766616821
    },
    "16": {
        "score": 8.033510208129883,
        "runtime": 124.19056916236877
    },
    "17": {
        "score": 8.149681091308594,
        "runtime": 122.64498734474182
    },
    "18": {
        "score": 8.203375816345215,
        "runtime": 123.6176769733429
    },
    "19": {
        "score": 8.62110710144043,
        "runtime": 122.09854674339294
    },
    "20": {
        "score": 8.31354808807373,
        "runtime": 124.30462646484375
    },
    "21": {
        "score": 8.334479331970215,
        "runtime": 123.65656781196594
    },
    "22": {
        "score": 7.926156520843506,
        "runtime": 124.84636449813843
    },
    "23": {
        "score": 8.26518440246582,
        "runtime": 123.60472774505615
    },
    "24": {
        "score": 7.463687896728516,
        "runtime": 124.75837016105652
    },
    "25": {
        "score": 8.352259635925293,
        "runtime": 126.02940654754639
    },
    "26": {
        "score": 8.406692504882812,
        "runtime": 123.83096170425415
    },
    "27": {
        "score": 8.16283130645752,
        "runtime": 122.9143283367157
    },
    "28": {
        "score": 8.638602256774902,
        "runtime": 123.32227325439453
    },
    "29": {
        "score": 7.637599945068359,
        "runtime": 121.66900157928467
    },
    "30": {
        "score": 8.369189262390137,
        "runtime": 122.34964680671692
    },
    "31": {
        "score": 8.103663444519043,
        "runtime": 124.27302289009094
    },
    "32": {
        "score": 7.866931915283203,
        "runtime": 124.50624251365662
    },
    "33": {
        "score": 8.101103782653809,
        "runtime": 123.73037624359131
    },
    "34": {
        "score": 8.01188850402832,
        "runtime": 123.53789329528809
    },
    "35": {
        "score": 8.079452514648438,
        "runtime": 121.79958009719849
    },
    "36": {
        "score": 8.102185249328613,
        "runtime": 122.76912522315979
    },
    "37": {
        "score": 8.06467342376709,
        "runtime": 122.80099725723267
    },
    "38": {
        "score": 8.080575942993164,
        "runtime": 123.99649953842163
    },
    "39": {
        "score": 8.024462699890137,
        "runtime": 124.45723342895508
    },
    "40": {
        "score": 8.063343048095703,
        "runtime": 122.49151706695557
    },
    "41": {
        "score": 8.004167556762695,
        "runtime": 123.46242141723633
    },
    "42": {
        "score": 7.692413806915283,
        "runtime": 123.5928750038147
    },
    "43": {
        "score": 8.345135688781738,
        "runtime": 122.32305860519409
    },
    "44": {
        "score": 7.859370231628418,
        "runtime": 123.21042275428772
    },
    "45": {
        "score": 7.902304172515869,
        "runtime": 122.50338864326477
    },
    "46": {
        "score": 8.277847290039062,
        "runtime": 123.45594215393066
    },
    "47": {
        "score": 8.179302215576172,
        "runtime": 123.6120343208313
    },
    "48": {
        "score": 8.582674026489258,
        "runtime": 124.12396597862244
    },
    "49": {
        "score": 8.575379371643066,
        "runtime": 123.5987937450409
    },
    "50": {
        "score": 8.480777740478516,
        "runtime": 122.81897330284119
    },
    "51": {
        "score": 8.169625282287598,
        "runtime": 123.55665636062622
    },
    "52": {
        "score": 8.322875022888184,
        "runtime": 122.73638391494751
    },
    "53": {
        "score": 7.981309413909912,
        "runtime": 124.32590532302856
    },
    "54": {
        "score": 8.267587661743164,
        "runtime": 123.85024785995483
    },
    "55": {
        "score": 8.293333053588867,
        "runtime": 122.18054699897766
    },
    "56": {
        "score": 8.381919860839844,
        "runtime": 122.52290368080139
    },
    "57": {
        "score": 8.228875160217285,
        "runtime": 122.17700862884521
    },
    "58": {
        "score": 8.311272621154785,
        "runtime": 123.87071871757507
    },
    "59": {
        "score": 7.620525360107422,
        "runtime": 124.99324178695679
    },
    "60": {
        "score": 8.549946784973145,
        "runtime": 123.12972784042358
    },
    "61": {
        "score": 7.987602233886719,
        "runtime": 121.66946983337402
    },
    "62": {
        "score": 8.307002067565918,
        "runtime": 123.7106420993805
    },
    "63": {
        "score": 8.066887855529785,
        "runtime": 123.71451449394226
    },
    "64": {
        "score": 7.75912618637085,
        "runtime": 123.67908692359924
    },
    "65": {
        "score": 8.825074195861816,
        "runtime": 124.48870348930359
    },
    "66": {
        "score": 8.26702880859375,
        "runtime": 121.98433375358582
    },
    "67": {
        "score": 8.33177661895752,
        "runtime": 124.49797010421753
    },
    "68": {
        "score": 8.039435386657715,
        "runtime": 124.01091527938843
    },
    "69": {
        "score": 7.808106899261475,
        "runtime": 123.6316602230072
    },
    "70": {
        "score": 8.510115623474121,
        "runtime": 123.45357370376587
    },
    "71": {
        "score": 7.5818610191345215,
        "runtime": 122.70405316352844
    },
    "72": {
        "score": 8.762462615966797,
        "runtime": 122.04080080986023
    },
    "73": {
        "score": 8.211039543151855,
        "runtime": 123.76844120025635
    },
    "74": {
        "score": 7.983903884887695,
        "runtime": 122.36903619766235
    },
    "75": {
        "score": 7.874699115753174,
        "runtime": 123.2399845123291
    },
    "76": {
        "score": 8.22545337677002,
        "runtime": 124.50607800483704
    },
    "77": {
        "score": 8.222041130065918,
        "runtime": 122.5714418888092
    },
    "78": {
        "score": 8.16408634185791,
        "runtime": 122.5290458202362
    },
    "79": {
        "score": 8.38965129852295,
        "runtime": 127.21855664253235
    },
    "80": {
        "score": 8.000925064086914,
        "runtime": 121.97401261329651
    },
    "81": {
        "score": 8.046157836914062,
        "runtime": 124.38538694381714
    },
    "82": {
        "score": 7.754788398742676,
        "runtime": 128.11344003677368
    },
    "83": {
        "score": 7.62853479385376,
        "runtime": 134.4175992012024
    },
    "84": {
        "score": 7.8950018882751465,
        "runtime": 145.16083550453186
    },
    "85": {
        "score": 8.132935523986816,
        "runtime": 122.88426733016968
    },