{
    "0": {
        "score": 8.108538627624512,
        "runtime": 121.93816781044006
    },
    "1": {
        "score": 8.714198112487793,
        "runtime": 121.87948155403137
    },
    "2": {
        "score": 8.202359199523926,
        "runtime": 120.90355467796326
    },
    "3": {
        "score": 8.412055969238281,
        "runtime": 123.88157176971436
    },
    "4": {
        "score": 8.570442199707031,
        "runtime": 121.72496843338013
    },
    "5": {
        "score": 8.043407440185547,
        "runtime": 121.84108638763428
    },
    "6": {
        "score": 8.423349380493164,
        "runtime": 122.86644792556763
    },
    "7": {
        "score": 8.452943801879883,
        "runtime": 122.5130410194397
    },
    "8": {
        "score": 7.863097667694092,
        "runtime": 122.08998012542725
    },
    "9": {
        "score": 8.009778022766113,
        "runtime": 122.2271819114685
    },
    "10": {
        "score": 8.356514930725098,
        "runtime": 124.60192227363586
    },
    "11": {
        "score": 7.909307956695557,
        "runtime": 122.43542718887329
    },
    "12": {
        "score": 8.733074188232422,
        "runtime": 123.73169684410095
    },
    "13": {
        "score": 7.820357322692871,
        "runtime": 123.11098837852478
    },
    "14": {
        "score": 8.282245635986328,
        "runtime": 124.15865802764893
    },
    "15": {
        "score": 8.12299633026123,
        "runtime": 121.87765216827393
    },
    "16": {
        "score": 8.060272216796875,
        "runtime": 123.74580979347229
    },
    "17": {
        "score": 8.194246292114258,
        "runtime": 122.75594592094421
    },
    "18": {
        "score": 8.243354797363281,
        "runtime": 123.54743695259094
    },
    "19": {
        "score": 8.889100074768066,
        "runtime": 124.0301764011383
    },
    "20": {
        "score": 8.801444053649902,
        "runtime": 123.8135712146759
    },
    "21": {
        "score": 8.361852645874023,
        "runtime": 124.44619226455688
    },
    "22": {
        "score": 7.986782550811768,
        "runtime": 123.889169216156
    },
    "23": {
        "score": 8.266106605529785,
        "runtime": 122.92663884162903
    },
    "24": {
        "score": 7.749292373657227,
        "runtime": 122.97840452194214
    },
    "25": {
        "score": 8.323476791381836,
        "runtime": 124.7095365524292
    },
    "26": {
        "score": 8.428473472595215,
        "runtime": 124.4446759223938
    },
    "27": {
        "score": 8.0819730758667,
        "runtime": 124.41804337501526
    },
    "28": {
        "score": 8.674867630004883,
        "runtime": 123.7553825378418
    },
    "29": {
        "score": 7.614592552185059,
        "runtime": 121.61391973495483
    },
    "30": {
        "score": 8.286592483520508,
        "runtime": 122.52560305595398
    },
    "31": {
        "score": 8.51457691192627,
        "runtime": 123.67296934127808
    },
    "32": {
        "score": 8.00489616394043,
        "runtime": 122.81563901901245
    },
    "33": {
        "score": 8.207892417907715,
        "runtime": 123.21598243713379
    },
    "34": {
        "score": 8.56164836883545,
        "runtime": 123.5724561214447
    },
    "35": {
        "score": 8.14741325378418,
        "runtime": 124.58617830276489
    },
    "36": {
        "score": 8.147223472595215,
        "runtime": 123.0862991809845
    },
    "37": {
        "score": 8.034975051879883,
        "runtime": 122.91271328926086
    },
    "38": {
        "score": 8.167841911315918,
        "runtime": 123.8359694480896
    },
    "39": {
        "score": 8.259406089782715,
        "runtime": 122.0390396118164
    },
    "40": {
        "score": 8.132347106933594,
        "runtime": 121.69271850585938
    },
    "41": {
        "score": 8.13020133972168,
        "runtime": 123.23397183418274
    },
    "42": {
        "score": 7.8733954429626465,
        "runtime": 122.86285543441772
    },
    "43": {
        "score": 8.223586082458496,
        "runtime": 123.76113724708557
    },
    "44": {
        "score": 8.100404739379883,
        "runtime": 122.96267938613892
    },
    "45": {
        "score": 7.910695552825928,
        "runtime": 124.1507339477539
    },
    "46": {
        "score": 8.379469871520996,
        "runtime": 124.30215072631836
    },
    "47": {
        "score": 8.084921836853027,
        "runtime": 122.43264245986938
    },
    "48": {
        "score": 8.54185676574707,
        "runtime": 123.1407687664032
    },
    "49": {
        "score": 8.541022300720215,
        "runtime": 123.75246977806091
    },
    "50": {
        "score": 8.578998565673828,
        "runtime": 123.96030187606812
    },
    "51": {
        "score": 8.209240913391113,
        "runtime": 122.79730820655823
    },
    "52": {
        "score": 8.10159969329834,
        "runtime": 123.66359257698059
    },
    "53": {
        "score": 7.802145004272461,
        "runtime": 122.63103008270264
    },
    "54": {
        "score": 8.285247802734375,
        "runtime": 122.73710584640503
    },
    "55": {
        "score": 8.18908405303955,
        "runtime": 123.76615524291992
    },
    "56": {
        "score": 8.387141227722168,
        "runtime": 125.56225919723511
    },
    "57": {
        "score": 8.635396957397461,
        "runtime": 123.91035676002502
    },
    "58": {
        "score": 8.385078430175781,
        "runtime": 123.93099975585938
    },
    "59": {
        "score": 7.765596866607666,
        "runtime": 122.4907054901123
    },
    "60": {
        "score": 8.225764274597168,
        "runtime": 122.38337922096252
    },
    "61": {
        "score": 8.256903648376465,
        "runtime": 123.26459050178528
    },
    "62": {
        "score": 8.494257926940918,
        "runtime": 122.85293102264404
    },
    "63": {
        "score": 8.123774528503418,
        "runtime": 121.79660439491272
    },
    "64": {
        "score": 7.733547687530518,
        "runtime": 124.16333103179932
    },
    "65": {
        "score": 8.804461479187012,
        "runtime": 124.27859210968018
    },
    "66": {
        "score": 8.359298706054688,
        "runtime": 122.94763207435608
    },
    "67": {
        "score": 8.184945106506348,
        "runtime": 123.75671243667603
    },
    "68": {
        "score": 8.057634353637695,
        "runtime": 122.62321591377258
    },
    "69": {
        "score": 7.885931015014648,
        "runtime": 123.03037691116333
    },
    "70": {
        "score": 8.552044868469238,
        "runtime": 123.00682258605957
    },
    "71": {
        "score": 7.582375526428223,
        "runtime": 123.33033084869385
    },
    "72": {
        "score": 8.731233596801758,
        "runtime": 123.1460211277008
    },
    "73": {
        "score": 8.192179679870605,
        "runtime": 124.19004225730896
    },
    "74": {
        "score": 8.098684310913086,
        "runtime": 123.69301271438599
    },
    "75": {
        "score": 7.83992862701416,
        "runtime": 122.99264144897461
    },
    "76": {
        "score": 8.361247062683105,
        "runtime": 122.48837041854858
    },
    "77": {
        "score": 8.296363830566406,
        "runtime": 121.88542938232422
    },
    "78": {
        "score": 8.586767196655273,
        "runtime": 123.55272889137268
    },
    "79": {
        "score": 8.242144584655762,
        "runtime": 130.44849944114685
    },
    "80": {
        "score": 7.923377990722656,
        "runtime": 123.72476649284363
    },
    "81": {
        "score": 8.127373695373535,
        "runtime": 122.15016174316406
    },
    "82": {
        "score": 7.770795822143555,
        "runtime": 133.29195165634155
    },
    "83": {
        "score": 7.5918073654174805,
        "runtime": 135.26950788497925
    },
    "84": {
        "score": 7.982332706451416,
        "runtime": 138.30139112472534
    },
    "85": {
        "score": 8.23486042022705,
        "runtime": 123.75995826721191
    },