{
    "0": {
        "score": 8.102578163146973,
        "runtime": 122.81569004058838
    },
    "1": {
        "score": 8.7786865234375,
        "runtime": 122.30277872085571
    },
    "2": {
        "score": 8.27259349822998,
        "runtime": 122.28769636154175
    },
    "3": {
        "score": 8.316839218139648,
        "runtime": 122.13651251792908
    },
    "4": {
        "score": 8.572101593017578,
        "runtime": 122.6942195892334
    },
    "5": {
        "score": 8.143322944641113,
        "runtime": 122.03979349136353
    },
    "6": {
        "score": 7.98549747467041,
        "runtime": 123.51766300201416
    },
    "7": {
        "score": 8.631017684936523,
        "runtime": 122.74858117103577
    },
    "8": {
        "score": 7.897103786468506,
        "runtime": 121.83435130119324
    },
    "9": {
        "score": 8.022296905517578,
        "runtime": 122.8284080028534
    },
    "10": {
        "score": 8.041277885437012,
        "runtime": 121.93868350982666
    },
    "11": {
        "score": 7.916759014129639,
        "runtime": 122.86591696739197
    },
    "12": {
        "score": 8.487125396728516,
        "runtime": 124.03569912910461
    },
    "13": {
        "score": 7.8740129470825195,
        "runtime": 123.2999906539917
    },
    "14": {
        "score": 8.190065383911133,
        "runtime": 123.71535348892212
    },
    "15": {
        "score": 8.214753150939941,
        "runtime": 121.66413140296936
    },
    "16": {
        "score": 7.997704029083252,
        "runtime": 123.49529671669006
    },
    "17": {
        "score": 8.18976879119873,
        "runtime": 123.00296664237976
    },
    "18": {
        "score": 8.402376174926758,
        "runtime": 124.33895683288574
    },
    "19": {
        "score": 8.664907455444336,
        "runtime": 123.96873092651367
    },
    "20": {
        "score": 8.287762641906738,
        "runtime": 124.14538145065308
    },
    "21": {
        "score": 8.423834800720215,
        "runtime": 124.51236128807068
    },
    "22": {
        "score": 7.901274681091309,
        "runtime": 122.19238615036011
    },
    "23": {
        "score": 8.408809661865234,
        "runtime": 123.17000460624695
    },
    "24": {
        "score": 7.677054405212402,
        "runtime": 123.74832725524902
    },
    "25": {
        "score": 8.280146598815918,
        "runtime": 124.78070616722107
    },
    "26": {
        "score": 8.26826000213623,
        "runtime": 122.83441019058228
    },
    "27": {
        "score": 8.07104206085205,
        "runtime": 122.56551098823547
    },
    "28": {
        "score": 8.702169418334961,
        "runtime": 123.51235699653625
    },
    "29": {
        "score": 7.620750427246094,
        "runtime": 123.4375433921814
    },
    "30": {
        "score": 8.273098945617676,
        "runtime": 122.70959043502808
    },
    "31": {
        "score": 8.18311882019043,
        "runtime": 122.72390818595886
    },
    "32": {
        "score": 8.027181625366211,
        "runtime": 121.88469076156616
    },
    "33": {
        "score": 8.396634101867676,
        "runtime": 123.78145456314087
    },
    "34": {
        "score": 8.36344051361084,
        "runtime": 123.92989730834961
    },
    "35": {
        "score": 8.046523094177246,
        "runtime": 123.55365490913391
    },
    "36": {
        "score": 8.211009979248047,
        "runtime": 123.76380705833435
    },
    "37": {
        "score": 8.091811180114746,
        "runtime": 122.25466752052307
    },
    "38": {
        "score": 8.165144920349121,
        "runtime": 123.08246898651123
    },
    "39": {
        "score": 7.870736598968506,
        "runtime": 121.7700412273407
    },
    "40": {
        "score": 8.03945255279541,
        "runtime": 123.3530945777893
    },
    "41": {
        "score": 8.116748809814453,
        "runtime": 123.51935577392578
    },
    "42": {
        "score": 7.820746421813965,
        "runtime": 123.25283169746399
    },
    "43": {
        "score": 8.22602367401123,
        "runtime": 123.52856707572937
    },
    "44": {
        "score": 7.940008163452148,
        "runtime": 124.08993363380432
    },
    "45": {
        "score": 7.849206924438477,
        "runtime": 124.69606518745422
    },
    "46": {
        "score": 8.295720100402832,
        "runtime": 122.91589760780334
    },
    "47": {
        "score": 8.152153968811035,
        "runtime": 123.71164464950562
    },
    "48": {
        "score": 8.435578346252441,
        "runtime": 124.27376675605774
    },
    "49": {
        "score": 8.451118469238281,
        "runtime": 123.68344593048096
    },
    "50": {
        "score": 8.570268630981445,
        "runtime": 122.8332142829895
    },
    "51": {
        "score": 8.261331558227539,
        "runtime": 122.48581218719482
    },
    "52": {
        "score": 8.074563026428223,
        "runtime": 124.48059725761414
    },
    "53": {
        "score": 7.991397380828857,
        "runtime": 122.92493319511414
    },
    "54": {
        "score": 8.237378120422363,
        "runtime": 125.10958313941956
    },
    "55": {
        "score": 8.112605094909668,
        "runtime": 124.29362392425537
    },
    "56": {
        "score": 8.433439254760742,
        "runtime": 125.70274662971497
    },
    "57": {
        "score": 8.187677383422852,
        "runtime": 122.47654342651367
    },
    "58": {
        "score": 8.334869384765625,
        "runtime": 123.2164876461029
    },
    "59": {
        "score": 7.864676475524902,
        "runtime": 122.72769618034363
    },
    "60": {
        "score": 8.370733261108398,
        "runtime": 122.61036944389343
    },
    "61": {
        "score": 8.114825248718262,
        "runtime": 123.47276186943054
    },
    "62": {
        "score": 8.305798530578613,
        "runtime": 122.26395440101624
    },
    "63": {
        "score": 8.10141372680664,
        "runtime": 123.29407286643982
    },
    "64": {
        "score": 7.813111782073975,
        "runtime": 123.02263402938843
    },
    "65": {
        "score": 8.651180267333984,
        "runtime": 122.24259185791016
    },
    "66": {
        "score": 8.318648338317871,
        "runtime": 124.09029340744019
    },
    "67": {
        "score": 8.140624046325684,
        "runtime": 123.30093145370483
    },
    "68": {
        "score": 8.032262802124023,
        "runtime": 122.8103621006012
    },
    "69": {
        "score": 7.840548992156982,
        "runtime": 122.85883712768555
    },
    "70": {
        "score": 8.524188995361328,
        "runtime": 121.90459108352661
    },
    "71": {
        "score": 7.569180965423584,
        "runtime": 122.31285905838013
    },
    "72": {
        "score": 8.688093185424805,
        "runtime": 124.59353375434875
    },
    "73": {
        "score": 8.185952186584473,
        "runtime": 123.7207019329071
    },
    "74": {
        "score": 8.06826114654541,
        "runtime": 123.51380515098572
    },
    "75": {
        "score": 7.927433490753174,
        "runtime": 121.03773856163025
    },
    "76": {
        "score": 8.268791198730469,
        "runtime": 122.08390212059021
    },
    "77": {
        "score": 8.232754707336426,
        "runtime": 122.91390013694763
    },
    "78": {
        "score": 8.339776039123535,
        "runtime": 123.70568513870239
    },
    "79": {
        "score": 8.230189323425293,
        "runtime": 127.94500660896301
    },
    "80": {
        "score": 7.908041954040527,
        "runtime": 122.95521068572998
    },
    "81": {
        "score": 8.122878074645996,
        "runtime": 126.25835752487183
    },
    "82": {
        "score": 7.843428134918213,
        "runtime": 134.25895357131958
    },
    "83": {
        "score": 7.504056453704834,
        "runtime": 134.10059881210327
    },
    "84": {
        "score": 8.036011695861816,
        "runtime": 138.14677500724792
    },
    "85": {
        "score": 8.172436714172363,
        "runtime": 122.5150978565216
    },