{
    "0": {
        "score": 5.54872465133667,
        "runtime": 11.030726909637451
    },
    "1": {
        "score": 5.79927921295166,
        "runtime": 11.02991533279419
    },
    "2": {
        "score": 6.184398174285889,
        "runtime": 10.965988159179688
    },
    "3": {
        "score": 6.059227466583252,
        "runtime": 11.14988923072815
    },
    "4": {
        "score": 5.732729911804199,
        "runtime": 11.34904146194458
    },
    "5": {
        "score": 5.840554714202881,
        "runtime": 11.061481714248657
    },
    "6": {
        "score": 6.0720038414001465,
        "runtime": 10.906468152999878
    },
    "7": {
        "score": 5.990518093109131,
        "runtime": 11.111934423446655
    },
    "8": {
        "score": 5.767615795135498,
        "runtime": 10.980916976928711
    },
    "9": {
        "score": 6.291415214538574,
        "runtime": 11.325966358184814
    },
    "10": {
        "score": 5.496968746185303,
        "runtime": 10.955444574356079
    },
    "11": {
        "score": 5.01278829574585,
        "runtime": 11.070957899093628
    },
    "12": {
        "score": 5.823416233062744,
        "runtime": 11.120519876480103
    },
    "13": {
        "score": 5.749359130859375,
        "runtime": 11.004929542541504
    },
    "14": {
        "score": 5.984251976013184,
        "runtime": 10.935454845428467
    },
    "15": {
        "score": 6.0019659996032715,
        "runtime": 10.96399450302124
    },
    "16": {
        "score": 5.6078996658325195,
        "runtime": 11.0884850025177
    },
    "17": {
        "score": 5.476924419403076,
        "runtime": 10.903959035873413
    },
    "18": {
        "score": 5.810152530670166,
        "runtime": 10.912975788116455
    },
    "19": {
        "score": 5.550275802612305,
        "runtime": 10.883970499038696
    },
    "20": {
        "score": 5.449239253997803,
        "runtime": 11.087389469146729
    },
    "21": {
        "score": 5.921844959259033,
        "runtime": 10.839938402175903
    },
    "22": {
        "score": 5.6250996589660645,
        "runtime": 10.893938064575195
    },
    "23": {
        "score": 5.719677925109863,
        "runtime": 11.183449983596802
    },
    "24": {
        "score": 5.791593551635742,
        "runtime": 10.918988227844238
    },
    "25": {
        "score": 6.255040168762207,
        "runtime": 11.097468614578247
    },
    "26": {
        "score": 5.755539417266846,
        "runtime": 10.991451740264893
    },
    "27": {
        "score": 5.825384616851807,
        "runtime": 10.854513168334961
    },
    "28": {
        "score": 5.563612461090088,
        "runtime": 10.943915128707886
    },
    "29": {
        "score": 6.064957618713379,
        "runtime": 11.051977396011353
    },
    "30": {
        "score": 5.93556022644043,
        "runtime": 11.04294204711914
    },
    "31": {
        "score": 5.657261371612549,
        "runtime": 10.762691736221313
    },
    "32": {
        "score": 6.0271382331848145,
        "runtime": 10.989483118057251
    },
    "33": {
        "score": 5.652713775634766,
        "runtime": 10.840467691421509
    },
    "34": {
        "score": 5.609261512756348,
        "runtime": 10.644924640655518
    },
    "35": {
        "score": 5.933164596557617,
        "runtime": 10.93686842918396
    },
    "36": {
        "score": 5.852151870727539,
        "runtime": 10.943984508514404
    },
    "37": {
        "score": 6.309654712677002,
        "runtime": 10.788477182388306
    },
    "38": {
        "score": 5.594332218170166,
        "runtime": 11.099181175231934
    },
    "39": {
        "score": 6.093624591827393,
        "runtime": 11.117849111557007
    },
    "40": {
        "score": 5.53599739074707,
        "runtime": 10.97743272781372
    },
    "41": {
        "score": 5.741726875305176,
        "runtime": 10.894437551498413
    },
    "42": {
        "score": 5.700766563415527,
        "runtime": 10.865383625030518
    },
    "43": {
        "score": 6.403509140014648,
        "runtime": 10.964691877365112
    },
    "44": {
        "score": 5.435944080352783,
        "runtime": 10.948928117752075
    },
    "45": {
        "score": 5.715022563934326,
        "runtime": 10.962450504302979
    },
    "46": {
        "score": 6.0059814453125,
        "runtime": 10.994936466217041
    },
    "47": {
        "score": 5.716195583343506,
        "runtime": 10.997439622879028
    },
    "48": {
        "score": 5.577902317047119,
        "runtime": 11.00594162940979
    },
    "49": {
        "score": 6.2380266189575195,
        "runtime": 10.7929368019104
    },
    "50": {
        "score": 5.964966297149658,
        "runtime": 10.74997854232788
    },
    "51": {
        "score": 5.937408924102783,
        "runtime": 11.097487688064575
    },
    "52": {
        "score": 6.3272600173950195,
        "runtime": 11.283920526504517
    },
    "53": {
        "score": 5.39886474609375,
        "runtime": 11.09123158454895
    },
    "54": {
        "score": 5.750241279602051,
        "runtime": 10.99797248840332
    },
    "55": {
        "score": 5.982898712158203,
        "runtime": 10.93248701095581
    },
    "56": {
        "score": 6.118967056274414,
        "runtime": 11.000942945480347
    },
    "57": {
        "score": 6.225264549255371,
        "runtime": 10.945750951766968
    },
    "58": {
        "score": 5.798051357269287,
        "runtime": 10.96997356414795
    },
    "59": {
        "score": 5.732434272766113,
        "runtime": 10.868957757949829
    },
    "60": {
        "score": 6.3415069580078125,
        "runtime": 11.003923177719116
    },
    "61": {
        "score": 5.615568161010742,
        "runtime": 11.124979019165039
    },
    "62": {
        "score": 5.885218143463135,
        "runtime": 11.150020837783813
    },
    "63": {
        "score": 5.6820173263549805,
        "runtime": 11.02918291091919
    },
    "64": {
        "score": 5.689913749694824,
        "runtime": 11.047965049743652
    },
    "65": {
        "score": 5.801510334014893,
        "runtime": 11.254959106445312
    },
    "66": {
        "score": 5.547970294952393,
        "runtime": 10.833003282546997
    },
    "67": {
        "score": 5.3804612159729,
        "runtime": 10.874922037124634
    },
    "68": {
        "score": 5.737819671630859,
        "runtime": 11.013473510742188
    },
    "69": {
        "score": 5.403345584869385,
        "runtime": 10.854434490203857
    },
    "70": {
        "score": 5.850681304931641,
        "runtime": 11.045870542526245
    },
    "71": {
        "score": 5.444997787475586,
        "runtime": 11.039671182632446
    },
    "72": {
        "score": 6.029499053955078,
        "runtime": 11.107468366622925
    },
    "73": {
        "score": 5.582503795623779,
        "runtime": 11.025937557220459
    },
    "74": {
        "score": 5.630668640136719,
        "runtime": 10.996409893035889
    },
    "75": {
        "score": 5.9440016746521,
        "runtime": 10.981961250305176
    },
    "76": {
        "score": 6.09853982925415,
        "runtime": 10.859675407409668
    },
    "77": {
        "score": 5.719771385192871,
        "runtime": 10.903969526290894
    },
    "78": {
        "score": 6.01934289932251,
        "runtime": 10.847682476043701
    },
    "79": {
        "score": 5.123435020446777,
        "runtime": 11.095947265625
    },
    "80": {
        "score": 5.769998073577881,
        "runtime": 10.867456912994385
    },
    "81": {
        "score": 5.33355712890625,
        "runtime": 10.834951877593994
    },
    "82": {
        "score": 5.592456340789795,
        "runtime": 11.11343264579773
    },
    "83": {
        "score": 6.217923641204834,
        "runtime": 10.96795129776001
    },
    "84": {
        "score": 5.825488090515137,
        "runtime": 10.86599063873291
    },
    "85": {
        "score": 5.8203253746032715,
        "runtime": 10.92644214630127
    },