{
    "0": {
        "score": 15.863059043884277,
        "runtime": 183.93054366111755
    },
    "1": {
        "score": 15.786977767944336,
        "runtime": 181.16510200500488
    },
    "2": {
        "score": 15.849508285522461,
        "runtime": 182.40856647491455
    },
    "3": {
        "score": 15.786977767944336,
        "runtime": 180.5955846309662
    },
    "4": {
        "score": 15.863851547241211,
        "runtime": 184.24258661270142
    },
    "5": {
        "score": 15.850300788879395,
        "runtime": 182.65756821632385
    },
    "6": {
        "score": 15.850300788879395,
        "runtime": 181.16504216194153
    },
    "7": {
        "score": 15.850300788879395,
        "runtime": 183.84223341941833
    },
    "8": {
        "score": 15.786977767944336,
        "runtime": 180.41899704933167
    },
    "9": {
        "score": 15.944868087768555,
        "runtime": 180.87605738639832
    },
    "10": {
        "score": 15.786185264587402,
        "runtime": 178.74747252464294
    },
    "11": {
        "score": 15.850300788879395,
        "runtime": 179.183739900589
    },
    "12": {
        "score": 15.786977767944336,
        "runtime": 180.86899876594543
    },
    "13": {
        "score": 15.757586479187012,
        "runtime": 178.9249997138977
    },
    "14": {
        "score": 15.786977767944336,
        "runtime": 179.8920021057129
    },
    "15": {
        "score": 15.786977767944336,
        "runtime": 180.93446350097656
    },
    "16": {
        "score": 15.850300788879395,
        "runtime": 180.2444941997528
    },
    "17": {
        "score": 15.849508285522461,
        "runtime": 178.57620477676392
    },
    "18": {
        "score": 15.849508285522461,
        "runtime": 179.16003894805908
    },
    "19": {
        "score": 15.863851547241211,
        "runtime": 179.64599895477295
    },
    "20": {
        "score": 15.786977767944336,
        "runtime": 182.0660548210144
    },
    "21": {
        "score": 15.849508285522461,
        "runtime": 182.56446361541748
    },
    "22": {
        "score": 15.786185264587402,
        "runtime": 181.69399762153625
    },
    "23": {
        "score": 15.944868087768555,
        "runtime": 179.7250006198883
    },
    "24": {
        "score": 15.850300788879395,
        "runtime": 187.25504279136658
    },
    "25": {
        "score": 15.849508285522461,
        "runtime": 181.65699934959412
    },
    "26": {
        "score": 15.863059043884277,
        "runtime": 179.5525245666504
    },
    "27": {
        "score": 15.786185264587402,
        "runtime": 179.16329622268677
    },
    "28": {
        "score": 15.786977767944336,
        "runtime": 179.18500089645386
    },
    "29": {
        "score": 15.786185264587402,
        "runtime": 179.57900023460388
    },
    "30": {
        "score": 15.850300788879395,
        "runtime": 179.85005259513855
    },
    "31": {
        "score": 15.786977767944336,
        "runtime": 180.35652709007263
    },
    "32": {
        "score": 15.786977767944336,
        "runtime": 178.96900081634521
    },
    "33": {
        "score": 15.786977767944336,
        "runtime": 179.28299808502197
    },
    "34": {
        "score": 15.786185264587402,
        "runtime": 181.08300113677979
    },
    "35": {
        "score": 15.850300788879395,
        "runtime": 181.7445125579834
    },
    "36": {
        "score": 15.850300788879395,
        "runtime": 181.01551485061646
    },
    "37": {
        "score": 15.908456802368164,
        "runtime": 181.90703225135803
    },
    "38": {
        "score": 15.909141540527344,
        "runtime": 178.88599944114685
    },
    "39": {
        "score": 15.850300788879395,
        "runtime": 181.5880000591278
    },
    "40": {
        "score": 15.849508285522461,
        "runtime": 180.4360387325287
    },
    "41": {
        "score": 15.786977767944336,
        "runtime": 182.42900013923645
    },
    "42": {
        "score": 15.850300788879395,
        "runtime": 181.4329981803894
    },
    "43": {
        "score": 15.786977767944336,
        "runtime": 180.19899988174438
    },
    "44": {
        "score": 16.027915954589844,
        "runtime": 181.227477312088
    },
    "45": {
        "score": 15.786977767944336,
        "runtime": 180.77200031280518
    },
    "46": {
        "score": 15.849508285522461,
        "runtime": 182.95234274864197
    },
    "47": {
        "score": 15.786977767944336,
        "runtime": 179.11899971961975
    },
    "48": {
        "score": 15.786977767944336,
        "runtime": 180.78900003433228
    },
    "49": {
        "score": 15.786977767944336,
        "runtime": 180.43300104141235
    },
    "50": {
        "score": 15.863851547241211,
        "runtime": 181.9229986667633
    },
    "51": {
        "score": 15.850300788879395,
        "runtime": 181.15800285339355
    },
    "52": {
        "score": 15.850300788879395,
        "runtime": 181.11199975013733
    },
    "53": {
        "score": 15.850300788879395,
        "runtime": 178.36502599716187
    },
    "54": {
        "score": 15.786977767944336,
        "runtime": 173.53199934959412
    },
    "55": {
        "score": 15.786977767944336,
        "runtime": 176.17200231552124
    },
    "56": {
        "score": 15.786977767944336,
        "runtime": 176.3033287525177
    },
    "57": {
        "score": 15.839810371398926,
        "runtime": 175.66200041770935
    },
    "58": {
        "score": 15.786185264587402,
        "runtime": 174.7480001449585
    },
    "59": {
        "score": 15.786977767944336,
        "runtime": 174.28546714782715
    },
    "60": {
        "score": 15.850300788879395,
        "runtime": 178.1746141910553
    },
    "61": {
        "score": 15.786977767944336,
        "runtime": 174.04151439666748
    },
    "62": {
        "score": 15.786977767944336,
        "runtime": 175.45499873161316
    },
    "63": {
        "score": 15.944075584411621,
        "runtime": 173.65499997138977
    },
    "64": {
        "score": 15.850300788879395,
        "runtime": 205.59706449508667
    },
    "65": {
        "score": 15.786185264587402,
        "runtime": 176.8470709323883
    },
    "66": {
        "score": 15.786977767944336,
        "runtime": 178.07210779190063
    },
    "67": {
        "score": 15.849508285522461,
        "runtime": 178.43005275726318
    },
    "68": {
        "score": 15.786185264587402,
        "runtime": 176.2170569896698
    },
    "69": {
        "score": 15.850300788879395,
        "runtime": 174.88659358024597
    },
    "70": {
        "score": 15.850300788879395,
        "runtime": 177.36200094223022
    },
    "71": {
        "score": 16.02870750427246,
        "runtime": 175.67496800422668
    },
    "72": {
        "score": 15.850300788879395,
        "runtime": 175.83500027656555
    },
    "73": {
        "score": 15.863851547241211,
        "runtime": 175.8876247406006
    },
    "74": {
        "score": 15.757586479187012,
        "runtime": 175.17700099945068
    },
    "75": {
        "score": 15.786977767944336,
        "runtime": 176.3956754207611
    },
    "76": {
        "score": 15.786185264587402,
        "runtime": 175.8801519870758
    },
    "77": {
        "score": 15.849508285522461,
        "runtime": 175.56302785873413
    },
    "78": {
        "score": 15.850300788879395,
        "runtime": 176.36700224876404
    },
    "79": {
        "score": 16.02870750427246,
        "runtime": 174.5509638786316
    },
    "80": {
        "score": 15.849508285522461,
        "runtime": 177.12277460098267
    },
    "81": {
        "score": 15.786185264587402,
        "runtime": 207.1947877407074
    },
    "82": {
        "score": 15.849508285522461,
        "runtime": 173.30186653137207
    },
    "83": {
        "score": 15.850300788879395,
        "runtime": 214.77826142311096
    },
    "84": {
        "score": 15.757586479187012,
        "runtime": 173.549480676651
    },
    "85": {
        "score": 15.850300788879395,