{
    "0": {
        "score": 10.910077095031738,
        "runtime": 20.23100256919861
    },
    "1": {
        "score": 11.33162784576416,
        "runtime": 21.33000087738037
    },
    "2": {
        "score": 11.33162784576416,
        "runtime": 20.43600106239319
    },
    "3": {
        "score": 11.33162784576416,
        "runtime": 20.72100067138672
    },
    "4": {
        "score": 11.33162784576416,
        "runtime": 20.164000034332275
    },
    "5": {
        "score": 10.910077095031738,
        "runtime": 20.05800223350525
    },
    "6": {
        "score": 11.33162784576416,
        "runtime": 20.27900004386902
    },
    "7": {
        "score": 10.910077095031738,
        "runtime": 20.25800132751465
    },
    "8": {
        "score": 10.910077095031738,
        "runtime": 20.26500129699707
    },
    "9": {
        "score": 11.171046257019043,
        "runtime": 20.256999969482422
    },
    "10": {
        "score": 10.910077095031738,
        "runtime": 20.86600160598755
    },
    "11": {
        "score": 11.33162784576416,
        "runtime": 20.26600193977356
    },
    "12": {
        "score": 10.910077095031738,
        "runtime": 21.154001474380493
    },
    "13": {
        "score": 10.915532112121582,
        "runtime": 20.352000951766968
    },
    "14": {
        "score": 10.910077095031738,
        "runtime": 20.392002820968628
    },
    "15": {
        "score": 10.910077095031738,
        "runtime": 20.57399845123291
    },
    "16": {
        "score": 10.910077095031738,
        "runtime": 21.10500192642212
    },
    "17": {
        "score": 10.910077095031738,
        "runtime": 20.633002042770386
    },
    "18": {
        "score": 11.33162784576416,
        "runtime": 20.48300075531006
    },
    "19": {
        "score": 10.915532112121582,
        "runtime": 20.269997358322144
    },
    "20": {
        "score": 11.33162784576416,
        "runtime": 20.40899920463562
    },
    "21": {
        "score": 10.910077095031738,
        "runtime": 20.284998416900635
    },
    "22": {
        "score": 11.33162784576416,
        "runtime": 20.040001153945923
    },
    "23": {
        "score": 10.910077095031738,
        "runtime": 20.450003147125244
    },
    "24": {
        "score": 10.915532112121582,
        "runtime": 21.15699791908264
    },
    "25": {
        "score": 11.33162784576416,
        "runtime": 20.415997982025146
    },
    "26": {
        "score": 11.33162784576416,
        "runtime": 20.7160005569458
    },
    "27": {
        "score": 10.915532112121582,
        "runtime": 21.2079975605011
    },
    "28": {
        "score": 10.910077095031738,
        "runtime": 20.31600046157837
    },
    "29": {
        "score": 10.915532112121582,
        "runtime": 20.793001413345337
    },
    "30": {
        "score": 10.910077095031738,
        "runtime": 20.71300196647644
    },
    "31": {
        "score": 11.33162784576416,
        "runtime": 20.890999794006348
    },
    "32": {
        "score": 10.915532112121582,
        "runtime": 20.23299741744995
    },
    "33": {
        "score": 10.910077095031738,
        "runtime": 20.956000328063965
    },
    "34": {
        "score": 11.33162784576416,
        "runtime": 20.48700261116028
    },
    "35": {
        "score": 10.915532112121582,
        "runtime": 20.44999933242798
    },
    "36": {
        "score": 10.915532112121582,
        "runtime": 20.445000648498535
    },
    "37": {
        "score": 11.33162784576416,
        "runtime": 20.394002437591553
    },
    "38": {
        "score": 10.910077095031738,
        "runtime": 20.629002809524536
    },
    "39": {
        "score": 10.910077095031738,
        "runtime": 20.310999631881714
    },
    "40": {
        "score": 10.910077095031738,
        "runtime": 20.19399881362915
    },
    "41": {
        "score": 10.910077095031738,
        "runtime": 20.151000261306763
    },
    "42": {
        "score": 11.171046257019043,
        "runtime": 20.463000535964966
    },
    "43": {
        "score": 10.915532112121582,
        "runtime": 19.891000270843506
    },
    "44": {
        "score": 10.915532112121582,
        "runtime": 20.568998336791992
    },
    "45": {
        "score": 10.910077095031738,
        "runtime": 19.97499966621399
    },
    "46": {
        "score": 11.33162784576416,
        "runtime": 20.628000259399414
    },
    "47": {
        "score": 10.910077095031738,
        "runtime": 20.43600106239319
    },
    "48": {
        "score": 11.342915534973145,
        "runtime": 20.438469886779785
    },
    "49": {
        "score": 11.33162784576416,
        "runtime": 21.162999629974365
    },
    "50": {
        "score": 11.33162784576416,
        "runtime": 20.433000326156616
    },
    "51": {
        "score": 10.910077095031738,
        "runtime": 21.068000078201294
    },
    "52": {
        "score": 10.910077095031738,
        "runtime": 20.36999773979187
    },
    "53": {
        "score": 11.33162784576416,
        "runtime": 20.39299964904785
    },
    "54": {
        "score": 11.33162784576416,
        "runtime": 20.393040418624878
    },
    "55": {
        "score": 10.915532112121582,
        "runtime": 20.45999836921692
    },
    "56": {
        "score": 10.910077095031738,
        "runtime": 20.970999479293823
    },
    "57": {
        "score": 11.33162784576416,
        "runtime": 20.501997709274292
    },
    "58": {
        "score": 10.915532112121582,
        "runtime": 20.917001962661743
    },
    "59": {
        "score": 10.910077095031738,
        "runtime": 20.236999988555908
    },
    "60": {
        "score": 11.33162784576416,
        "runtime": 21.1940016746521
    },
    "61": {
        "score": 10.910077095031738,
        "runtime": 20.49100089073181
    },
    "62": {
        "score": 11.33162784576416,
        "runtime": 20.233997583389282
    },
    "63": {
        "score": 10.910077095031738,
        "runtime": 20.540001153945923
    },
    "64": {
        "score": 10.915532112121582,
        "runtime": 21.104000329971313
    },
    "65": {
        "score": 10.915532112121582,
        "runtime": 20.291999340057373
    },
    "66": {
        "score": 11.33162784576416,
        "runtime": 21.289002895355225
    },
    "67": {
        "score": 11.33162784576416,
        "runtime": 20.430002450942993
    },
    "68": {
        "score": 10.915532112121582,
        "runtime": 20.65499973297119
    },
    "69": {
        "score": 10.910077095031738,
        "runtime": 20.45799970626831
    },
    "70": {
        "score": 11.33162784576416,
        "runtime": 21.138996839523315
    },
    "71": {
        "score": 10.910077095031738,
        "runtime": 20.390998363494873
    },
    "72": {
        "score": 11.33162784576416,
        "runtime": 20.324002027511597
    },
    "73": {
        "score": 10.910077095031738,
        "runtime": 20.272998332977295
    },
    "74": {
        "score": 11.33162784576416,
        "runtime": 20.65299963951111
    },
    "75": {
        "score": 11.33162784576416,
        "runtime": 20.51900029182434
    },
    "76": {
        "score": 10.910077095031738,
        "runtime": 21.115000009536743
    },
    "77": {
        "score": 10.915532112121582,
        "runtime": 20.437028884887695
    },
    "78": {
        "score": 10.915532112121582,
        "runtime": 20.459999799728394
    },
    "79": {
        "score": 10.915532112121582,
        "runtime": 20.360012531280518
    },
    "80": {
        "score": 10.910077095031738,
        "runtime": 20.862000703811646
    },
    "81": {
        "score": 10.910077095031738,
        "runtime": 20.47199845314026
    },
    "82": {
        "score": 11.33162784576416,
        "runtime": 20.35900068283081
    },
    "83": {
        "score": 11.33162784576416,
        "runtime": 20.531997203826904
    },
    "84": {
        "score": 11.33162784576416,
        "runtime": 20.13900136947632
    },
    "85": {
        "score": 10.910077095031738,