{
    "0": {
        "score": 10.997831344604492,
        "runtime": 20.980000734329224
    },
    "1": {
        "score": 10.997831344604492,
        "runtime": 20.308001041412354
    },
    "2": {
        "score": 10.997831344604492,
        "runtime": 21.571999311447144
    },
    "3": {
        "score": 10.997831344604492,
        "runtime": 20.315000534057617
    },
    "4": {
        "score": 10.997831344604492,
        "runtime": 20.44999885559082
    },
    "5": {
        "score": 10.997831344604492,
        "runtime": 20.901999473571777
    },
    "6": {
        "score": 10.997831344604492,
        "runtime": 20.175998210906982
    },
    "7": {
        "score": 10.997831344604492,
        "runtime": 20.482001781463623
    },
    "8": {
        "score": 10.997831344604492,
        "runtime": 20.1489999294281
    },
    "9": {
        "score": 10.997831344604492,
        "runtime": 20.650998830795288
    },
    "10": {
        "score": 10.992378234863281,
        "runtime": 20.679999828338623
    },
    "11": {
        "score": 10.997831344604492,
        "runtime": 20.51200008392334
    },
    "12": {
        "score": 10.997831344604492,
        "runtime": 20.761000633239746
    },
    "13": {
        "score": 10.992378234863281,
        "runtime": 20.359999656677246
    },
    "14": {
        "score": 10.992378234863281,
        "runtime": 20.335001468658447
    },
    "15": {
        "score": 10.992378234863281,
        "runtime": 20.560999155044556
    },
    "16": {
        "score": 10.997831344604492,
        "runtime": 20.449000597000122
    },
    "17": {
        "score": 10.997831344604492,
        "runtime": 20.564000844955444
    },
    "18": {
        "score": 10.992378234863281,
        "runtime": 20.625001668930054
    },
    "19": {
        "score": 10.992378234863281,
        "runtime": 21.12099862098694
    },
    "20": {
        "score": 10.997831344604492,
        "runtime": 20.347999811172485
    },
    "21": {
        "score": 10.997831344604492,
        "runtime": 21.135001182556152
    },
    "22": {
        "score": 10.992378234863281,
        "runtime": 20.338000059127808
    },
    "23": {
        "score": 10.997831344604492,
        "runtime": 21.372999906539917
    },
    "24": {
        "score": 10.997831344604492,
        "runtime": 20.417999744415283
    },
    "25": {
        "score": 10.997831344604492,
        "runtime": 20.301000118255615
    },
    "26": {
        "score": 10.992378234863281,
        "runtime": 20.53100085258484
    },
    "27": {
        "score": 10.997831344604492,
        "runtime": 20.62099862098694
    },
    "28": {
        "score": 10.992378234863281,
        "runtime": 21.060999870300293
    },
    "29": {
        "score": 10.997831344604492,
        "runtime": 20.647002696990967
    },
    "30": {
        "score": 10.997831344604492,
        "runtime": 20.685999870300293
    },
    "31": {
        "score": 10.997831344604492,
        "runtime": 20.342000007629395
    },
    "32": {
        "score": 10.992378234863281,
        "runtime": 20.5719997882843
    },
    "33": {
        "score": 11.124398231506348,
        "runtime": 20.478000164031982
    },
    "34": {
        "score": 10.992378234863281,
        "runtime": 20.55199956893921
    },
    "35": {
        "score": 10.997831344604492,
        "runtime": 20.550997734069824
    },
    "36": {
        "score": 10.992378234863281,
        "runtime": 20.612001657485962
    },
    "37": {
        "score": 10.992378234863281,
        "runtime": 20.822000741958618
    },
    "38": {
        "score": 10.997831344604492,
        "runtime": 21.182000875473022
    },
    "39": {
        "score": 10.997831344604492,
        "runtime": 20.30500054359436
    },
    "40": {
        "score": 10.992378234863281,
        "runtime": 20.681002616882324
    },
    "41": {
        "score": 10.992378234863281,
        "runtime": 20.72100019454956
    },
    "42": {
        "score": 11.157262802124023,
        "runtime": 20.54399871826172
    },
    "43": {
        "score": 10.992378234863281,
        "runtime": 20.41200017929077
    },
    "44": {
        "score": 10.997831344604492,
        "runtime": 20.378002166748047
    },
    "45": {
        "score": 10.997831344604492,
        "runtime": 20.47499990463257
    },
    "46": {
        "score": 10.997831344604492,
        "runtime": 20.52099847793579
    },
    "47": {
        "score": 10.992378234863281,
        "runtime": 20.35800004005432
    },
    "48": {
        "score": 10.992378234863281,
        "runtime": 20.442999601364136
    },
    "49": {
        "score": 10.997831344604492,
        "runtime": 20.492000579833984
    },
    "50": {
        "score": 10.997831344604492,
        "runtime": 20.890998601913452
    },
    "51": {
        "score": 10.992378234863281,
        "runtime": 20.32800030708313
    },
    "52": {
        "score": 10.997831344604492,
        "runtime": 21.1229989528656
    },
    "53": {
        "score": 10.997831344604492,
        "runtime": 20.34300136566162
    },
    "54": {
        "score": 10.992378234863281,
        "runtime": 21.140997886657715
    },
    "55": {
        "score": 10.997831344604492,
        "runtime": 20.775999784469604
    },
    "56": {
        "score": 10.997831344604492,
        "runtime": 20.63497042655945
    },
    "57": {
        "score": 10.992378234863281,
        "runtime": 20.63400149345398
    },
    "58": {
        "score": 10.997831344604492,
        "runtime": 20.41999912261963
    },
    "59": {
        "score": 10.992378234863281,
        "runtime": 21.022001028060913
    },
    "60": {
        "score": 10.992378234863281,
        "runtime": 20.0160014629364
    },
    "61": {
        "score": 10.992378234863281,
        "runtime": 20.935002088546753
    },
    "62": {
        "score": 10.997831344604492,
        "runtime": 20.63700008392334
    },
    "63": {
        "score": 10.997831344604492,
        "runtime": 20.57800006866455
    },
    "64": {
        "score": 10.992378234863281,
        "runtime": 20.650998830795288
    },
    "65": {
        "score": 10.997831344604492,
        "runtime": 21.16299819946289
    },
    "66": {
        "score": 10.992378234863281,
        "runtime": 20.759998321533203
    },
    "67": {
        "score": 10.997831344604492,
        "runtime": 20.922998666763306
    },
    "68": {
        "score": 10.997831344604492,
        "runtime": 20.795999765396118
    },
    "69": {
        "score": 10.997831344604492,
        "runtime": 20.265999794006348
    },
    "70": {
        "score": 10.997831344604492,
        "runtime": 20.703999757766724
    },
    "71": {
        "score": 10.997831344604492,
        "runtime": 20.547001123428345
    },
    "72": {
        "score": 10.992378234863281,
        "runtime": 20.57800030708313
    },
    "73": {
        "score": 10.997831344604492,
        "runtime": 20.993001699447632
    },
    "74": {
        "score": 10.992378234863281,
        "runtime": 20.30799889564514
    },
    "75": {
        "score": 10.992378234863281,
        "runtime": 20.524001836776733
    },
    "76": {
        "score": 10.997831344604492,
        "runtime": 20.127000093460083
    },
    "77": {
        "score": 10.997831344604492,
        "runtime": 21.133030652999878
    },
    "78": {
        "score": 10.997831344604492,
        "runtime": 20.684519290924072
    },
    "79": {
        "score": 10.992378234863281,
        "runtime": 20.565001010894775
    },
    "80": {
        "score": 10.997831344604492,
        "runtime": 20.246495008468628
    },
    "81": {
        "score": 10.997831344604492,
        "runtime": 20.375998497009277
    },
    "82": {
        "score": 10.997831344604492,
        "runtime": 20.72399926185608
    },
    "83": {
        "score": 10.997831344604492,
        "runtime": 21.321001291275024
    },
    "84": {
        "score": 10.997831344604492,
        "runtime": 20.471001386642456
    },
    "85": {
        "score": 10.992378234863281,