{
    "0": {
        "score": 8.021124839782715,
        "runtime": 114.87510824203491
    },
    "1": {
        "score": 9.322356224060059,
        "runtime": 114.25517702102661
    },
    "2": {
        "score": 8.327707290649414,
        "runtime": 114.9026529788971
    },
    "3": {
        "score": 8.5983304977417,
        "runtime": 114.7887635231018
    },
    "4": {
        "score": 8.971722602844238,
        "runtime": 115.33821940422058
    },
    "5": {
        "score": 8.214669227600098,
        "runtime": 115.9021897315979
    },
    "6": {
        "score": 8.490279197692871,
        "runtime": 115.42049980163574
    },
    "7": {
        "score": 8.721821784973145,
        "runtime": 114.68713569641113
    },
    "8": {
        "score": 8.213576316833496,
        "runtime": 115.25682520866394
    },
    "9": {
        "score": 8.26888656616211,
        "runtime": 114.94003748893738
    },
    "10": {
        "score": 8.16278076171875,
        "runtime": 115.09057569503784
    },
    "11": {
        "score": 8.055423736572266,
        "runtime": 114.58844113349915
    },
    "12": {
        "score": 9.06406021118164,
        "runtime": 117.9415295124054
    },
    "13": {
        "score": 7.8261237144470215,
        "runtime": 115.97646808624268
    },
    "14": {
        "score": 8.878077507019043,
        "runtime": 116.05659461021423
    },
    "15": {
        "score": 8.701489448547363,
        "runtime": 115.20824456214905
    },
    "16": {
        "score": 8.711989402770996,
        "runtime": 114.28045272827148
    },
    "17": {
        "score": 8.401867866516113,
        "runtime": 115.41839742660522
    },
    "18": {
        "score": 8.3241548538208,
        "runtime": 114.88097882270813
    },
    "19": {
        "score": 8.900108337402344,
        "runtime": 115.01407766342163
    },
    "20": {
        "score": 8.439414978027344,
        "runtime": 116.35169267654419
    },
    "21": {
        "score": 8.398442268371582,
        "runtime": 116.71337556838989
    },
    "22": {
        "score": 8.227252006530762,
        "runtime": 116.35790228843689
    },
    "23": {
        "score": 8.343938827514648,
        "runtime": 115.79295802116394
    },
    "24": {
        "score": 7.675838470458984,
        "runtime": 116.15890455245972
    },
    "25": {
        "score": 8.359071731567383,
        "runtime": 116.22421646118164
    },
    "26": {
        "score": 8.361546516418457,
        "runtime": 116.93525433540344
    },
    "27": {
        "score": 8.10086727142334,
        "runtime": 115.51652145385742
    },
    "28": {
        "score": 8.63381290435791,
        "runtime": 115.6220862865448
    },
    "29": {
        "score": 7.999927520751953,
        "runtime": 116.1134467124939
    },
    "30": {
        "score": 8.254980087280273,
        "runtime": 115.39766311645508
    },
    "31": {
        "score": 8.108407020568848,
        "runtime": 115.77796721458435
    },
    "32": {
        "score": 8.276904106140137,
        "runtime": 115.2626953125
    },
    "33": {
        "score": 8.513779640197754,
        "runtime": 114.97335839271545
    },
    "34": {
        "score": 8.163074493408203,
        "runtime": 115.31792378425598
    },
    "35": {
        "score": 8.022643089294434,
        "runtime": 115.22943568229675
    },
    "36": {
        "score": 8.212441444396973,
        "runtime": 115.64394545555115
    },
    "37": {
        "score": 8.867335319519043,
        "runtime": 116.37470149993896
    },
    "38": {
        "score": 9.142471313476562,
        "runtime": 114.6582133769989
    },
    "39": {
        "score": 8.2633056640625,
        "runtime": 115.91245198249817
    },
    "40": {
        "score": 8.173249244689941,
        "runtime": 115.06209135055542
    },
    "41": {
        "score": 7.976931571960449,
        "runtime": 116.32806372642517
    },
    "42": {
        "score": 7.820677757263184,
        "runtime": 116.73271179199219
    },
    "43": {
        "score": 8.669909477233887,
        "runtime": 115.66248750686646
    },
    "44": {
        "score": 8.11886978149414,
        "runtime": 116.70400834083557
    },
    "45": {
        "score": 8.208104133605957,
        "runtime": 116.28191614151001
    },
    "46": {
        "score": 8.819890975952148,
        "runtime": 116.17247295379639
    },
    "47": {
        "score": 7.995150566101074,
        "runtime": 114.86771392822266
    },
    "48": {
        "score": 8.11499309539795,
        "runtime": 116.52877283096313
    },
    "49": {
        "score": 8.546339988708496,
        "runtime": 115.42360305786133
    },
    "50": {
        "score": 8.403496742248535,
        "runtime": 117.68351483345032
    },
    "51": {
        "score": 8.49919605255127,
        "runtime": 115.06017136573792
    },
    "52": {
        "score": 8.473969459533691,
        "runtime": 114.56248760223389
    },
    "53": {
        "score": 8.410516738891602,
        "runtime": 116.47672724723816
    },
    "54": {
        "score": 8.725824356079102,
        "runtime": 116.00035905838013
    },
    "55": {
        "score": 8.111466407775879,
        "runtime": 117.65253376960754
    },
    "56": {
        "score": 8.300657272338867,
        "runtime": 115.13669109344482
    },
    "57": {
        "score": 8.327364921569824,
        "runtime": 116.64509224891663
    },
    "58": {
        "score": 8.056015014648438,
        "runtime": 115.26140928268433
    },
    "59": {
        "score": 7.856892108917236,
        "runtime": 115.55998802185059
    },
    "60": {
        "score": 9.19784164428711,
        "runtime": 114.4097535610199
    },
    "61": {
        "score": 8.402578353881836,
        "runtime": 115.23189640045166
    },
    "62": {
        "score": 8.284214973449707,
        "runtime": 115.9425458908081
    },
    "63": {
        "score": 8.818320274353027,
        "runtime": 116.06061458587646
    },
    "64": {
        "score": 8.073935508728027,
        "runtime": 115.69361209869385
    },
    "65": {
        "score": 8.831350326538086,
        "runtime": 116.34115028381348
    },
    "66": {
        "score": 8.39404296875,
        "runtime": 117.90406203269958
    },
    "67": {
        "score": 8.496487617492676,
        "runtime": 116.58188438415527
    },
    "68": {
        "score": 8.723384857177734,
        "runtime": 116.26246428489685
    },
    "69": {
        "score": 7.759328365325928,
        "runtime": 115.65026712417603
    },
    "70": {
        "score": 8.975674629211426,
        "runtime": 115.07434439659119
    },
    "71": {
        "score": 8.721503257751465,
        "runtime": 115.1191201210022
    },
    "72": {
        "score": 9.374738693237305,
        "runtime": 114.68121719360352
    },
    "73": {
        "score": 9.515108108520508,
        "runtime": 116.7981321811676
    },
    "74": {
        "score": 7.8252458572387695,
        "runtime": 117.22639894485474
    },
    "75": {
        "score": 7.94516134262085,
        "runtime": 115.66973447799683
    },
    "76": {
        "score": 8.301285743713379,
        "runtime": 114.07209992408752
    },
    "77": {
        "score": 8.302674293518066,
        "runtime": 114.84594249725342
    },
    "78": {
        "score": 7.994481563568115,
        "runtime": 114.98348617553711
    },
    "79": {
        "score": 8.458828926086426,
        "runtime": 116.01747560501099
    },
    "80": {
        "score": 7.721693515777588,
        "runtime": 118.91095304489136
    },
    "81": {
        "score": 8.304608345031738,
        "runtime": 115.64451742172241
    },
    "82": {
        "score": 8.200441360473633,
        "runtime": 117.59173607826233
    },
    "83": {
        "score": 8.56434440612793,
        "runtime": 114.41799926757812
    },
    "84": {
        "score": 8.007115364074707,
        "runtime": 116.14100170135498
    },
    "85": {
        "score": 8.071965217590332,
        "runtime": 148.5114402770996
    },