{
    "epoch=35-train_score=3.75196": {
        "result_avg": {
            "score": 3.859085726737976,
            "runtime": 0.7982384657859802
        },
        "result_std": {
            "score": 0.09179036904614862,
            "runtime": 0.00041444296820520183
        }
    },
    "epoch=1-train_score=3.76062": {
        "result_avg": {
            "score": 3.959258944988251,
            "runtime": 0.7980104351043701
        },
        "result_std": {
            "score": 0.10801964697756,
            "runtime": 0.0003985664439750506
        }
    },
    "epoch=43-train_score=3.76961": {
        "result_avg": {
            "score": 3.855187256336212,
            "runtime": 0.7984297180175781
        },
        "result_std": {
            "score": 0.08762668490497394,
            "runtime": 0.00043322830809179315
        }
    },
    "epoch=179-train_score=3.77505": {
        "result_avg": {
            "score": 3.850975317955017,
            "runtime": 0.8028324556350708
        },
        "result_std": {
            "score": 0.08615296328899985,
            "runtime": 0.0004997162621006963
        }
    },
    "epoch=147-train_score=3.77538": {
        "result_avg": {
            "score": 3.8450701332092283,
            "runtime": 0.8018339276313782
        },
        "result_std": {
            "score": 0.08379037222315891,
            "runtime": 0.0002837995143538308
        }
    }
}