{
    "0": {
        "score": 3.663829803466797,
        "runtime": 0.8269987106323242
    },
    "1": {
        "score": 3.761995553970337,
        "runtime": 0.8069972991943359
    },
    "2": {
        "score": 3.799975633621216,
        "runtime": 0.8020012378692627
    },
    "3": {
        "score": 4.11891508102417,
        "runtime": 0.7920022010803223
    },
    "4": {
        "score": 3.2648541927337646,
        "runtime": 0.8329997062683105
    },
    "5": {
        "score": 3.862375259399414,
        "runtime": 0.7935199737548828
    },
    "6": {
        "score": 3.8685247898101807,
        "runtime": 0.7759997844696045
    },
    "7": {
        "score": 3.9224016666412354,
        "runtime": 0.7819995880126953
    },
    "8": {
        "score": 4.128917694091797,
        "runtime": 0.7995173931121826
    },
    "9": {
        "score": 4.014928340911865,
        "runtime": 0.7879996299743652
    },
    "10": {
        "score": 3.778759479522705,
        "runtime": 0.7970001697540283
    },
    "11": {
        "score": 3.7704179286956787,
        "runtime": 0.7849993705749512
    },
    "12": {
        "score": 4.087907791137695,
        "runtime": 0.7740018367767334
    },
    "13": {
        "score": 3.7108867168426514,
        "runtime": 0.7979655265808105
    },
    "14": {
        "score": 4.300230503082275,
        "runtime": 0.8270020484924316
    },
    "15": {
        "score": 3.9959185123443604,
        "runtime": 0.8440022468566895
    },
    "16": {
        "score": 4.157617568969727,
        "runtime": 0.8219985961914062
    },
    "17": {
        "score": 3.341623067855835,
        "runtime": 0.8030011653900146
    },
    "18": {
        "score": 3.703400135040283,
        "runtime": 0.8045258522033691
    },
    "19": {
        "score": 3.8638968467712402,
        "runtime": 0.8059985637664795
    },
    "20": {
        "score": 3.877220630645752,
        "runtime": 0.796001672744751
    },
    "21": {
        "score": 3.4828336238861084,
        "runtime": 0.8160021305084229
    },
    "22": {
        "score": 3.8361215591430664,
        "runtime": 0.7849984169006348
    },
    "23": {
        "score": 4.342336654663086,
        "runtime": 0.8070001602172852
    },
    "24": {
        "score": 3.9885852336883545,
        "runtime": 0.7899994850158691
    },
    "25": {
        "score": 3.8711776733398438,
        "runtime": 0.8190014362335205
    },
    "26": {
        "score": 4.316011428833008,
        "runtime": 0.7930011749267578
    },
    "27": {
        "score": 3.730915069580078,
        "runtime": 0.8180010318756104
    },
    "28": {
        "score": 3.308075189590454,
        "runtime": 0.8259997367858887
    },
    "29": {
        "score": 3.937528610229492,
        "runtime": 0.8075213432312012
    },
    "30": {
        "score": 3.8944716453552246,
        "runtime": 0.859997034072876
    },
    "31": {
        "score": 3.209815263748169,
        "runtime": 0.7950015068054199
    },
    "32": {
        "score": 4.040256023406982,
        "runtime": 0.806999683380127
    },
    "33": {
        "score": 4.217051029205322,
        "runtime": 0.7910003662109375
    },
    "34": {
        "score": 4.319533824920654,
        "runtime": 0.8170015811920166
    },
    "35": {
        "score": 4.260029315948486,
        "runtime": 0.8069376945495605
    },
    "36": {
        "score": 4.019388198852539,
        "runtime": 0.8019669055938721
    },
    "37": {
        "score": 3.717787742614746,
        "runtime": 0.7849993705749512
    },
    "38": {
        "score": 3.8522095680236816,
        "runtime": 0.7889971733093262
    },
    "39": {
        "score": 4.187337398529053,
        "runtime": 0.7915158271789551
    },
    "40": {
        "score": 3.923027992248535,
        "runtime": 0.8110001087188721
    },
    "41": {
        "score": 3.9975218772888184,
        "runtime": 0.7965254783630371
    },
    "42": {
        "score": 3.5284109115600586,
        "runtime": 0.7745165824890137
    },
    "43": {
        "score": 3.28609299659729,
        "runtime": 0.7839984893798828
    },
    "44": {
        "score": 3.92326021194458,
        "runtime": 0.8150007724761963
    },
    "45": {
        "score": 3.6989119052886963,
        "runtime": 0.7969999313354492
    },
    "46": {
        "score": 4.058369159698486,
        "runtime": 0.8319995403289795
    },
    "47": {
        "score": 3.721055507659912,
        "runtime": 0.8010008335113525
    },
    "48": {
        "score": 3.925548791885376,
        "runtime": 0.7944855690002441
    },
    "49": {
        "score": 3.807023048400879,
        "runtime": 0.8279991149902344
    },
    "50": {
        "score": 3.8545479774475098,
        "runtime": 0.7919998168945312
    },
    "51": {
        "score": 3.6685421466827393,
        "runtime": 0.7979528903961182
    },
    "52": {
        "score": 3.5137431621551514,
        "runtime": 0.8340024948120117
    },
    "53": {
        "score": 4.114353656768799,
        "runtime": 0.8169970512390137
    },
    "54": {
        "score": 3.950273036956787,
        "runtime": 0.7979998588562012
    },
    "55": {
        "score": 3.632526397705078,
        "runtime": 0.7920022010803223
    },
    "56": {
        "score": 4.023445129394531,
        "runtime": 0.7879536151885986
    },
    "57": {
        "score": 3.789414405822754,
        "runtime": 0.7980003356933594
    },
    "58": {
        "score": 3.965982437133789,
        "runtime": 0.8325197696685791
    },
    "59": {
        "score": 3.909616470336914,
        "runtime": 0.8099987506866455
    },
    "60": {
        "score": 3.8143486976623535,
        "runtime": 0.7769992351531982
    },
    "61": {
        "score": 3.1804888248443604,
        "runtime": 0.809999942779541
    },
    "62": {
        "score": 4.03279972076416,
        "runtime": 0.7819993495941162
    },
    "63": {
        "score": 4.115477085113525,
        "runtime": 0.8259999752044678
    },
    "64": {
        "score": 3.763899564743042,
        "runtime": 0.8170003890991211
    },
    "65": {
        "score": 3.998300075531006,
        "runtime": 0.8109996318817139
    },
    "66": {
        "score": 3.7593417167663574,
        "runtime": 0.8250021934509277
    },
    "67": {
        "score": 3.6951253414154053,
        "runtime": 0.7979946136474609
    },
    "68": {
        "score": 3.957408905029297,
        "runtime": 0.7759997844696045
    },
    "69": {
        "score": 3.6501429080963135,
        "runtime": 0.7980022430419922
    },
    "70": {
        "score": 3.571722984313965,
        "runtime": 0.7865176200866699
    },
    "71": {
        "score": 3.6524572372436523,
        "runtime": 0.7990012168884277
    },
    "72": {
        "score": 4.3316330909729,
        "runtime": 0.7950003147125244
    },
    "73": {
        "score": 3.780745267868042,
        "runtime": 0.7920017242431641
    },
    "74": {
        "score": 3.94234037399292,
        "runtime": 0.8059639930725098
    },
    "75": {
        "score": 4.156336307525635,
        "runtime": 0.8010005950927734
    },
    "76": {
        "score": 3.4614906311035156,
        "runtime": 0.8050000667572021
    },
    "77": {
        "score": 3.96547269821167,
        "runtime": 0.7979998588562012
    },
    "78": {
        "score": 4.144110679626465,
        "runtime": 0.7820022106170654
    },
    "79": {
        "score": 3.845454692840576,
        "runtime": 0.8070001602172852
    },
    "80": {
        "score": 3.175424575805664,
        "runtime": 0.8020007610321045
    },
    "81": {
        "score": 4.092862606048584,
        "runtime": 0.785001277923584
    },
    "82": {
        "score": 3.7449758052825928,
        "runtime": 0.797976016998291
    },
    "83": {
        "score": 3.47387957572937,
        "runtime": 0.7940006256103516
    },
    "84": {
        "score": 3.977057695388794,
        "runtime": 0.7989981174468994
    },
    "85": {
        "score": 3.9487624168395996,