{
    "0": {
        "score": 3.704458236694336,
        "runtime": 0.8149998188018799
    },
    "1": {
        "score": 3.8975701332092285,
        "runtime": 0.7739996910095215
    },
    "2": {
        "score": 4.23801851272583,
        "runtime": 0.8079977035522461
    },
    "3": {
        "score": 4.258461952209473,
        "runtime": 0.7929995059967041
    },
    "4": {
        "score": 3.3741109371185303,
        "runtime": 0.8010025024414062
    },
    "5": {
        "score": 3.8692588806152344,
        "runtime": 0.7929673194885254
    },
    "6": {
        "score": 3.8794033527374268,
        "runtime": 0.7905144691467285
    },
    "7": {
        "score": 4.347159385681152,
        "runtime": 0.7849984169006348
    },
    "8": {
        "score": 4.23193883895874,
        "runtime": 0.8149979114532471
    },
    "9": {
        "score": 4.006816864013672,
        "runtime": 0.8190004825592041
    },
    "10": {
        "score": 3.881619453430176,
        "runtime": 0.8049983978271484
    },
    "11": {
        "score": 3.7704179286956787,
        "runtime": 0.7990009784698486
    },
    "12": {
        "score": 4.087907791137695,
        "runtime": 0.8169975280761719
    },
    "13": {
        "score": 3.7108867168426514,
        "runtime": 0.7879986763000488
    },
    "14": {
        "score": 4.338846206665039,
        "runtime": 0.7720012664794922
    },
    "15": {
        "score": 4.085580348968506,
        "runtime": 0.8009698390960693
    },
    "16": {
        "score": 4.256001949310303,
        "runtime": 0.809999942779541
    },
    "17": {
        "score": 3.344113349914551,
        "runtime": 0.8515148162841797
    },
    "18": {
        "score": 3.7938027381896973,
        "runtime": 0.79400634765625
    },
    "19": {
        "score": 3.8638968467712402,
        "runtime": 0.8079497814178467
    },
    "20": {
        "score": 3.9889445304870605,
        "runtime": 0.7609665393829346
    },
    "21": {
        "score": 3.4828336238861084,
        "runtime": 0.8119392395019531
    },
    "22": {
        "score": 4.116156101226807,
        "runtime": 0.820000171661377
    },
    "23": {
        "score": 4.529653549194336,
        "runtime": 0.8169996738433838
    },
    "24": {
        "score": 4.163580894470215,
        "runtime": 0.805001974105835
    },
    "25": {
        "score": 4.105998992919922,
        "runtime": 0.7939999103546143
    },
    "26": {
        "score": 4.417782306671143,
        "runtime": 0.791999340057373
    },
    "27": {
        "score": 3.730915069580078,
        "runtime": 0.7990005016326904
    },
    "28": {
        "score": 3.635909080505371,
        "runtime": 0.80299973487854
    },
    "29": {
        "score": 4.202071189880371,
        "runtime": 0.7949659824371338
    },
    "30": {
        "score": 3.8944716453552246,
        "runtime": 0.7780005931854248
    },
    "31": {
        "score": 3.332949638366699,
        "runtime": 0.7820003032684326
    },
    "32": {
        "score": 4.1504693031311035,
        "runtime": 0.8079993724822998
    },
    "33": {
        "score": 4.621158599853516,
        "runtime": 0.7640008926391602
    },
    "34": {
        "score": 4.319533824920654,
        "runtime": 0.7639992237091064
    },
    "35": {
        "score": 4.474693775177002,
        "runtime": 0.7750005722045898
    },
    "36": {
        "score": 4.226101398468018,
        "runtime": 0.7749993801116943
    },
    "37": {
        "score": 3.751983880996704,
        "runtime": 0.7849996089935303
    },
    "38": {
        "score": 3.972421884536743,
        "runtime": 0.8019967079162598
    },
    "39": {
        "score": 4.751820087432861,
        "runtime": 0.7749495506286621
    },
    "40": {
        "score": 4.072221279144287,
        "runtime": 0.809002161026001
    },
    "41": {
        "score": 4.015934467315674,
        "runtime": 0.7929754257202148
    },
    "42": {
        "score": 3.727078437805176,
        "runtime": 0.7999236583709717
    },
    "43": {
        "score": 3.3392581939697266,
        "runtime": 0.7825202941894531
    },
    "44": {
        "score": 4.078741073608398,
        "runtime": 0.8080012798309326
    },
    "45": {
        "score": 3.72153377532959,
        "runtime": 0.8189990520477295
    },
    "46": {
        "score": 4.249000549316406,
        "runtime": 0.8509998321533203
    },
    "47": {
        "score": 3.8264784812927246,
        "runtime": 0.8175201416015625
    },
    "48": {
        "score": 4.204544544219971,
        "runtime": 0.8374805450439453
    },
    "49": {
        "score": 3.912818431854248,
        "runtime": 0.8085212707519531
    },
    "50": {
        "score": 4.1230854988098145,
        "runtime": 0.8090007305145264
    },
    "51": {
        "score": 3.6685421466827393,
        "runtime": 0.7889542579650879
    },
    "52": {
        "score": 3.9748058319091797,
        "runtime": 0.7900018692016602
    },
    "53": {
        "score": 4.148407936096191,
        "runtime": 0.8175220489501953
    },
    "54": {
        "score": 4.049697399139404,
        "runtime": 0.80299973487854
    },
    "55": {
        "score": 3.6817665100097656,
        "runtime": 0.8309977054595947
    },
    "56": {
        "score": 4.036168098449707,
        "runtime": 0.8289487361907959
    },
    "57": {
        "score": 3.789414405822754,
        "runtime": 0.809514045715332
    },
    "58": {
        "score": 3.965982437133789,
        "runtime": 0.8610005378723145
    },
    "59": {
        "score": 3.908747911453247,
        "runtime": 0.7739977836608887
    },
    "60": {
        "score": 3.8553426265716553,
        "runtime": 0.8090019226074219
    },
    "61": {
        "score": 3.1804888248443604,
        "runtime": 0.7759988307952881
    },
    "62": {
        "score": 4.195265293121338,
        "runtime": 0.7930018901824951
    },
    "63": {
        "score": 4.115477085113525,
        "runtime": 0.7969975471496582
    },
    "64": {
        "score": 3.864781141281128,
        "runtime": 0.8010008335113525
    },
    "65": {
        "score": 3.998300075531006,
        "runtime": 0.7979991436004639
    },
    "66": {
        "score": 3.824528455734253,
        "runtime": 0.7905173301696777
    },
    "67": {
        "score": 3.7885026931762695,
        "runtime": 0.7840006351470947
    },
    "68": {
        "score": 4.072400093078613,
        "runtime": 0.7669517993927002
    },
    "69": {
        "score": 3.7553510665893555,
        "runtime": 0.8409981727600098
    },
    "70": {
        "score": 3.7063486576080322,
        "runtime": 0.7950863838195801
    },
    "71": {
        "score": 3.835547924041748,
        "runtime": 0.7870001792907715
    },
    "72": {
        "score": 4.561612129211426,
        "runtime": 0.8099987506866455
    },
    "73": {
        "score": 3.831160306930542,
        "runtime": 0.8189992904663086
    },
    "74": {
        "score": 4.091928958892822,
        "runtime": 0.7859654426574707
    },
    "75": {
        "score": 4.1810526847839355,
        "runtime": 0.8269977569580078
    },
    "76": {
        "score": 3.6546170711517334,
        "runtime": 0.7769999504089355
    },
    "77": {
        "score": 4.119100093841553,
        "runtime": 0.8069984912872314
    },
    "78": {
        "score": 4.248912811279297,
        "runtime": 0.8019976615905762
    },
    "79": {
        "score": 4.07205867767334,
        "runtime": 0.8045206069946289
    },
    "80": {
        "score": 3.2235188484191895,
        "runtime": 0.7930002212524414
    },
    "81": {
        "score": 4.45332145690918,
        "runtime": 0.7779998779296875
    },
    "82": {
        "score": 3.776638984680176,
        "runtime": 0.7689998149871826
    },
    "83": {
        "score": 3.5627546310424805,
        "runtime": 0.7767195701599121
    },
    "84": {
        "score": 3.980363368988037,
        "runtime": 0.7790002822875977
    },
    "85": {
        "score": 4.0256147384643555,
        "runtime": 0.7765185832977295
    },