{
    "0": {
        "score": 20.263202667236328,
        "runtime": 0.6560008525848389
    },
    "1": {
        "score": 16.818344116210938,
        "runtime": 0.6619977951049805
    },
    "2": {
        "score": 20.028589248657227,
        "runtime": 0.7369997501373291
    },
    "3": {
        "score": 18.702322006225586,
        "runtime": 0.6150007247924805
    },
    "4": {
        "score": 17.07461929321289,
        "runtime": 0.6509988307952881
    },
    "5": {
        "score": 17.51827049255371,
        "runtime": 0.6210012435913086
    },
    "6": {
        "score": 14.807445526123047,
        "runtime": 0.6249990463256836
    },
    "7": {
        "score": 14.255906105041504,
        "runtime": 0.6599993705749512
    },
    "8": {
        "score": 21.448747634887695,
        "runtime": 0.6340014934539795
    },
    "9": {
        "score": 19.362634658813477,
        "runtime": 0.6439990997314453
    },
    "10": {
        "score": 18.736860275268555,
        "runtime": 0.668999195098877
    },
    "11": {
        "score": 20.480911254882812,
        "runtime": 0.6519999504089355
    },
    "12": {
        "score": 16.0896053314209,
        "runtime": 0.630000114440918
    },
    "13": {
        "score": 15.702802658081055,
        "runtime": 0.621999979019165
    },
    "14": {
        "score": 16.382003784179688,
        "runtime": 0.6679990291595459
    },
    "15": {
        "score": 15.243453025817871,
        "runtime": 0.6619987487792969
    },
    "16": {
        "score": 15.888216018676758,
        "runtime": 0.6379969120025635
    },
    "17": {
        "score": 16.440214157104492,
        "runtime": 0.6829996109008789
    },
    "18": {
        "score": 14.733692169189453,
        "runtime": 0.6279983520507812
    },
    "19": {
        "score": 15.028828620910645,
        "runtime": 0.6830008029937744
    },
    "20": {
        "score": 18.736845016479492,
        "runtime": 0.6249988079071045
    },
    "21": {
        "score": 17.90512466430664,
        "runtime": 0.6039996147155762
    },
    "22": {
        "score": 15.01571273803711,
        "runtime": 0.6849985122680664
    },
    "23": {
        "score": 15.818283081054688,
        "runtime": 0.648998498916626
    },
    "24": {
        "score": 18.802881240844727,
        "runtime": 0.6559998989105225
    },
    "25": {
        "score": 18.839645385742188,
        "runtime": 0.6809992790222168
    },
    "26": {
        "score": 16.484512329101562,
        "runtime": 0.668999433517456
    },
    "27": {
        "score": 15.75473690032959,
        "runtime": 0.641000509262085
    },
    "28": {
        "score": 20.77419662475586,
        "runtime": 0.6629996299743652
    },
    "29": {
        "score": 18.76080322265625,
        "runtime": 0.6599993705749512
    },
    "30": {
        "score": 20.11915397644043,
        "runtime": 0.6259987354278564
    },
    "31": {
        "score": 17.419952392578125,
        "runtime": 0.6149978637695312
    },
    "32": {
        "score": 21.0554141998291,
        "runtime": 0.7199995517730713
    },
    "33": {
        "score": 17.78267478942871,
        "runtime": 0.6559994220733643
    },
    "34": {
        "score": 20.521392822265625,
        "runtime": 0.6420001983642578
    },
    "35": {
        "score": 20.16558837890625,
        "runtime": 0.6549990177154541
    },
    "36": {
        "score": 21.88493537902832,
        "runtime": 0.6769998073577881
    },
    "37": {
        "score": 20.91852378845215,
        "runtime": 0.6949989795684814
    },
    "38": {
        "score": 18.257421493530273,
        "runtime": 0.6270008087158203
    },
    "39": {
        "score": 15.272300720214844,
        "runtime": 0.6689989566802979
    },
    "40": {
        "score": 18.77532196044922,
        "runtime": 0.6550002098083496
    },
    "41": {
        "score": 18.06666374206543,
        "runtime": 0.6879992485046387
    },
    "42": {
        "score": 16.965145111083984,
        "runtime": 0.6499998569488525
    },
    "43": {
        "score": 17.01900291442871,
        "runtime": 0.679999589920044
    },
    "44": {
        "score": 18.67070960998535,
        "runtime": 0.700000524520874
    },
    "45": {
        "score": 17.234477996826172,
        "runtime": 0.6370012760162354
    },
    "46": {
        "score": 17.61246681213379,
        "runtime": 0.6200001239776611
    },
    "47": {
        "score": 16.834747314453125,
        "runtime": 0.6730000972747803
    },
    "48": {
        "score": 16.599367141723633,
        "runtime": 0.6519989967346191
    },
    "49": {
        "score": 16.67282485961914,
        "runtime": 0.6310007572174072
    },
    "50": {
        "score": 17.26944923400879,
        "runtime": 0.6429989337921143
    },
    "51": {
        "score": 16.984106063842773,
        "runtime": 0.6489994525909424
    },
    "52": {
        "score": 15.954418182373047,
        "runtime": 0.6510007381439209
    },
    "53": {
        "score": 22.181804656982422,
        "runtime": 0.667999267578125
    },
    "54": {
        "score": 15.717401504516602,
        "runtime": 0.6440010070800781
    },
    "55": {
        "score": 15.74619197845459,
        "runtime": 0.7390010356903076
    },
    "56": {
        "score": 20.26278305053711,
        "runtime": 0.831000566482544
    },
    "57": {
        "score": 20.558334350585938,
        "runtime": 0.6420018672943115
    },
    "58": {
        "score": 18.528621673583984,
        "runtime": 0.726001501083374
    },
    "59": {
        "score": 19.13663673400879,
        "runtime": 0.7210001945495605
    },
    "60": {
        "score": 14.222160339355469,
        "runtime": 0.6449990272521973
    },
    "61": {
        "score": 18.1887264251709,
        "runtime": 0.6609997749328613
    },
    "62": {
        "score": 16.833545684814453,
        "runtime": 0.624000072479248
    },
    "63": {
        "score": 18.832975387573242,
        "runtime": 0.637000560760498
    },
    "64": {
        "score": 19.969064712524414,
        "runtime": 0.681999921798706
    },
    "65": {
        "score": 15.278671264648438,
        "runtime": 0.6860008239746094
    },
    "66": {
        "score": 17.3783016204834,
        "runtime": 0.6519999504089355
    },
    "67": {
        "score": 14.819916725158691,
        "runtime": 0.6589994430541992
    },
    "68": {
        "score": 16.317794799804688,
        "runtime": 0.6759982109069824
    },
    "69": {
        "score": 14.405312538146973,
        "runtime": 0.6079990863800049
    },
    "70": {
        "score": 18.64398956298828,
        "runtime": 0.6369996070861816
    },
    "71": {
        "score": 19.52880096435547,
        "runtime": 0.630000114440918
    },
    "72": {
        "score": 15.13800048828125,
        "runtime": 0.7029998302459717
    },
    "73": {
        "score": 17.098308563232422,
        "runtime": 0.6649994850158691
    },
    "74": {
        "score": 21.085630416870117,
        "runtime": 0.6899991035461426
    },
    "75": {
        "score": 18.630313873291016,
        "runtime": 0.6040008068084717
    },
    "76": {
        "score": 20.957422256469727,
        "runtime": 0.6240015029907227
    },
    "77": {
        "score": 18.898269653320312,
        "runtime": 0.6859996318817139
    },
    "78": {
        "score": 16.0170955657959,
        "runtime": 0.655998706817627
    },
    "79": {
        "score": 17.804210662841797,
        "runtime": 0.6620008945465088
    },
    "80": {
        "score": 16.524188995361328,
        "runtime": 0.6510016918182373
    },
    "81": {
        "score": 21.840906143188477,
        "runtime": 0.7009999752044678
    },
    "82": {
        "score": 16.921527862548828,
        "runtime": 0.6650006771087646
    },
    "83": {
        "score": 14.25525951385498,
        "runtime": 0.6370284557342529
    },
    "84": {
        "score": 15.247818946838379,
        "runtime": 0.6800000667572021
    },
    "85": {
        "score": 14.354901313781738,