{
    "0": {
        "score": 20.62293243408203,
        "runtime": 0.6529984474182129
    },
    "1": {
        "score": 21.770532608032227,
        "runtime": 0.6639978885650635
    },
    "2": {
        "score": 18.056882858276367,
        "runtime": 0.6250014305114746
    },
    "3": {
        "score": 20.46632957458496,
        "runtime": 0.6119987964630127
    },
    "4": {
        "score": 20.205833435058594,
        "runtime": 0.6780009269714355
    },
    "5": {
        "score": 16.54266357421875,
        "runtime": 0.6419990062713623
    },
    "6": {
        "score": 17.65862464904785,
        "runtime": 0.6289985179901123
    },
    "7": {
        "score": 19.674890518188477,
        "runtime": 0.6429998874664307
    },
    "8": {
        "score": 22.001415252685547,
        "runtime": 0.6669998168945312
    },
    "9": {
        "score": 20.557519912719727,
        "runtime": 0.6730005741119385
    },
    "10": {
        "score": 16.130794525146484,
        "runtime": 0.6169993877410889
    },
    "11": {
        "score": 17.326932907104492,
        "runtime": 0.671999454498291
    },
    "12": {
        "score": 19.3863525390625,
        "runtime": 0.6539993286132812
    },
    "13": {
        "score": 15.697361946105957,
        "runtime": 0.6549973487854004
    },
    "14": {
        "score": 16.750696182250977,
        "runtime": 0.6879982948303223
    },
    "15": {
        "score": 18.719297409057617,
        "runtime": 0.6650023460388184
    },
    "16": {
        "score": 17.441781997680664,
        "runtime": 0.639000415802002
    },
    "17": {
        "score": 20.110563278198242,
        "runtime": 0.6339991092681885
    },
    "18": {
        "score": 19.001781463623047,
        "runtime": 0.6599998474121094
    },
    "19": {
        "score": 18.87862777709961,
        "runtime": 0.6680004596710205
    },
    "20": {
        "score": 16.467683792114258,
        "runtime": 0.6420011520385742
    },
    "21": {
        "score": 20.055049896240234,
        "runtime": 0.6640000343322754
    },
    "22": {
        "score": 17.081350326538086,
        "runtime": 0.6149990558624268
    },
    "23": {
        "score": 19.407024383544922,
        "runtime": 0.6809999942779541
    },
    "24": {
        "score": 16.508962631225586,
        "runtime": 0.6790003776550293
    },
    "25": {
        "score": 18.116390228271484,
        "runtime": 0.6209993362426758
    },
    "26": {
        "score": 14.342844009399414,
        "runtime": 0.6370000839233398
    },
    "27": {
        "score": 16.54317283630371,
        "runtime": 0.6280012130737305
    },
    "28": {
        "score": 17.69146728515625,
        "runtime": 0.620999813079834
    },
    "29": {
        "score": 21.731700897216797,
        "runtime": 0.6449997425079346
    },
    "30": {
        "score": 19.869760513305664,
        "runtime": 0.6909987926483154
    },
    "31": {
        "score": 17.191123962402344,
        "runtime": 0.6289999485015869
    },
    "32": {
        "score": 19.995521545410156,
        "runtime": 0.6089982986450195
    },
    "33": {
        "score": 18.932790756225586,
        "runtime": 0.6689982414245605
    },
    "34": {
        "score": 16.007617950439453,
        "runtime": 0.676999568939209
    },
    "35": {
        "score": 24.17970848083496,
        "runtime": 0.6999988555908203
    },
    "36": {
        "score": 16.91012191772461,
        "runtime": 0.6349990367889404
    },
    "37": {
        "score": 24.06971549987793,
        "runtime": 0.6259982585906982
    },
    "38": {
        "score": 14.006502151489258,
        "runtime": 0.6230006217956543
    },
    "39": {
        "score": 18.343111038208008,
        "runtime": 0.6649987697601318
    },
    "40": {
        "score": 16.3946590423584,
        "runtime": 0.6249992847442627
    },
    "41": {
        "score": 16.793441772460938,
        "runtime": 0.6500000953674316
    },
    "42": {
        "score": 18.3372802734375,
        "runtime": 0.6369996070861816
    },
    "43": {
        "score": 20.16261863708496,
        "runtime": 0.6540000438690186
    },
    "44": {
        "score": 19.990745544433594,
        "runtime": 0.6309981346130371
    },
    "45": {
        "score": 18.078189849853516,
        "runtime": 0.6369993686676025
    },
    "46": {
        "score": 18.82954978942871,
        "runtime": 0.7119996547698975
    },
    "47": {
        "score": 16.010679244995117,
        "runtime": 0.6300005912780762
    },
    "48": {
        "score": 15.889177322387695,
        "runtime": 0.6670029163360596
    },
    "49": {
        "score": 15.890439987182617,
        "runtime": 0.6340007781982422
    },
    "50": {
        "score": 15.78207015991211,
        "runtime": 0.6829986572265625
    },
    "51": {
        "score": 15.189552307128906,
        "runtime": 0.6529994010925293
    },
    "52": {
        "score": 18.608322143554688,
        "runtime": 0.6940009593963623
    },
    "53": {
        "score": 24.281455993652344,
        "runtime": 0.6979994773864746
    },
    "54": {
        "score": 21.71866226196289,
        "runtime": 0.6270012855529785
    },
    "55": {
        "score": 17.39462661743164,
        "runtime": 0.7770006656646729
    },
    "56": {
        "score": 18.551315307617188,
        "runtime": 0.6690008640289307
    },
    "57": {
        "score": 18.395736694335938,
        "runtime": 0.7180004119873047
    },
    "58": {
        "score": 21.919286727905273,
        "runtime": 0.6620001792907715
    },
    "59": {
        "score": 19.95702362060547,
        "runtime": 0.7110002040863037
    },
    "60": {
        "score": 23.034870147705078,
        "runtime": 0.624000072479248
    },
    "61": {
        "score": 18.096542358398438,
        "runtime": 0.6499979496002197
    },
    "62": {
        "score": 16.851318359375,
        "runtime": 0.6889996528625488
    },
    "63": {
        "score": 19.362516403198242,
        "runtime": 0.6409993171691895
    },
    "64": {
        "score": 19.007423400878906,
        "runtime": 0.5970003604888916
    },
    "65": {
        "score": 19.789920806884766,
        "runtime": 0.6589977741241455
    },
    "66": {
        "score": 20.284791946411133,
        "runtime": 0.6600003242492676
    },
    "67": {
        "score": 15.884835243225098,
        "runtime": 0.6480002403259277
    },
    "68": {
        "score": 21.99547004699707,
        "runtime": 0.6909985542297363
    },
    "69": {
        "score": 18.53499412536621,
        "runtime": 0.6839983463287354
    },
    "70": {
        "score": 16.058151245117188,
        "runtime": 0.6430008411407471
    },
    "71": {
        "score": 16.369155883789062,
        "runtime": 0.6609988212585449
    },
    "72": {
        "score": 16.980749130249023,
        "runtime": 0.706998348236084
    },
    "73": {
        "score": 17.63570213317871,
        "runtime": 0.633000373840332
    },
    "74": {
        "score": 15.589803695678711,
        "runtime": 0.6709995269775391
    },
    "75": {
        "score": 18.96742820739746,
        "runtime": 0.6429996490478516
    },
    "76": {
        "score": 15.654403686523438,
        "runtime": 0.6760005950927734
    },
    "77": {
        "score": 17.536157608032227,
        "runtime": 0.6420013904571533
    },
    "78": {
        "score": 16.635948181152344,
        "runtime": 0.6119997501373291
    },
    "79": {
        "score": 19.389205932617188,
        "runtime": 0.6919996738433838
    },
    "80": {
        "score": 18.47545051574707,
        "runtime": 0.6649978160858154
    },
    "81": {
        "score": 24.987855911254883,
        "runtime": 0.6610000133514404
    },
    "82": {
        "score": 15.342202186584473,
        "runtime": 0.649998664855957
    },
    "83": {
        "score": 16.562191009521484,
        "runtime": 0.6620275974273682
    },
    "84": {
        "score": 18.567792892456055,
        "runtime": 0.6619985103607178
    },
    "85": {
        "score": 18.742382049560547,