{
    "0": {
        "score": 8.1710786819458,
        "runtime": 114.3817093372345
    },
    "1": {
        "score": 8.775664329528809,
        "runtime": 115.35683465003967
    },
    "2": {
        "score": 8.26630687713623,
        "runtime": 114.8102753162384
    },
    "3": {
        "score": 8.363388061523438,
        "runtime": 116.21509981155396
    },
    "4": {
        "score": 8.574151039123535,
        "runtime": 115.62381744384766
    },
    "5": {
        "score": 8.043407440185547,
        "runtime": 114.96449041366577
    },
    "6": {
        "score": 8.423349380493164,
        "runtime": 114.9159197807312
    },
    "7": {
        "score": 8.497498512268066,
        "runtime": 114.74156928062439
    },
    "8": {
        "score": 7.863097667694092,
        "runtime": 115.42204570770264
    },
    "9": {
        "score": 8.05135726928711,
        "runtime": 115.17852139472961
    },
    "10": {
        "score": 8.356514930725098,
        "runtime": 117.10450887680054
    },
    "11": {
        "score": 7.987318515777588,
        "runtime": 116.47649312019348
    },
    "12": {
        "score": 8.704913139343262,
        "runtime": 114.77690267562866
    },
    "13": {
        "score": 7.820357322692871,
        "runtime": 116.66105055809021
    },
    "14": {
        "score": 8.282245635986328,
        "runtime": 115.17326426506042
    },
    "15": {
        "score": 8.12299633026123,
        "runtime": 114.88521575927734
    },
    "16": {
        "score": 8.056795120239258,
        "runtime": 114.80104732513428
    },
    "17": {
        "score": 8.1914644241333,
        "runtime": 115.19498133659363
    },
    "18": {
        "score": 8.240914344787598,
        "runtime": 115.67652082443237
    },
    "19": {
        "score": 8.889100074768066,
        "runtime": 115.26324224472046
    },
    "20": {
        "score": 8.801444053649902,
        "runtime": 116.22664403915405
    },
    "21": {
        "score": 8.330513954162598,
        "runtime": 116.56390762329102
    },
    "22": {
        "score": 7.986782550811768,
        "runtime": 116.933278799057
    },
    "23": {
        "score": 8.372323036193848,
        "runtime": 115.51354694366455
    },
    "24": {
        "score": 7.749292373657227,
        "runtime": 116.91210913658142
    },
    "25": {
        "score": 8.340069770812988,
        "runtime": 116.11161398887634
    },
    "26": {
        "score": 8.50696849822998,
        "runtime": 117.33091187477112
    },
    "27": {
        "score": 8.0819730758667,
        "runtime": 115.87938094139099
    },
    "28": {
        "score": 8.674867630004883,
        "runtime": 117.1684832572937
    },
    "29": {
        "score": 7.726384162902832,
        "runtime": 114.12367033958435
    },
    "30": {
        "score": 8.286592483520508,
        "runtime": 115.25045204162598
    },
    "31": {
        "score": 8.5927095413208,
        "runtime": 115.73648166656494
    },
    "32": {
        "score": 8.00489616394043,
        "runtime": 116.44810938835144
    },
    "33": {
        "score": 8.207892417907715,
        "runtime": 114.89245223999023
    },
    "34": {
        "score": 8.527616500854492,
        "runtime": 115.68816637992859
    },
    "35": {
        "score": 8.14741325378418,
        "runtime": 116.8791618347168
    },
    "36": {
        "score": 8.147223472595215,
        "runtime": 116.72633218765259
    },
    "37": {
        "score": 8.141152381896973,
        "runtime": 115.59217405319214
    },
    "38": {
        "score": 8.176461219787598,
        "runtime": 117.41559863090515
    },
    "39": {
        "score": 8.259406089782715,
        "runtime": 115.9189624786377
    },
    "40": {
        "score": 8.122567176818848,
        "runtime": 114.34794068336487
    },
    "41": {
        "score": 8.13020133972168,
        "runtime": 115.43478965759277
    },
    "42": {
        "score": 7.873524188995361,
        "runtime": 115.74928402900696
    },
    "43": {
        "score": 8.223989486694336,
        "runtime": 115.28450202941895
    },
    "44": {
        "score": 8.0971097946167,
        "runtime": 115.4932324886322
    },
    "45": {
        "score": 7.910695552825928,
        "runtime": 117.4484498500824
    },
    "46": {
        "score": 8.518028259277344,
        "runtime": 116.50836205482483
    },
    "47": {
        "score": 8.084921836853027,
        "runtime": 116.16042804718018
    },
    "48": {
        "score": 8.561054229736328,
        "runtime": 115.99884390830994
    },
    "49": {
        "score": 8.487079620361328,
        "runtime": 115.4936511516571
    },
    "50": {
        "score": 8.763045310974121,
        "runtime": 115.03665089607239
    },
    "51": {
        "score": 8.209240913391113,
        "runtime": 114.48995614051819
    },
    "52": {
        "score": 8.177850723266602,
        "runtime": 115.6887743473053
    },
    "53": {
        "score": 7.979970455169678,
        "runtime": 114.8790078163147
    },
    "54": {
        "score": 8.368778228759766,
        "runtime": 115.9485125541687
    },
    "55": {
        "score": 8.209263801574707,
        "runtime": 115.20583820343018
    },
    "56": {
        "score": 8.342428207397461,
        "runtime": 117.05716681480408
    },
    "57": {
        "score": 8.635396957397461,
        "runtime": 115.49161672592163
    },
    "58": {
        "score": 8.486108779907227,
        "runtime": 115.70031094551086
    },
    "59": {
        "score": 7.765596866607666,
        "runtime": 115.55185437202454
    },
    "60": {
        "score": 8.225764274597168,
        "runtime": 114.63029026985168
    },
    "61": {
        "score": 8.249129295349121,
        "runtime": 116.65567541122437
    },
    "62": {
        "score": 8.342242240905762,
        "runtime": 114.98260712623596
    },
    "63": {
        "score": 8.123774528503418,
        "runtime": 114.56479477882385
    },
    "64": {
        "score": 7.733547687530518,
        "runtime": 114.54286599159241
    },
    "65": {
        "score": 8.804461479187012,
        "runtime": 116.86186575889587
    },
    "66": {
        "score": 8.445085525512695,
        "runtime": 115.16578698158264
    },
    "67": {
        "score": 8.287718772888184,
        "runtime": 119.3110899925232
    },
    "68": {
        "score": 8.057634353637695,
        "runtime": 115.03200793266296
    },
    "69": {
        "score": 7.938124179840088,
        "runtime": 116.04771566390991
    },
    "70": {
        "score": 8.552044868469238,
        "runtime": 116.47571754455566
    },
    "71": {
        "score": 7.740749835968018,
        "runtime": 114.50284433364868
    },
    "72": {
        "score": 8.721948623657227,
        "runtime": 115.16994071006775
    },
    "73": {
        "score": 8.192179679870605,
        "runtime": 115.03432488441467
    },
    "74": {
        "score": 8.098684310913086,
        "runtime": 115.35745811462402
    },
    "75": {
        "score": 7.853355884552002,
        "runtime": 115.08454418182373
    },
    "76": {
        "score": 8.332304000854492,
        "runtime": 115.0049695968628
    },
    "77": {
        "score": 8.291576385498047,
        "runtime": 113.73219084739685
    },
    "78": {
        "score": 8.601017951965332,
        "runtime": 119.77366328239441
    },
    "79": {
        "score": 8.855457305908203,
        "runtime": 121.00292134284973
    },
    "80": {
        "score": 7.876407623291016,
        "runtime": 119.3760724067688
    },
    "81": {
        "score": 8.127373695373535,
        "runtime": 115.54580545425415
    },
    "82": {
        "score": 7.874272346496582,
        "runtime": 121.64309048652649
    },
    "83": {
        "score": 7.57954740524292,
        "runtime": 115.46500039100647
    },
    "84": {
        "score": 8.100515365600586,
        "runtime": 143.17918515205383
    },
    "85": {
        "score": 8.280025482177734,
        "runtime": 115.19021153450012
    },