{
    "0": {
        "score": 8.028374671936035,
        "runtime": 116.13818144798279
    },
    "1": {
        "score": 8.7140474319458,
        "runtime": 115.1834626197815
    },
    "2": {
        "score": 8.285285949707031,
        "runtime": 114.86666893959045
    },
    "3": {
        "score": 8.495939254760742,
        "runtime": 114.9327757358551
    },
    "4": {
        "score": 8.671123504638672,
        "runtime": 115.1035521030426
    },
    "5": {
        "score": 7.930217742919922,
        "runtime": 115.04019355773926
    },
    "6": {
        "score": 8.271698951721191,
        "runtime": 115.11100459098816
    },
    "7": {
        "score": 8.444657325744629,
        "runtime": 115.08177471160889
    },
    "8": {
        "score": 8.078078269958496,
        "runtime": 115.39531016349792
    },
    "9": {
        "score": 8.093536376953125,
        "runtime": 116.13939213752747
    },
    "10": {
        "score": 8.265600204467773,
        "runtime": 115.95282220840454
    },
    "11": {
        "score": 7.817521095275879,
        "runtime": 115.77807354927063
    },
    "12": {
        "score": 8.460432052612305,
        "runtime": 114.68345522880554
    },
    "13": {
        "score": 7.8221025466918945,
        "runtime": 114.79970836639404
    },
    "14": {
        "score": 8.135993003845215,
        "runtime": 115.23712301254272
    },
    "15": {
        "score": 8.204813003540039,
        "runtime": 115.03329753875732
    },
    "16": {
        "score": 8.178804397583008,
        "runtime": 115.71006798744202
    },
    "17": {
        "score": 8.24700927734375,
        "runtime": 116.2596492767334
    },
    "18": {
        "score": 8.19443416595459,
        "runtime": 115.51763844490051
    },
    "19": {
        "score": 8.742777824401855,
        "runtime": 115.74174904823303
    },
    "20": {
        "score": 8.703089714050293,
        "runtime": 117.2115569114685
    },
    "21": {
        "score": 8.426751136779785,
        "runtime": 115.1444354057312
    },
    "22": {
        "score": 7.932200908660889,
        "runtime": 114.31293940544128
    },
    "23": {
        "score": 8.34197998046875,
        "runtime": 116.03790259361267
    },
    "24": {
        "score": 7.371689319610596,
        "runtime": 116.36558389663696
    },
    "25": {
        "score": 8.170866966247559,
        "runtime": 115.17700862884521
    },
    "26": {
        "score": 8.275127410888672,
        "runtime": 115.39300680160522
    },
    "27": {
        "score": 8.018842697143555,
        "runtime": 116.4054925441742
    },
    "28": {
        "score": 8.714447975158691,
        "runtime": 115.64917922019958
    },
    "29": {
        "score": 7.602509498596191,
        "runtime": 115.51939177513123
    },
    "30": {
        "score": 8.637354850769043,
        "runtime": 116.961505651474
    },
    "31": {
        "score": 8.431588172912598,
        "runtime": 115.08970236778259
    },
    "32": {
        "score": 7.960644721984863,
        "runtime": 116.66669297218323
    },
    "33": {
        "score": 8.22578239440918,
        "runtime": 116.0321934223175
    },
    "34": {
        "score": 7.9326934814453125,
        "runtime": 115.60567569732666
    },
    "35": {
        "score": 8.273609161376953,
        "runtime": 116.94214510917664
    },
    "36": {
        "score": 9.135109901428223,
        "runtime": 116.0814917087555
    },
    "37": {
        "score": 8.13576602935791,
        "runtime": 115.15809321403503
    },
    "38": {
        "score": 8.127745628356934,
        "runtime": 115.56720995903015
    },
    "39": {
        "score": 7.89031982421875,
        "runtime": 116.40283727645874
    },
    "40": {
        "score": 8.083762168884277,
        "runtime": 115.71636033058167
    },
    "41": {
        "score": 8.229351043701172,
        "runtime": 114.71946573257446
    },
    "42": {
        "score": 7.788689136505127,
        "runtime": 115.16003918647766
    },
    "43": {
        "score": 8.235027313232422,
        "runtime": 115.39141154289246
    },
    "44": {
        "score": 8.063081741333008,
        "runtime": 116.40548276901245
    },
    "45": {
        "score": 7.841192245483398,
        "runtime": 120.71221542358398
    },
    "46": {
        "score": 8.478975296020508,
        "runtime": 115.56582283973694
    },
    "47": {
        "score": 8.178874015808105,
        "runtime": 116.30937123298645
    },
    "48": {
        "score": 8.396583557128906,
        "runtime": 115.36392426490784
    },
    "49": {
        "score": 8.541449546813965,
        "runtime": 116.1580958366394
    },
    "50": {
        "score": 8.480118751525879,
        "runtime": 114.67037987709045
    },
    "51": {
        "score": 9.588541984558105,
        "runtime": 116.51171445846558
    },
    "52": {
        "score": 8.073609352111816,
        "runtime": 115.42073130607605
    },
    "53": {
        "score": 7.7963972091674805,
        "runtime": 116.32809400558472
    },
    "54": {
        "score": 8.340150833129883,
        "runtime": 116.56501126289368
    },
    "55": {
        "score": 8.494115829467773,
        "runtime": 115.42196917533875
    },
    "56": {
        "score": 8.403687477111816,
        "runtime": 116.08553218841553
    },
    "57": {
        "score": 8.183356285095215,
        "runtime": 114.62937188148499
    },
    "58": {
        "score": 8.437402725219727,
        "runtime": 116.07137131690979
    },
    "59": {
        "score": 7.8368239402771,
        "runtime": 115.83270907402039
    },
    "60": {
        "score": 8.270182609558105,
        "runtime": 116.16366958618164
    },
    "61": {
        "score": 8.058770179748535,
        "runtime": 115.27611947059631
    },
    "62": {
        "score": 8.330416679382324,
        "runtime": 115.12521815299988
    },
    "63": {
        "score": 7.9746904373168945,
        "runtime": 115.02661490440369
    },
    "64": {
        "score": 7.772143840789795,
        "runtime": 116.29256391525269
    },
    "65": {
        "score": 8.726794242858887,
        "runtime": 114.70154333114624
    },
    "66": {
        "score": 8.35384750366211,
        "runtime": 115.61366820335388
    },
    "67": {
        "score": 8.260313987731934,
        "runtime": 115.67974638938904
    },
    "68": {
        "score": 7.9726715087890625,
        "runtime": 116.29957151412964
    },
    "69": {
        "score": 7.81613302230835,
        "runtime": 115.95792651176453
    },
    "70": {
        "score": 8.602530479431152,
        "runtime": 115.54836964607239
    },
    "71": {
        "score": 7.465003967285156,
        "runtime": 116.201495885849
    },
    "72": {
        "score": 8.480693817138672,
        "runtime": 114.72024440765381
    },
    "73": {
        "score": 8.306124687194824,
        "runtime": 115.38283944129944
    },
    "74": {
        "score": 7.975423812866211,
        "runtime": 115.5552327632904
    },
    "75": {
        "score": 7.905215263366699,
        "runtime": 114.65238738059998
    },
    "76": {
        "score": 8.48404598236084,
        "runtime": 115.11831498146057
    },
    "77": {
        "score": 8.323166847229004,
        "runtime": 116.26681208610535
    },
    "78": {
        "score": 7.949729919433594,
        "runtime": 116.14224934577942
    },
    "79": {
        "score": 8.5794038772583,
        "runtime": 122.52328681945801
    },
    "80": {
        "score": 7.813408851623535,
        "runtime": 119.06912302970886
    },
    "81": {
        "score": 8.0669527053833,
        "runtime": 116.633145570755
    },
    "82": {
        "score": 7.711816787719727,
        "runtime": 137.31552362442017
    },
    "83": {
        "score": 7.4266676902771,
        "runtime": 127.85648584365845
    },
    "84": {
        "score": 7.903591156005859,
        "runtime": 142.34976863861084
    },
    "85": {
        "score": 8.103629112243652,
        "runtime": 115.58475375175476
    },