{
    "0": {
        "score": 5.585239410400391,
        "runtime": 11.2029550075531
    },
    "1": {
        "score": 5.641336917877197,
        "runtime": 11.082485437393188
    },
    "2": {
        "score": 6.141998767852783,
        "runtime": 11.239917993545532
    },
    "3": {
        "score": 6.009098052978516,
        "runtime": 11.232945919036865
    },
    "4": {
        "score": 5.68243932723999,
        "runtime": 10.923473834991455
    },
    "5": {
        "score": 5.936502456665039,
        "runtime": 11.167926788330078
    },
    "6": {
        "score": 6.139273166656494,
        "runtime": 11.153393030166626
    },
    "7": {
        "score": 5.95625638961792,
        "runtime": 10.882960557937622
    },
    "8": {
        "score": 5.736600399017334,
        "runtime": 11.142990589141846
    },
    "9": {
        "score": 6.267785549163818,
        "runtime": 11.591478109359741
    },
    "10": {
        "score": 5.496968746185303,
        "runtime": 11.12243938446045
    },
    "11": {
        "score": 5.010799884796143,
        "runtime": 10.80994200706482
    },
    "12": {
        "score": 5.773510456085205,
        "runtime": 11.112987279891968
    },
    "13": {
        "score": 5.980339050292969,
        "runtime": 11.072988986968994
    },
    "14": {
        "score": 5.97642707824707,
        "runtime": 10.967442750930786
    },
    "15": {
        "score": 5.9942779541015625,
        "runtime": 10.875708103179932
    },
    "16": {
        "score": 5.661860466003418,
        "runtime": 11.000935316085815
    },
    "17": {
        "score": 5.545279026031494,
        "runtime": 11.065930843353271
    },
    "18": {
        "score": 5.666976451873779,
        "runtime": 10.833469152450562
    },
    "19": {
        "score": 5.578130722045898,
        "runtime": 10.998898267745972
    },
    "20": {
        "score": 5.483345985412598,
        "runtime": 11.03891897201538
    },
    "21": {
        "score": 5.8985066413879395,
        "runtime": 10.883996725082397
    },
    "22": {
        "score": 5.63731575012207,
        "runtime": 10.982959270477295
    },
    "23": {
        "score": 5.657573223114014,
        "runtime": 10.76796293258667
    },
    "24": {
        "score": 5.657744407653809,
        "runtime": 11.715460777282715
    },
    "25": {
        "score": 6.0714592933654785,
        "runtime": 10.757947206497192
    },
    "26": {
        "score": 5.677190780639648,
        "runtime": 10.916475772857666
    },
    "27": {
        "score": 5.74063777923584,
        "runtime": 10.971466541290283
    },
    "28": {
        "score": 5.783083915710449,
        "runtime": 10.794945478439331
    },
    "29": {
        "score": 6.012542247772217,
        "runtime": 10.852964639663696
    },
    "30": {
        "score": 5.765804290771484,
        "runtime": 10.831647396087646
    },
    "31": {
        "score": 5.740931510925293,
        "runtime": 11.005496978759766
    },
    "32": {
        "score": 5.97671365737915,
        "runtime": 10.871699810028076
    },
    "33": {
        "score": 5.634585380554199,
        "runtime": 10.582953691482544
    },
    "34": {
        "score": 5.526946067810059,
        "runtime": 11.015976428985596
    },
    "35": {
        "score": 5.755558967590332,
        "runtime": 10.955410242080688
    },
    "36": {
        "score": 5.761852741241455,
        "runtime": 10.86850094795227
    },
    "37": {
        "score": 6.2375874519348145,
        "runtime": 10.839972257614136
    },
    "38": {
        "score": 5.617483615875244,
        "runtime": 11.073935270309448
    },
    "39": {
        "score": 6.0153632164001465,
        "runtime": 11.090013265609741
    },
    "40": {
        "score": 5.667033672332764,
        "runtime": 10.78969120979309
    },
    "41": {
        "score": 5.765598297119141,
        "runtime": 11.045230627059937
    },
    "42": {
        "score": 5.748785495758057,
        "runtime": 10.802473068237305
    },
    "43": {
        "score": 6.485743522644043,
        "runtime": 10.958963394165039
    },
    "44": {
        "score": 5.428593635559082,
        "runtime": 10.85494065284729
    },
    "45": {
        "score": 5.669806003570557,
        "runtime": 11.033478021621704
    },
    "46": {
        "score": 5.9149556159973145,
        "runtime": 10.854941129684448
    },
    "47": {
        "score": 5.716195583343506,
        "runtime": 10.88049602508545
    },
    "48": {
        "score": 5.658264636993408,
        "runtime": 10.77886438369751
    },
    "49": {
        "score": 6.055268287658691,
        "runtime": 10.9471435546875
    },
    "50": {
        "score": 5.921019554138184,
        "runtime": 11.15396523475647
    },
    "51": {
        "score": 5.818638801574707,
        "runtime": 11.0314781665802
    },
    "52": {
        "score": 6.33341646194458,
        "runtime": 10.907446384429932
    },
    "53": {
        "score": 5.455046653747559,
        "runtime": 11.034476518630981
    },
    "54": {
        "score": 5.6876540184021,
        "runtime": 10.915910243988037
    },
    "55": {
        "score": 5.900045871734619,
        "runtime": 10.971966028213501
    },
    "56": {
        "score": 6.045798301696777,
        "runtime": 10.8679358959198
    },
    "57": {
        "score": 5.929371356964111,
        "runtime": 11.56592845916748
    },
    "58": {
        "score": 5.685807704925537,
        "runtime": 11.118464469909668
    },
    "59": {
        "score": 5.747063159942627,
        "runtime": 10.93898606300354
    },
    "60": {
        "score": 6.2674970626831055,
        "runtime": 11.009997606277466
    },
    "61": {
        "score": 5.594420433044434,
        "runtime": 11.195457458496094
    },
    "62": {
        "score": 5.885622024536133,
        "runtime": 11.05588173866272
    },
    "63": {
        "score": 5.770768642425537,
        "runtime": 11.135863542556763
    },
    "64": {
        "score": 5.681549549102783,
        "runtime": 11.037462711334229
    },
    "65": {
        "score": 5.669130802154541,
        "runtime": 10.892492532730103
    },
    "66": {
        "score": 5.732789039611816,
        "runtime": 11.107936143875122
    },
    "67": {
        "score": 5.57967472076416,
        "runtime": 11.07492208480835
    },
    "68": {
        "score": 5.692628860473633,
        "runtime": 10.976957559585571
    },
    "69": {
        "score": 5.377274513244629,
        "runtime": 11.195481777191162
    },
    "70": {
        "score": 5.837696075439453,
        "runtime": 10.814011573791504
    },
    "71": {
        "score": 5.307118892669678,
        "runtime": 11.061943531036377
    },
    "72": {
        "score": 6.034285545349121,
        "runtime": 10.754741907119751
    },
    "73": {
        "score": 5.827200889587402,
        "runtime": 11.029927968978882
    },
    "74": {
        "score": 5.6795973777771,
        "runtime": 10.924489259719849
    },
    "75": {
        "score": 5.787728309631348,
        "runtime": 11.1174635887146
    },
    "76": {
        "score": 6.229314804077148,
        "runtime": 11.132933378219604
    },
    "77": {
        "score": 5.738405704498291,
        "runtime": 11.067442417144775
    },
    "78": {
        "score": 5.97691535949707,
        "runtime": 10.939488887786865
    },
    "79": {
        "score": 5.166144847869873,
        "runtime": 11.043946504592896
    },
    "80": {
        "score": 5.8197503089904785,
        "runtime": 10.75344443321228
    },
    "81": {
        "score": 5.382617950439453,
        "runtime": 10.826992750167847
    },
    "82": {
        "score": 5.55540657043457,
        "runtime": 10.97198748588562
    },
    "83": {
        "score": 6.152430057525635,
        "runtime": 10.92695426940918
    },
    "84": {
        "score": 6.010405540466309,
        "runtime": 10.996490478515625
    },
    "85": {
        "score": 5.796072959899902,
        "runtime": 10.993492841720581
    },