{
    "0": {
        "score": 5.493342876434326,
        "runtime": 11.030956983566284
    },
    "1": {
        "score": 5.637015342712402,
        "runtime": 11.100965976715088
    },
    "2": {
        "score": 6.112476825714111,
        "runtime": 11.151916742324829
    },
    "3": {
        "score": 6.009098052978516,
        "runtime": 11.133946895599365
    },
    "4": {
        "score": 5.697081089019775,
        "runtime": 11.10247278213501
    },
    "5": {
        "score": 5.812621116638184,
        "runtime": 11.002938270568848
    },
    "6": {
        "score": 6.086172580718994,
        "runtime": 11.053432703018188
    },
    "7": {
        "score": 6.052709579467773,
        "runtime": 10.947959899902344
    },
    "8": {
        "score": 5.761789798736572,
        "runtime": 10.959965705871582
    },
    "9": {
        "score": 6.152530670166016,
        "runtime": 11.403998374938965
    },
    "10": {
        "score": 5.496968746185303,
        "runtime": 11.038005590438843
    },
    "11": {
        "score": 5.015531539916992,
        "runtime": 10.773947954177856
    },
    "12": {
        "score": 5.851858139038086,
        "runtime": 11.29693055152893
    },
    "13": {
        "score": 5.875051975250244,
        "runtime": 11.00399112701416
    },
    "14": {
        "score": 5.931775093078613,
        "runtime": 10.956443309783936
    },
    "15": {
        "score": 5.955026626586914,
        "runtime": 10.98671007156372
    },
    "16": {
        "score": 5.603448867797852,
        "runtime": 10.921935081481934
    },
    "17": {
        "score": 5.6613383293151855,
        "runtime": 10.969981670379639
    },
    "18": {
        "score": 5.666976451873779,
        "runtime": 10.921466588973999
    },
    "19": {
        "score": 5.568150520324707,
        "runtime": 10.931896924972534
    },
    "20": {
        "score": 5.530035972595215,
        "runtime": 11.055918216705322
    },
    "21": {
        "score": 5.91028356552124,
        "runtime": 10.89599895477295
    },
    "22": {
        "score": 5.578288555145264,
        "runtime": 10.925436019897461
    },
    "23": {
        "score": 5.691412925720215,
        "runtime": 10.701910972595215
    },
    "24": {
        "score": 5.554319858551025,
        "runtime": 11.750977754592896
    },
    "25": {
        "score": 6.078736782073975,
        "runtime": 10.837945938110352
    },
    "26": {
        "score": 5.673738956451416,
        "runtime": 10.98595142364502
    },
    "27": {
        "score": 5.811557292938232,
        "runtime": 10.87994384765625
    },
    "28": {
        "score": 5.72407865524292,
        "runtime": 11.01746916770935
    },
    "29": {
        "score": 6.072971343994141,
        "runtime": 10.866978883743286
    },
    "30": {
        "score": 5.776256084442139,
        "runtime": 10.734482765197754
    },
    "31": {
        "score": 5.735320568084717,
        "runtime": 10.86201548576355
    },
    "32": {
        "score": 5.9598164558410645,
        "runtime": 10.939186096191406
    },
    "33": {
        "score": 5.569371223449707,
        "runtime": 10.762957334518433
    },
    "34": {
        "score": 5.8896284103393555,
        "runtime": 10.94996428489685
    },
    "35": {
        "score": 5.82086181640625,
        "runtime": 10.940021753311157
    },
    "36": {
        "score": 5.780726432800293,
        "runtime": 11.072739362716675
    },
    "37": {
        "score": 6.3655219078063965,
        "runtime": 10.858959436416626
    },
    "38": {
        "score": 5.628223896026611,
        "runtime": 10.852914571762085
    },
    "39": {
        "score": 6.137964725494385,
        "runtime": 10.824412822723389
    },
    "40": {
        "score": 5.669599533081055,
        "runtime": 10.845866918563843
    },
    "41": {
        "score": 5.660446643829346,
        "runtime": 10.892696619033813
    },
    "42": {
        "score": 5.761118412017822,
        "runtime": 11.019970893859863
    },
    "43": {
        "score": 6.570940017700195,
        "runtime": 10.912935495376587
    },
    "44": {
        "score": 5.435944080352783,
        "runtime": 10.768937826156616
    },
    "45": {
        "score": 5.6657819747924805,
        "runtime": 10.656959295272827
    },
    "46": {
        "score": 5.898036003112793,
        "runtime": 10.868956089019775
    },
    "47": {
        "score": 5.659748554229736,
        "runtime": 11.061455249786377
    },
    "48": {
        "score": 5.584643363952637,
        "runtime": 10.94793438911438
    },
    "49": {
        "score": 6.189867973327637,
        "runtime": 10.802851915359497
    },
    "50": {
        "score": 6.025738716125488,
        "runtime": 11.050427913665771
    },
    "51": {
        "score": 5.8538360595703125,
        "runtime": 11.0619957447052
    },
    "52": {
        "score": 6.366627216339111,
        "runtime": 10.986927509307861
    },
    "53": {
        "score": 5.4982476234436035,
        "runtime": 11.067475318908691
    },
    "54": {
        "score": 5.603899955749512,
        "runtime": 11.136908769607544
    },
    "55": {
        "score": 5.841212272644043,
        "runtime": 10.947965621948242
    },
    "56": {
        "score": 6.090428352355957,
        "runtime": 11.020933866500854
    },
    "57": {
        "score": 5.648983001708984,
        "runtime": 11.648412942886353
    },
    "58": {
        "score": 5.6215949058532715,
        "runtime": 10.860984802246094
    },
    "59": {
        "score": 5.8313493728637695,
        "runtime": 11.07494831085205
    },
    "60": {
        "score": 6.270698547363281,
        "runtime": 11.080941915512085
    },
    "61": {
        "score": 5.599362373352051,
        "runtime": 11.260939359664917
    },
    "62": {
        "score": 5.8128814697265625,
        "runtime": 10.914881229400635
    },
    "63": {
        "score": 5.7686028480529785,
        "runtime": 11.304863214492798
    },
    "64": {
        "score": 5.650214195251465,
        "runtime": 11.020461082458496
    },
    "65": {
        "score": 5.70976448059082,
        "runtime": 11.072489738464355
    },
    "66": {
        "score": 5.540892601013184,
        "runtime": 10.983872413635254
    },
    "67": {
        "score": 5.378158092498779,
        "runtime": 11.144973754882812
    },
    "68": {
        "score": 5.692628860473633,
        "runtime": 10.977957248687744
    },
    "69": {
        "score": 5.39748477935791,
        "runtime": 11.015939950942993
    },
    "70": {
        "score": 5.8357672691345215,
        "runtime": 10.951012134552002
    },
    "71": {
        "score": 5.307118892669678,
        "runtime": 10.75242567062378
    },
    "72": {
        "score": 5.944133758544922,
        "runtime": 10.928197860717773
    },
    "73": {
        "score": 5.627927780151367,
        "runtime": 10.905993700027466
    },
    "74": {
        "score": 5.679056644439697,
        "runtime": 11.0230131149292
    },
    "75": {
        "score": 5.8000030517578125,
        "runtime": 11.200174808502197
    },
    "76": {
        "score": 6.117641448974609,
        "runtime": 10.909930944442749
    },
    "77": {
        "score": 5.817492485046387,
        "runtime": 11.098422050476074
    },
    "78": {
        "score": 5.879152774810791,
        "runtime": 11.018444776535034
    },
    "79": {
        "score": 5.16366720199585,
        "runtime": 10.948420524597168
    },
    "80": {
        "score": 5.697159767150879,
        "runtime": 10.909380197525024
    },
    "81": {
        "score": 5.329582214355469,
        "runtime": 10.935990333557129
    },
    "82": {
        "score": 5.511092185974121,
        "runtime": 10.98794150352478
    },
    "83": {
        "score": 6.167718410491943,
        "runtime": 11.121954917907715
    },
    "84": {
        "score": 5.801414489746094,
        "runtime": 11.011491775512695
    },
    "85": {
        "score": 5.796072959899902,
        "runtime": 10.897489070892334
    },