{
    "0": {
        "score": 5.521439552307129,
        "runtime": 11.092954635620117
    },
    "1": {
        "score": 5.66768741607666,
        "runtime": 10.970965385437012
    },
    "2": {
        "score": 6.28695011138916,
        "runtime": 11.289916276931763
    },
    "3": {
        "score": 6.073789596557617,
        "runtime": 11.067945718765259
    },
    "4": {
        "score": 5.68243932723999,
        "runtime": 11.048470973968506
    },
    "5": {
        "score": 5.793453693389893,
        "runtime": 11.078938722610474
    },
    "6": {
        "score": 6.172881126403809,
        "runtime": 11.158951997756958
    },
    "7": {
        "score": 5.979588985443115,
        "runtime": 10.913953304290771
    },
    "8": {
        "score": 5.7235541343688965,
        "runtime": 10.903966665267944
    },
    "9": {
        "score": 6.159862041473389,
        "runtime": 11.294946670532227
    },
    "10": {
        "score": 5.51644229888916,
        "runtime": 10.935467720031738
    },
    "11": {
        "score": 5.01278829574585,
        "runtime": 10.742494344711304
    },
    "12": {
        "score": 5.8658270835876465,
        "runtime": 11.106470108032227
    },
    "13": {
        "score": 5.869622707366943,
        "runtime": 10.834944486618042
    },
    "14": {
        "score": 5.931210517883301,
        "runtime": 11.04899287223816
    },
    "15": {
        "score": 5.9535112380981445,
        "runtime": 11.035975456237793
    },
    "16": {
        "score": 5.7544474601745605,
        "runtime": 11.262473821640015
    },
    "17": {
        "score": 5.514554500579834,
        "runtime": 11.006695985794067
    },
    "18": {
        "score": 5.702567100524902,
        "runtime": 11.079467535018921
    },
    "19": {
        "score": 5.8033647537231445,
        "runtime": 10.978963851928711
    },
    "20": {
        "score": 5.539313793182373,
        "runtime": 10.966920614242554
    },
    "21": {
        "score": 5.973437309265137,
        "runtime": 11.030994653701782
    },
    "22": {
        "score": 5.4906697273254395,
        "runtime": 10.808750867843628
    },
    "23": {
        "score": 5.625711917877197,
        "runtime": 10.867910623550415
    },
    "24": {
        "score": 5.54427433013916,
        "runtime": 11.674485206604004
    },
    "25": {
        "score": 6.110732555389404,
        "runtime": 10.916983604431152
    },
    "26": {
        "score": 5.6601152420043945,
        "runtime": 10.924984216690063
    },
    "27": {
        "score": 5.8210859298706055,
        "runtime": 10.95294737815857
    },
    "28": {
        "score": 5.681619167327881,
        "runtime": 11.001468420028687
    },
    "29": {
        "score": 5.997100830078125,
        "runtime": 10.822978258132935
    },
    "30": {
        "score": 5.819917678833008,
        "runtime": 10.66191840171814
    },
    "31": {
        "score": 5.830765724182129,
        "runtime": 10.837490320205688
    },
    "32": {
        "score": 5.853262901306152,
        "runtime": 11.005234241485596
    },
    "33": {
        "score": 5.839829444885254,
        "runtime": 11.070968866348267
    },
    "34": {
        "score": 5.6732401847839355,
        "runtime": 11.03247857093811
    },
    "35": {
        "score": 5.841835021972656,
        "runtime": 10.941020011901855
    },
    "36": {
        "score": 5.799249649047852,
        "runtime": 10.932682037353516
    },
    "37": {
        "score": 6.33024263381958,
        "runtime": 10.739965438842773
    },
    "38": {
        "score": 5.628223896026611,
        "runtime": 10.92496943473816
    },
    "39": {
        "score": 6.228005409240723,
        "runtime": 10.853469848632812
    },
    "40": {
        "score": 5.547703266143799,
        "runtime": 10.896867752075195
    },
    "41": {
        "score": 5.660446643829346,
        "runtime": 10.868958711624146
    },
    "42": {
        "score": 5.6238508224487305,
        "runtime": 10.840965270996094
    },
    "43": {
        "score": 6.6382975578308105,
        "runtime": 10.761954307556152
    },
    "44": {
        "score": 5.432969570159912,
        "runtime": 10.91147255897522
    },
    "45": {
        "score": 6.806253910064697,
        "runtime": 10.977487802505493
    },
    "46": {
        "score": 5.952781677246094,
        "runtime": 10.958960771560669
    },
    "47": {
        "score": 5.659748554229736,
        "runtime": 10.909399032592773
    },
    "48": {
        "score": 5.577902317047119,
        "runtime": 11.085976362228394
    },
    "49": {
        "score": 6.15105676651001,
        "runtime": 10.99317717552185
    },
    "50": {
        "score": 6.000397205352783,
        "runtime": 10.926461935043335
    },
    "51": {
        "score": 5.856169700622559,
        "runtime": 10.916952133178711
    },
    "52": {
        "score": 6.262559413909912,
        "runtime": 10.949931621551514
    },
    "53": {
        "score": 5.353240966796875,
        "runtime": 11.254457712173462
    },
    "54": {
        "score": 5.6696929931640625,
        "runtime": 11.151896953582764
    },
    "55": {
        "score": 5.923710346221924,
        "runtime": 10.884966135025024
    },
    "56": {
        "score": 6.013274669647217,
        "runtime": 11.046871185302734
    },
    "57": {
        "score": 5.654119968414307,
        "runtime": 11.597452163696289
    },
    "58": {
        "score": 5.662082195281982,
        "runtime": 10.85798168182373
    },
    "59": {
        "score": 5.867747783660889,
        "runtime": 10.943986177444458
    },
    "60": {
        "score": 6.351628303527832,
        "runtime": 10.944941520690918
    },
    "61": {
        "score": 5.573424339294434,
        "runtime": 11.052988767623901
    },
    "62": {
        "score": 5.8128814697265625,
        "runtime": 10.824925422668457
    },
    "63": {
        "score": 5.619351863861084,
        "runtime": 11.389864444732666
    },
    "64": {
        "score": 5.681549549102783,
        "runtime": 10.934463262557983
    },
    "65": {
        "score": 5.669130802154541,
        "runtime": 11.10849142074585
    },
    "66": {
        "score": 5.528189659118652,
        "runtime": 11.039929389953613
    },
    "67": {
        "score": 5.404693603515625,
        "runtime": 11.00097942352295
    },
    "68": {
        "score": 5.692628860473633,
        "runtime": 10.891951084136963
    },
    "69": {
        "score": 5.390874862670898,
        "runtime": 10.878886222839355
    },
    "70": {
        "score": 5.840638637542725,
        "runtime": 10.85397982597351
    },
    "71": {
        "score": 5.307118892669678,
        "runtime": 10.85942554473877
    },
    "72": {
        "score": 5.905274391174316,
        "runtime": 10.7519371509552
    },
    "73": {
        "score": 5.619150161743164,
        "runtime": 11.024967193603516
    },
    "74": {
        "score": 5.679056644439697,
        "runtime": 10.859493017196655
    },
    "75": {
        "score": 5.790480136871338,
        "runtime": 11.279656410217285
    },
    "76": {
        "score": 6.044333457946777,
        "runtime": 10.958458662033081
    },
    "77": {
        "score": 5.724874973297119,
        "runtime": 10.97696566581726
    },
    "78": {
        "score": 5.779438018798828,
        "runtime": 10.939496040344238
    },
    "79": {
        "score": 5.170901298522949,
        "runtime": 10.841938018798828
    },
    "80": {
        "score": 5.7784223556518555,
        "runtime": 11.003917217254639
    },
    "81": {
        "score": 5.317778587341309,
        "runtime": 10.883943557739258
    },
    "82": {
        "score": 5.506518840789795,
        "runtime": 11.074423789978027
    },
    "83": {
        "score": 6.11421012878418,
        "runtime": 10.979957342147827
    },
    "84": {
        "score": 5.809797286987305,
        "runtime": 10.94492506980896
    },
    "85": {
        "score": 5.735667705535889,
        "runtime": 11.046958684921265
    },