{
    "0": {
        "score": 6.7575907707214355,
        "runtime": 1.6580023765563965
    },
    "1": {
        "score": 6.7575907707214355,
        "runtime": 1.7669987678527832
    },
    "2": {
        "score": 6.7575907707214355,
        "runtime": 1.7599992752075195
    },
    "3": {
        "score": 6.7575907707214355,
        "runtime": 1.7919988632202148
    },
    "4": {
        "score": 6.7575907707214355,
        "runtime": 1.740999460220337
    },
    "5": {
        "score": 6.7575907707214355,
        "runtime": 1.7370026111602783
    },
    "6": {
        "score": 6.7575907707214355,
        "runtime": 1.7330000400543213
    },
    "7": {
        "score": 6.7575907707214355,
        "runtime": 1.753999948501587
    },
    "8": {
        "score": 6.7575907707214355,
        "runtime": 1.746999740600586
    },
    "9": {
        "score": 6.7575907707214355,
        "runtime": 1.7110013961791992
    },
    "10": {
        "score": 6.7575907707214355,
        "runtime": 1.7129991054534912
    },
    "11": {
        "score": 6.7575907707214355,
        "runtime": 1.723998785018921
    },
    "12": {
        "score": 6.7575907707214355,
        "runtime": 1.7609996795654297
    },
    "13": {
        "score": 6.7575907707214355,
        "runtime": 1.718001127243042
    },
    "14": {
        "score": 6.7575907707214355,
        "runtime": 1.7799999713897705
    },
    "15": {
        "score": 6.7575907707214355,
        "runtime": 1.6770009994506836
    },
    "16": {
        "score": 6.7575907707214355,
        "runtime": 1.7789990901947021
    },
    "17": {
        "score": 6.7575907707214355,
        "runtime": 1.7250003814697266
    },
    "18": {
        "score": 6.7575907707214355,
        "runtime": 1.785998821258545
    },
    "19": {
        "score": 6.7575907707214355,
        "runtime": 1.7560019493103027
    },
    "20": {
        "score": 6.7575907707214355,
        "runtime": 1.7740001678466797
    },
    "21": {
        "score": 6.7575907707214355,
        "runtime": 1.7709991931915283
    },
    "22": {
        "score": 6.7575907707214355,
        "runtime": 1.7609984874725342
    },
    "23": {
        "score": 6.7575907707214355,
        "runtime": 1.6769981384277344
    },
    "24": {
        "score": 6.7575907707214355,
        "runtime": 1.722998857498169
    },
    "25": {
        "score": 6.7575907707214355,
        "runtime": 1.8100030422210693
    },
    "26": {
        "score": 6.7575907707214355,
        "runtime": 1.7809984683990479
    },
    "27": {
        "score": 6.7575907707214355,
        "runtime": 1.782999038696289
    },
    "28": {
        "score": 6.7575907707214355,
        "runtime": 1.7120013236999512
    },
    "29": {
        "score": 6.7575907707214355,
        "runtime": 1.740999460220337
    },
    "30": {
        "score": 6.7575907707214355,
        "runtime": 1.8089995384216309
    },
    "31": {
        "score": 6.7575907707214355,
        "runtime": 1.7549984455108643
    },
    "32": {
        "score": 6.7575907707214355,
        "runtime": 1.7080004215240479
    },
    "33": {
        "score": 6.7575907707214355,
        "runtime": 1.7830016613006592
    },
    "34": {
        "score": 6.7575907707214355,
        "runtime": 1.7999992370605469
    },
    "35": {
        "score": 6.7575907707214355,
        "runtime": 1.805999994277954
    },
    "36": {
        "score": 6.7575907707214355,
        "runtime": 1.8120007514953613
    },
    "37": {
        "score": 6.7575907707214355,
        "runtime": 1.7520005702972412
    },
    "38": {
        "score": 6.7575907707214355,
        "runtime": 1.7299997806549072
    },
    "39": {
        "score": 6.7575907707214355,
        "runtime": 1.8220000267028809
    },
    "40": {
        "score": 6.7575907707214355,
        "runtime": 1.7680022716522217
    },
    "41": {
        "score": 6.7575907707214355,
        "runtime": 1.693997859954834
    },
    "42": {
        "score": 6.7575907707214355,
        "runtime": 1.7259998321533203
    },
    "43": {
        "score": 6.7575907707214355,
        "runtime": 1.7820014953613281
    },
    "44": {
        "score": 6.7575907707214355,
        "runtime": 1.7430000305175781
    },
    "45": {
        "score": 6.7575907707214355,
        "runtime": 1.7730016708374023
    },
    "46": {
        "score": 6.7575907707214355,
        "runtime": 1.7679994106292725
    },
    "47": {
        "score": 6.7575907707214355,
        "runtime": 1.6829986572265625
    },
    "48": {
        "score": 6.7575907707214355,
        "runtime": 1.8319981098175049
    },
    "49": {
        "score": 6.7575907707214355,
        "runtime": 1.7399978637695312
    },
    "50": {
        "score": 6.7575907707214355,
        "runtime": 1.758000135421753
    },
    "51": {
        "score": 6.7575907707214355,
        "runtime": 1.7320001125335693
    },
    "52": {
        "score": 6.7575907707214355,
        "runtime": 1.762998342514038
    },
    "53": {
        "score": 6.7575907707214355,
        "runtime": 1.7369999885559082
    },
    "54": {
        "score": 6.7575907707214355,
        "runtime": 1.7510015964508057
    },
    "55": {
        "score": 6.7575907707214355,
        "runtime": 1.7639994621276855
    },
    "56": {
        "score": 6.7575907707214355,
        "runtime": 1.7130002975463867
    },
    "57": {
        "score": 6.7575907707214355,
        "runtime": 1.8159995079040527
    },
    "58": {
        "score": 6.7575907707214355,
        "runtime": 1.80299973487854
    },
    "59": {
        "score": 6.7575907707214355,
        "runtime": 1.7050020694732666
    },
    "60": {
        "score": 6.7575907707214355,
        "runtime": 1.7420010566711426
    },
    "61": {
        "score": 6.7575907707214355,
        "runtime": 1.794001817703247
    },
    "62": {
        "score": 6.7575907707214355,
        "runtime": 1.7889986038208008
    },
    "63": {
        "score": 6.7575907707214355,
        "runtime": 1.6929986476898193
    },
    "64": {
        "score": 6.7575907707214355,
        "runtime": 1.7610011100769043
    },
    "65": {
        "score": 6.7575907707214355,
        "runtime": 1.7809994220733643
    },
    "66": {
        "score": 6.7575907707214355,
        "runtime": 1.7260019779205322
    },
    "67": {
        "score": 6.7575907707214355,
        "runtime": 1.755000114440918
    },
    "68": {
        "score": 6.7575907707214355,
        "runtime": 1.7760002613067627
    },
    "69": {
        "score": 6.7575907707214355,
        "runtime": 1.7799983024597168
    },
    "70": {
        "score": 6.7575907707214355,
        "runtime": 1.8080012798309326
    },
    "71": {
        "score": 6.7575907707214355,
        "runtime": 1.6970000267028809
    },
    "72": {
        "score": 6.7575907707214355,
        "runtime": 1.755000114440918
    },
    "73": {
        "score": 6.7575907707214355,
        "runtime": 1.7739992141723633
    },
    "74": {
        "score": 6.7575907707214355,
        "runtime": 1.7809996604919434
    },
    "75": {
        "score": 6.7575907707214355,
        "runtime": 1.6709978580474854
    },
    "76": {
        "score": 6.7575907707214355,
        "runtime": 1.72999906539917
    },
    "77": {
        "score": 6.7575907707214355,
        "runtime": 1.7070000171661377
    },
    "78": {
        "score": 6.7575907707214355,
        "runtime": 1.7810006141662598
    },
    "79": {
        "score": 6.7575907707214355,
        "runtime": 1.7920007705688477
    },
    "80": {
        "score": 6.7575907707214355,
        "runtime": 1.8190014362335205
    },
    "81": {
        "score": 6.7575907707214355,
        "runtime": 1.7499988079071045
    },
    "82": {
        "score": 6.7575907707214355,
        "runtime": 1.7790005207061768
    },
    "83": {
        "score": 6.7575907707214355,
        "runtime": 1.8230023384094238
    },
    "84": {
        "score": 6.7575907707214355,
        "runtime": 1.833000659942627
    },