{
    "0": {
        "score": 6.857205867767334,
        "runtime": 1.7899980545043945
    },
    "1": {
        "score": 6.857205867767334,
        "runtime": 1.8499999046325684
    },
    "2": {
        "score": 6.857205867767334,
        "runtime": 1.7580010890960693
    },
    "3": {
        "score": 6.857205867767334,
        "runtime": 1.7160015106201172
    },
    "4": {
        "score": 6.857205867767334,
        "runtime": 1.710000991821289
    },
    "5": {
        "score": 6.857205867767334,
        "runtime": 1.7009975910186768
    },
    "6": {
        "score": 6.857205867767334,
        "runtime": 1.7150015830993652
    },
    "7": {
        "score": 6.857205867767334,
        "runtime": 1.7450015544891357
    },
    "8": {
        "score": 6.857205867767334,
        "runtime": 1.7719981670379639
    },
    "9": {
        "score": 6.857205867767334,
        "runtime": 1.7019977569580078
    },
    "10": {
        "score": 6.857205867767334,
        "runtime": 1.6969995498657227
    },
    "11": {
        "score": 6.857205867767334,
        "runtime": 1.8280019760131836
    },
    "12": {
        "score": 6.857205867767334,
        "runtime": 1.685999870300293
    },
    "13": {
        "score": 6.857205867767334,
        "runtime": 1.7049994468688965
    },
    "14": {
        "score": 6.857205867767334,
        "runtime": 1.7410004138946533
    },
    "15": {
        "score": 6.857205867767334,
        "runtime": 1.7630021572113037
    },
    "16": {
        "score": 6.857205867767334,
        "runtime": 1.7779991626739502
    },
    "17": {
        "score": 6.857205867767334,
        "runtime": 1.7420010566711426
    },
    "18": {
        "score": 6.857205867767334,
        "runtime": 1.7699997425079346
    },
    "19": {
        "score": 6.857205867767334,
        "runtime": 1.744999885559082
    },
    "20": {
        "score": 6.857205867767334,
        "runtime": 1.74399995803833
    },
    "21": {
        "score": 6.857205867767334,
        "runtime": 1.7089979648590088
    },
    "22": {
        "score": 6.787886142730713,
        "runtime": 1.7729990482330322
    },
    "23": {
        "score": 6.857205867767334,
        "runtime": 1.7500009536743164
    },
    "24": {
        "score": 6.857205867767334,
        "runtime": 1.7120001316070557
    },
    "25": {
        "score": 6.857205867767334,
        "runtime": 1.6390001773834229
    },
    "26": {
        "score": 6.857205867767334,
        "runtime": 1.772000789642334
    },
    "27": {
        "score": 6.857205867767334,
        "runtime": 1.671999454498291
    },
    "28": {
        "score": 6.857205867767334,
        "runtime": 1.7120001316070557
    },
    "29": {
        "score": 6.857205867767334,
        "runtime": 1.7270019054412842
    },
    "30": {
        "score": 6.857205867767334,
        "runtime": 1.6940011978149414
    },
    "31": {
        "score": 6.857205867767334,
        "runtime": 1.6989986896514893
    },
    "32": {
        "score": 6.857205867767334,
        "runtime": 1.7340009212493896
    },
    "33": {
        "score": 6.857205867767334,
        "runtime": 1.7470014095306396
    },
    "34": {
        "score": 6.857205867767334,
        "runtime": 1.781998634338379
    },
    "35": {
        "score": 6.857205867767334,
        "runtime": 1.779999017715454
    },
    "36": {
        "score": 6.857205867767334,
        "runtime": 1.790001392364502
    },
    "37": {
        "score": 6.857205867767334,
        "runtime": 1.7439994812011719
    },
    "38": {
        "score": 6.857205867767334,
        "runtime": 1.7899975776672363
    },
    "39": {
        "score": 6.857205867767334,
        "runtime": 1.7700014114379883
    },
    "40": {
        "score": 6.857205867767334,
        "runtime": 1.766000509262085
    },
    "41": {
        "score": 6.857205867767334,
        "runtime": 1.7080011367797852
    },
    "42": {
        "score": 6.857205867767334,
        "runtime": 1.7479994297027588
    },
    "43": {
        "score": 6.857205867767334,
        "runtime": 1.7940022945404053
    },
    "44": {
        "score": 6.857205867767334,
        "runtime": 1.69100022315979
    },
    "45": {
        "score": 6.857205867767334,
        "runtime": 1.7900002002716064
    },
    "46": {
        "score": 6.857205867767334,
        "runtime": 1.7360014915466309
    },
    "47": {
        "score": 6.857205867767334,
        "runtime": 1.7469990253448486
    },
    "48": {
        "score": 6.857205867767334,
        "runtime": 1.7060010433197021
    },
    "49": {
        "score": 6.857205867767334,
        "runtime": 1.7009975910186768
    },
    "50": {
        "score": 6.857205867767334,
        "runtime": 1.774001121520996
    },
    "51": {
        "score": 6.857205867767334,
        "runtime": 1.7299997806549072
    },
    "52": {
        "score": 6.857205867767334,
        "runtime": 1.7729978561401367
    },
    "53": {
        "score": 6.857205867767334,
        "runtime": 1.7670009136199951
    },
    "54": {
        "score": 6.857205867767334,
        "runtime": 1.7569999694824219
    },
    "55": {
        "score": 6.857205867767334,
        "runtime": 1.7220025062561035
    },
    "56": {
        "score": 6.857205867767334,
        "runtime": 1.7850000858306885
    },
    "57": {
        "score": 6.857205867767334,
        "runtime": 1.7199997901916504
    },
    "58": {
        "score": 6.857205867767334,
        "runtime": 1.7469990253448486
    },
    "59": {
        "score": 6.857205867767334,
        "runtime": 1.7660000324249268
    },
    "60": {
        "score": 6.857205867767334,
        "runtime": 1.7470028400421143
    },
    "61": {
        "score": 6.857205867767334,
        "runtime": 1.7470004558563232
    },
    "62": {
        "score": 6.857205867767334,
        "runtime": 1.7399983406066895
    },
    "63": {
        "score": 6.857205867767334,
        "runtime": 1.7549996376037598
    },
    "64": {
        "score": 6.857205867767334,
        "runtime": 1.7829997539520264
    },
    "65": {
        "score": 6.857205867767334,
        "runtime": 1.70400071144104
    },
    "66": {
        "score": 6.857205867767334,
        "runtime": 1.770996332168579
    },
    "67": {
        "score": 6.857205867767334,
        "runtime": 1.748002052307129
    },
    "68": {
        "score": 6.857205867767334,
        "runtime": 1.7920012474060059
    },
    "69": {
        "score": 6.857205867767334,
        "runtime": 1.7290012836456299
    },
    "70": {
        "score": 6.857205867767334,
        "runtime": 1.7859973907470703
    },
    "71": {
        "score": 6.857205867767334,
        "runtime": 1.7769999504089355
    },
    "72": {
        "score": 6.857205867767334,
        "runtime": 1.7999992370605469
    },
    "73": {
        "score": 6.857205867767334,
        "runtime": 1.7509980201721191
    },
    "74": {
        "score": 6.857205867767334,
        "runtime": 1.7860000133514404
    },
    "75": {
        "score": 6.857205867767334,
        "runtime": 1.715001106262207
    },
    "76": {
        "score": 6.857205867767334,
        "runtime": 1.8360013961791992
    },
    "77": {
        "score": 6.857205867767334,
        "runtime": 1.7670009136199951
    },
    "78": {
        "score": 6.857205867767334,
        "runtime": 1.726999282836914
    },
    "79": {
        "score": 6.857205867767334,
        "runtime": 1.8449974060058594
    },
    "80": {
        "score": 6.857205867767334,
        "runtime": 1.7980036735534668
    },
    "81": {
        "score": 6.857205867767334,
        "runtime": 1.7330002784729004
    },
    "82": {
        "score": 6.857205867767334,
        "runtime": 1.7449989318847656
    },
    "83": {
        "score": 6.857205867767334,
        "runtime": 1.770003318786621
    },
    "84": {
        "score": 6.857205867767334,
        "runtime": 1.7899987697601318
    },
    "85": {
        "score": 6.857205867767334,
        "runtime": 1.755000114440918
    },