{
    "0": {
        "score": 6.758175849914551,
        "runtime": 1.733001947402954
    },
    "1": {
        "score": 6.758175849914551,
        "runtime": 1.7379999160766602
    },
    "2": {
        "score": 6.758175849914551,
        "runtime": 1.6949968338012695
    },
    "3": {
        "score": 6.758175849914551,
        "runtime": 1.7539997100830078
    },
    "4": {
        "score": 6.758175849914551,
        "runtime": 1.6879987716674805
    },
    "5": {
        "score": 6.758175849914551,
        "runtime": 1.7540018558502197
    },
    "6": {
        "score": 6.758175849914551,
        "runtime": 1.7230029106140137
    },
    "7": {
        "score": 6.758175849914551,
        "runtime": 1.6609981060028076
    },
    "8": {
        "score": 6.758175849914551,
        "runtime": 1.7580020427703857
    },
    "9": {
        "score": 6.758175849914551,
        "runtime": 1.746997594833374
    },
    "10": {
        "score": 6.758175849914551,
        "runtime": 1.7649993896484375
    },
    "11": {
        "score": 6.758175849914551,
        "runtime": 1.723998785018921
    },
    "12": {
        "score": 6.758175849914551,
        "runtime": 1.6680009365081787
    },
    "13": {
        "score": 6.758175849914551,
        "runtime": 1.6999995708465576
    },
    "14": {
        "score": 6.758175849914551,
        "runtime": 1.751997709274292
    },
    "15": {
        "score": 6.758175849914551,
        "runtime": 1.7780003547668457
    },
    "16": {
        "score": 6.758175849914551,
        "runtime": 1.6900010108947754
    },
    "17": {
        "score": 6.758175849914551,
        "runtime": 1.719999074935913
    },
    "18": {
        "score": 6.758175849914551,
        "runtime": 1.7639992237091064
    },
    "19": {
        "score": 6.758175849914551,
        "runtime": 1.7140014171600342
    },
    "20": {
        "score": 6.758175849914551,
        "runtime": 1.7319998741149902
    },
    "21": {
        "score": 6.758175849914551,
        "runtime": 1.6870005130767822
    },
    "22": {
        "score": 6.758175849914551,
        "runtime": 1.6800010204315186
    },
    "23": {
        "score": 6.758175849914551,
        "runtime": 1.753000259399414
    },
    "24": {
        "score": 6.758175849914551,
        "runtime": 1.6519982814788818
    },
    "25": {
        "score": 6.758175849914551,
        "runtime": 1.6950023174285889
    },
    "26": {
        "score": 6.758175849914551,
        "runtime": 1.7220005989074707
    },
    "27": {
        "score": 6.758175849914551,
        "runtime": 1.7380003929138184
    },
    "28": {
        "score": 6.758175849914551,
        "runtime": 1.7380008697509766
    },
    "29": {
        "score": 6.758175849914551,
        "runtime": 1.6810007095336914
    },
    "30": {
        "score": 6.758175849914551,
        "runtime": 1.7260003089904785
    },
    "31": {
        "score": 6.758175849914551,
        "runtime": 1.720001459121704
    },
    "32": {
        "score": 6.758175849914551,
        "runtime": 1.729001522064209
    },
    "33": {
        "score": 6.758175849914551,
        "runtime": 1.6919996738433838
    },
    "34": {
        "score": 6.758175849914551,
        "runtime": 1.7089977264404297
    },
    "35": {
        "score": 6.758175849914551,
        "runtime": 1.7029991149902344
    },
    "36": {
        "score": 6.758175849914551,
        "runtime": 1.7340033054351807
    },
    "37": {
        "score": 6.758175849914551,
        "runtime": 1.7219982147216797
    },
    "38": {
        "score": 6.758175849914551,
        "runtime": 1.7580034732818604
    },
    "39": {
        "score": 6.758175849914551,
        "runtime": 1.7270002365112305
    },
    "40": {
        "score": 6.758175849914551,
        "runtime": 1.6659996509552002
    },
    "41": {
        "score": 6.758175849914551,
        "runtime": 1.7310011386871338
    },
    "42": {
        "score": 6.758175849914551,
        "runtime": 1.7030000686645508
    },
    "43": {
        "score": 6.758175849914551,
        "runtime": 1.7739994525909424
    },
    "44": {
        "score": 6.758175849914551,
        "runtime": 1.7660012245178223
    },
    "45": {
        "score": 6.758175849914551,
        "runtime": 1.6909980773925781
    },
    "46": {
        "score": 6.758175849914551,
        "runtime": 1.706998586654663
    },
    "47": {
        "score": 6.758175849914551,
        "runtime": 1.733999252319336
    },
    "48": {
        "score": 6.758175849914551,
        "runtime": 1.7180018424987793
    },
    "49": {
        "score": 6.758175849914551,
        "runtime": 1.7400016784667969
    },
    "50": {
        "score": 6.758175849914551,
        "runtime": 1.7220005989074707
    },
    "51": {
        "score": 6.758175849914551,
        "runtime": 1.7420005798339844
    },
    "52": {
        "score": 6.758175849914551,
        "runtime": 1.709001064300537
    },
    "53": {
        "score": 6.758175849914551,
        "runtime": 1.667001485824585
    },
    "54": {
        "score": 6.758175849914551,
        "runtime": 1.7070016860961914
    },
    "55": {
        "score": 6.758175849914551,
        "runtime": 1.7849996089935303
    },
    "56": {
        "score": 6.758175849914551,
        "runtime": 1.7680003643035889
    },
    "57": {
        "score": 6.758175849914551,
        "runtime": 1.7059998512268066
    },
    "58": {
        "score": 6.758175849914551,
        "runtime": 1.7430005073547363
    },
    "59": {
        "score": 6.758175849914551,
        "runtime": 1.7039997577667236
    },
    "60": {
        "score": 6.758175849914551,
        "runtime": 1.7290027141571045
    },
    "61": {
        "score": 6.758175849914551,
        "runtime": 1.6889989376068115
    },
    "62": {
        "score": 6.758175849914551,
        "runtime": 1.6669976711273193
    },
    "63": {
        "score": 6.758175849914551,
        "runtime": 1.736001968383789
    },
    "64": {
        "score": 6.758175849914551,
        "runtime": 1.6919996738433838
    },
    "65": {
        "score": 6.758175849914551,
        "runtime": 1.7329998016357422
    },
    "66": {
        "score": 6.758175849914551,
        "runtime": 1.6949973106384277
    },
    "67": {
        "score": 6.758175849914551,
        "runtime": 1.7859997749328613
    },
    "68": {
        "score": 6.758175849914551,
        "runtime": 1.7160000801086426
    },
    "69": {
        "score": 6.758175849914551,
        "runtime": 1.6900005340576172
    },
    "70": {
        "score": 6.758175849914551,
        "runtime": 1.6590003967285156
    },
    "71": {
        "score": 6.758175849914551,
        "runtime": 1.6909985542297363
    },
    "72": {
        "score": 6.758175849914551,
        "runtime": 1.7490012645721436
    },
    "73": {
        "score": 6.758175849914551,
        "runtime": 1.7060010433197021
    },
    "74": {
        "score": 6.758175849914551,
        "runtime": 1.7739989757537842
    },
    "75": {
        "score": 6.758175849914551,
        "runtime": 1.729999303817749
    },
    "76": {
        "score": 6.758175849914551,
        "runtime": 1.7080025672912598
    },
    "77": {
        "score": 6.758175849914551,
        "runtime": 1.7410004138946533
    },
    "78": {
        "score": 6.758175849914551,
        "runtime": 1.7859992980957031
    },
    "79": {
        "score": 6.758175849914551,
        "runtime": 1.703000783920288
    },
    "80": {
        "score": 6.758175849914551,
        "runtime": 1.6990010738372803
    },
    "81": {
        "score": 6.758175849914551,
        "runtime": 1.7039999961853027
    },
    "82": {
        "score": 6.758175849914551,
        "runtime": 1.698000192642212
    },
    "83": {
        "score": 6.758175849914551,
        "runtime": 1.7750024795532227
    },
    "84": {
        "score": 6.758175849914551,
        "runtime": 1.7260010242462158
    },
    "85": {
        "score": 6.758175849914551,
        "runtime": 1.7609994411468506
    },