{
    "0": {
        "score": 3.663829803466797,
        "runtime": 0.768000602722168
    },
    "1": {
        "score": 3.9494547843933105,
        "runtime": 0.7960004806518555
    },
    "2": {
        "score": 3.7796685695648193,
        "runtime": 0.7940013408660889
    },
    "3": {
        "score": 4.122701168060303,
        "runtime": 0.7760024070739746
    },
    "4": {
        "score": 3.316134214401245,
        "runtime": 0.7939996719360352
    },
    "5": {
        "score": 3.860729455947876,
        "runtime": 0.7770001888275146
    },
    "6": {
        "score": 3.8685247898101807,
        "runtime": 0.7969996929168701
    },
    "7": {
        "score": 3.9224016666412354,
        "runtime": 0.7929985523223877
    },
    "8": {
        "score": 4.128917694091797,
        "runtime": 0.8499977588653564
    },
    "9": {
        "score": 4.006816864013672,
        "runtime": 0.7780001163482666
    },
    "10": {
        "score": 3.791715145111084,
        "runtime": 0.8010010719299316
    },
    "11": {
        "score": 3.7704179286956787,
        "runtime": 0.7949995994567871
    },
    "12": {
        "score": 4.087907791137695,
        "runtime": 0.8920016288757324
    },
    "13": {
        "score": 3.693781614303589,
        "runtime": 0.793999195098877
    },
    "14": {
        "score": 4.353672981262207,
        "runtime": 0.7890009880065918
    },
    "15": {
        "score": 3.9959185123443604,
        "runtime": 0.7940025329589844
    },
    "16": {
        "score": 4.185165882110596,
        "runtime": 0.7635197639465332
    },
    "17": {
        "score": 3.341623067855835,
        "runtime": 0.8139638900756836
    },
    "18": {
        "score": 3.703400135040283,
        "runtime": 0.7660024166107178
    },
    "19": {
        "score": 3.8638968467712402,
        "runtime": 0.7629978656768799
    },
    "20": {
        "score": 3.877220630645752,
        "runtime": 0.7939987182617188
    },
    "21": {
        "score": 3.4828336238861084,
        "runtime": 0.7950015068054199
    },
    "22": {
        "score": 3.8590354919433594,
        "runtime": 0.7859992980957031
    },
    "23": {
        "score": 4.320151329040527,
        "runtime": 0.794520378112793
    },
    "24": {
        "score": 3.9885852336883545,
        "runtime": 0.7840008735656738
    },
    "25": {
        "score": 3.8711776733398438,
        "runtime": 0.7920002937316895
    },
    "26": {
        "score": 4.316011428833008,
        "runtime": 0.7630021572113037
    },
    "27": {
        "score": 3.753551959991455,
        "runtime": 0.8200011253356934
    },
    "28": {
        "score": 3.308075189590454,
        "runtime": 0.7870001792907715
    },
    "29": {
        "score": 3.9138457775115967,
        "runtime": 0.7854723930358887
    },
    "30": {
        "score": 3.8944716453552246,
        "runtime": 0.7569997310638428
    },
    "31": {
        "score": 3.209815263748169,
        "runtime": 0.778477668762207
    },
    "32": {
        "score": 4.040256023406982,
        "runtime": 0.8230032920837402
    },
    "33": {
        "score": 4.225244998931885,
        "runtime": 0.7950026988983154
    },
    "34": {
        "score": 4.319533824920654,
        "runtime": 0.7870004177093506
    },
    "35": {
        "score": 4.263957500457764,
        "runtime": 0.7829992771148682
    },
    "36": {
        "score": 4.104812145233154,
        "runtime": 0.7789983749389648
    },
    "37": {
        "score": 3.717787742614746,
        "runtime": 0.794001579284668
    },
    "38": {
        "score": 3.8522095680236816,
        "runtime": 0.7549996376037598
    },
    "39": {
        "score": 4.200603008270264,
        "runtime": 0.7865211963653564
    },
    "40": {
        "score": 3.923027992248535,
        "runtime": 0.7729992866516113
    },
    "41": {
        "score": 3.9975218772888184,
        "runtime": 0.7779984474182129
    },
    "42": {
        "score": 3.5284109115600586,
        "runtime": 0.7729992866516113
    },
    "43": {
        "score": 3.2898268699645996,
        "runtime": 0.8189997673034668
    },
    "44": {
        "score": 3.92326021194458,
        "runtime": 0.7860007286071777
    },
    "45": {
        "score": 3.6989119052886963,
        "runtime": 0.7559986114501953
    },
    "46": {
        "score": 4.05287504196167,
        "runtime": 0.7860000133514404
    },
    "47": {
        "score": 3.7245850563049316,
        "runtime": 0.7782385349273682
    },
    "48": {
        "score": 4.109371185302734,
        "runtime": 0.760002851486206
    },
    "49": {
        "score": 3.8162293434143066,
        "runtime": 0.7810020446777344
    },
    "50": {
        "score": 3.8545479774475098,
        "runtime": 0.7580013275146484
    },
    "51": {
        "score": 3.6788876056671143,
        "runtime": 0.7740001678466797
    },
    "52": {
        "score": 3.70713472366333,
        "runtime": 0.8015248775482178
    },
    "53": {
        "score": 4.112093448638916,
        "runtime": 0.8089990615844727
    },
    "54": {
        "score": 3.962324619293213,
        "runtime": 0.778001070022583
    },
    "55": {
        "score": 3.6399407386779785,
        "runtime": 0.7780029773712158
    },
    "56": {
        "score": 4.036168098449707,
        "runtime": 0.7760007381439209
    },
    "57": {
        "score": 3.789414405822754,
        "runtime": 0.7809982299804688
    },
    "58": {
        "score": 3.965982437133789,
        "runtime": 0.7890000343322754
    },
    "59": {
        "score": 3.9680192470550537,
        "runtime": 0.7770025730133057
    },
    "60": {
        "score": 3.8143486976623535,
        "runtime": 0.7565197944641113
    },
    "61": {
        "score": 3.1791799068450928,
        "runtime": 0.8000009059906006
    },
    "62": {
        "score": 4.063190937042236,
        "runtime": 0.7559988498687744
    },
    "63": {
        "score": 4.123303413391113,
        "runtime": 0.7695238590240479
    },
    "64": {
        "score": 3.797248601913452,
        "runtime": 0.79195237159729
    },
    "65": {
        "score": 4.152408123016357,
        "runtime": 0.7679979801177979
    },
    "66": {
        "score": 3.7593417167663574,
        "runtime": 0.7995009422302246
    },
    "67": {
        "score": 3.726776599884033,
        "runtime": 0.7790000438690186
    },
    "68": {
        "score": 3.957408905029297,
        "runtime": 0.7815215587615967
    },
    "69": {
        "score": 3.6501429080963135,
        "runtime": 0.7579998970031738
    },
    "70": {
        "score": 3.571722984313965,
        "runtime": 0.8160004615783691
    },
    "71": {
        "score": 3.6524572372436523,
        "runtime": 0.7850008010864258
    },
    "72": {
        "score": 4.3316330909729,
        "runtime": 0.7895143032073975
    },
    "73": {
        "score": 3.780745267868042,
        "runtime": 0.7750029563903809
    },
    "74": {
        "score": 4.032074451446533,
        "runtime": 0.7829995155334473
    },
    "75": {
        "score": 4.156336307525635,
        "runtime": 0.7849972248077393
    },
    "76": {
        "score": 3.4614906311035156,
        "runtime": 0.7899999618530273
    },
    "77": {
        "score": 3.9725286960601807,
        "runtime": 0.7770020961761475
    },
    "78": {
        "score": 4.144110679626465,
        "runtime": 0.7925233840942383
    },
    "79": {
        "score": 3.8339178562164307,
        "runtime": 0.7799997329711914
    },
    "80": {
        "score": 3.175424575805664,
        "runtime": 0.7910010814666748
    },
    "81": {
        "score": 4.092862606048584,
        "runtime": 0.7689993381500244
    },
    "82": {
        "score": 3.7449758052825928,
        "runtime": 0.7910001277923584
    },
    "83": {
        "score": 3.441124677658081,
        "runtime": 0.7955186367034912
    },
    "84": {
        "score": 3.902392625808716,
        "runtime": 0.8020002841949463
    },
    "85": {
        "score": 3.9487624168395996,