{
    "0": {
        "score": 3.663829803466797,
        "runtime": 0.7999997138977051
    },
    "1": {
        "score": 3.9483137130737305,
        "runtime": 0.7820000648498535
    },
    "2": {
        "score": 3.799975633621216,
        "runtime": 0.7820026874542236
    },
    "3": {
        "score": 4.11891508102417,
        "runtime": 0.7759993076324463
    },
    "4": {
        "score": 3.2648541927337646,
        "runtime": 0.7660000324249268
    },
    "5": {
        "score": 3.862375259399414,
        "runtime": 0.7829992771148682
    },
    "6": {
        "score": 3.8685247898101807,
        "runtime": 0.7999987602233887
    },
    "7": {
        "score": 3.9224016666412354,
        "runtime": 0.7940001487731934
    },
    "8": {
        "score": 4.128917694091797,
        "runtime": 0.7759993076324463
    },
    "9": {
        "score": 4.014928340911865,
        "runtime": 0.754997730255127
    },
    "10": {
        "score": 3.778759479522705,
        "runtime": 0.7740004062652588
    },
    "11": {
        "score": 3.7704179286956787,
        "runtime": 0.7940013408660889
    },
    "12": {
        "score": 4.087907791137695,
        "runtime": 0.7799992561340332
    },
    "13": {
        "score": 3.7108867168426514,
        "runtime": 0.7730004787445068
    },
    "14": {
        "score": 4.360523223876953,
        "runtime": 0.7980010509490967
    },
    "15": {
        "score": 3.9959185123443604,
        "runtime": 0.7825157642364502
    },
    "16": {
        "score": 4.157617568969727,
        "runtime": 0.8040010929107666
    },
    "17": {
        "score": 3.341623067855835,
        "runtime": 0.7829535007476807
    },
    "18": {
        "score": 3.703400135040283,
        "runtime": 0.7692584991455078
    },
    "19": {
        "score": 3.8638968467712402,
        "runtime": 0.7915229797363281
    },
    "20": {
        "score": 3.877220630645752,
        "runtime": 0.7850005626678467
    },
    "21": {
        "score": 3.4828336238861084,
        "runtime": 0.786001443862915
    },
    "22": {
        "score": 3.8361215591430664,
        "runtime": 0.7799985408782959
    },
    "23": {
        "score": 4.342336654663086,
        "runtime": 0.7755126953125
    },
    "24": {
        "score": 3.9885852336883545,
        "runtime": 0.7749996185302734
    },
    "25": {
        "score": 3.8711776733398438,
        "runtime": 0.8070008754730225
    },
    "26": {
        "score": 4.316011428833008,
        "runtime": 0.8000004291534424
    },
    "27": {
        "score": 3.730915069580078,
        "runtime": 0.7865257263183594
    },
    "28": {
        "score": 3.308075189590454,
        "runtime": 0.8040010929107666
    },
    "29": {
        "score": 3.937528610229492,
        "runtime": 0.8270008563995361
    },
    "30": {
        "score": 3.8944716453552246,
        "runtime": 0.7940001487731934
    },
    "31": {
        "score": 3.209815263748169,
        "runtime": 0.7789998054504395
    },
    "32": {
        "score": 4.040256023406982,
        "runtime": 0.7390005588531494
    },
    "33": {
        "score": 4.217051029205322,
        "runtime": 0.7949397563934326
    },
    "34": {
        "score": 4.319533824920654,
        "runtime": 0.7789638042449951
    },
    "35": {
        "score": 4.260029315948486,
        "runtime": 0.811002254486084
    },
    "36": {
        "score": 4.009539604187012,
        "runtime": 0.7789983749389648
    },
    "37": {
        "score": 3.717787742614746,
        "runtime": 0.7875156402587891
    },
    "38": {
        "score": 3.8522095680236816,
        "runtime": 0.7690021991729736
    },
    "39": {
        "score": 4.187337398529053,
        "runtime": 0.7685232162475586
    },
    "40": {
        "score": 3.923027992248535,
        "runtime": 0.7845160961151123
    },
    "41": {
        "score": 3.9975218772888184,
        "runtime": 0.7797191143035889
    },
    "42": {
        "score": 3.5284109115600586,
        "runtime": 0.7900004386901855
    },
    "43": {
        "score": 3.28609299659729,
        "runtime": 0.7839999198913574
    },
    "44": {
        "score": 3.92326021194458,
        "runtime": 0.7879993915557861
    },
    "45": {
        "score": 3.6989119052886963,
        "runtime": 0.7590000629425049
    },
    "46": {
        "score": 4.058369159698486,
        "runtime": 0.7539997100830078
    },
    "47": {
        "score": 3.721055507659912,
        "runtime": 0.7799999713897705
    },
    "48": {
        "score": 3.925548791885376,
        "runtime": 0.7630000114440918
    },
    "49": {
        "score": 3.807023048400879,
        "runtime": 0.7969636917114258
    },
    "50": {
        "score": 3.8545479774475098,
        "runtime": 0.794996976852417
    },
    "51": {
        "score": 3.6685421466827393,
        "runtime": 0.7875149250030518
    },
    "52": {
        "score": 3.5137431621551514,
        "runtime": 0.7659995555877686
    },
    "53": {
        "score": 4.114353656768799,
        "runtime": 0.7969992160797119
    },
    "54": {
        "score": 3.950273036956787,
        "runtime": 0.804999589920044
    },
    "55": {
        "score": 3.632526397705078,
        "runtime": 0.8229994773864746
    },
    "56": {
        "score": 4.023445129394531,
        "runtime": 0.7719986438751221
    },
    "57": {
        "score": 3.789414405822754,
        "runtime": 0.8049564361572266
    },
    "58": {
        "score": 3.965982437133789,
        "runtime": 0.801999568939209
    },
    "59": {
        "score": 3.909616470336914,
        "runtime": 0.7869982719421387
    },
    "60": {
        "score": 3.8143486976623535,
        "runtime": 0.8009986877441406
    },
    "61": {
        "score": 3.1804888248443604,
        "runtime": 0.7790000438690186
    },
    "62": {
        "score": 4.03279972076416,
        "runtime": 0.7565140724182129
    },
    "63": {
        "score": 4.115477085113525,
        "runtime": 0.8019983768463135
    },
    "64": {
        "score": 3.763899564743042,
        "runtime": 0.8120014667510986
    },
    "65": {
        "score": 3.998300075531006,
        "runtime": 0.7930002212524414
    },
    "66": {
        "score": 3.7593417167663574,
        "runtime": 0.7969999313354492
    },
    "67": {
        "score": 3.6951253414154053,
        "runtime": 0.7809998989105225
    },
    "68": {
        "score": 3.957408905029297,
        "runtime": 0.7960007190704346
    },
    "69": {
        "score": 3.6501429080963135,
        "runtime": 0.7709999084472656
    },
    "70": {
        "score": 3.571722984313965,
        "runtime": 0.8129987716674805
    },
    "71": {
        "score": 3.6524572372436523,
        "runtime": 0.7689762115478516
    },
    "72": {
        "score": 4.3316330909729,
        "runtime": 0.7680017948150635
    },
    "73": {
        "score": 3.780745267868042,
        "runtime": 0.7809996604919434
    },
    "74": {
        "score": 3.94234037399292,
        "runtime": 0.7629990577697754
    },
    "75": {
        "score": 4.156336307525635,
        "runtime": 0.7639994621276855
    },
    "76": {
        "score": 3.4614906311035156,
        "runtime": 0.7765264511108398
    },
    "77": {
        "score": 3.96547269821167,
        "runtime": 0.7585146427154541
    },
    "78": {
        "score": 4.144110679626465,
        "runtime": 0.7900006771087646
    },
    "79": {
        "score": 3.845454692840576,
        "runtime": 0.7699966430664062
    },
    "80": {
        "score": 3.175424575805664,
        "runtime": 0.7939987182617188
    },
    "81": {
        "score": 4.092862606048584,
        "runtime": 0.7887110710144043
    },
    "82": {
        "score": 3.7449758052825928,
        "runtime": 0.7690017223358154
    },
    "83": {
        "score": 3.47387957572937,
        "runtime": 0.7709980010986328
    },
    "84": {
        "score": 3.977057695388794,
        "runtime": 0.782996416091919
    },
    "85": {
        "score": 3.9487624168395996,
        "runtime": 0.8359630107879639
    },