{
    "0": {
        "score": 3.663829803466797,
        "runtime": 0.7850005626678467
    },
    "1": {
        "score": 3.8008804321289062,
        "runtime": 0.7745206356048584
    },
    "2": {
        "score": 3.799975633621216,
        "runtime": 0.7620029449462891
    },
    "3": {
        "score": 4.25653076171875,
        "runtime": 0.7929999828338623
    },
    "4": {
        "score": 3.2648541927337646,
        "runtime": 0.8210022449493408
    },
    "5": {
        "score": 3.860729455947876,
        "runtime": 0.7599995136260986
    },
    "6": {
        "score": 3.931661367416382,
        "runtime": 0.8089988231658936
    },
    "7": {
        "score": 3.951625347137451,
        "runtime": 0.7609965801239014
    },
    "8": {
        "score": 4.128917694091797,
        "runtime": 0.7610001564025879
    },
    "9": {
        "score": 4.014928340911865,
        "runtime": 0.8029992580413818
    },
    "10": {
        "score": 3.778759479522705,
        "runtime": 0.785999059677124
    },
    "11": {
        "score": 3.7704179286956787,
        "runtime": 0.7999401092529297
    },
    "12": {
        "score": 4.087907791137695,
        "runtime": 0.8160014152526855
    },
    "13": {
        "score": 3.693781614303589,
        "runtime": 0.8010003566741943
    },
    "14": {
        "score": 4.328239440917969,
        "runtime": 0.790001630783081
    },
    "15": {
        "score": 4.027010440826416,
        "runtime": 0.7855167388916016
    },
    "16": {
        "score": 4.211307048797607,
        "runtime": 0.7770020961761475
    },
    "17": {
        "score": 3.341623067855835,
        "runtime": 0.7939529418945312
    },
    "18": {
        "score": 3.703400135040283,
        "runtime": 0.7812585830688477
    },
    "19": {
        "score": 3.8638968467712402,
        "runtime": 0.7874822616577148
    },
    "20": {
        "score": 3.9067583084106445,
        "runtime": 0.8005192279815674
    },
    "21": {
        "score": 3.4828336238861084,
        "runtime": 0.7570009231567383
    },
    "22": {
        "score": 3.84525728225708,
        "runtime": 0.7669990062713623
    },
    "23": {
        "score": 4.342336654663086,
        "runtime": 0.7530021667480469
    },
    "24": {
        "score": 3.9885852336883545,
        "runtime": 0.7989981174468994
    },
    "25": {
        "score": 3.8711776733398438,
        "runtime": 0.8359997272491455
    },
    "26": {
        "score": 4.330911159515381,
        "runtime": 0.7760014533996582
    },
    "27": {
        "score": 3.749234199523926,
        "runtime": 0.7665245532989502
    },
    "28": {
        "score": 3.308075189590454,
        "runtime": 0.819514274597168
    },
    "29": {
        "score": 3.9138457775115967,
        "runtime": 0.804999828338623
    },
    "30": {
        "score": 3.8944716453552246,
        "runtime": 0.7900002002716064
    },
    "31": {
        "score": 3.209815263748169,
        "runtime": 0.7629990577697754
    },
    "32": {
        "score": 4.040256023406982,
        "runtime": 0.7600009441375732
    },
    "33": {
        "score": 4.217051029205322,
        "runtime": 0.7599406242370605
    },
    "34": {
        "score": 4.319533824920654,
        "runtime": 0.7889633178710938
    },
    "35": {
        "score": 4.257804870605469,
        "runtime": 0.7819981575012207
    },
    "36": {
        "score": 4.009539604187012,
        "runtime": 0.8149993419647217
    },
    "37": {
        "score": 3.717787742614746,
        "runtime": 0.7615160942077637
    },
    "38": {
        "score": 3.8522095680236816,
        "runtime": 0.758521318435669
    },
    "39": {
        "score": 4.187337398529053,
        "runtime": 0.7774591445922852
    },
    "40": {
        "score": 3.9290759563446045,
        "runtime": 0.786515474319458
    },
    "41": {
        "score": 3.9975218772888184,
        "runtime": 0.7587213516235352
    },
    "42": {
        "score": 3.5343122482299805,
        "runtime": 0.7750003337860107
    },
    "43": {
        "score": 3.28609299659729,
        "runtime": 0.7720003128051758
    },
    "44": {
        "score": 3.92326021194458,
        "runtime": 0.809999942779541
    },
    "45": {
        "score": 3.6989119052886963,
        "runtime": 0.7719991207122803
    },
    "46": {
        "score": 4.148586750030518,
        "runtime": 0.8029999732971191
    },
    "47": {
        "score": 3.730943202972412,
        "runtime": 0.7879986763000488
    },
    "48": {
        "score": 3.927215337753296,
        "runtime": 0.7969996929168701
    },
    "49": {
        "score": 3.807023048400879,
        "runtime": 0.7609620094299316
    },
    "50": {
        "score": 3.8545479774475098,
        "runtime": 0.8099977970123291
    },
    "51": {
        "score": 3.6750454902648926,
        "runtime": 0.8115153312683105
    },
    "52": {
        "score": 3.5137431621551514,
        "runtime": 0.8260009288787842
    },
    "53": {
        "score": 4.114353656768799,
        "runtime": 0.775998592376709
    },
    "54": {
        "score": 3.9248223304748535,
        "runtime": 0.7699990272521973
    },
    "55": {
        "score": 3.632526397705078,
        "runtime": 0.8080010414123535
    },
    "56": {
        "score": 4.023445129394531,
        "runtime": 0.7610023021697998
    },
    "57": {
        "score": 3.789414405822754,
        "runtime": 0.7889552116394043
    },
    "58": {
        "score": 3.979959487915039,
        "runtime": 0.8120017051696777
    },
    "59": {
        "score": 3.909616470336914,
        "runtime": 0.7739999294281006
    },
    "60": {
        "score": 3.8143486976623535,
        "runtime": 0.7720005512237549
    },
    "61": {
        "score": 3.1791799068450928,
        "runtime": 0.8020007610321045
    },
    "62": {
        "score": 4.063938617706299,
        "runtime": 0.7565133571624756
    },
    "63": {
        "score": 4.115477085113525,
        "runtime": 0.8139998912811279
    },
    "64": {
        "score": 3.763899564743042,
        "runtime": 0.7840001583099365
    },
    "65": {
        "score": 3.998300075531006,
        "runtime": 0.8080000877380371
    },
    "66": {
        "score": 3.7593417167663574,
        "runtime": 0.7770004272460938
    },
    "67": {
        "score": 3.6951253414154053,
        "runtime": 0.801999568939209
    },
    "68": {
        "score": 3.9582393169403076,
        "runtime": 0.7700028419494629
    },
    "69": {
        "score": 3.6501429080963135,
        "runtime": 0.7649972438812256
    },
    "70": {
        "score": 3.571722984313965,
        "runtime": 0.8229987621307373
    },
    "71": {
        "score": 3.7334675788879395,
        "runtime": 0.7959721088409424
    },
    "72": {
        "score": 4.327773571014404,
        "runtime": 0.773000955581665
    },
    "73": {
        "score": 3.831160306930542,
        "runtime": 0.7570013999938965
    },
    "74": {
        "score": 3.975198984146118,
        "runtime": 0.7699990272521973
    },
    "75": {
        "score": 4.153078079223633,
        "runtime": 0.7550020217895508
    },
    "76": {
        "score": 3.4614906311035156,
        "runtime": 0.7885277271270752
    },
    "77": {
        "score": 4.081361293792725,
        "runtime": 0.780515193939209
    },
    "78": {
        "score": 4.144110679626465,
        "runtime": 0.7809991836547852
    },
    "79": {
        "score": 3.8339178562164307,
        "runtime": 0.7869973182678223
    },
    "80": {
        "score": 3.185774803161621,
        "runtime": 0.7760000228881836
    },
    "81": {
        "score": 4.092862606048584,
        "runtime": 0.7677085399627686
    },
    "82": {
        "score": 3.753692388534546,
        "runtime": 0.7800021171569824
    },
    "83": {
        "score": 3.47387957572937,
        "runtime": 0.7909972667694092
    },
    "84": {
        "score": 3.977057695388794,
        "runtime": 0.7950015068054199
    },
    "85": {
        "score": 3.9487624168395996,