{
    "epoch=53-train_score=10.54552": {
        "result_avg": {
            "score": 11.041185731887817,
            "runtime": 20.71185205936432
        },
        "result_std": {
            "score": 0.0020900068312340397,
            "runtime": 0.10389209374284727
        }
    },
    "epoch=23-train_score=10.66132": {
        "result_avg": {
            "score": 11.114267597198486,
            "runtime": 20.69452750444412
        },
        "result_std": {
            "score": 0.005972020456149393,
            "runtime": 0.09976467385808688
        }
    },
    "epoch=31-train_score=10.66726": {
        "result_avg": {
            "score": 11.063984088897705,
            "runtime": 20.70790874004364
        },
        "result_std": {
            "score": 0.0002661203392268359,
            "runtime": 0.0856030249875089
        }
    },
    "epoch=21-train_score=10.67117": {
        "result_avg": {
            "score": 11.167897424697877,
            "runtime": 20.806253123283387
        },
        "result_std": {
            "score": 0.03751320329540791,
            "runtime": 0.10989224395989881
        }
    },
    "epoch=37-train_score=10.68746": {
        "result_avg": {
            "score": 11.117429714202881,
            "runtime": 20.726970875263213
        },
        "result_std": {
            "score": 0.0036712332966450066,
            "runtime": 0.0944880836858253
        }
    }
}