{
    "0": {
        "score": 11.062344551086426,
        "runtime": 20.548003435134888
    },
    "1": {
        "score": 11.062344551086426,
        "runtime": 20.66902470588684
    },
    "2": {
        "score": 11.062344551086426,
        "runtime": 20.691001176834106
    },
    "3": {
        "score": 11.062344551086426,
        "runtime": 20.53999900817871
    },
    "4": {
        "score": 11.062344551086426,
        "runtime": 20.639001846313477
    },
    "5": {
        "score": 11.062344551086426,
        "runtime": 20.548999547958374
    },
    "6": {
        "score": 11.062344551086426,
        "runtime": 20.655999898910522
    },
    "7": {
        "score": 11.062344551086426,
        "runtime": 20.49100136756897
    },
    "8": {
        "score": 11.062344551086426,
        "runtime": 20.504998207092285
    },
    "9": {
        "score": 11.062344551086426,
        "runtime": 20.495999097824097
    },
    "10": {
        "score": 11.062344551086426,
        "runtime": 20.51199769973755
    },
    "11": {
        "score": 11.062344551086426,
        "runtime": 20.871000051498413
    },
    "12": {
        "score": 11.062344551086426,
        "runtime": 20.547010898590088
    },
    "13": {
        "score": 11.062344551086426,
        "runtime": 21.083998203277588
    },
    "14": {
        "score": 11.062344551086426,
        "runtime": 20.587998628616333
    },
    "15": {
        "score": 11.062344551086426,
        "runtime": 20.69299840927124
    },
    "16": {
        "score": 11.062344551086426,
        "runtime": 20.6010000705719
    },
    "17": {
        "score": 11.062344551086426,
        "runtime": 21.25899839401245
    },
    "18": {
        "score": 11.062344551086426,
        "runtime": 20.535000324249268
    },
    "19": {
        "score": 11.062344551086426,
        "runtime": 20.45800256729126
    },
    "20": {
        "score": 11.062344551086426,
        "runtime": 20.484000205993652
    },
    "21": {
        "score": 11.062344551086426,
        "runtime": 21.050000429153442
    },
    "22": {
        "score": 11.062344551086426,
        "runtime": 20.664000988006592
    },
    "23": {
        "score": 11.062344551086426,
        "runtime": 20.993999481201172
    },
    "24": {
        "score": 11.062344551086426,
        "runtime": 20.603999853134155
    },
    "25": {
        "score": 11.062344551086426,
        "runtime": 21.136016368865967
    },
    "26": {
        "score": 11.062344551086426,
        "runtime": 20.88699769973755
    },
    "27": {
        "score": 11.062344551086426,
        "runtime": 20.840001344680786
    },
    "28": {
        "score": 11.062344551086426,
        "runtime": 20.778998613357544
    },
    "29": {
        "score": 11.062344551086426,
        "runtime": 20.332000970840454
    },
    "30": {
        "score": 11.062344551086426,
        "runtime": 20.722001314163208
    },
    "31": {
        "score": 11.062344551086426,
        "runtime": 21.40401530265808
    },
    "32": {
        "score": 11.062344551086426,
        "runtime": 20.74299955368042
    },
    "33": {
        "score": 11.062344551086426,
        "runtime": 20.818000078201294
    },
    "34": {
        "score": 11.062344551086426,
        "runtime": 20.691999673843384
    },
    "35": {
        "score": 11.062344551086426,
        "runtime": 20.438002109527588
    },
    "36": {
        "score": 11.062344551086426,
        "runtime": 20.843587160110474
    },
    "37": {
        "score": 11.062344551086426,
        "runtime": 20.469000339508057
    },
    "38": {
        "score": 11.062344551086426,
        "runtime": 20.759002208709717
    },
    "39": {
        "score": 11.062344551086426,
        "runtime": 20.500001668930054
    },
    "40": {
        "score": 11.062344551086426,
        "runtime": 20.67900037765503
    },
    "41": {
        "score": 11.062344551086426,
        "runtime": 20.537002086639404
    },
    "42": {
        "score": 11.062344551086426,
        "runtime": 20.52799892425537
    },
    "43": {
        "score": 11.062344551086426,
        "runtime": 20.51799988746643
    },
    "44": {
        "score": 11.062344551086426,
        "runtime": 20.320000648498535
    },
    "45": {
        "score": 11.062344551086426,
        "runtime": 20.6329984664917
    },
    "46": {
        "score": 11.226298332214355,
        "runtime": 21.120999097824097
    },
    "47": {
        "score": 11.062344551086426,
        "runtime": 20.57000207901001
    },
    "48": {
        "score": 11.062344551086426,
        "runtime": 20.655001878738403
    },
    "49": {
        "score": 11.062344551086426,
        "runtime": 20.703001260757446
    },
    "50": {
        "score": 11.062344551086426,
        "runtime": 20.43299889564514
    },
    "51": {
        "score": 11.062344551086426,
        "runtime": 20.586000442504883
    },
    "52": {
        "score": 11.062344551086426,
        "runtime": 20.631998538970947
    },
    "53": {
        "score": 11.062344551086426,
        "runtime": 20.654998302459717
    },
    "54": {
        "score": 11.062344551086426,
        "runtime": 20.384002208709717
    },
    "55": {
        "score": 11.062344551086426,
        "runtime": 21.028000831604004
    },
    "56": {
        "score": 11.062344551086426,
        "runtime": 20.705999851226807
    },
    "57": {
        "score": 11.062344551086426,
        "runtime": 20.04699969291687
    },
    "58": {
        "score": 11.062344551086426,
        "runtime": 20.61300230026245
    },
    "59": {
        "score": 11.062344551086426,
        "runtime": 20.669001579284668
    },
    "60": {
        "score": 11.062344551086426,
        "runtime": 20.85802674293518
    },
    "61": {
        "score": 11.062344551086426,
        "runtime": 21.437000274658203
    },
    "62": {
        "score": 11.062344551086426,
        "runtime": 20.959001302719116
    },
    "63": {
        "score": 11.062344551086426,
        "runtime": 21.20500087738037
    },
    "64": {
        "score": 11.062344551086426,
        "runtime": 20.71399760246277
    },
    "65": {
        "score": 11.062344551086426,
        "runtime": 21.528000354766846
    },
    "66": {
        "score": 11.062344551086426,
        "runtime": 20.44099998474121
    },
    "67": {
        "score": 11.062344551086426,
        "runtime": 20.373002290725708
    },
    "68": {
        "score": 11.062344551086426,
        "runtime": 20.65700078010559
    },
    "69": {
        "score": 11.062344551086426,
        "runtime": 21.060999631881714
    },
    "70": {
        "score": 11.062344551086426,
        "runtime": 20.950000762939453
    },
    "71": {
        "score": 11.062344551086426,
        "runtime": 20.174521684646606
    },
    "72": {
        "score": 11.062344551086426,
        "runtime": 20.294000387191772
    },
    "73": {
        "score": 11.062344551086426,
        "runtime": 21.22699999809265
    },
    "74": {
        "score": 11.062344551086426,
        "runtime": 20.980000019073486
    },
    "75": {
        "score": 11.062344551086426,
        "runtime": 21.331012964248657
    },
    "76": {
        "score": 11.062344551086426,
        "runtime": 20.439014673233032
    },
    "77": {
        "score": 11.062344551086426,
        "runtime": 20.5250027179718
    },
    "78": {
        "score": 11.062344551086426,
        "runtime": 20.901474237442017
    },
    "79": {
        "score": 11.062344551086426,
        "runtime": 21.157999753952026
    },
    "80": {
        "score": 11.062344551086426,
        "runtime": 20.56999921798706
    },
    "81": {
        "score": 11.062344551086426,
        "runtime": 20.549001455307007
    },
    "82": {
        "score": 11.062344551086426,
        "runtime": 20.513999938964844
    },
    "83": {
        "score": 11.062344551086426,
        "runtime": 20.894999742507935
    },
    "84": {
        "score": 11.062344551086426,
        "runtime": 20.995999336242676
    },
    "85": {
        "score": 11.062344551086426,