{
    "0": {
        "score": 3.6493992805480957,
        "runtime": 0.8079996109008789
    },
    "1": {
        "score": 3.9483137130737305,
        "runtime": 0.809002161026001
    },
    "2": {
        "score": 3.7796685695648193,
        "runtime": 0.7960011959075928
    },
    "3": {
        "score": 4.167393207550049,
        "runtime": 0.7880003452301025
    },
    "4": {
        "score": 3.513030767440796,
        "runtime": 0.7720019817352295
    },
    "5": {
        "score": 3.860729455947876,
        "runtime": 0.7929995059967041
    },
    "6": {
        "score": 3.836202383041382,
        "runtime": 0.7649989128112793
    },
    "7": {
        "score": 3.9224016666412354,
        "runtime": 0.8070006370544434
    },
    "8": {
        "score": 4.128917694091797,
        "runtime": 0.7929975986480713
    },
    "9": {
        "score": 4.014928340911865,
        "runtime": 0.8045191764831543
    },
    "10": {
        "score": 3.791715145111084,
        "runtime": 0.7870001792907715
    },
    "11": {
        "score": 3.7704179286956787,
        "runtime": 0.7710011005401611
    },
    "12": {
        "score": 4.087907791137695,
        "runtime": 0.7690000534057617
    },
    "13": {
        "score": 3.693781614303589,
        "runtime": 0.7709996700286865
    },
    "14": {
        "score": 4.300230503082275,
        "runtime": 0.7810020446777344
    },
    "15": {
        "score": 3.9959185123443604,
        "runtime": 0.7690010070800781
    },
    "16": {
        "score": 4.157617568969727,
        "runtime": 0.7717056274414062
    },
    "17": {
        "score": 3.341623067855835,
        "runtime": 0.823000431060791
    },
    "18": {
        "score": 3.703400135040283,
        "runtime": 0.7710001468658447
    },
    "19": {
        "score": 3.8638968467712402,
        "runtime": 0.7989754676818848
    },
    "20": {
        "score": 3.926241874694824,
        "runtime": 0.8579533100128174
    },
    "21": {
        "score": 3.4828336238861084,
        "runtime": 0.8260016441345215
    },
    "22": {
        "score": 3.8361215591430664,
        "runtime": 0.7880001068115234
    },
    "23": {
        "score": 4.320151329040527,
        "runtime": 0.8399991989135742
    },
    "24": {
        "score": 3.9885852336883545,
        "runtime": 0.8010025024414062
    },
    "25": {
        "score": 3.8711776733398438,
        "runtime": 0.8039982318878174
    },
    "26": {
        "score": 4.330911159515381,
        "runtime": 0.7999999523162842
    },
    "27": {
        "score": 3.753551959991455,
        "runtime": 0.8235187530517578
    },
    "28": {
        "score": 3.308075189590454,
        "runtime": 0.7829999923706055
    },
    "29": {
        "score": 3.9138457775115967,
        "runtime": 0.767000675201416
    },
    "30": {
        "score": 3.8944716453552246,
        "runtime": 0.7870020866394043
    },
    "31": {
        "score": 3.209815263748169,
        "runtime": 0.8090012073516846
    },
    "32": {
        "score": 4.040256023406982,
        "runtime": 0.7279984951019287
    },
    "33": {
        "score": 4.224037170410156,
        "runtime": 0.7810022830963135
    },
    "34": {
        "score": 4.319533824920654,
        "runtime": 0.7809996604919434
    },
    "35": {
        "score": 4.384587287902832,
        "runtime": 0.7799463272094727
    },
    "36": {
        "score": 4.019388198852539,
        "runtime": 0.7935135364532471
    },
    "37": {
        "score": 3.717787742614746,
        "runtime": 0.788001298904419
    },
    "38": {
        "score": 3.8522095680236816,
        "runtime": 0.7929997444152832
    },
    "39": {
        "score": 4.187337398529053,
        "runtime": 0.8058793544769287
    },
    "40": {
        "score": 3.9290759563446045,
        "runtime": 0.7820024490356445
    },
    "41": {
        "score": 3.9975218772888184,
        "runtime": 0.7859973907470703
    },
    "42": {
        "score": 3.5343122482299805,
        "runtime": 0.787996768951416
    },
    "43": {
        "score": 3.28609299659729,
        "runtime": 0.7929997444152832
    },
    "44": {
        "score": 3.9143929481506348,
        "runtime": 0.8120026588439941
    },
    "45": {
        "score": 3.6989119052886963,
        "runtime": 0.7689998149871826
    },
    "46": {
        "score": 4.05287504196167,
        "runtime": 0.770963191986084
    },
    "47": {
        "score": 3.721055507659912,
        "runtime": 0.7910001277923584
    },
    "48": {
        "score": 3.927215337753296,
        "runtime": 0.7825253009796143
    },
    "49": {
        "score": 3.8669557571411133,
        "runtime": 0.7858881950378418
    },
    "50": {
        "score": 3.8545479774475098,
        "runtime": 0.7609984874725342
    },
    "51": {
        "score": 3.6685421466827393,
        "runtime": 0.7780008316040039
    },
    "52": {
        "score": 3.5350968837738037,
        "runtime": 0.7969660758972168
    },
    "53": {
        "score": 4.16370964050293,
        "runtime": 0.8159995079040527
    },
    "54": {
        "score": 3.939969301223755,
        "runtime": 0.8059985637664795
    },
    "55": {
        "score": 3.6817665100097656,
        "runtime": 0.7850010395050049
    },
    "56": {
        "score": 4.036168098449707,
        "runtime": 0.7794749736785889
    },
    "57": {
        "score": 3.8762340545654297,
        "runtime": 0.80899977684021
    },
    "58": {
        "score": 3.965982437133789,
        "runtime": 0.8000004291534424
    },
    "59": {
        "score": 3.949457883834839,
        "runtime": 0.8139998912811279
    },
    "60": {
        "score": 3.8143486976623535,
        "runtime": 0.7889993190765381
    },
    "61": {
        "score": 3.1804888248443604,
        "runtime": 0.788001298904419
    },
    "62": {
        "score": 4.063190937042236,
        "runtime": 0.7640001773834229
    },
    "63": {
        "score": 4.123303413391113,
        "runtime": 0.7940008640289307
    },
    "64": {
        "score": 3.797248601913452,
        "runtime": 0.8150007724761963
    },
    "65": {
        "score": 3.998300075531006,
        "runtime": 0.7599976062774658
    },
    "66": {
        "score": 3.7593417167663574,
        "runtime": 0.7760016918182373
    },
    "67": {
        "score": 3.7240097522735596,
        "runtime": 0.7930018901824951
    },
    "68": {
        "score": 3.957408905029297,
        "runtime": 0.7580010890960693
    },
    "69": {
        "score": 3.6501429080963135,
        "runtime": 0.7660000324249268
    },
    "70": {
        "score": 3.5725557804107666,
        "runtime": 0.764002799987793
    },
    "71": {
        "score": 3.6524572372436523,
        "runtime": 0.8050000667572021
    },
    "72": {
        "score": 4.3316330909729,
        "runtime": 0.7869489192962646
    },
    "73": {
        "score": 3.780745267868042,
        "runtime": 0.7709991931915283
    },
    "74": {
        "score": 4.032074451446533,
        "runtime": 0.7865147590637207
    },
    "75": {
        "score": 4.156336307525635,
        "runtime": 0.7850003242492676
    },
    "76": {
        "score": 3.4614906311035156,
        "runtime": 0.7699985504150391
    },
    "77": {
        "score": 3.9464800357818604,
        "runtime": 0.7939662933349609
    },
    "78": {
        "score": 4.169132232666016,
        "runtime": 0.7829585075378418
    },
    "79": {
        "score": 3.845454692840576,
        "runtime": 0.7815146446228027
    },
    "80": {
        "score": 3.185774803161621,
        "runtime": 0.8080003261566162
    },
    "81": {
        "score": 4.092862606048584,
        "runtime": 0.7620029449462891
    },
    "82": {
        "score": 3.7449758052825928,
        "runtime": 0.8059637546539307
    },
    "83": {
        "score": 3.441124677658081,
        "runtime": 0.7759976387023926
    },
    "84": {
        "score": 3.971017360687256,
        "runtime": 0.8055210113525391
    },
    "85": {
        "score": 4.144392013549805,