{
    "0": {
        "score": 3.6493992805480957,
        "runtime": 0.7609982490539551
    },
    "1": {
        "score": 3.9494547843933105,
        "runtime": 0.7529993057250977
    },
    "2": {
        "score": 3.799975633621216,
        "runtime": 0.7954466342926025
    },
    "3": {
        "score": 4.595308780670166,
        "runtime": 0.8199977874755859
    },
    "4": {
        "score": 3.513030767440796,
        "runtime": 0.7840025424957275
    },
    "5": {
        "score": 3.860729455947876,
        "runtime": 0.7720010280609131
    },
    "6": {
        "score": 3.8685247898101807,
        "runtime": 0.7829990386962891
    },
    "7": {
        "score": 3.951625347137451,
        "runtime": 0.830517053604126
    },
    "8": {
        "score": 4.128917694091797,
        "runtime": 0.7930028438568115
    },
    "9": {
        "score": 4.014928340911865,
        "runtime": 0.7759995460510254
    },
    "10": {
        "score": 3.791715145111084,
        "runtime": 0.8095183372497559
    },
    "11": {
        "score": 3.7704179286956787,
        "runtime": 0.7449994087219238
    },
    "12": {
        "score": 4.076560974121094,
        "runtime": 0.7820017337799072
    },
    "13": {
        "score": 3.7108867168426514,
        "runtime": 0.789952278137207
    },
    "14": {
        "score": 4.300230503082275,
        "runtime": 0.8270008563995361
    },
    "15": {
        "score": 3.9959185123443604,
        "runtime": 0.7789998054504395
    },
    "16": {
        "score": 4.157617568969727,
        "runtime": 0.7849998474121094
    },
    "17": {
        "score": 3.341623067855835,
        "runtime": 0.7955188751220703
    },
    "18": {
        "score": 3.703400135040283,
        "runtime": 0.7840018272399902
    },
    "19": {
        "score": 3.8638968467712402,
        "runtime": 0.7939739227294922
    },
    "20": {
        "score": 3.8967041969299316,
        "runtime": 0.7829995155334473
    },
    "21": {
        "score": 3.4828336238861084,
        "runtime": 0.8145203590393066
    },
    "22": {
        "score": 3.8590354919433594,
        "runtime": 0.7700023651123047
    },
    "23": {
        "score": 4.350894927978516,
        "runtime": 0.7939996719360352
    },
    "24": {
        "score": 3.990177631378174,
        "runtime": 0.7829995155334473
    },
    "25": {
        "score": 3.8711776733398438,
        "runtime": 0.7809991836547852
    },
    "26": {
        "score": 4.316011428833008,
        "runtime": 0.7665231227874756
    },
    "27": {
        "score": 3.730915069580078,
        "runtime": 0.8205199241638184
    },
    "28": {
        "score": 3.308075189590454,
        "runtime": 0.7389984130859375
    },
    "29": {
        "score": 3.9138457775115967,
        "runtime": 0.7969992160797119
    },
    "30": {
        "score": 3.8944716453552246,
        "runtime": 0.7540023326873779
    },
    "31": {
        "score": 3.209815263748169,
        "runtime": 0.8159997463226318
    },
    "32": {
        "score": 4.040256023406982,
        "runtime": 0.796999454498291
    },
    "33": {
        "score": 4.2577972412109375,
        "runtime": 0.7919995784759521
    },
    "34": {
        "score": 4.319533824920654,
        "runtime": 0.75
    },
    "35": {
        "score": 4.263957500457764,
        "runtime": 0.7839474678039551
    },
    "36": {
        "score": 4.027777671813965,
        "runtime": 0.767470121383667
    },
    "37": {
        "score": 3.717787742614746,
        "runtime": 0.8189995288848877
    },
    "38": {
        "score": 3.8522095680236816,
        "runtime": 0.7960028648376465
    },
    "39": {
        "score": 4.264479637145996,
        "runtime": 0.7690000534057617
    },
    "40": {
        "score": 3.923027992248535,
        "runtime": 0.7710006237030029
    },
    "41": {
        "score": 3.9975218772888184,
        "runtime": 0.8059756755828857
    },
    "42": {
        "score": 3.5284109115600586,
        "runtime": 0.7999999523162842
    },
    "43": {
        "score": 3.28609299659729,
        "runtime": 0.7825195789337158
    },
    "44": {
        "score": 3.9143929481506348,
        "runtime": 0.7880027294158936
    },
    "45": {
        "score": 3.707735300064087,
        "runtime": 0.7899997234344482
    },
    "46": {
        "score": 4.05287504196167,
        "runtime": 0.7819633483886719
    },
    "47": {
        "score": 3.7258424758911133,
        "runtime": 0.7640020847320557
    },
    "48": {
        "score": 3.9390408992767334,
        "runtime": 0.7860023975372314
    },
    "49": {
        "score": 3.807023048400879,
        "runtime": 0.7815260887145996
    },
    "50": {
        "score": 3.8545479774475098,
        "runtime": 0.7859997749328613
    },
    "51": {
        "score": 3.6685421466827393,
        "runtime": 0.7799570560455322
    },
    "52": {
        "score": 3.5997843742370605,
        "runtime": 0.7849690914154053
    },
    "53": {
        "score": 4.114580154418945,
        "runtime": 0.8199996948242188
    },
    "54": {
        "score": 3.939969301223755,
        "runtime": 0.7939980030059814
    },
    "55": {
        "score": 3.632526397705078,
        "runtime": 0.7769978046417236
    },
    "56": {
        "score": 4.050745010375977,
        "runtime": 0.8080019950866699
    },
    "57": {
        "score": 3.811187744140625,
        "runtime": 0.790522575378418
    },
    "58": {
        "score": 3.965982437133789,
        "runtime": 0.8070013523101807
    },
    "59": {
        "score": 3.9408223628997803,
        "runtime": 0.7880017757415771
    },
    "60": {
        "score": 3.8143486976623535,
        "runtime": 0.7779998779296875
    },
    "61": {
        "score": 3.1791799068450928,
        "runtime": 0.7690000534057617
    },
    "62": {
        "score": 4.063938617706299,
        "runtime": 0.7399997711181641
    },
    "63": {
        "score": 4.123303413391113,
        "runtime": 0.7629995346069336
    },
    "64": {
        "score": 3.763899564743042,
        "runtime": 0.7830023765563965
    },
    "65": {
        "score": 3.998300075531006,
        "runtime": 0.777001142501831
    },
    "66": {
        "score": 3.7813100814819336,
        "runtime": 0.7549948692321777
    },
    "67": {
        "score": 3.726776599884033,
        "runtime": 0.800997257232666
    },
    "68": {
        "score": 3.957408905029297,
        "runtime": 0.7789990901947021
    },
    "69": {
        "score": 3.6501429080963135,
        "runtime": 0.8080000877380371
    },
    "70": {
        "score": 3.6207680702209473,
        "runtime": 0.7609999179840088
    },
    "71": {
        "score": 3.681103467941284,
        "runtime": 0.7559981346130371
    },
    "72": {
        "score": 4.327773571014404,
        "runtime": 0.7589974403381348
    },
    "73": {
        "score": 3.852264165878296,
        "runtime": 0.8090002536773682
    },
    "74": {
        "score": 4.008009433746338,
        "runtime": 0.8169796466827393
    },
    "75": {
        "score": 4.153078079223633,
        "runtime": 0.7759993076324463
    },
    "76": {
        "score": 3.6901931762695312,
        "runtime": 0.8030002117156982
    },
    "77": {
        "score": 3.9464800357818604,
        "runtime": 0.7979676723480225
    },
    "78": {
        "score": 4.157724380493164,
        "runtime": 0.7680020332336426
    },
    "79": {
        "score": 3.9152731895446777,
        "runtime": 0.7694897651672363
    },
    "80": {
        "score": 3.185774803161621,
        "runtime": 0.8045191764831543
    },
    "81": {
        "score": 4.09826135635376,
        "runtime": 0.7699987888336182
    },
    "82": {
        "score": 3.7449758052825928,
        "runtime": 0.7729983329772949
    },
    "83": {
        "score": 3.441124677658081,
        "runtime": 0.7490010261535645
    },
    "84": {
        "score": 3.9712026119232178,
        "runtime": 0.7979567050933838
    },
    "85": {
        "score": 3.9487624168395996,
        "runtime": 0.7819995880126953
    },