{
    "0": {
        "score": 6.87284517288208,
        "runtime": 1.7140004634857178
    },
    "1": {
        "score": 6.87284517288208,
        "runtime": 1.7579998970031738
    },
    "2": {
        "score": 6.87284517288208,
        "runtime": 1.7100002765655518
    },
    "3": {
        "score": 6.87284517288208,
        "runtime": 1.7210025787353516
    },
    "4": {
        "score": 6.87284517288208,
        "runtime": 1.705000877380371
    },
    "5": {
        "score": 6.87284517288208,
        "runtime": 1.7270002365112305
    },
    "6": {
        "score": 6.87284517288208,
        "runtime": 1.9010000228881836
    },
    "7": {
        "score": 6.87284517288208,
        "runtime": 1.7299985885620117
    },
    "8": {
        "score": 6.87284517288208,
        "runtime": 1.7329964637756348
    },
    "9": {
        "score": 6.87284517288208,
        "runtime": 1.7440011501312256
    },
    "10": {
        "score": 6.87284517288208,
        "runtime": 1.7340009212493896
    },
    "11": {
        "score": 6.87284517288208,
        "runtime": 1.698519229888916
    },
    "12": {
        "score": 6.87284517288208,
        "runtime": 1.7109973430633545
    },
    "13": {
        "score": 6.87284517288208,
        "runtime": 1.7130005359649658
    },
    "14": {
        "score": 6.87284517288208,
        "runtime": 1.6969974040985107
    },
    "15": {
        "score": 6.87284517288208,
        "runtime": 1.7149999141693115
    },
    "16": {
        "score": 6.87284517288208,
        "runtime": 1.7789971828460693
    },
    "17": {
        "score": 6.87284517288208,
        "runtime": 1.7580015659332275
    },
    "18": {
        "score": 6.87284517288208,
        "runtime": 1.6810023784637451
    },
    "19": {
        "score": 6.87284517288208,
        "runtime": 1.7509982585906982
    },
    "20": {
        "score": 6.87284517288208,
        "runtime": 1.711000680923462
    },
    "21": {
        "score": 6.87284517288208,
        "runtime": 1.7619991302490234
    },
    "22": {
        "score": 6.87284517288208,
        "runtime": 1.7149996757507324
    },
    "23": {
        "score": 6.87284517288208,
        "runtime": 1.6749963760375977
    },
    "24": {
        "score": 6.87284517288208,
        "runtime": 1.7489988803863525
    },
    "25": {
        "score": 6.87284517288208,
        "runtime": 1.7619996070861816
    },
    "26": {
        "score": 6.87284517288208,
        "runtime": 1.7139999866485596
    },
    "27": {
        "score": 6.87284517288208,
        "runtime": 1.7029995918273926
    },
    "28": {
        "score": 6.87284517288208,
        "runtime": 1.7420005798339844
    },
    "29": {
        "score": 6.87284517288208,
        "runtime": 1.7080001831054688
    },
    "30": {
        "score": 6.87284517288208,
        "runtime": 1.7230019569396973
    },
    "31": {
        "score": 6.87284517288208,
        "runtime": 1.7549996376037598
    },
    "32": {
        "score": 6.87284517288208,
        "runtime": 1.7709953784942627
    },
    "33": {
        "score": 6.87284517288208,
        "runtime": 1.7560005187988281
    },
    "34": {
        "score": 6.87284517288208,
        "runtime": 1.7120001316070557
    },
    "35": {
        "score": 6.87284517288208,
        "runtime": 1.7619998455047607
    },
    "36": {
        "score": 6.87284517288208,
        "runtime": 1.743997573852539
    },
    "37": {
        "score": 6.87284517288208,
        "runtime": 1.695000410079956
    },
    "38": {
        "score": 6.87284517288208,
        "runtime": 1.775998592376709
    },
    "39": {
        "score": 6.87284517288208,
        "runtime": 1.7340004444122314
    },
    "40": {
        "score": 6.87284517288208,
        "runtime": 1.7060019969940186
    },
    "41": {
        "score": 6.87284517288208,
        "runtime": 1.7329998016357422
    },
    "42": {
        "score": 6.87284517288208,
        "runtime": 1.7539973258972168
    },
    "43": {
        "score": 6.87284517288208,
        "runtime": 1.7719981670379639
    },
    "44": {
        "score": 6.87284517288208,
        "runtime": 1.7259995937347412
    },
    "45": {
        "score": 6.87284517288208,
        "runtime": 1.763998031616211
    },
    "46": {
        "score": 6.87284517288208,
        "runtime": 1.7919998168945312
    },
    "47": {
        "score": 6.87284517288208,
        "runtime": 1.7230026721954346
    },
    "48": {
        "score": 6.87284517288208,
        "runtime": 1.7079994678497314
    },
    "49": {
        "score": 6.87284517288208,
        "runtime": 1.725999355316162
    },
    "50": {
        "score": 6.87284517288208,
        "runtime": 1.7090001106262207
    },
    "51": {
        "score": 6.87284517288208,
        "runtime": 1.7220005989074707
    },
    "52": {
        "score": 6.87284517288208,
        "runtime": 1.7140004634857178
    },
    "53": {
        "score": 6.87284517288208,
        "runtime": 1.6740028858184814
    },
    "54": {
        "score": 6.87284517288208,
        "runtime": 1.7290019989013672
    },
    "55": {
        "score": 6.87284517288208,
        "runtime": 1.724998950958252
    },
    "56": {
        "score": 6.87284517288208,
        "runtime": 1.7399988174438477
    },
    "57": {
        "score": 6.87284517288208,
        "runtime": 1.7610018253326416
    },
    "58": {
        "score": 6.87284517288208,
        "runtime": 1.6459991931915283
    },
    "59": {
        "score": 6.87284517288208,
        "runtime": 1.7219974994659424
    },
    "60": {
        "score": 6.87284517288208,
        "runtime": 1.7660012245178223
    },
    "61": {
        "score": 6.87284517288208,
        "runtime": 1.7370033264160156
    },
    "62": {
        "score": 6.87284517288208,
        "runtime": 1.794999599456787
    },
    "63": {
        "score": 6.87284517288208,
        "runtime": 1.8020026683807373
    },
    "64": {
        "score": 6.87284517288208,
        "runtime": 1.6929988861083984
    },
    "65": {
        "score": 6.87284517288208,
        "runtime": 1.7339997291564941
    },
    "66": {
        "score": 6.87284517288208,
        "runtime": 1.6699976921081543
    },
    "67": {
        "score": 6.87284517288208,
        "runtime": 1.7250001430511475
    },
    "68": {
        "score": 6.87284517288208,
        "runtime": 1.687000036239624
    },
    "69": {
        "score": 6.87284517288208,
        "runtime": 1.6729984283447266
    },
    "70": {
        "score": 6.87284517288208,
        "runtime": 1.7380006313323975
    },
    "71": {
        "score": 6.87284517288208,
        "runtime": 1.7250008583068848
    },
    "72": {
        "score": 6.87284517288208,
        "runtime": 1.7269976139068604
    },
    "73": {
        "score": 6.87284517288208,
        "runtime": 1.6829979419708252
    },
    "74": {
        "score": 6.87284517288208,
        "runtime": 1.7210004329681396
    },
    "75": {
        "score": 6.87284517288208,
        "runtime": 1.7190020084381104
    },
    "76": {
        "score": 6.87284517288208,
        "runtime": 1.739997148513794
    },
    "77": {
        "score": 6.87284517288208,
        "runtime": 1.7709996700286865
    },
    "78": {
        "score": 6.87284517288208,
        "runtime": 1.7070021629333496
    },
    "79": {
        "score": 6.87284517288208,
        "runtime": 1.723999261856079
    },
    "80": {
        "score": 6.87284517288208,
        "runtime": 1.7219982147216797
    },
    "81": {
        "score": 6.87284517288208,
        "runtime": 1.7170026302337646
    },
    "82": {
        "score": 6.87284517288208,
        "runtime": 1.7699997425079346
    },
    "83": {
        "score": 6.87284517288208,
        "runtime": 1.7430000305175781
    },
    "84": {
        "score": 6.87284517288208,
        "runtime": 1.7570035457611084
    },
    "85": {
        "score": 6.87284517288208,
        "runtime": 1.771003246307373
    },
    "86": {
        "score": 6.87284517288208,
        "runtime": 1.7060003280639648
    },