{
    "0": {
        "score": 7.786952495574951,
        "runtime": 114.47609448432922
    },
    "1": {
        "score": 8.546782493591309,
        "runtime": 115.87666893005371
    },
    "2": {
        "score": 8.310343742370605,
        "runtime": 115.34487700462341
    },
    "3": {
        "score": 8.219817161560059,
        "runtime": 115.58263325691223
    },
    "4": {
        "score": 8.440817832946777,
        "runtime": 114.18584775924683
    },
    "5": {
        "score": 8.141215324401855,
        "runtime": 114.99897933006287
    },
    "6": {
        "score": 8.451786994934082,
        "runtime": 115.30902695655823
    },
    "7": {
        "score": 8.433027267456055,
        "runtime": 114.51279282569885
    },
    "8": {
        "score": 8.201078414916992,
        "runtime": 115.27932977676392
    },
    "9": {
        "score": 8.10470199584961,
        "runtime": 115.68418025970459
    },
    "10": {
        "score": 8.039334297180176,
        "runtime": 116.90986514091492
    },
    "11": {
        "score": 7.864779472351074,
        "runtime": 115.447340965271
    },
    "12": {
        "score": 8.432523727416992,
        "runtime": 115.49606108665466
    },
    "13": {
        "score": 7.7733659744262695,
        "runtime": 116.37335753440857
    },
    "14": {
        "score": 8.25419807434082,
        "runtime": 115.09915566444397
    },
    "15": {
        "score": 8.038969993591309,
        "runtime": 115.2501711845398
    },
    "16": {
        "score": 8.150189399719238,
        "runtime": 114.80929493904114
    },
    "17": {
        "score": 8.044825553894043,
        "runtime": 115.19025230407715
    },
    "18": {
        "score": 8.134634971618652,
        "runtime": 115.8384575843811
    },
    "19": {
        "score": 8.691473007202148,
        "runtime": 115.94665455818176
    },
    "20": {
        "score": 8.70519733428955,
        "runtime": 115.86489677429199
    },
    "21": {
        "score": 8.243840217590332,
        "runtime": 115.69457244873047
    },
    "22": {
        "score": 7.795094013214111,
        "runtime": 115.52332901954651
    },
    "23": {
        "score": 8.126986503601074,
        "runtime": 116.8004322052002
    },
    "24": {
        "score": 7.9048638343811035,
        "runtime": 115.53223729133606
    },
    "25": {
        "score": 8.1917142868042,
        "runtime": 115.3738842010498
    },
    "26": {
        "score": 8.29039478302002,
        "runtime": 115.69906330108643
    },
    "27": {
        "score": 7.909008979797363,
        "runtime": 115.96418714523315
    },
    "28": {
        "score": 8.499039649963379,
        "runtime": 116.07755589485168
    },
    "29": {
        "score": 7.682991981506348,
        "runtime": 116.15810489654541
    },
    "30": {
        "score": 8.108121871948242,
        "runtime": 117.68006634712219
    },
    "31": {
        "score": 8.181099891662598,
        "runtime": 116.3226969242096
    },
    "32": {
        "score": 7.961421966552734,
        "runtime": 116.32325911521912
    },
    "33": {
        "score": 8.211124420166016,
        "runtime": 115.80261635780334
    },
    "34": {
        "score": 8.515851020812988,
        "runtime": 116.06038904190063
    },
    "35": {
        "score": 8.136627197265625,
        "runtime": 116.13448071479797
    },
    "36": {
        "score": 8.12439250946045,
        "runtime": 116.08214473724365
    },
    "37": {
        "score": 7.836757659912109,
        "runtime": 114.83681631088257
    },
    "38": {
        "score": 8.290181159973145,
        "runtime": 115.6103003025055
    },
    "39": {
        "score": 7.916054725646973,
        "runtime": 115.22011041641235
    },
    "40": {
        "score": 8.545035362243652,
        "runtime": 116.4070508480072
    },
    "41": {
        "score": 7.914645671844482,
        "runtime": 114.41553926467896
    },
    "42": {
        "score": 8.02639389038086,
        "runtime": 115.44692301750183
    },
    "43": {
        "score": 8.314221382141113,
        "runtime": 115.68367004394531
    },
    "44": {
        "score": 7.962352752685547,
        "runtime": 115.07317781448364
    },
    "45": {
        "score": 8.075723648071289,
        "runtime": 116.46907019615173
    },
    "46": {
        "score": 8.403702735900879,
        "runtime": 114.94642639160156
    },
    "47": {
        "score": 8.260750770568848,
        "runtime": 116.04914784431458
    },
    "48": {
        "score": 8.041465759277344,
        "runtime": 115.11566400527954
    },
    "49": {
        "score": 8.650073051452637,
        "runtime": 115.64732551574707
    },
    "50": {
        "score": 9.053351402282715,
        "runtime": 117.00672125816345
    },
    "51": {
        "score": 8.041990280151367,
        "runtime": 116.97418355941772
    },
    "52": {
        "score": 7.924966812133789,
        "runtime": 115.22322154045105
    },
    "53": {
        "score": 7.583394527435303,
        "runtime": 115.50322771072388
    },
    "54": {
        "score": 8.140557289123535,
        "runtime": 115.9097249507904
    },
    "55": {
        "score": 7.743189334869385,
        "runtime": 115.61162853240967
    },
    "56": {
        "score": 8.66109848022461,
        "runtime": 115.55518436431885
    },
    "57": {
        "score": 8.083134651184082,
        "runtime": 115.52786040306091
    },
    "58": {
        "score": 8.292878150939941,
        "runtime": 115.72680044174194
    },
    "59": {
        "score": 8.109098434448242,
        "runtime": 116.57971048355103
    },
    "60": {
        "score": 8.303839683532715,
        "runtime": 116.18872284889221
    },
    "61": {
        "score": 7.979050159454346,
        "runtime": 115.37028312683105
    },
    "62": {
        "score": 8.797202110290527,
        "runtime": 115.53387546539307
    },
    "63": {
        "score": 8.065691947937012,
        "runtime": 115.50501990318298
    },
    "64": {
        "score": 7.7751898765563965,
        "runtime": 115.64575338363647
    },
    "65": {
        "score": 8.939337730407715,
        "runtime": 115.23004341125488
    },
    "66": {
        "score": 8.377861022949219,
        "runtime": 115.9154303073883
    },
    "67": {
        "score": 8.135793685913086,
        "runtime": 116.47174334526062
    },
    "68": {
        "score": 7.805866718292236,
        "runtime": 116.41255021095276
    },
    "69": {
        "score": 7.691915035247803,
        "runtime": 116.1741099357605
    },
    "70": {
        "score": 8.419767379760742,
        "runtime": 115.88264775276184
    },
    "71": {
        "score": 7.448675632476807,
        "runtime": 115.98380422592163
    },
    "72": {
        "score": 8.684895515441895,
        "runtime": 114.92668628692627
    },
    "73": {
        "score": 8.116008758544922,
        "runtime": 117.20834350585938
    },
    "74": {
        "score": 8.016295433044434,
        "runtime": 114.91087770462036
    },
    "75": {
        "score": 7.89888334274292,
        "runtime": 114.48039245605469
    },
    "76": {
        "score": 8.068489074707031,
        "runtime": 115.57396578788757
    },
    "77": {
        "score": 8.14060115814209,
        "runtime": 115.21997404098511
    },
    "78": {
        "score": 7.979449272155762,
        "runtime": 115.85369896888733
    },
    "79": {
        "score": 8.4628324508667,
        "runtime": 123.01755881309509
    },
    "80": {
        "score": 7.8276047706604,
        "runtime": 115.10595917701721
    },
    "81": {
        "score": 8.532769203186035,
        "runtime": 115.4654176235199
    },
    "82": {
        "score": 7.420082092285156,
        "runtime": 114.7533528804779
    },
    "83": {
        "score": 7.350649833679199,
        "runtime": 115.3060188293457
    },
    "84": {
        "score": 8.448564529418945,
        "runtime": 121.89059376716614
    },
    "85": {
        "score": 8.186578750610352,
        "runtime": 116.9442846775055
    },