{
    "0": {
        "score": 7.7048797607421875,
        "runtime": 115.18811440467834
    },
    "1": {
        "score": 8.528546333312988,
        "runtime": 114.86499524116516
    },
    "2": {
        "score": 8.418503761291504,
        "runtime": 114.33258032798767
    },
    "3": {
        "score": 8.29771900177002,
        "runtime": 114.4398455619812
    },
    "4": {
        "score": 8.872246742248535,
        "runtime": 115.76448035240173
    },
    "5": {
        "score": 8.37475872039795,
        "runtime": 115.60067534446716
    },
    "6": {
        "score": 8.204514503479004,
        "runtime": 114.76213502883911
    },
    "7": {
        "score": 8.335372924804688,
        "runtime": 125.65261721611023
    },
    "8": {
        "score": 8.12255859375,
        "runtime": 115.15431475639343
    },
    "9": {
        "score": 8.014934539794922,
        "runtime": 114.22266030311584
    },
    "10": {
        "score": 8.200514793395996,
        "runtime": 116.22133207321167
    },
    "11": {
        "score": 8.082427978515625,
        "runtime": 115.14315485954285
    },
    "12": {
        "score": 8.449231147766113,
        "runtime": 114.79269242286682
    },
    "13": {
        "score": 7.636040687561035,
        "runtime": 116.53199529647827
    },
    "14": {
        "score": 8.475872039794922,
        "runtime": 115.46848678588867
    },
    "15": {
        "score": 8.032140731811523,
        "runtime": 116.36921429634094
    },
    "16": {
        "score": 8.308906555175781,
        "runtime": 115.62125492095947
    },
    "17": {
        "score": 8.627466201782227,
        "runtime": 114.21126985549927
    },
    "18": {
        "score": 8.183472633361816,
        "runtime": 116.43042016029358
    },
    "19": {
        "score": 8.281583786010742,
        "runtime": 115.18432188034058
    },
    "20": {
        "score": 8.411608695983887,
        "runtime": 115.48400568962097
    },
    "21": {
        "score": 8.255805015563965,
        "runtime": 116.60256671905518
    },
    "22": {
        "score": 7.934047698974609,
        "runtime": 116.44461059570312
    },
    "23": {
        "score": 8.302542686462402,
        "runtime": 115.23701739311218
    },
    "24": {
        "score": 7.916256427764893,
        "runtime": 115.11321091651917
    },
    "25": {
        "score": 8.092927932739258,
        "runtime": 115.11256623268127
    },
    "26": {
        "score": 8.526931762695312,
        "runtime": 115.39860796928406
    },
    "27": {
        "score": 7.9038004875183105,
        "runtime": 115.81741094589233
    },
    "28": {
        "score": 8.503432273864746,
        "runtime": 115.53022575378418
    },
    "29": {
        "score": 7.61966609954834,
        "runtime": 116.44120144844055
    },
    "30": {
        "score": 9.44795036315918,
        "runtime": 117.49504208564758
    },
    "31": {
        "score": 8.262085914611816,
        "runtime": 115.80664134025574
    },
    "32": {
        "score": 7.982916831970215,
        "runtime": 115.34843707084656
    },
    "33": {
        "score": 8.085618019104004,
        "runtime": 114.48164868354797
    },
    "34": {
        "score": 8.417120933532715,
        "runtime": 115.68834924697876
    },
    "35": {
        "score": 8.099529266357422,
        "runtime": 116.47632503509521
    },
    "36": {
        "score": 8.220904350280762,
        "runtime": 116.2784411907196
    },
    "37": {
        "score": 7.835640907287598,
        "runtime": 114.53281140327454
    },
    "38": {
        "score": 8.4491548538208,
        "runtime": 115.95433783531189
    },
    "39": {
        "score": 8.05893325805664,
        "runtime": 114.94702315330505
    },
    "40": {
        "score": 7.977029800415039,
        "runtime": 116.38638401031494
    },
    "41": {
        "score": 7.903858184814453,
        "runtime": 115.5132954120636
    },
    "42": {
        "score": 8.102678298950195,
        "runtime": 115.54024338722229
    },
    "43": {
        "score": 8.238324165344238,
        "runtime": 116.0622353553772
    },
    "44": {
        "score": 7.872432231903076,
        "runtime": 115.73692154884338
    },
    "45": {
        "score": 7.914144515991211,
        "runtime": 116.02108812332153
    },
    "46": {
        "score": 8.479838371276855,
        "runtime": 116.18052577972412
    },
    "47": {
        "score": 8.314539909362793,
        "runtime": 116.74943971633911
    },
    "48": {
        "score": 8.568037986755371,
        "runtime": 114.43143153190613
    },
    "49": {
        "score": 8.790080070495605,
        "runtime": 115.12818741798401
    },
    "50": {
        "score": 8.472142219543457,
        "runtime": 117.01405239105225
    },
    "51": {
        "score": 8.086475372314453,
        "runtime": 115.7045841217041
    },
    "52": {
        "score": 8.026528358459473,
        "runtime": 115.6977117061615
    },
    "53": {
        "score": 7.648488998413086,
        "runtime": 115.29560780525208
    },
    "54": {
        "score": 8.310105323791504,
        "runtime": 116.11452412605286
    },
    "55": {
        "score": 7.7514166831970215,
        "runtime": 115.42857432365417
    },
    "56": {
        "score": 8.685133934020996,
        "runtime": 116.49457907676697
    },
    "57": {
        "score": 8.296747207641602,
        "runtime": 115.64331865310669
    },
    "58": {
        "score": 8.422221183776855,
        "runtime": 114.78178644180298
    },
    "59": {
        "score": 8.049656867980957,
        "runtime": 116.0138418674469
    },
    "60": {
        "score": 8.508152961730957,
        "runtime": 115.72366166114807
    },
    "61": {
        "score": 7.856052875518799,
        "runtime": 116.22564768791199
    },
    "62": {
        "score": 8.703709602355957,
        "runtime": 115.7951774597168
    },
    "63": {
        "score": 8.160284042358398,
        "runtime": 114.54449439048767
    },
    "64": {
        "score": 8.079649925231934,
        "runtime": 115.7730700969696
    },
    "65": {
        "score": 8.577444076538086,
        "runtime": 116.51473069190979
    },
    "66": {
        "score": 8.414684295654297,
        "runtime": 116.09551048278809
    },
    "67": {
        "score": 8.430620193481445,
        "runtime": 116.65169382095337
    },
    "68": {
        "score": 7.687705039978027,
        "runtime": 116.74138116836548
    },
    "69": {
        "score": 7.56813383102417,
        "runtime": 116.2386794090271
    },
    "70": {
        "score": 8.230062484741211,
        "runtime": 115.98667097091675
    },
    "71": {
        "score": 7.499189376831055,
        "runtime": 115.1915717124939
    },
    "72": {
        "score": 8.723917007446289,
        "runtime": 115.3912148475647
    },
    "73": {
        "score": 8.19591236114502,
        "runtime": 116.44949746131897
    },
    "74": {
        "score": 8.046260833740234,
        "runtime": 115.03460264205933
    },
    "75": {
        "score": 7.895915508270264,
        "runtime": 115.77794337272644
    },
    "76": {
        "score": 8.205351829528809,
        "runtime": 115.60219144821167
    },
    "77": {
        "score": 8.193849563598633,
        "runtime": 114.62659096717834
    },
    "78": {
        "score": 8.070076942443848,
        "runtime": 115.1579999923706
    },
    "79": {
        "score": 8.446949005126953,
        "runtime": 118.71120619773865
    },
    "80": {
        "score": 7.729413986206055,
        "runtime": 119.31076788902283
    },
    "81": {
        "score": 8.315869331359863,
        "runtime": 116.1822259426117
    },
    "82": {
        "score": 7.4415130615234375,
        "runtime": 115.2316541671753
    },
    "83": {
        "score": 7.371788024902344,
        "runtime": 117.2416672706604
    },
    "84": {
        "score": 8.115654945373535,
        "runtime": 119.2694981098175
    },
    "85": {
        "score": 8.098684310913086,
        "runtime": 114.7894434928894
    },