{
    "0": {
        "score": 3.6493992805480957,
        "runtime": 0.8960003852844238
    },
    "1": {
        "score": 3.761995553970337,
        "runtime": 0.7679977416992188
    },
    "2": {
        "score": 3.7796688079833984,
        "runtime": 0.7842123508453369
    },
    "3": {
        "score": 4.122701644897461,
        "runtime": 0.7589991092681885
    },
    "4": {
        "score": 3.2645251750946045,
        "runtime": 0.7945272922515869
    },
    "5": {
        "score": 3.8676135540008545,
        "runtime": 0.7869997024536133
    },
    "6": {
        "score": 3.8685250282287598,
        "runtime": 0.7729992866516113
    },
    "7": {
        "score": 3.9224014282226562,
        "runtime": 0.7669808864593506
    },
    "8": {
        "score": 4.128917694091797,
        "runtime": 0.7629997730255127
    },
    "9": {
        "score": 4.006816864013672,
        "runtime": 0.7875182628631592
    },
    "10": {
        "score": 3.778759717941284,
        "runtime": 0.7869999408721924
    },
    "11": {
        "score": 3.7717671394348145,
        "runtime": 0.7660112380981445
    },
    "12": {
        "score": 4.087907791137695,
        "runtime": 0.76999831199646
    },
    "13": {
        "score": 3.8751707077026367,
        "runtime": 0.7699995040893555
    },
    "14": {
        "score": 4.372614860534668,
        "runtime": 0.8049993515014648
    },
    "15": {
        "score": 3.9959187507629395,
        "runtime": 0.7825164794921875
    },
    "16": {
        "score": 4.209713935852051,
        "runtime": 0.7870004177093506
    },
    "17": {
        "score": 3.341622829437256,
        "runtime": 0.8140013217926025
    },
    "18": {
        "score": 3.7034003734588623,
        "runtime": 0.7910027503967285
    },
    "19": {
        "score": 3.863896369934082,
        "runtime": 0.7950012683868408
    },
    "20": {
        "score": 3.9067585468292236,
        "runtime": 0.7739999294281006
    },
    "21": {
        "score": 3.493420362472534,
        "runtime": 0.7540030479431152
    },
    "22": {
        "score": 3.8590357303619385,
        "runtime": 0.7740001678466797
    },
    "23": {
        "score": 4.342337131500244,
        "runtime": 0.7609970569610596
    },
    "24": {
        "score": 3.9885854721069336,
        "runtime": 0.7885186672210693
    },
    "25": {
        "score": 3.8711776733398438,
        "runtime": 0.7559990882873535
    },
    "26": {
        "score": 4.378434181213379,
        "runtime": 0.7870018482208252
    },
    "27": {
        "score": 3.715338945388794,
        "runtime": 0.7759501934051514
    },
    "28": {
        "score": 3.308074951171875,
        "runtime": 0.8040010929107666
    },
    "29": {
        "score": 3.9375288486480713,
        "runtime": 0.7819986343383789
    },
    "30": {
        "score": 3.8944716453552246,
        "runtime": 0.7879979610443115
    },
    "31": {
        "score": 3.209815263748169,
        "runtime": 0.773998498916626
    },
    "32": {
        "score": 4.040256500244141,
        "runtime": 0.7625164985656738
    },
    "33": {
        "score": 4.2170515060424805,
        "runtime": 0.7979724407196045
    },
    "34": {
        "score": 4.319533824920654,
        "runtime": 0.7939989566802979
    },
    "35": {
        "score": 4.260029315948486,
        "runtime": 0.7920000553131104
    },
    "36": {
        "score": 4.00954008102417,
        "runtime": 0.8070008754730225
    },
    "37": {
        "score": 3.717787742614746,
        "runtime": 0.7719995975494385
    },
    "38": {
        "score": 3.8522093296051025,
        "runtime": 0.7975165843963623
    },
    "39": {
        "score": 4.200603008270264,
        "runtime": 0.7895143032073975
    },
    "40": {
        "score": 3.923027992248535,
        "runtime": 0.7620000839233398
    },
    "41": {
        "score": 3.9975223541259766,
        "runtime": 0.7729973793029785
    },
    "42": {
        "score": 3.5343122482299805,
        "runtime": 0.7739989757537842
    },
    "43": {
        "score": 3.2898266315460205,
        "runtime": 0.7809545993804932
    },
    "44": {
        "score": 3.952742338180542,
        "runtime": 0.7760026454925537
    },
    "45": {
        "score": 3.6989119052886963,
        "runtime": 0.767000675201416
    },
    "46": {
        "score": 4.115407943725586,
        "runtime": 0.7779340744018555
    },
    "47": {
        "score": 3.7472667694091797,
        "runtime": 0.7569994926452637
    },
    "48": {
        "score": 3.925548553466797,
        "runtime": 0.7755157947540283
    },
    "49": {
        "score": 3.8162293434143066,
        "runtime": 0.8109662532806396
    },
    "50": {
        "score": 3.854548215866089,
        "runtime": 0.8069992065429688
    },
    "51": {
        "score": 3.6750454902648926,
        "runtime": 0.7805137634277344
    },
    "52": {
        "score": 3.5137431621551514,
        "runtime": 0.7929978370666504
    },
    "53": {
        "score": 4.114580154418945,
        "runtime": 0.7729990482330322
    },
    "54": {
        "score": 3.9248223304748535,
        "runtime": 0.7749617099761963
    },
    "55": {
        "score": 3.6325266361236572,
        "runtime": 0.7799992561340332
    },
    "56": {
        "score": 4.023445129394531,
        "runtime": 0.7660007476806641
    },
    "57": {
        "score": 3.789414405822754,
        "runtime": 0.7870008945465088
    },
    "58": {
        "score": 3.992960214614868,
        "runtime": 0.7980012893676758
    },
    "59": {
        "score": 3.881514310836792,
        "runtime": 0.770000696182251
    },
    "60": {
        "score": 3.8143482208251953,
        "runtime": 0.7919483184814453
    },
    "61": {
        "score": 3.1906075477600098,
        "runtime": 0.7969982624053955
    },
    "62": {
        "score": 4.063938617706299,
        "runtime": 0.7895176410675049
    },
    "63": {
        "score": 4.1233038902282715,
        "runtime": 0.7639992237091064
    },
    "64": {
        "score": 3.7814419269561768,
        "runtime": 0.8189973831176758
    },
    "65": {
        "score": 3.998300313949585,
        "runtime": 0.7769999504089355
    },
    "66": {
        "score": 3.7593417167663574,
        "runtime": 0.7739806175231934
    },
    "67": {
        "score": 3.7267768383026123,
        "runtime": 0.76552414894104
    },
    "68": {
        "score": 3.981815814971924,
        "runtime": 0.852301836013794
    },
    "69": {
        "score": 3.6501429080963135,
        "runtime": 0.7799994945526123
    },
    "70": {
        "score": 3.5717227458953857,
        "runtime": 0.7750015258789062
    },
    "71": {
        "score": 3.6954565048217773,
        "runtime": 0.7930006980895996
    },
    "72": {
        "score": 4.37349271774292,
        "runtime": 0.7779996395111084
    },
    "73": {
        "score": 3.8610615730285645,
        "runtime": 0.7584757804870605
    },
    "74": {
        "score": 3.975198745727539,
        "runtime": 0.7869999408721924
    },
    "75": {
        "score": 4.1968607902526855,
        "runtime": 0.7850019931793213
    },
    "76": {
        "score": 3.460819959640503,
        "runtime": 0.7880008220672607
    },
    "77": {
        "score": 3.9464802742004395,
        "runtime": 0.7710022926330566
    },
    "78": {
        "score": 4.144110679626465,
        "runtime": 0.7605183124542236
    },
    "79": {
        "score": 3.8454549312591553,
        "runtime": 0.7729983329772949
    },
    "80": {
        "score": 3.175424575805664,
        "runtime": 0.7979466915130615
    },
    "81": {
        "score": 4.092862606048584,
        "runtime": 0.793001651763916
    },
    "82": {
        "score": 3.753692626953125,
        "runtime": 0.7759957313537598
    },
    "83": {
        "score": 3.441124200820923,
        "runtime": 0.7679996490478516
    },
    "84": {
        "score": 3.902392625808716,
        "runtime": 0.7709996700286865
    },
    "85": {
        "score": 3.9503417015075684,