{
    "0": {
        "score": 3.6493992805480957,
        "runtime": 0.8779997825622559
    },
    "1": {
        "score": 3.819108724594116,
        "runtime": 0.7909998893737793
    },
    "2": {
        "score": 3.7796688079833984,
        "runtime": 0.7742114067077637
    },
    "3": {
        "score": 4.1494598388671875,
        "runtime": 0.7689976692199707
    },
    "4": {
        "score": 3.2645251750946045,
        "runtime": 0.7749965190887451
    },
    "5": {
        "score": 3.860729932785034,
        "runtime": 0.774000883102417
    },
    "6": {
        "score": 3.938175916671753,
        "runtime": 0.7950000762939453
    },
    "7": {
        "score": 3.9224014282226562,
        "runtime": 0.8029837608337402
    },
    "8": {
        "score": 4.128917694091797,
        "runtime": 0.7990000247955322
    },
    "9": {
        "score": 4.014928340911865,
        "runtime": 0.7730011940002441
    },
    "10": {
        "score": 3.7990994453430176,
        "runtime": 0.8580000400543213
    },
    "11": {
        "score": 3.770418167114258,
        "runtime": 0.8100101947784424
    },
    "12": {
        "score": 4.076560974121094,
        "runtime": 0.7950005531311035
    },
    "13": {
        "score": 3.693781614303589,
        "runtime": 0.7879989147186279
    },
    "14": {
        "score": 4.338846683502197,
        "runtime": 0.7859978675842285
    },
    "15": {
        "score": 3.9959187507629395,
        "runtime": 0.7865176200866699
    },
    "16": {
        "score": 4.182433605194092,
        "runtime": 0.7589993476867676
    },
    "17": {
        "score": 3.341622829437256,
        "runtime": 0.8189990520477295
    },
    "18": {
        "score": 3.7305448055267334,
        "runtime": 0.7789993286132812
    },
    "19": {
        "score": 3.863896369934082,
        "runtime": 0.7800004482269287
    },
    "20": {
        "score": 3.8967044353485107,
        "runtime": 0.8109989166259766
    },
    "21": {
        "score": 3.4828333854675293,
        "runtime": 0.790001630783081
    },
    "22": {
        "score": 3.8361217975616455,
        "runtime": 0.8020029067993164
    },
    "23": {
        "score": 4.342337131500244,
        "runtime": 0.7859992980957031
    },
    "24": {
        "score": 4.07985782623291,
        "runtime": 0.7559998035430908
    },
    "25": {
        "score": 3.8711776733398438,
        "runtime": 0.7809998989105225
    },
    "26": {
        "score": 4.354970932006836,
        "runtime": 0.7649996280670166
    },
    "27": {
        "score": 3.715338945388794,
        "runtime": 0.780949592590332
    },
    "28": {
        "score": 3.308074951171875,
        "runtime": 0.8340010643005371
    },
    "29": {
        "score": 3.9138455390930176,
        "runtime": 0.7630000114440918
    },
    "30": {
        "score": 3.8944716453552246,
        "runtime": 0.7790005207061768
    },
    "31": {
        "score": 3.209815263748169,
        "runtime": 0.7849998474121094
    },
    "32": {
        "score": 4.040256500244141,
        "runtime": 0.7850029468536377
    },
    "33": {
        "score": 4.2170515060424805,
        "runtime": 0.7979669570922852
    },
    "34": {
        "score": 4.319533824920654,
        "runtime": 0.7730000019073486
    },
    "35": {
        "score": 4.260029315948486,
        "runtime": 0.7739999294281006
    },
    "36": {
        "score": 4.019388198852539,
        "runtime": 0.7870011329650879
    },
    "37": {
        "score": 3.89005708694458,
        "runtime": 0.7810006141662598
    },
    "38": {
        "score": 3.8553543090820312,
        "runtime": 0.7995154857635498
    },
    "39": {
        "score": 4.200603008270264,
        "runtime": 0.76851487159729
    },
    "40": {
        "score": 3.9290757179260254,
        "runtime": 0.7729997634887695
    },
    "41": {
        "score": 4.0438079833984375,
        "runtime": 0.7799973487854004
    },
    "42": {
        "score": 3.5284109115600586,
        "runtime": 0.7400016784667969
    },
    "43": {
        "score": 3.28609299659729,
        "runtime": 0.7760009765625
    },
    "44": {
        "score": 3.919325113296509,
        "runtime": 0.7620010375976562
    },
    "45": {
        "score": 3.6989119052886963,
        "runtime": 0.7650008201599121
    },
    "46": {
        "score": 4.115407943725586,
        "runtime": 0.7809338569641113
    },
    "47": {
        "score": 3.7472667694091797,
        "runtime": 0.7719998359680176
    },
    "48": {
        "score": 3.927215576171875,
        "runtime": 0.7725143432617188
    },
    "49": {
        "score": 3.807023048400879,
        "runtime": 0.7789630889892578
    },
    "50": {
        "score": 3.854548215866089,
        "runtime": 0.7880005836486816
    },
    "51": {
        "score": 3.6899423599243164,
        "runtime": 0.7820024490356445
    },
    "52": {
        "score": 3.5989694595336914,
        "runtime": 0.7729997634887695
    },
    "53": {
        "score": 4.112093925476074,
        "runtime": 0.787999153137207
    },
    "54": {
        "score": 3.9248223304748535,
        "runtime": 0.7734758853912354
    },
    "55": {
        "score": 3.6399409770965576,
        "runtime": 0.7889971733093262
    },
    "56": {
        "score": 4.023445129394531,
        "runtime": 0.7830007076263428
    },
    "57": {
        "score": 3.789414405822754,
        "runtime": 0.8259508609771729
    },
    "58": {
        "score": 3.9642252922058105,
        "runtime": 0.7869987487792969
    },
    "59": {
        "score": 3.9553184509277344,
        "runtime": 0.7969748973846436
    },
    "60": {
        "score": 3.8143482208251953,
        "runtime": 0.7849493026733398
    },
    "61": {
        "score": 3.179180145263672,
        "runtime": 0.7630002498626709
    },
    "62": {
        "score": 4.063938617706299,
        "runtime": 0.7945165634155273
    },
    "63": {
        "score": 4.115477561950684,
        "runtime": 0.785001277923584
    },
    "64": {
        "score": 3.782482624053955,
        "runtime": 0.7649967670440674
    },
    "65": {
        "score": 3.998300313949585,
        "runtime": 0.7869999408721924
    },
    "66": {
        "score": 3.7593417167663574,
        "runtime": 0.7749812602996826
    },
    "67": {
        "score": 3.7267768383026123,
        "runtime": 0.7855193614959717
    },
    "68": {
        "score": 3.9582395553588867,
        "runtime": 0.8823757171630859
    },
    "69": {
        "score": 3.6501429080963135,
        "runtime": 0.7850003242492676
    },
    "70": {
        "score": 3.5725555419921875,
        "runtime": 0.7650010585784912
    },
    "71": {
        "score": 3.6524572372436523,
        "runtime": 0.7990005016326904
    },
    "72": {
        "score": 4.331632614135742,
        "runtime": 0.7700018882751465
    },
    "73": {
        "score": 3.780745029449463,
        "runtime": 0.7875151634216309
    },
    "74": {
        "score": 3.975198745727539,
        "runtime": 0.7590005397796631
    },
    "75": {
        "score": 4.1968607902526855,
        "runtime": 0.7760004997253418
    },
    "76": {
        "score": 3.4614906311035156,
        "runtime": 0.7600007057189941
    },
    "77": {
        "score": 4.01406717300415,
        "runtime": 0.7880020141601562
    },
    "78": {
        "score": 4.179685115814209,
        "runtime": 0.8055160045623779
    },
    "79": {
        "score": 3.8339180946350098,
        "runtime": 0.7649991512298584
    },
    "80": {
        "score": 3.1857752799987793,
        "runtime": 0.8019473552703857
    },
    "81": {
        "score": 4.092862606048584,
        "runtime": 0.748999834060669
    },
    "82": {
        "score": 3.7449755668640137,
        "runtime": 0.7649989128112793
    },
    "83": {
        "score": 3.47387957572937,
        "runtime": 0.7910001277923584
    },
    "84": {
        "score": 3.9712026119232178,
        "runtime": 0.770000696182251
    },
    "85": {
        "score": 3.9503417015075684,