{
    "epoch=13-train_score=3.75413": {
        "result_avg": {
            "score": 3.905119993686676,
            "runtime": 0.7781299257278442
        },
        "result_std": {
            "score": 0.10125645979665032,
            "runtime": 0.00034645585629211855
        }
    },
    "epoch=79-train_score=3.76020": {
        "result_avg": {
            "score": 3.870772716999054,
            "runtime": 0.7770853424072266
        },
        "result_std": {
            "score": 0.09057419106307238,
            "runtime": 0.00034684671545701345
        }
    },
    "epoch=137-train_score=3.76633": {
        "result_avg": {
            "score": 3.8642534160614015,
            "runtime": 0.7818096232414246
        },
        "result_std": {
            "score": 0.09441712820488345,
            "runtime": 0.0003908985782343905
        }
    },
    "epoch=165-train_score=3.76186": {
        "result_avg": {
            "score": 3.864733724594116,
            "runtime": 0.7835313296318054
        },
        "result_std": {
            "score": 0.08821093907323904,
            "runtime": 0.00035189921162111085
        }
    },
    "epoch=23-train_score=3.76809": {
        "result_avg": {
            "score": 3.8759790682792663,
            "runtime": 0.7846299886703492
        },
        "result_std": {
            "score": 0.08975263823926921,
            "runtime": 0.00045956237002144486
        }
    }
}