{
    "0": {
        "score": 6.5390729904174805,
        "runtime": 1.6889991760253906
    },
    "1": {
        "score": 6.5390729904174805,
        "runtime": 1.662001132965088
    },
    "2": {
        "score": 6.5390729904174805,
        "runtime": 1.744001865386963
    },
    "3": {
        "score": 6.5390729904174805,
        "runtime": 1.7109990119934082
    },
    "4": {
        "score": 6.5390729904174805,
        "runtime": 1.7300019264221191
    },
    "5": {
        "score": 6.5390729904174805,
        "runtime": 1.7120003700256348
    },
    "6": {
        "score": 6.5390729904174805,
        "runtime": 1.6980020999908447
    },
    "7": {
        "score": 6.5390729904174805,
        "runtime": 1.6980011463165283
    },
    "8": {
        "score": 6.5390729904174805,
        "runtime": 1.7439994812011719
    },
    "9": {
        "score": 6.5390729904174805,
        "runtime": 1.7029998302459717
    },
    "10": {
        "score": 6.5390729904174805,
        "runtime": 1.7040014266967773
    },
    "11": {
        "score": 6.5390729904174805,
        "runtime": 1.7009999752044678
    },
    "12": {
        "score": 6.5390729904174805,
        "runtime": 1.7279977798461914
    },
    "13": {
        "score": 6.5390729904174805,
        "runtime": 1.7300024032592773
    },
    "14": {
        "score": 6.5390729904174805,
        "runtime": 1.6590008735656738
    },
    "15": {
        "score": 6.5390729904174805,
        "runtime": 1.8210017681121826
    },
    "16": {
        "score": 6.5390729904174805,
        "runtime": 1.7559995651245117
    },
    "17": {
        "score": 6.5390729904174805,
        "runtime": 1.7680010795593262
    },
    "18": {
        "score": 6.5390729904174805,
        "runtime": 1.663999080657959
    },
    "19": {
        "score": 6.5390729904174805,
        "runtime": 1.7320001125335693
    },
    "20": {
        "score": 6.5390729904174805,
        "runtime": 1.7460007667541504
    },
    "21": {
        "score": 6.5390729904174805,
        "runtime": 1.681999683380127
    },
    "22": {
        "score": 6.5390729904174805,
        "runtime": 1.6769969463348389
    },
    "23": {
        "score": 6.5390729904174805,
        "runtime": 1.7669997215270996
    },
    "24": {
        "score": 6.5390729904174805,
        "runtime": 1.6669988632202148
    },
    "25": {
        "score": 6.5390729904174805,
        "runtime": 1.7539982795715332
    },
    "26": {
        "score": 6.5390729904174805,
        "runtime": 1.7339982986450195
    },
    "27": {
        "score": 6.5390729904174805,
        "runtime": 1.7040014266967773
    },
    "28": {
        "score": 6.5390729904174805,
        "runtime": 1.753000259399414
    },
    "29": {
        "score": 6.5390729904174805,
        "runtime": 1.639998435974121
    },
    "30": {
        "score": 6.5390729904174805,
        "runtime": 1.690002202987671
    },
    "31": {
        "score": 6.5390729904174805,
        "runtime": 1.7860002517700195
    },
    "32": {
        "score": 6.5390729904174805,
        "runtime": 1.7459981441497803
    },
    "33": {
        "score": 6.5390729904174805,
        "runtime": 1.7349982261657715
    },
    "34": {
        "score": 6.5390729904174805,
        "runtime": 1.7960014343261719
    },
    "35": {
        "score": 6.5390729904174805,
        "runtime": 1.7530004978179932
    },
    "36": {
        "score": 6.5390729904174805,
        "runtime": 1.7619965076446533
    },
    "37": {
        "score": 6.5390729904174805,
        "runtime": 1.701000452041626
    },
    "38": {
        "score": 6.5390729904174805,
        "runtime": 1.8090007305145264
    },
    "39": {
        "score": 6.5390729904174805,
        "runtime": 1.800001859664917
    },
    "40": {
        "score": 6.5390729904174805,
        "runtime": 1.678999662399292
    },
    "41": {
        "score": 6.5390729904174805,
        "runtime": 1.6759989261627197
    },
    "42": {
        "score": 6.5390729904174805,
        "runtime": 1.778998851776123
    },
    "43": {
        "score": 6.5390729904174805,
        "runtime": 1.7270011901855469
    },
    "44": {
        "score": 6.5390729904174805,
        "runtime": 1.7209980487823486
    },
    "45": {
        "score": 6.5390729904174805,
        "runtime": 1.7180023193359375
    },
    "46": {
        "score": 6.5390729904174805,
        "runtime": 1.6270015239715576
    },
    "47": {
        "score": 6.5390729904174805,
        "runtime": 1.7610011100769043
    },
    "48": {
        "score": 6.5390729904174805,
        "runtime": 1.8209993839263916
    },
    "49": {
        "score": 6.5390729904174805,
        "runtime": 1.692997932434082
    },
    "50": {
        "score": 6.5390729904174805,
        "runtime": 1.627000093460083
    },
    "51": {
        "score": 6.5390729904174805,
        "runtime": 1.6885218620300293
    },
    "52": {
        "score": 6.5390729904174805,
        "runtime": 1.7829985618591309
    },
    "53": {
        "score": 6.5390729904174805,
        "runtime": 1.7059988975524902
    },
    "54": {
        "score": 6.5390729904174805,
        "runtime": 1.6760013103485107
    },
    "55": {
        "score": 6.5390729904174805,
        "runtime": 1.686999797821045
    },
    "56": {
        "score": 6.5390729904174805,
        "runtime": 1.7629985809326172
    },
    "57": {
        "score": 6.5390729904174805,
        "runtime": 1.7960035800933838
    },
    "58": {
        "score": 6.5390729904174805,
        "runtime": 1.7620022296905518
    },
    "59": {
        "score": 6.5390729904174805,
        "runtime": 1.7369990348815918
    },
    "60": {
        "score": 6.5390729904174805,
        "runtime": 1.7029986381530762
    },
    "61": {
        "score": 6.5390729904174805,
        "runtime": 1.7379999160766602
    },
    "62": {
        "score": 6.5390729904174805,
        "runtime": 1.684999704360962
    },
    "63": {
        "score": 6.5390729904174805,
        "runtime": 1.6680006980895996
    },
    "64": {
        "score": 6.5390729904174805,
        "runtime": 1.7080018520355225
    },
    "65": {
        "score": 6.5390729904174805,
        "runtime": 1.7569975852966309
    },
    "66": {
        "score": 6.5390729904174805,
        "runtime": 1.7579998970031738
    },
    "67": {
        "score": 6.5390729904174805,
        "runtime": 1.7330002784729004
    },
    "68": {
        "score": 6.5390729904174805,
        "runtime": 1.7320024967193604
    },
    "69": {
        "score": 6.5390729904174805,
        "runtime": 1.6359994411468506
    },
    "70": {
        "score": 6.5390729904174805,
        "runtime": 1.6710023880004883
    },
    "71": {
        "score": 6.5390729904174805,
        "runtime": 1.685999870300293
    },
    "72": {
        "score": 6.5390729904174805,
        "runtime": 1.6919984817504883
    },
    "73": {
        "score": 6.5390729904174805,
        "runtime": 1.762000322341919
    },
    "74": {
        "score": 6.5390729904174805,
        "runtime": 1.7690021991729736
    },
    "75": {
        "score": 6.5390729904174805,
        "runtime": 1.7670001983642578
    },
    "76": {
        "score": 6.5390729904174805,
        "runtime": 1.8149988651275635
    },
    "77": {
        "score": 6.5390729904174805,
        "runtime": 1.7710022926330566
    },
    "78": {
        "score": 6.5390729904174805,
        "runtime": 1.7250025272369385
    },
    "79": {
        "score": 6.5390729904174805,
        "runtime": 1.7319998741149902
    },
    "80": {
        "score": 6.5390729904174805,
        "runtime": 1.6870012283325195
    },
    "81": {
        "score": 6.5390729904174805,
        "runtime": 1.7059993743896484
    },
    "82": {
        "score": 6.5390729904174805,
        "runtime": 1.728001356124878
    },
    "83": {
        "score": 6.5390729904174805,
        "runtime": 1.725996971130371
    },
    "84": {
        "score": 6.5390729904174805,
        "runtime": 1.7260003089904785
    },