{
    "0": {
        "score": 6.812793254852295,
        "runtime": 1.7039988040924072
    },
    "1": {
        "score": 6.812793254852295,
        "runtime": 1.8110027313232422
    },
    "2": {
        "score": 6.812793254852295,
        "runtime": 1.725999116897583
    },
    "3": {
        "score": 6.812793254852295,
        "runtime": 1.7410004138946533
    },
    "4": {
        "score": 6.812793254852295,
        "runtime": 1.7809991836547852
    },
    "5": {
        "score": 6.812793254852295,
        "runtime": 1.7199969291687012
    },
    "6": {
        "score": 6.812793254852295,
        "runtime": 1.740997314453125
    },
    "7": {
        "score": 6.812793254852295,
        "runtime": 1.7399978637695312
    },
    "8": {
        "score": 6.812793254852295,
        "runtime": 1.7520020008087158
    },
    "9": {
        "score": 6.812793254852295,
        "runtime": 1.736999273300171
    },
    "10": {
        "score": 6.812793254852295,
        "runtime": 1.7280006408691406
    },
    "11": {
        "score": 6.812793254852295,
        "runtime": 1.7370004653930664
    },
    "12": {
        "score": 6.812793254852295,
        "runtime": 1.7980015277862549
    },
    "13": {
        "score": 6.812793254852295,
        "runtime": 1.7760000228881836
    },
    "14": {
        "score": 6.812793254852295,
        "runtime": 1.8150012493133545
    },
    "15": {
        "score": 6.812793254852295,
        "runtime": 1.7849974632263184
    },
    "16": {
        "score": 6.812793254852295,
        "runtime": 1.6860003471374512
    },
    "17": {
        "score": 6.812793254852295,
        "runtime": 1.7579996585845947
    },
    "18": {
        "score": 6.812793254852295,
        "runtime": 1.7879984378814697
    },
    "19": {
        "score": 6.812793254852295,
        "runtime": 1.7910006046295166
    },
    "20": {
        "score": 6.812793254852295,
        "runtime": 1.7340006828308105
    },
    "21": {
        "score": 6.812793254852295,
        "runtime": 1.7590000629425049
    },
    "22": {
        "score": 6.812793254852295,
        "runtime": 1.8029980659484863
    },
    "23": {
        "score": 6.812793254852295,
        "runtime": 1.7370002269744873
    },
    "24": {
        "score": 6.812793254852295,
        "runtime": 1.7789998054504395
    },
    "25": {
        "score": 6.812793254852295,
        "runtime": 1.7699966430664062
    },
    "26": {
        "score": 6.812793254852295,
        "runtime": 1.8049988746643066
    },
    "27": {
        "score": 6.812793254852295,
        "runtime": 1.8240022659301758
    },
    "28": {
        "score": 6.812793254852295,
        "runtime": 1.7810015678405762
    },
    "29": {
        "score": 6.812793254852295,
        "runtime": 1.7470026016235352
    },
    "30": {
        "score": 6.812793254852295,
        "runtime": 1.7520020008087158
    },
    "31": {
        "score": 6.812793254852295,
        "runtime": 1.7359979152679443
    },
    "32": {
        "score": 6.812793254852295,
        "runtime": 1.7359974384307861
    },
    "33": {
        "score": 6.812793254852295,
        "runtime": 1.7229998111724854
    },
    "34": {
        "score": 6.812793254852295,
        "runtime": 1.742999792098999
    },
    "35": {
        "score": 6.812793254852295,
        "runtime": 1.7180004119873047
    },
    "36": {
        "score": 6.812793254852295,
        "runtime": 1.8249969482421875
    },
    "37": {
        "score": 6.812793254852295,
        "runtime": 1.7110011577606201
    },
    "38": {
        "score": 6.812793254852295,
        "runtime": 1.7629995346069336
    },
    "39": {
        "score": 6.812793254852295,
        "runtime": 1.7470006942749023
    },
    "40": {
        "score": 6.812793254852295,
        "runtime": 1.7769994735717773
    },
    "41": {
        "score": 6.812793254852295,
        "runtime": 1.8250010013580322
    },
    "42": {
        "score": 6.812793254852295,
        "runtime": 1.79599928855896
    },
    "43": {
        "score": 6.812793254852295,
        "runtime": 1.7239995002746582
    },
    "44": {
        "score": 6.812793254852295,
        "runtime": 1.7380011081695557
    },
    "45": {
        "score": 6.812793254852295,
        "runtime": 1.7320010662078857
    },
    "46": {
        "score": 6.812793254852295,
        "runtime": 1.738002061843872
    },
    "47": {
        "score": 6.812793254852295,
        "runtime": 1.8190035820007324
    },
    "48": {
        "score": 6.812793254852295,
        "runtime": 1.7189996242523193
    },
    "49": {
        "score": 6.812793254852295,
        "runtime": 1.7639994621276855
    },
    "50": {
        "score": 6.812793254852295,
        "runtime": 1.7359983921051025
    },
    "51": {
        "score": 6.812793254852295,
        "runtime": 1.7595221996307373
    },
    "52": {
        "score": 6.812793254852295,
        "runtime": 1.731999397277832
    },
    "53": {
        "score": 6.812793254852295,
        "runtime": 1.7820014953613281
    },
    "54": {
        "score": 6.812793254852295,
        "runtime": 1.7290008068084717
    },
    "55": {
        "score": 6.812793254852295,
        "runtime": 1.6890017986297607
    },
    "56": {
        "score": 6.812793254852295,
        "runtime": 1.8450000286102295
    },
    "57": {
        "score": 6.812793254852295,
        "runtime": 1.7119996547698975
    },
    "58": {
        "score": 6.812793254852295,
        "runtime": 1.7540018558502197
    },
    "59": {
        "score": 6.812793254852295,
        "runtime": 1.7320005893707275
    },
    "60": {
        "score": 6.812793254852295,
        "runtime": 1.6929993629455566
    },
    "61": {
        "score": 6.812793254852295,
        "runtime": 1.816999912261963
    },
    "62": {
        "score": 6.812793254852295,
        "runtime": 1.66499924659729
    },
    "63": {
        "score": 6.812793254852295,
        "runtime": 1.803999423980713
    },
    "64": {
        "score": 6.812793254852295,
        "runtime": 1.7510018348693848
    },
    "65": {
        "score": 6.812793254852295,
        "runtime": 1.7070002555847168
    },
    "66": {
        "score": 6.812793254852295,
        "runtime": 1.773998498916626
    },
    "67": {
        "score": 6.812793254852295,
        "runtime": 1.806999921798706
    },
    "68": {
        "score": 6.812793254852295,
        "runtime": 1.7770013809204102
    },
    "69": {
        "score": 6.812793254852295,
        "runtime": 1.7790000438690186
    },
    "70": {
        "score": 6.812793254852295,
        "runtime": 1.7230021953582764
    },
    "71": {
        "score": 6.812793254852295,
        "runtime": 1.7670023441314697
    },
    "72": {
        "score": 6.812793254852295,
        "runtime": 1.7349987030029297
    },
    "73": {
        "score": 6.812793254852295,
        "runtime": 1.73699951171875
    },
    "74": {
        "score": 6.812793254852295,
        "runtime": 1.7230010032653809
    },
    "75": {
        "score": 6.812793254852295,
        "runtime": 1.746999740600586
    },
    "76": {
        "score": 6.812793254852295,
        "runtime": 1.7859978675842285
    },
    "77": {
        "score": 6.812793254852295,
        "runtime": 1.7610015869140625
    },
    "78": {
        "score": 6.812793254852295,
        "runtime": 1.7619991302490234
    },
    "79": {
        "score": 6.960389137268066,
        "runtime": 1.803999662399292
    },
    "80": {
        "score": 6.812793254852295,
        "runtime": 1.7429988384246826
    },
    "81": {
        "score": 6.812793254852295,
        "runtime": 1.7569990158081055
    },
    "82": {
        "score": 6.812793254852295,
        "runtime": 1.7730016708374023
    },
    "83": {
        "score": 6.812793254852295,
        "runtime": 1.805999517440796
    },
    "84": {
        "score": 6.812793254852295,
        "runtime": 1.7480013370513916
    },
    "85": {
        "score": 6.812793254852295,
        "runtime": 1.7680013179779053
    },