{
    "0": {
        "score": 6.960389137268066,
        "runtime": 1.7020018100738525
    },
    "1": {
        "score": 6.960389137268066,
        "runtime": 1.7690002918243408
    },
    "2": {
        "score": 6.960389137268066,
        "runtime": 1.750002145767212
    },
    "3": {
        "score": 6.960389137268066,
        "runtime": 1.7159976959228516
    },
    "4": {
        "score": 6.960389137268066,
        "runtime": 1.7240025997161865
    },
    "5": {
        "score": 6.960389137268066,
        "runtime": 1.7390012741088867
    },
    "6": {
        "score": 6.960389137268066,
        "runtime": 1.707000494003296
    },
    "7": {
        "score": 6.960389137268066,
        "runtime": 1.7089989185333252
    },
    "8": {
        "score": 6.960389137268066,
        "runtime": 1.7150006294250488
    },
    "9": {
        "score": 6.960389137268066,
        "runtime": 1.7779998779296875
    },
    "10": {
        "score": 6.960389137268066,
        "runtime": 1.747999668121338
    },
    "11": {
        "score": 6.960389137268066,
        "runtime": 1.769000768661499
    },
    "12": {
        "score": 6.960389137268066,
        "runtime": 1.7389979362487793
    },
    "13": {
        "score": 6.960389137268066,
        "runtime": 1.8259992599487305
    },
    "14": {
        "score": 6.960389137268066,
        "runtime": 1.7730014324188232
    },
    "15": {
        "score": 6.960389137268066,
        "runtime": 1.7669999599456787
    },
    "16": {
        "score": 6.960389137268066,
        "runtime": 1.718998670578003
    },
    "17": {
        "score": 6.960389137268066,
        "runtime": 1.7749991416931152
    },
    "18": {
        "score": 6.960389137268066,
        "runtime": 1.7190001010894775
    },
    "19": {
        "score": 6.960389137268066,
        "runtime": 1.738999843597412
    },
    "20": {
        "score": 6.960389137268066,
        "runtime": 1.7849998474121094
    },
    "21": {
        "score": 6.960389137268066,
        "runtime": 1.7750012874603271
    },
    "22": {
        "score": 6.960389137268066,
        "runtime": 1.769000768661499
    },
    "23": {
        "score": 6.960389137268066,
        "runtime": 1.7809975147247314
    },
    "24": {
        "score": 6.960389137268066,
        "runtime": 1.7670021057128906
    },
    "25": {
        "score": 6.960389137268066,
        "runtime": 1.70399808883667
    },
    "26": {
        "score": 6.960389137268066,
        "runtime": 1.7709980010986328
    },
    "27": {
        "score": 6.960389137268066,
        "runtime": 1.7650012969970703
    },
    "28": {
        "score": 6.960389137268066,
        "runtime": 1.8049988746643066
    },
    "29": {
        "score": 6.960389137268066,
        "runtime": 1.764998435974121
    },
    "30": {
        "score": 6.960389137268066,
        "runtime": 1.7939999103546143
    },
    "31": {
        "score": 6.960389137268066,
        "runtime": 1.8190019130706787
    },
    "32": {
        "score": 6.960389137268066,
        "runtime": 1.7520015239715576
    },
    "33": {
        "score": 6.960389137268066,
        "runtime": 1.7380001544952393
    },
    "34": {
        "score": 6.960389137268066,
        "runtime": 1.7540020942687988
    },
    "35": {
        "score": 6.960389137268066,
        "runtime": 1.7990000247955322
    },
    "36": {
        "score": 6.960389137268066,
        "runtime": 1.7309997081756592
    },
    "37": {
        "score": 6.960389137268066,
        "runtime": 1.7679998874664307
    },
    "38": {
        "score": 6.960389137268066,
        "runtime": 1.7120006084442139
    },
    "39": {
        "score": 6.960389137268066,
        "runtime": 1.6909971237182617
    },
    "40": {
        "score": 6.960389137268066,
        "runtime": 1.7030019760131836
    },
    "41": {
        "score": 6.960389137268066,
        "runtime": 1.7249999046325684
    },
    "42": {
        "score": 6.960389137268066,
        "runtime": 1.7180023193359375
    },
    "43": {
        "score": 6.960389137268066,
        "runtime": 1.7440001964569092
    },
    "44": {
        "score": 6.960389137268066,
        "runtime": 1.7180006504058838
    },
    "45": {
        "score": 6.960389137268066,
        "runtime": 1.7729992866516113
    },
    "46": {
        "score": 6.960389137268066,
        "runtime": 1.779998779296875
    },
    "47": {
        "score": 6.960389137268066,
        "runtime": 1.7909963130950928
    },
    "48": {
        "score": 6.960389137268066,
        "runtime": 1.7160015106201172
    },
    "49": {
        "score": 6.960389137268066,
        "runtime": 1.749999761581421
    },
    "50": {
        "score": 6.960389137268066,
        "runtime": 1.7609975337982178
    },
    "51": {
        "score": 6.960389137268066,
        "runtime": 1.755002498626709
    },
    "52": {
        "score": 6.960389137268066,
        "runtime": 1.8339993953704834
    },
    "53": {
        "score": 6.960389137268066,
        "runtime": 1.793999433517456
    },
    "54": {
        "score": 6.960389137268066,
        "runtime": 1.7079987525939941
    },
    "55": {
        "score": 6.960389137268066,
        "runtime": 1.7740015983581543
    },
    "56": {
        "score": 6.960389137268066,
        "runtime": 1.7870004177093506
    },
    "57": {
        "score": 6.960389137268066,
        "runtime": 1.7129998207092285
    },
    "58": {
        "score": 6.960389137268066,
        "runtime": 1.766003131866455
    },
    "59": {
        "score": 6.960389137268066,
        "runtime": 1.7770001888275146
    },
    "60": {
        "score": 6.960389137268066,
        "runtime": 1.796999216079712
    },
    "61": {
        "score": 6.960389137268066,
        "runtime": 1.7010009288787842
    },
    "62": {
        "score": 6.960389137268066,
        "runtime": 1.7449989318847656
    },
    "63": {
        "score": 6.960389137268066,
        "runtime": 1.7709977626800537
    },
    "64": {
        "score": 6.960389137268066,
        "runtime": 1.7639994621276855
    },
    "65": {
        "score": 6.960389137268066,
        "runtime": 1.729999303817749
    },
    "66": {
        "score": 6.960389137268066,
        "runtime": 1.7729992866516113
    },
    "67": {
        "score": 6.960389137268066,
        "runtime": 1.702003002166748
    },
    "68": {
        "score": 6.960389137268066,
        "runtime": 1.7780022621154785
    },
    "69": {
        "score": 6.960389137268066,
        "runtime": 1.7030000686645508
    },
    "70": {
        "score": 6.960389137268066,
        "runtime": 1.7159984111785889
    },
    "71": {
        "score": 6.960389137268066,
        "runtime": 1.7660024166107178
    },
    "72": {
        "score": 6.960389137268066,
        "runtime": 1.8229994773864746
    },
    "73": {
        "score": 6.960389137268066,
        "runtime": 1.8060014247894287
    },
    "74": {
        "score": 6.960389137268066,
        "runtime": 1.7960009574890137
    },
    "75": {
        "score": 6.960389137268066,
        "runtime": 1.7640020847320557
    },
    "76": {
        "score": 6.960389137268066,
        "runtime": 1.844999074935913
    },
    "77": {
        "score": 6.960389137268066,
        "runtime": 1.7609984874725342
    },
    "78": {
        "score": 6.960389137268066,
        "runtime": 1.8179993629455566
    },
    "79": {
        "score": 6.960389137268066,
        "runtime": 1.708000659942627
    },
    "80": {
        "score": 6.960389137268066,
        "runtime": 1.7640013694763184
    },
    "81": {
        "score": 6.960389137268066,
        "runtime": 1.7230002880096436
    },
    "82": {
        "score": 6.960389137268066,
        "runtime": 1.6759982109069824
    },
    "83": {
        "score": 6.960389137268066,
        "runtime": 1.8139994144439697
    },
    "84": {
        "score": 6.960389137268066,
        "runtime": 1.7480008602142334
    },
    "85": {
        "score": 6.960389137268066,
        "runtime": 1.7480034828186035
    },