{
    "0": {
        "score": 6.758175849914551,
        "runtime": 1.6670019626617432
    },
    "1": {
        "score": 6.758175849914551,
        "runtime": 1.7260024547576904
    },
    "2": {
        "score": 6.758175849914551,
        "runtime": 1.7659993171691895
    },
    "3": {
        "score": 6.758175849914551,
        "runtime": 1.6959991455078125
    },
    "4": {
        "score": 6.758175849914551,
        "runtime": 1.7250018119812012
    },
    "5": {
        "score": 6.758175849914551,
        "runtime": 1.7070000171661377
    },
    "6": {
        "score": 6.758175849914551,
        "runtime": 1.7789971828460693
    },
    "7": {
        "score": 6.758175849914551,
        "runtime": 1.7350025177001953
    },
    "8": {
        "score": 6.758175849914551,
        "runtime": 1.7740004062652588
    },
    "9": {
        "score": 6.758175849914551,
        "runtime": 1.7250001430511475
    },
    "10": {
        "score": 6.758175849914551,
        "runtime": 1.6970007419586182
    },
    "11": {
        "score": 6.758175849914551,
        "runtime": 1.73811674118042
    },
    "12": {
        "score": 6.758175849914551,
        "runtime": 1.6629970073699951
    },
    "13": {
        "score": 6.758175849914551,
        "runtime": 1.7009985446929932
    },
    "14": {
        "score": 6.758175849914551,
        "runtime": 1.6989986896514893
    },
    "15": {
        "score": 6.758175849914551,
        "runtime": 1.7820003032684326
    },
    "16": {
        "score": 6.758175849914551,
        "runtime": 1.6880004405975342
    },
    "17": {
        "score": 6.758175849914551,
        "runtime": 1.6589972972869873
    },
    "18": {
        "score": 6.758175849914551,
        "runtime": 1.7260026931762695
    },
    "19": {
        "score": 6.758175849914551,
        "runtime": 1.777001142501831
    },
    "20": {
        "score": 6.758175849914551,
        "runtime": 1.740997314453125
    },
    "21": {
        "score": 6.758175849914551,
        "runtime": 1.7130022048950195
    },
    "22": {
        "score": 6.758175849914551,
        "runtime": 1.6779980659484863
    },
    "23": {
        "score": 6.758175849914551,
        "runtime": 1.6820013523101807
    },
    "24": {
        "score": 6.758175849914551,
        "runtime": 1.7860009670257568
    },
    "25": {
        "score": 6.758175849914551,
        "runtime": 1.7090003490447998
    },
    "26": {
        "score": 6.758175849914551,
        "runtime": 1.7049994468688965
    },
    "27": {
        "score": 6.758175849914551,
        "runtime": 1.7190001010894775
    },
    "28": {
        "score": 6.758175849914551,
        "runtime": 1.6960010528564453
    },
    "29": {
        "score": 6.758175849914551,
        "runtime": 1.7229998111724854
    },
    "30": {
        "score": 6.758175849914551,
        "runtime": 1.6839995384216309
    },
    "31": {
        "score": 6.758175849914551,
        "runtime": 1.7220020294189453
    },
    "32": {
        "score": 6.758175849914551,
        "runtime": 1.7690024375915527
    },
    "33": {
        "score": 6.758175849914551,
        "runtime": 1.775000810623169
    },
    "34": {
        "score": 6.758175849914551,
        "runtime": 1.6929998397827148
    },
    "35": {
        "score": 6.758175849914551,
        "runtime": 1.7269999980926514
    },
    "36": {
        "score": 6.758175849914551,
        "runtime": 1.70399808883667
    },
    "37": {
        "score": 6.758175849914551,
        "runtime": 1.7580013275146484
    },
    "38": {
        "score": 6.758175849914551,
        "runtime": 1.7489981651306152
    },
    "39": {
        "score": 6.758175849914551,
        "runtime": 1.7030010223388672
    },
    "40": {
        "score": 6.758175849914551,
        "runtime": 1.7489993572235107
    },
    "41": {
        "score": 6.758175849914551,
        "runtime": 1.7210004329681396
    },
    "42": {
        "score": 6.758175849914551,
        "runtime": 1.7299978733062744
    },
    "43": {
        "score": 6.758175849914551,
        "runtime": 1.7629997730255127
    },
    "44": {
        "score": 6.758175849914551,
        "runtime": 1.6890015602111816
    },
    "45": {
        "score": 6.758175849914551,
        "runtime": 1.6880018711090088
    },
    "46": {
        "score": 6.758175849914551,
        "runtime": 1.727997064590454
    },
    "47": {
        "score": 6.758175849914551,
        "runtime": 1.7719991207122803
    },
    "48": {
        "score": 6.758175849914551,
        "runtime": 1.782001256942749
    },
    "49": {
        "score": 6.758175849914551,
        "runtime": 1.72999906539917
    },
    "50": {
        "score": 6.758175849914551,
        "runtime": 1.698000431060791
    },
    "51": {
        "score": 6.758175849914551,
        "runtime": 1.6889989376068115
    },
    "52": {
        "score": 6.758175849914551,
        "runtime": 1.7400004863739014
    },
    "53": {
        "score": 6.758175849914551,
        "runtime": 1.741999626159668
    },
    "54": {
        "score": 6.758175849914551,
        "runtime": 1.7790007591247559
    },
    "55": {
        "score": 6.758175849914551,
        "runtime": 1.7670021057128906
    },
    "56": {
        "score": 6.758175849914551,
        "runtime": 1.8020000457763672
    },
    "57": {
        "score": 6.758175849914551,
        "runtime": 1.744999885559082
    },
    "58": {
        "score": 6.758175849914551,
        "runtime": 1.8230011463165283
    },
    "59": {
        "score": 6.758175849914551,
        "runtime": 1.7279999256134033
    },
    "60": {
        "score": 6.758175849914551,
        "runtime": 1.739001750946045
    },
    "61": {
        "score": 6.758175849914551,
        "runtime": 1.7419991493225098
    },
    "62": {
        "score": 6.758175849914551,
        "runtime": 1.7090013027191162
    },
    "63": {
        "score": 6.758175849914551,
        "runtime": 1.7779991626739502
    },
    "64": {
        "score": 6.758175849914551,
        "runtime": 1.71799898147583
    },
    "65": {
        "score": 6.758175849914551,
        "runtime": 1.7879998683929443
    },
    "66": {
        "score": 6.758175849914551,
        "runtime": 1.6950013637542725
    },
    "67": {
        "score": 6.758175849914551,
        "runtime": 1.7089993953704834
    },
    "68": {
        "score": 6.758175849914551,
        "runtime": 1.7380006313323975
    },
    "69": {
        "score": 6.758175849914551,
        "runtime": 1.7200007438659668
    },
    "70": {
        "score": 6.758175849914551,
        "runtime": 1.7849998474121094
    },
    "71": {
        "score": 6.758175849914551,
        "runtime": 1.643000841140747
    },
    "72": {
        "score": 6.758175849914551,
        "runtime": 1.7360002994537354
    },
    "73": {
        "score": 6.758175849914551,
        "runtime": 1.7449994087219238
    },
    "74": {
        "score": 6.758175849914551,
        "runtime": 1.7659993171691895
    },
    "75": {
        "score": 6.758175849914551,
        "runtime": 1.715998649597168
    },
    "76": {
        "score": 6.758175849914551,
        "runtime": 1.7159981727600098
    },
    "77": {
        "score": 6.758175849914551,
        "runtime": 1.749999761581421
    },
    "78": {
        "score": 6.758175849914551,
        "runtime": 1.6970021724700928
    },
    "79": {
        "score": 6.758175849914551,
        "runtime": 1.7349998950958252
    },
    "80": {
        "score": 6.758175849914551,
        "runtime": 1.7370004653930664
    },
    "81": {
        "score": 6.758175849914551,
        "runtime": 1.7320005893707275
    },
    "82": {
        "score": 6.758175849914551,
        "runtime": 1.8310012817382812
    },
    "83": {
        "score": 6.758175849914551,
        "runtime": 1.682002305984497
    },
    "84": {
        "score": 6.758175849914551,
        "runtime": 1.76900053024292
    },
    "85": {
        "score": 6.758175849914551,
        "runtime": 1.7749991416931152
    },