{
    "0": {
        "score": 6.917881011962891,
        "runtime": 1.7550015449523926
    },
    "1": {
        "score": 6.917881011962891,
        "runtime": 1.7100012302398682
    },
    "2": {
        "score": 6.917881011962891,
        "runtime": 1.7599999904632568
    },
    "3": {
        "score": 6.917881011962891,
        "runtime": 1.7739994525909424
    },
    "4": {
        "score": 6.917881011962891,
        "runtime": 1.7149996757507324
    },
    "5": {
        "score": 6.917881011962891,
        "runtime": 1.7380011081695557
    },
    "6": {
        "score": 6.917881011962891,
        "runtime": 1.7799992561340332
    },
    "7": {
        "score": 6.917881011962891,
        "runtime": 1.748002052307129
    },
    "8": {
        "score": 6.917881011962891,
        "runtime": 1.7189981937408447
    },
    "9": {
        "score": 6.917881011962891,
        "runtime": 1.6989977359771729
    },
    "10": {
        "score": 6.917881011962891,
        "runtime": 1.6970016956329346
    },
    "11": {
        "score": 6.917881011962891,
        "runtime": 1.7620007991790771
    },
    "12": {
        "score": 6.917881011962891,
        "runtime": 1.742999792098999
    },
    "13": {
        "score": 6.917881011962891,
        "runtime": 1.71799635887146
    },
    "14": {
        "score": 6.917881011962891,
        "runtime": 1.7930006980895996
    },
    "15": {
        "score": 6.917881011962891,
        "runtime": 1.7779996395111084
    },
    "16": {
        "score": 6.917881011962891,
        "runtime": 1.7639989852905273
    },
    "17": {
        "score": 6.917881011962891,
        "runtime": 1.7080016136169434
    },
    "18": {
        "score": 6.917881011962891,
        "runtime": 1.7340006828308105
    },
    "19": {
        "score": 6.917881011962891,
        "runtime": 1.720998764038086
    },
    "20": {
        "score": 6.917881011962891,
        "runtime": 1.7770004272460938
    },
    "21": {
        "score": 6.917881011962891,
        "runtime": 1.6870012283325195
    },
    "22": {
        "score": 6.917881011962891,
        "runtime": 1.7259995937347412
    },
    "23": {
        "score": 6.917881011962891,
        "runtime": 1.6640002727508545
    },
    "24": {
        "score": 6.917881011962891,
        "runtime": 1.8389983177185059
    },
    "25": {
        "score": 6.917881011962891,
        "runtime": 1.753000259399414
    },
    "26": {
        "score": 6.917881011962891,
        "runtime": 1.6769981384277344
    },
    "27": {
        "score": 6.917881011962891,
        "runtime": 1.7790005207061768
    },
    "28": {
        "score": 6.917881011962891,
        "runtime": 1.7319982051849365
    },
    "29": {
        "score": 6.917881011962891,
        "runtime": 1.73099946975708
    },
    "30": {
        "score": 6.917881011962891,
        "runtime": 1.7230017185211182
    },
    "31": {
        "score": 6.917881011962891,
        "runtime": 1.7260024547576904
    },
    "32": {
        "score": 6.917881011962891,
        "runtime": 1.789001703262329
    },
    "33": {
        "score": 6.917881011962891,
        "runtime": 1.7879984378814697
    },
    "34": {
        "score": 6.917881011962891,
        "runtime": 1.7709996700286865
    },
    "35": {
        "score": 6.917881011962891,
        "runtime": 1.811000108718872
    },
    "36": {
        "score": 6.917881011962891,
        "runtime": 1.7689967155456543
    },
    "37": {
        "score": 6.917881011962891,
        "runtime": 1.7240023612976074
    },
    "38": {
        "score": 6.917881011962891,
        "runtime": 1.6980016231536865
    },
    "39": {
        "score": 6.917881011962891,
        "runtime": 1.7629997730255127
    },
    "40": {
        "score": 6.917881011962891,
        "runtime": 1.7600014209747314
    },
    "41": {
        "score": 6.917881011962891,
        "runtime": 1.7289988994598389
    },
    "42": {
        "score": 6.917881011962891,
        "runtime": 1.7679991722106934
    },
    "43": {
        "score": 6.917881011962891,
        "runtime": 1.7669973373413086
    },
    "44": {
        "score": 6.917881011962891,
        "runtime": 1.7930026054382324
    },
    "45": {
        "score": 6.917881011962891,
        "runtime": 1.7990002632141113
    },
    "46": {
        "score": 6.917881011962891,
        "runtime": 1.7729978561401367
    },
    "47": {
        "score": 6.917881011962891,
        "runtime": 1.7949984073638916
    },
    "48": {
        "score": 6.917881011962891,
        "runtime": 1.7789998054504395
    },
    "49": {
        "score": 6.917881011962891,
        "runtime": 1.7190001010894775
    },
    "50": {
        "score": 6.917881011962891,
        "runtime": 1.7240004539489746
    },
    "51": {
        "score": 6.917881011962891,
        "runtime": 1.77000093460083
    },
    "52": {
        "score": 6.917881011962891,
        "runtime": 1.7589969635009766
    },
    "53": {
        "score": 6.917881011962891,
        "runtime": 1.7199985980987549
    },
    "54": {
        "score": 6.917881011962891,
        "runtime": 1.7370011806488037
    },
    "55": {
        "score": 6.917881011962891,
        "runtime": 1.7570011615753174
    },
    "56": {
        "score": 6.917881011962891,
        "runtime": 1.809999704360962
    },
    "57": {
        "score": 6.917881011962891,
        "runtime": 1.7470011711120605
    },
    "58": {
        "score": 6.917881011962891,
        "runtime": 1.808899164199829
    },
    "59": {
        "score": 6.917881011962891,
        "runtime": 1.6730000972747803
    },
    "60": {
        "score": 6.917881011962891,
        "runtime": 1.7099990844726562
    },
    "61": {
        "score": 6.917881011962891,
        "runtime": 1.766998529434204
    },
    "62": {
        "score": 6.917881011962891,
        "runtime": 1.7239997386932373
    },
    "63": {
        "score": 6.917881011962891,
        "runtime": 1.7829997539520264
    },
    "64": {
        "score": 6.917881011962891,
        "runtime": 1.702000379562378
    },
    "65": {
        "score": 6.917881011962891,
        "runtime": 1.7630012035369873
    },
    "66": {
        "score": 6.917881011962891,
        "runtime": 1.790999412536621
    },
    "67": {
        "score": 6.917881011962891,
        "runtime": 1.693997859954834
    },
    "68": {
        "score": 6.917881011962891,
        "runtime": 1.6970000267028809
    },
    "69": {
        "score": 6.917881011962891,
        "runtime": 1.696000337600708
    },
    "70": {
        "score": 6.917881011962891,
        "runtime": 1.7290000915527344
    },
    "71": {
        "score": 6.917881011962891,
        "runtime": 1.6809992790222168
    },
    "72": {
        "score": 6.917881011962891,
        "runtime": 1.7630012035369873
    },
    "73": {
        "score": 6.917881011962891,
        "runtime": 1.7579984664916992
    },
    "74": {
        "score": 6.917881011962891,
        "runtime": 1.7929985523223877
    },
    "75": {
        "score": 6.917881011962891,
        "runtime": 1.8520028591156006
    },
    "76": {
        "score": 6.917881011962891,
        "runtime": 1.7369987964630127
    },
    "77": {
        "score": 6.917881011962891,
        "runtime": 1.701000690460205
    },
    "78": {
        "score": 6.917881011962891,
        "runtime": 1.7840001583099365
    },
    "79": {
        "score": 6.917881011962891,
        "runtime": 1.752000331878662
    },
    "80": {
        "score": 6.917881011962891,
        "runtime": 1.6919987201690674
    },
    "81": {
        "score": 6.917881011962891,
        "runtime": 1.7769992351531982
    },
    "82": {
        "score": 6.917881011962891,
        "runtime": 1.7710003852844238
    },
    "83": {
        "score": 6.917881011962891,
        "runtime": 1.7390015125274658
    },
    "84": {
        "score": 6.917881011962891,
        "runtime": 1.770998477935791
    },
    "85": {
        "score": 6.917881011962891,
        "runtime": 1.7520008087158203
    },