{
    "0": {
        "score": 6.53662633895874,
        "runtime": 0.14400053024291992
    },
    "1": {
        "score": 5.484011173248291,
        "runtime": 0.1379992961883545
    },
    "2": {
        "score": 6.22362756729126,
        "runtime": 0.13699889183044434
    },
    "3": {
        "score": 6.5643720626831055,
        "runtime": 0.1379988193511963
    },
    "4": {
        "score": 5.691218852996826,
        "runtime": 0.14200043678283691
    },
    "5": {
        "score": 6.1559953689575195,
        "runtime": 0.13599944114685059
    },
    "6": {
        "score": 7.230698585510254,
        "runtime": 0.14299917221069336
    },
    "7": {
        "score": 6.2000412940979,
        "runtime": 0.15000033378601074
    },
    "8": {
        "score": 7.034662246704102,
        "runtime": 0.14099788665771484
    },
    "9": {
        "score": 5.074660301208496,
        "runtime": 0.14099740982055664
    },
    "10": {
        "score": 7.462827682495117,
        "runtime": 0.14300012588500977
    },
    "11": {
        "score": 6.629380226135254,
        "runtime": 0.1419992446899414
    },
    "12": {
        "score": 5.953550338745117,
        "runtime": 0.1419985294342041
    },
    "13": {
        "score": 6.581058502197266,
        "runtime": 0.1379990577697754
    },
    "14": {
        "score": 7.087324142456055,
        "runtime": 0.1419994831085205
    },
    "15": {
        "score": 8.84327507019043,
        "runtime": 0.14599871635437012
    },
    "16": {
        "score": 5.80027961730957,
        "runtime": 0.1399979591369629
    },
    "17": {
        "score": 6.921891212463379,
        "runtime": 0.1380002498626709
    },
    "18": {
        "score": 5.996784210205078,
        "runtime": 0.14599967002868652
    },
    "19": {
        "score": 6.4560112953186035,
        "runtime": 0.13399791717529297
    },
    "20": {
        "score": 9.24891185760498,
        "runtime": 0.1419992446899414
    },
    "21": {
        "score": 6.560598373413086,
        "runtime": 0.1400010585784912
    },
    "22": {
        "score": 5.925610065460205,
        "runtime": 0.13599824905395508
    },
    "23": {
        "score": 6.7682695388793945,
        "runtime": 0.1379992961883545
    },
    "24": {
        "score": 5.442634582519531,
        "runtime": 0.1359996795654297
    },
    "25": {
        "score": 7.6493821144104,
        "runtime": 0.14099907875061035
    },
    "26": {
        "score": 7.847236633300781,
        "runtime": 0.15200138092041016
    },
    "27": {
        "score": 6.987502574920654,
        "runtime": 0.14699983596801758
    },
    "28": {
        "score": 7.3256425857543945,
        "runtime": 0.1419997215270996
    },
    "29": {
        "score": 7.411764144897461,
        "runtime": 0.14500045776367188
    },
    "30": {
        "score": 7.580714225769043,
        "runtime": 0.14899945259094238
    },
    "31": {
        "score": 5.176567077636719,
        "runtime": 0.14000177383422852
    },
    "32": {
        "score": 6.993023872375488,
        "runtime": 0.13899850845336914
    },
    "33": {
        "score": 5.977563858032227,
        "runtime": 0.14899969100952148
    },
    "34": {
        "score": 6.579440116882324,
        "runtime": 0.14299964904785156
    },
    "35": {
        "score": 6.505449295043945,
        "runtime": 0.14799928665161133
    },
    "36": {
        "score": 6.30025577545166,
        "runtime": 0.14499950408935547
    },
    "37": {
        "score": 7.051024436950684,
        "runtime": 0.1399998664855957
    },
    "38": {
        "score": 5.606661319732666,
        "runtime": 0.1419992446899414
    },
    "39": {
        "score": 6.186644554138184,
        "runtime": 0.1419980525970459
    },
    "40": {
        "score": 6.164752006530762,
        "runtime": 0.14600086212158203
    },
    "41": {
        "score": 5.721665382385254,
        "runtime": 0.14400029182434082
    },
    "42": {
        "score": 5.833662986755371,
        "runtime": 0.14599943161010742
    },
    "43": {
        "score": 5.920324325561523,
        "runtime": 0.14899945259094238
    },
    "44": {
        "score": 8.095464706420898,
        "runtime": 0.15000128746032715
    },
    "45": {
        "score": 8.495009422302246,
        "runtime": 0.14499855041503906
    },
    "46": {
        "score": 5.600859642028809,
        "runtime": 0.1399996280670166
    },
    "47": {
        "score": 7.989275932312012,
        "runtime": 0.14499950408935547
    },
    "48": {
        "score": 4.928082466125488,
        "runtime": 0.1379990577697754
    },
    "49": {
        "score": 5.573142051696777,
        "runtime": 0.14499974250793457
    },
    "50": {
        "score": 6.021118640899658,
        "runtime": 0.1419994831085205
    },
    "51": {
        "score": 6.69573450088501,
        "runtime": 0.14099907875061035
    },
    "52": {
        "score": 7.421830654144287,
        "runtime": 0.14500021934509277
    },
    "53": {
        "score": 5.877765655517578,
        "runtime": 0.1400010585784912
    },
    "54": {
        "score": 7.154628753662109,
        "runtime": 0.14300155639648438
    },
    "55": {
        "score": 5.762424945831299,
        "runtime": 0.14099907875061035
    },
    "56": {
        "score": 5.788322925567627,
        "runtime": 0.13699913024902344
    },
    "57": {
        "score": 7.042268753051758,
        "runtime": 0.14299941062927246
    },
    "58": {
        "score": 7.598050594329834,
        "runtime": 0.1439988613128662
    },
    "59": {
        "score": 6.870535850524902,
        "runtime": 0.14099955558776855
    },
    "60": {
        "score": 6.024722099304199,
        "runtime": 0.14099931716918945
    },
    "61": {
        "score": 6.357260227203369,
        "runtime": 0.1359996795654297
    },
    "62": {
        "score": 5.6708197593688965,
        "runtime": 0.14299941062927246
    },
    "63": {
        "score": 7.3378801345825195,
        "runtime": 0.14499950408935547
    },
    "64": {
        "score": 6.723724842071533,
        "runtime": 0.14300131797790527
    },
    "65": {
        "score": 7.389447212219238,
        "runtime": 0.14499902725219727
    },
    "66": {
        "score": 5.979334354400635,
        "runtime": 0.14099955558776855
    },
    "67": {
        "score": 6.337647914886475,
        "runtime": 0.14799904823303223
    },
    "68": {
        "score": 8.206446647644043,
        "runtime": 0.14800000190734863
    },
    "69": {
        "score": 6.003438472747803,
        "runtime": 0.14299964904785156
    },
    "70": {
        "score": 5.197678565979004,
        "runtime": 0.140000581741333
    },
    "71": {
        "score": 8.748798370361328,
        "runtime": 0.14099979400634766
    },
    "72": {
        "score": 7.152540683746338,
        "runtime": 0.1399986743927002
    },
    "73": {
        "score": 5.456852912902832,
        "runtime": 0.1399991512298584
    },
    "74": {
        "score": 5.64446496963501,
        "runtime": 0.1399996280670166
    },
    "75": {
        "score": 5.982804775238037,
        "runtime": 0.1400001049041748
    },
    "76": {
        "score": 6.053770542144775,
        "runtime": 0.13699960708618164
    },
    "77": {
        "score": 5.760218620300293,
        "runtime": 0.140000581741333
    },
    "78": {
        "score": 7.636033535003662,
        "runtime": 0.14200091361999512
    },
    "79": {
        "score": 6.231011390686035,
        "runtime": 0.14500188827514648
    },
    "80": {
        "score": 5.264220237731934,
        "runtime": 0.14699912071228027
    },
    "81": {
        "score": 5.4851579666137695,
        "runtime": 0.14100003242492676
    },
    "82": {
        "score": 7.457878112792969,
        "runtime": 0.1549973487854004
    },
    "83": {
        "score": 6.9873762130737305,
        "runtime": 0.14899778366088867
    },
    "84": {
        "score": 7.922343730926514,
        "runtime": 0.1459980010986328
    },
    "85": {
        "score": 7.240593433380127,