{
    "0": {
        "score": 16.901599884033203,
        "runtime": 180.83860301971436
    },
    "1": {
        "score": 16.809471130371094,
        "runtime": 181.4470658302307
    },
    "2": {
        "score": 16.81057357788086,
        "runtime": 183.8030652999878
    },
    "3": {
        "score": 16.90236473083496,
        "runtime": 182.18320846557617
    },
    "4": {
        "score": 16.82465171813965,
        "runtime": 182.21247100830078
    },
    "5": {
        "score": 17.18438720703125,
        "runtime": 179.88956236839294
    },
    "6": {
        "score": 16.82608985900879,
        "runtime": 181.46899819374084
    },
    "7": {
        "score": 16.987892150878906,
        "runtime": 181.86947202682495
    },
    "8": {
        "score": 16.671939849853516,
        "runtime": 181.21548175811768
    },
    "9": {
        "score": 16.82742691040039,
        "runtime": 181.88145804405212
    },
    "10": {
        "score": 17.091157913208008,
        "runtime": 180.2557418346405
    },
    "11": {
        "score": 17.002737045288086,
        "runtime": 178.454998254776
    },
    "12": {
        "score": 16.82829475402832,
        "runtime": 182.66648983955383
    },
    "13": {
        "score": 16.718536376953125,
        "runtime": 180.81000137329102
    },
    "14": {
        "score": 16.970603942871094,
        "runtime": 182.27975177764893
    },
    "15": {
        "score": 16.50853729248047,
        "runtime": 180.0422224998474
    },
    "16": {
        "score": 16.911897659301758,
        "runtime": 181.62200355529785
    },
    "17": {
        "score": 16.970603942871094,
        "runtime": 181.05447626113892
    },
    "18": {
        "score": 16.970603942871094,
        "runtime": 179.07900190353394
    },
    "19": {
        "score": 16.970603942871094,
        "runtime": 182.58700156211853
    },
    "20": {
        "score": 16.970603942871094,
        "runtime": 179.66597270965576
    },
    "21": {
        "score": 16.974056243896484,
        "runtime": 182.2849998474121
    },
    "22": {
        "score": 17.08751678466797,
        "runtime": 179.75349020957947
    },
    "23": {
        "score": 16.94415283203125,
        "runtime": 180.42200088500977
    },
    "24": {
        "score": 16.813114166259766,
        "runtime": 179.89519596099854
    },
    "25": {
        "score": 17.006380081176758,
        "runtime": 179.55100178718567
    },
    "26": {
        "score": 16.561344146728516,
        "runtime": 179.64759397506714
    },
    "27": {
        "score": 17.077129364013672,
        "runtime": 182.2132625579834
    },
    "28": {
        "score": 16.95849609375,
        "runtime": 182.0485451221466
    },
    "29": {
        "score": 17.01714324951172,
        "runtime": 180.79348468780518
    },
    "30": {
        "score": 16.95524024963379,
        "runtime": 182.32399988174438
    },
    "31": {
        "score": 16.974056243896484,
        "runtime": 182.76599884033203
    },
    "32": {
        "score": 17.07879638671875,
        "runtime": 182.56099772453308
    },
    "33": {
        "score": 16.970603942871094,
        "runtime": 183.4219992160797
    },
    "34": {
        "score": 17.08751678466797,
        "runtime": 181.8944911956787
    },
    "35": {
        "score": 17.006380081176758,
        "runtime": 181.00999903678894
    },
    "36": {
        "score": 16.966960906982422,
        "runtime": 180.32300114631653
    },
    "37": {
        "score": 16.970603942871094,
        "runtime": 181.60400342941284
    },
    "38": {
        "score": 16.718536376953125,
        "runtime": 182.69309377670288
    },
    "39": {
        "score": 17.044824600219727,
        "runtime": 182.65711307525635
    },
    "40": {
        "score": 17.091157913208008,
        "runtime": 183.8279995918274
    },
    "41": {
        "score": 16.970603942871094,
        "runtime": 181.11900162696838
    },
    "42": {
        "score": 16.976276397705078,
        "runtime": 182.61746978759766
    },
    "43": {
        "score": 16.785383224487305,
        "runtime": 181.95122909545898
    },
    "44": {
        "score": 16.940509796142578,
        "runtime": 181.4584710597992
    },
    "45": {
        "score": 16.754314422607422,
        "runtime": 182.93500208854675
    },
    "46": {
        "score": 16.72218132019043,
        "runtime": 184.14946603775024
    },
    "47": {
        "score": 16.970603942871094,
        "runtime": 180.30848503112793
    },
    "48": {
        "score": 16.82829475402832,
        "runtime": 184.4729986190796
    },
    "49": {
        "score": 16.95849609375,
        "runtime": 183.06599879264832
    },
    "50": {
        "score": 17.09375762939453,
        "runtime": 181.6797158718109
    },
    "51": {
        "score": 16.901599884033203,
        "runtime": 183.3750023841858
    },
    "52": {
        "score": 16.823692321777344,
        "runtime": 182.7285192012787
    },
    "53": {
        "score": 16.970603942871094,
        "runtime": 176.89302682876587
    },
    "54": {
        "score": 16.961103439331055,
        "runtime": 175.70699954032898
    },
    "55": {
        "score": 16.82558822631836,
        "runtime": 175.04800033569336
    },
    "56": {
        "score": 16.8653564453125,
        "runtime": 174.42000102996826
    },
    "57": {
        "score": 16.95849609375,
        "runtime": 175.54399967193604
    },
    "58": {
        "score": 16.930124282836914,
        "runtime": 174.60399913787842
    },
    "59": {
        "score": 16.748411178588867,
        "runtime": 178.08900022506714
    },
    "60": {
        "score": 16.82923126220703,
        "runtime": 174.18046021461487
    },
    "61": {
        "score": 16.718536376953125,
        "runtime": 175.35600185394287
    },
    "62": {
        "score": 16.939531326293945,
        "runtime": 174.77600049972534
    },
    "63": {
        "score": 17.02584457397461,
        "runtime": 213.740385055542
    },
    "64": {
        "score": 16.72218132019043,
        "runtime": 176.70620107650757
    },
    "65": {
        "score": 17.044776916503906,
        "runtime": 175.56654930114746
    },
    "66": {
        "score": 16.958995819091797,
        "runtime": 177.74404382705688
    },
    "67": {
        "score": 16.99689292907715,
        "runtime": 177.143070936203
    },
    "68": {
        "score": 16.865825653076172,
        "runtime": 179.98005652427673
    },
    "69": {
        "score": 16.970603942871094,
        "runtime": 178.39189505577087
    },
    "70": {
        "score": 16.987892150878906,
        "runtime": 178.7569990158081
    },
    "71": {
        "score": 16.946741104125977,
        "runtime": 179.2480387687683
    },
    "72": {
        "score": 16.739479064941406,
        "runtime": 175.21314668655396
    },
    "73": {
        "score": 16.954853057861328,
        "runtime": 177.79399967193604
    },
    "74": {
        "score": 16.861713409423828,
        "runtime": 176.3410370349884
    },
    "75": {
        "score": 16.969266891479492,
        "runtime": 176.4559998512268
    },
    "76": {
        "score": 16.94415283203125,
        "runtime": 174.94206833839417
    },
    "77": {
        "score": 16.985836029052734,
        "runtime": 176.89600110054016
    },
    "78": {
        "score": 17.044776916503906,
        "runtime": 175.6594672203064
    },
    "79": {
        "score": 17.044776916503906,
        "runtime": 175.77954530715942
    },
    "80": {
        "score": 17.077129364013672,
        "runtime": 175.7030029296875
    },
    "81": {
        "score": 16.966960906982422,
        "runtime": 174.5643367767334
    },
    "82": {
        "score": 16.760578155517578,
        "runtime": 175.03766179084778
    },
    "83": {
        "score": 17.02584457397461,
        "runtime": 208.55489587783813
    },
    "84": {
        "score": 17.18438720703125,
        "runtime": 175.1534914970398
    },
    "85": {
        "score": 16.813501358032227,