{
    "0": {
        "score": 17.41649627685547,
        "runtime": 181.10860180854797
    },
    "1": {
        "score": 17.424781799316406,
        "runtime": 182.5310001373291
    },
    "2": {
        "score": 17.41649627685547,
        "runtime": 181.38806533813477
    },
    "3": {
        "score": 17.47570037841797,
        "runtime": 181.21706819534302
    },
    "4": {
        "score": 17.565399169921875,
        "runtime": 179.77047109603882
    },
    "5": {
        "score": 17.532079696655273,
        "runtime": 183.12556195259094
    },
    "6": {
        "score": 17.41649627685547,
        "runtime": 181.23400139808655
    },
    "7": {
        "score": 17.500343322753906,
        "runtime": 178.96646904945374
    },
    "8": {
        "score": 17.47570037841797,
        "runtime": 182.15147948265076
    },
    "9": {
        "score": 17.41649627685547,
        "runtime": 183.06545686721802
    },
    "10": {
        "score": 17.511138916015625,
        "runtime": 181.32173943519592
    },
    "11": {
        "score": 17.47570037841797,
        "runtime": 183.94200110435486
    },
    "12": {
        "score": 17.47570037841797,
        "runtime": 178.66049075126648
    },
    "13": {
        "score": 17.41649627685547,
        "runtime": 181.29205083847046
    },
    "14": {
        "score": 17.47570037841797,
        "runtime": 179.33781933784485
    },
    "15": {
        "score": 17.41649627685547,
        "runtime": 181.08700156211853
    },
    "16": {
        "score": 17.519426345825195,
        "runtime": 182.01700043678284
    },
    "17": {
        "score": 17.41649627685547,
        "runtime": 182.8184735774994
    },
    "18": {
        "score": 17.47570037841797,
        "runtime": 180.85300087928772
    },
    "19": {
        "score": 17.41649627685547,
        "runtime": 181.38499855995178
    },
    "20": {
        "score": 17.41649627685547,
        "runtime": 181.22497081756592
    },
    "21": {
        "score": 17.41649627685547,
        "runtime": 181.46600246429443
    },
    "22": {
        "score": 17.313232421875,
        "runtime": 180.12848830223083
    },
    "23": {
        "score": 17.47570037841797,
        "runtime": 180.03899955749512
    },
    "24": {
        "score": 17.254060745239258,
        "runtime": 179.59519624710083
    },
    "25": {
        "score": 17.424781799316406,
        "runtime": 179.90100193023682
    },
    "26": {
        "score": 17.41649627685547,
        "runtime": 181.48259210586548
    },
    "27": {
        "score": 17.420305252075195,
        "runtime": 179.9462628364563
    },
    "28": {
        "score": 17.209272384643555,
        "runtime": 180.64354395866394
    },
    "29": {
        "score": 17.41649627685547,
        "runtime": 182.34248328208923
    },
    "30": {
        "score": 17.41649627685547,
        "runtime": 180.12300086021423
    },
    "31": {
        "score": 17.41649627685547,
        "runtime": 180.57599925994873
    },
    "32": {
        "score": 17.47570037841797,
        "runtime": 181.3300004005432
    },
    "33": {
        "score": 17.511138916015625,
        "runtime": 183.1119999885559
    },
    "34": {
        "score": 17.424781799316406,
        "runtime": 180.36049342155457
    },
    "35": {
        "score": 17.424781799316406,
        "runtime": 179.44100165367126
    },
    "36": {
        "score": 17.41649627685547,
        "runtime": 181.6389982700348
    },
    "37": {
        "score": 17.41649627685547,
        "runtime": 182.22446608543396
    },
    "38": {
        "score": 17.41649627685547,
        "runtime": 181.06199955940247
    },
    "39": {
        "score": 17.511138916015625,
        "runtime": 181.95011234283447
    },
    "40": {
        "score": 17.41649627685547,
        "runtime": 181.45199966430664
    },
    "41": {
        "score": 17.47570037841797,
        "runtime": 183.55100107192993
    },
    "42": {
        "score": 17.41649627685547,
        "runtime": 182.62047266960144
    },
    "43": {
        "score": 17.41649627685547,
        "runtime": 182.0202295780182
    },
    "44": {
        "score": 17.41649627685547,
        "runtime": 182.80147504806519
    },
    "45": {
        "score": 17.393089294433594,
        "runtime": 183.41799998283386
    },
    "46": {
        "score": 17.511138916015625,
        "runtime": 180.83946561813354
    },
    "47": {
        "score": 17.424781799316406,
        "runtime": 182.70948553085327
    },
    "48": {
        "score": 17.41649627685547,
        "runtime": 183.6250021457672
    },
    "49": {
        "score": 17.47570037841797,
        "runtime": 181.83599710464478
    },
    "50": {
        "score": 17.511138916015625,
        "runtime": 181.31771636009216
    },
    "51": {
        "score": 17.41649627685547,
        "runtime": 180.76900100708008
    },
    "52": {
        "score": 17.511138916015625,
        "runtime": 183.99151515960693
    },
    "53": {
        "score": 17.47570037841797,
        "runtime": 175.4180293083191
    },
    "54": {
        "score": 17.41649627685547,
        "runtime": 174.81799960136414
    },
    "55": {
        "score": 17.41649627685547,
        "runtime": 173.8690001964569
    },
    "56": {
        "score": 17.511138916015625,
        "runtime": 174.67600059509277
    },
    "57": {
        "score": 17.44371223449707,
        "runtime": 173.95700025558472
    },
    "58": {
        "score": 17.44371223449707,
        "runtime": 177.4490029811859
    },
    "59": {
        "score": 17.41649627685547,
        "runtime": 176.8660032749176
    },
    "60": {
        "score": 17.41649627685547,
        "runtime": 173.13999795913696
    },
    "61": {
        "score": 17.511138916015625,
        "runtime": 176.0359983444214
    },
    "62": {
        "score": 17.582489013671875,
        "runtime": 176.98600244522095
    },
    "63": {
        "score": 17.41649627685547,
        "runtime": 212.47730565071106
    },
    "64": {
        "score": 17.532079696655273,
        "runtime": 177.72420239448547
    },
    "65": {
        "score": 17.41649627685547,
        "runtime": 177.04052472114563
    },
    "66": {
        "score": 17.424781799316406,
        "runtime": 176.22504210472107
    },
    "67": {
        "score": 17.570343017578125,
        "runtime": 176.65203619003296
    },
    "68": {
        "score": 17.209272384643555,
        "runtime": 179.89705443382263
    },
    "69": {
        "score": 17.41649627685547,
        "runtime": 177.39833998680115
    },
    "70": {
        "score": 17.41649627685547,
        "runtime": 177.67900156974792
    },
    "71": {
        "score": 17.41649627685547,
        "runtime": 177.62804079055786
    },
    "72": {
        "score": 17.511138916015625,
        "runtime": 175.4311444759369
    },
    "73": {
        "score": 17.41649627685547,
        "runtime": 175.9289996623993
    },
    "74": {
        "score": 17.590967178344727,
        "runtime": 175.33104014396667
    },
    "75": {
        "score": 17.41649627685547,
        "runtime": 175.63099718093872
    },
    "76": {
        "score": 17.41649627685547,
        "runtime": 175.2440414428711
    },
    "77": {
        "score": 17.47570037841797,
        "runtime": 175.2610001564026
    },
    "78": {
        "score": 17.41649627685547,
        "runtime": 174.61894631385803
    },
    "79": {
        "score": 17.47570037841797,
        "runtime": 176.10951256752014
    },
    "80": {
        "score": 17.41649627685547,
        "runtime": 176.3199977874756
    },
    "81": {
        "score": 17.41649627685547,
        "runtime": 185.04815077781677
    },
    "82": {
        "score": 17.322731018066406,
        "runtime": 174.03069853782654
    },
    "83": {
        "score": 17.50992202758789,
        "runtime": 209.03860116004944
    },
    "84": {
        "score": 17.424781799316406,
        "runtime": 175.7968611717224
    },
    "85": {
        "score": 17.51666259765625,
        "runtime": 229.14532279968262
    },