{
    "0": {
        "score": 5.744405746459961,
        "runtime": 11.282167196273804
    },
    "1": {
        "score": 5.655172348022461,
        "runtime": 11.113471508026123
    },
    "2": {
        "score": 6.108561992645264,
        "runtime": 11.017701864242554
    },
    "3": {
        "score": 6.022632598876953,
        "runtime": 11.141693353652954
    },
    "4": {
        "score": 5.686152935028076,
        "runtime": 11.025959968566895
    },
    "5": {
        "score": 5.8312482833862305,
        "runtime": 11.040996551513672
    },
    "6": {
        "score": 6.106543064117432,
        "runtime": 10.961477994918823
    },
    "7": {
        "score": 6.044655799865723,
        "runtime": 11.066475629806519
    },
    "8": {
        "score": 5.766714572906494,
        "runtime": 11.044226169586182
    },
    "9": {
        "score": 6.172577857971191,
        "runtime": 11.015505313873291
    },
    "10": {
        "score": 5.51644229888916,
        "runtime": 10.796881675720215
    },
    "11": {
        "score": 5.01278829574585,
        "runtime": 10.916938781738281
    },
    "12": {
        "score": 5.75886344909668,
        "runtime": 11.03293514251709
    },
    "13": {
        "score": 6.066032409667969,
        "runtime": 10.973944425582886
    },
    "14": {
        "score": 5.996548652648926,
        "runtime": 10.870206832885742
    },
    "15": {
        "score": 5.973883628845215,
        "runtime": 11.08193850517273
    },
    "16": {
        "score": 5.592978000640869,
        "runtime": 11.008980989456177
    },
    "17": {
        "score": 5.436596870422363,
        "runtime": 11.028450965881348
    },
    "18": {
        "score": 5.677698135375977,
        "runtime": 11.066954374313354
    },
    "19": {
        "score": 5.567831039428711,
        "runtime": 10.97144365310669
    },
    "20": {
        "score": 5.423055648803711,
        "runtime": 10.975906610488892
    },
    "21": {
        "score": 5.848618984222412,
        "runtime": 11.039888143539429
    },
    "22": {
        "score": 5.651068687438965,
        "runtime": 10.896954536437988
    },
    "23": {
        "score": 5.719047546386719,
        "runtime": 10.979501008987427
    },
    "24": {
        "score": 5.570065021514893,
        "runtime": 10.918458938598633
    },
    "25": {
        "score": 6.382450103759766,
        "runtime": 10.933234214782715
    },
    "26": {
        "score": 5.64885950088501,
        "runtime": 10.874412298202515
    },
    "27": {
        "score": 5.695227146148682,
        "runtime": 10.969711065292358
    },
    "28": {
        "score": 5.72407865524292,
        "runtime": 11.077936172485352
    },
    "29": {
        "score": 6.0800933837890625,
        "runtime": 11.039458751678467
    },
    "30": {
        "score": 5.850050926208496,
        "runtime": 11.055900573730469
    },
    "31": {
        "score": 5.6966657638549805,
        "runtime": 10.945995092391968
    },
    "32": {
        "score": 5.893278121948242,
        "runtime": 11.05445408821106
    },
    "33": {
        "score": 5.603375434875488,
        "runtime": 11.012954235076904
    },
    "34": {
        "score": 5.582425594329834,
        "runtime": 11.067688465118408
    },
    "35": {
        "score": 5.789679527282715,
        "runtime": 10.88843822479248
    },
    "36": {
        "score": 5.67930793762207,
        "runtime": 10.883648872375488
    },
    "37": {
        "score": 6.278883934020996,
        "runtime": 10.812901020050049
    },
    "38": {
        "score": 5.615476131439209,
        "runtime": 10.869669437408447
    },
    "39": {
        "score": 5.991539001464844,
        "runtime": 11.159937620162964
    },
    "40": {
        "score": 5.558666706085205,
        "runtime": 11.030479669570923
    },
    "41": {
        "score": 5.658358097076416,
        "runtime": 10.966460704803467
    },
    "42": {
        "score": 5.625219821929932,
        "runtime": 10.999996423721313
    },
    "43": {
        "score": 6.406274318695068,
        "runtime": 10.867028951644897
    },
    "44": {
        "score": 5.440705299377441,
        "runtime": 11.565182447433472
    },
    "45": {
        "score": 5.763323783874512,
        "runtime": 10.852952003479004
    },
    "46": {
        "score": 6.013338565826416,
        "runtime": 10.874927520751953
    },
    "47": {
        "score": 5.762592792510986,
        "runtime": 10.848643779754639
    },
    "48": {
        "score": 5.653661251068115,
        "runtime": 11.055935859680176
    },
    "49": {
        "score": 6.1280717849731445,
        "runtime": 10.891168355941772
    },
    "50": {
        "score": 6.012939929962158,
        "runtime": 11.284477233886719
    },
    "51": {
        "score": 5.911169052124023,
        "runtime": 10.934489727020264
    },
    "52": {
        "score": 6.231645107269287,
        "runtime": 11.163952112197876
    },
    "53": {
        "score": 5.533161640167236,
        "runtime": 11.240205764770508
    },
    "54": {
        "score": 5.608850955963135,
        "runtime": 10.903419733047485
    },
    "55": {
        "score": 5.877964496612549,
        "runtime": 11.229934453964233
    },
    "56": {
        "score": 6.097567558288574,
        "runtime": 10.942007303237915
    },
    "57": {
        "score": 5.963842868804932,
        "runtime": 10.966429233551025
    },
    "58": {
        "score": 5.687339782714844,
        "runtime": 11.152883768081665
    },
    "59": {
        "score": 5.737766265869141,
        "runtime": 10.890927791595459
    },
    "60": {
        "score": 6.317917823791504,
        "runtime": 10.890979528427124
    },
    "61": {
        "score": 5.728536128997803,
        "runtime": 11.74931025505066
    },
    "62": {
        "score": 5.885218143463135,
        "runtime": 11.223015785217285
    },
    "63": {
        "score": 5.775353908538818,
        "runtime": 11.24997591972351
    },
    "64": {
        "score": 5.6722283363342285,
        "runtime": 10.835466623306274
    },
    "65": {
        "score": 5.613966464996338,
        "runtime": 11.153163194656372
    },
    "66": {
        "score": 5.528189659118652,
        "runtime": 11.022890567779541
    },
    "67": {
        "score": 5.4761152267456055,
        "runtime": 10.714473724365234
    },
    "68": {
        "score": 5.692628860473633,
        "runtime": 10.974945068359375
    },
    "69": {
        "score": 5.372134208679199,
        "runtime": 10.90547251701355
    },
    "70": {
        "score": 5.836404323577881,
        "runtime": 10.782503128051758
    },
    "71": {
        "score": 5.309767246246338,
        "runtime": 10.9684898853302
    },
    "72": {
        "score": 6.005774974822998,
        "runtime": 10.857216835021973
    },
    "73": {
        "score": 5.543180465698242,
        "runtime": 11.054964780807495
    },
    "74": {
        "score": 5.679056644439697,
        "runtime": 11.000922441482544
    },
    "75": {
        "score": 5.853165626525879,
        "runtime": 11.129982471466064
    },
    "76": {
        "score": 6.065211772918701,
        "runtime": 10.903937578201294
    },
    "77": {
        "score": 5.76000452041626,
        "runtime": 11.03841519355774
    },
    "78": {
        "score": 5.889721870422363,
        "runtime": 11.140037775039673
    },
    "79": {
        "score": 5.15201997756958,
        "runtime": 11.025469541549683
    },
    "80": {
        "score": 5.693075656890869,
        "runtime": 11.133484125137329
    },
    "81": {
        "score": 5.33355712890625,
        "runtime": 11.025473833084106
    },
    "82": {
        "score": 5.573817253112793,
        "runtime": 11.05912470817566
    },
    "83": {
        "score": 6.120386600494385,
        "runtime": 11.05366563796997
    },
    "84": {
        "score": 5.900190830230713,
        "runtime": 10.807735204696655
    },
    "85": {
        "score": 5.8358235359191895,
        "runtime": 11.042826652526855
    },