{
    "0": {
        "score": 10.997831344604492,
        "runtime": 21.574998378753662
    },
    "1": {
        "score": 10.992378234863281,
        "runtime": 21.63806414604187
    },
    "2": {
        "score": 10.997831344604492,
        "runtime": 21.997998476028442
    },
    "3": {
        "score": 10.997831344604492,
        "runtime": 21.485002040863037
    },
    "4": {
        "score": 10.997831344604492,
        "runtime": 21.380999088287354
    },
    "5": {
        "score": 10.997831344604492,
        "runtime": 21.3329975605011
    },
    "6": {
        "score": 10.992378234863281,
        "runtime": 21.5830020904541
    },
    "7": {
        "score": 10.992378234863281,
        "runtime": 21.529001235961914
    },
    "8": {
        "score": 10.997831344604492,
        "runtime": 21.53999924659729
    },
    "9": {
        "score": 10.997831344604492,
        "runtime": 21.346999406814575
    },
    "10": {
        "score": 10.992378234863281,
        "runtime": 21.298998594284058
    },
    "11": {
        "score": 10.997831344604492,
        "runtime": 21.164998054504395
    },
    "12": {
        "score": 10.992378234863281,
        "runtime": 21.466000080108643
    },
    "13": {
        "score": 10.997831344604492,
        "runtime": 21.298999071121216
    },
    "14": {
        "score": 10.997831344604492,
        "runtime": 21.256002187728882
    },
    "15": {
        "score": 10.997831344604492,
        "runtime": 21.085997581481934
    },
    "16": {
        "score": 10.997831344604492,
        "runtime": 21.22000217437744
    },
    "17": {
        "score": 10.997831344604492,
        "runtime": 21.88900113105774
    },
    "18": {
        "score": 10.997831344604492,
        "runtime": 21.290998458862305
    },
    "19": {
        "score": 10.997831344604492,
        "runtime": 21.60699987411499
    },
    "20": {
        "score": 10.992378234863281,
        "runtime": 21.473002433776855
    },
    "21": {
        "score": 10.992378234863281,
        "runtime": 21.66100001335144
    },
    "22": {
        "score": 10.997831344604492,
        "runtime": 21.1190025806427
    },
    "23": {
        "score": 10.997831344604492,
        "runtime": 21.307997703552246
    },
    "24": {
        "score": 10.997831344604492,
        "runtime": 21.143998861312866
    },
    "25": {
        "score": 10.992378234863281,
        "runtime": 21.703999042510986
    },
    "26": {
        "score": 10.992378234863281,
        "runtime": 21.940999269485474
    },
    "27": {
        "score": 10.997831344604492,
        "runtime": 21.1569983959198
    },
    "28": {
        "score": 10.997831344604492,
        "runtime": 21.08100128173828
    },
    "29": {
        "score": 10.997831344604492,
        "runtime": 21.14399766921997
    },
    "30": {
        "score": 10.997831344604492,
        "runtime": 21.513002395629883
    },
    "31": {
        "score": 10.997831344604492,
        "runtime": 21.208003044128418
    },
    "32": {
        "score": 10.997831344604492,
        "runtime": 21.386000633239746
    },
    "33": {
        "score": 10.997831344604492,
        "runtime": 21.192999839782715
    },
    "34": {
        "score": 10.997831344604492,
        "runtime": 20.832998037338257
    },
    "35": {
        "score": 10.997831344604492,
        "runtime": 21.370997428894043
    },
    "36": {
        "score": 10.997831344604492,
        "runtime": 21.18300175666809
    },
    "37": {
        "score": 10.997831344604492,
        "runtime": 21.156999349594116
    },
    "38": {
        "score": 10.997831344604492,
        "runtime": 21.116015434265137
    },
    "39": {
        "score": 10.992378234863281,
        "runtime": 21.06600022315979
    },
    "40": {
        "score": 10.997831344604492,
        "runtime": 21.75200057029724
    },
    "41": {
        "score": 10.997831344604492,
        "runtime": 20.933001279830933
    },
    "42": {
        "score": 10.997831344604492,
        "runtime": 22.084000825881958
    },
    "43": {
        "score": 10.997831344604492,
        "runtime": 21.3180148601532
    },
    "44": {
        "score": 10.997831344604492,
        "runtime": 21.860000610351562
    },
    "45": {
        "score": 10.997831344604492,
        "runtime": 21.540492296218872
    },
    "46": {
        "score": 10.997831344604492,
        "runtime": 21.356001615524292
    },
    "47": {
        "score": 10.997831344604492,
        "runtime": 21.374999523162842
    },
    "48": {
        "score": 10.997831344604492,
        "runtime": 20.906001806259155
    },
    "49": {
        "score": 10.997831344604492,
        "runtime": 21.057997941970825
    },
    "50": {
        "score": 10.992378234863281,
        "runtime": 21.87000012397766
    },
    "51": {
        "score": 10.997831344604492,
        "runtime": 21.007001638412476
    },
    "52": {
        "score": 10.997831344604492,
        "runtime": 21.787002563476562
    },
    "53": {
        "score": 10.997831344604492,
        "runtime": 21.1850004196167
    },
    "54": {
        "score": 10.992378234863281,
        "runtime": 21.744998931884766
    },
    "55": {
        "score": 10.997831344604492,
        "runtime": 21.34999990463257
    },
    "56": {
        "score": 10.997831344604492,
        "runtime": 21.296001195907593
    },
    "57": {
        "score": 10.992378234863281,
        "runtime": 22.1410014629364
    },
    "58": {
        "score": 10.992378234863281,
        "runtime": 21.007999181747437
    },
    "59": {
        "score": 10.992378234863281,
        "runtime": 21.877997875213623
    },
    "60": {
        "score": 10.997831344604492,
        "runtime": 21.070000171661377
    },
    "61": {
        "score": 10.997831344604492,
        "runtime": 23.35827136039734
    },
    "62": {
        "score": 10.997831344604492,
        "runtime": 21.335999250411987
    },
    "63": {
        "score": 10.997831344604492,
        "runtime": 21.37000060081482
    },
    "64": {
        "score": 10.997831344604492,
        "runtime": 21.003999710083008
    },
    "65": {
        "score": 10.997831344604492,
        "runtime": 21.93599796295166
    },
    "66": {
        "score": 10.997831344604492,
        "runtime": 21.357996463775635
    },
    "67": {
        "score": 10.997831344604492,
        "runtime": 21.274999141693115
    },
    "68": {
        "score": 10.997831344604492,
        "runtime": 21.257002353668213
    },
    "69": {
        "score": 10.997831344604492,
        "runtime": 21.46199941635132
    },
    "70": {
        "score": 10.997831344604492,
        "runtime": 21.36399793624878
    },
    "71": {
        "score": 10.997831344604492,
        "runtime": 21.541999101638794
    },
    "72": {
        "score": 10.997831344604492,
        "runtime": 21.264002323150635
    },
    "73": {
        "score": 10.997831344604492,
        "runtime": 21.79900097846985
    },
    "74": {
        "score": 10.997831344604492,
        "runtime": 21.591997861862183
    },
    "75": {
        "score": 10.992378234863281,
        "runtime": 21.21899962425232
    },
    "76": {
        "score": 10.997831344604492,
        "runtime": 21.494999885559082
    },
    "77": {
        "score": 10.997831344604492,
        "runtime": 22.098000049591064
    },
    "78": {
        "score": 10.992378234863281,
        "runtime": 21.42200016975403
    },
    "79": {
        "score": 10.997831344604492,
        "runtime": 21.250998735427856
    },
    "80": {
        "score": 10.997831344604492,
        "runtime": 21.263999938964844
    },
    "81": {
        "score": 10.997831344604492,
        "runtime": 21.91299867630005
    },
    "82": {
        "score": 10.992378234863281,
        "runtime": 21.530998945236206
    },
    "83": {
        "score": 10.997831344604492,
        "runtime": 22.041999578475952
    },
    "84": {
        "score": 10.992378234863281,
        "runtime": 20.91299867630005
    },
    "85": {
        "score": 10.997831344604492,