{
    "0": {
        "score": 11.458585739135742,
        "runtime": 22.003999710083008
    },
    "1": {
        "score": 10.56968879699707,
        "runtime": 21.389582633972168
    },
    "2": {
        "score": 11.458585739135742,
        "runtime": 20.926997900009155
    },
    "3": {
        "score": 11.458585739135742,
        "runtime": 21.2450008392334
    },
    "4": {
        "score": 11.458585739135742,
        "runtime": 21.9229998588562
    },
    "5": {
        "score": 11.458585739135742,
        "runtime": 21.036999225616455
    },
    "6": {
        "score": 10.56968879699707,
        "runtime": 21.073000192642212
    },
    "7": {
        "score": 11.458585739135742,
        "runtime": 21.082000732421875
    },
    "8": {
        "score": 11.458585739135742,
        "runtime": 22.093000650405884
    },
    "9": {
        "score": 11.458585739135742,
        "runtime": 21.363996744155884
    },
    "10": {
        "score": 11.458585739135742,
        "runtime": 20.954999208450317
    },
    "11": {
        "score": 11.458585739135742,
        "runtime": 21.364998817443848
    },
    "12": {
        "score": 11.458585739135742,
        "runtime": 20.917998790740967
    },
    "13": {
        "score": 11.458585739135742,
        "runtime": 21.456000328063965
    },
    "14": {
        "score": 11.458585739135742,
        "runtime": 21.232002019882202
    },
    "15": {
        "score": 11.458585739135742,
        "runtime": 21.700998783111572
    },
    "16": {
        "score": 10.56968879699707,
        "runtime": 21.09399914741516
    },
    "17": {
        "score": 11.458585739135742,
        "runtime": 21.25000023841858
    },
    "18": {
        "score": 11.458585739135742,
        "runtime": 21.187002420425415
    },
    "19": {
        "score": 11.458585739135742,
        "runtime": 20.85900378227234
    },
    "20": {
        "score": 10.56968879699707,
        "runtime": 21.11800193786621
    },
    "21": {
        "score": 11.458585739135742,
        "runtime": 21.326999187469482
    },
    "22": {
        "score": 10.56968879699707,
        "runtime": 21.38700246810913
    },
    "23": {
        "score": 11.458585739135742,
        "runtime": 22.264996767044067
    },
    "24": {
        "score": 11.458585739135742,
        "runtime": 21.42300033569336
    },
    "25": {
        "score": 11.458585739135742,
        "runtime": 22.15000033378601
    },
    "26": {
        "score": 11.458585739135742,
        "runtime": 21.393000841140747
    },
    "27": {
        "score": 10.56968879699707,
        "runtime": 21.11500120162964
    },
    "28": {
        "score": 11.458585739135742,
        "runtime": 21.28700065612793
    },
    "29": {
        "score": 11.458585739135742,
        "runtime": 20.951998472213745
    },
    "30": {
        "score": 11.458585739135742,
        "runtime": 21.53500199317932
    },
    "31": {
        "score": 10.56968879699707,
        "runtime": 21.449002027511597
    },
    "32": {
        "score": 10.56968879699707,
        "runtime": 20.84000015258789
    },
    "33": {
        "score": 11.458585739135742,
        "runtime": 21.384999990463257
    },
    "34": {
        "score": 10.56968879699707,
        "runtime": 21.057999849319458
    },
    "35": {
        "score": 11.458585739135742,
        "runtime": 22.00399875640869
    },
    "36": {
        "score": 11.458585739135742,
        "runtime": 21.177013397216797
    },
    "37": {
        "score": 11.458585739135742,
        "runtime": 21.863998651504517
    },
    "38": {
        "score": 11.458585739135742,
        "runtime": 21.675016403198242
    },
    "39": {
        "score": 11.458585739135742,
        "runtime": 21.116000175476074
    },
    "40": {
        "score": 11.458585739135742,
        "runtime": 21.486000061035156
    },
    "41": {
        "score": 10.56968879699707,
        "runtime": 21.133999824523926
    },
    "42": {
        "score": 11.458585739135742,
        "runtime": 21.370001792907715
    },
    "43": {
        "score": 11.458585739135742,
        "runtime": 21.899014234542847
    },
    "44": {
        "score": 10.56968879699707,
        "runtime": 20.860998392105103
    },
    "45": {
        "score": 11.458585739135742,
        "runtime": 22.683492422103882
    },
    "46": {
        "score": 11.458585739135742,
        "runtime": 20.982000589370728
    },
    "47": {
        "score": 10.56968879699707,
        "runtime": 21.394998788833618
    },
    "48": {
        "score": 11.458585739135742,
        "runtime": 21.098999500274658
    },
    "49": {
        "score": 11.458585739135742,
        "runtime": 21.57800054550171
    },
    "50": {
        "score": 11.458585739135742,
        "runtime": 21.28100061416626
    },
    "51": {
        "score": 11.458585739135742,
        "runtime": 21.208998918533325
    },
    "52": {
        "score": 11.458585739135742,
        "runtime": 21.714998483657837
    },
    "53": {
        "score": 10.56968879699707,
        "runtime": 20.845000982284546
    },
    "54": {
        "score": 11.458585739135742,
        "runtime": 21.478999614715576
    },
    "55": {
        "score": 11.458585739135742,
        "runtime": 21.33500027656555
    },
    "56": {
        "score": 11.458585739135742,
        "runtime": 21.705999612808228
    },
    "57": {
        "score": 11.458585739135742,
        "runtime": 21.438000917434692
    },
    "58": {
        "score": 11.458585739135742,
        "runtime": 21.39899969100952
    },
    "59": {
        "score": 11.458585739135742,
        "runtime": 21.62100100517273
    },
    "60": {
        "score": 10.56968879699707,
        "runtime": 21.353001594543457
    },
    "61": {
        "score": 11.458585739135742,
        "runtime": 23.42599844932556
    },
    "62": {
        "score": 11.458585739135742,
        "runtime": 21.357999086380005
    },
    "63": {
        "score": 11.458585739135742,
        "runtime": 21.746001958847046
    },
    "64": {
        "score": 11.458585739135742,
        "runtime": 21.638001441955566
    },
    "65": {
        "score": 10.56968879699707,
        "runtime": 21.202001333236694
    },
    "66": {
        "score": 11.458585739135742,
        "runtime": 21.539000988006592
    },
    "67": {
        "score": 10.56968879699707,
        "runtime": 21.805997848510742
    },
    "68": {
        "score": 11.458585739135742,
        "runtime": 21.12399935722351
    },
    "69": {
        "score": 11.458585739135742,
        "runtime": 21.914000034332275
    },
    "70": {
        "score": 11.458585739135742,
        "runtime": 21.55300259590149
    },
    "71": {
        "score": 11.458585739135742,
        "runtime": 21.07699680328369
    },
    "72": {
        "score": 11.458585739135742,
        "runtime": 21.693000555038452
    },
    "73": {
        "score": 11.458585739135742,
        "runtime": 21.0530002117157
    },
    "74": {
        "score": 11.458585739135742,
        "runtime": 21.349000453948975
    },
    "75": {
        "score": 11.458585739135742,
        "runtime": 21.365001440048218
    },
    "76": {
        "score": 11.458585739135742,
        "runtime": 21.34600019454956
    },
    "77": {
        "score": 11.458585739135742,
        "runtime": 21.524998664855957
    },
    "78": {
        "score": 10.56968879699707,
        "runtime": 21.572999715805054
    },
    "79": {
        "score": 11.458585739135742,
        "runtime": 21.2669997215271
    },
    "80": {
        "score": 11.458585739135742,
        "runtime": 21.136999368667603
    },
    "81": {
        "score": 11.458585739135742,
        "runtime": 22.174998998641968
    },
    "82": {
        "score": 11.458585739135742,
        "runtime": 21.39148712158203
    },
    "83": {
        "score": 10.56968879699707,
        "runtime": 21.042999744415283
    },
    "84": {
        "score": 10.56968879699707,
        "runtime": 21.06399965286255
    },
    "85": {
        "score": 10.56968879699707,