{
    "0": {
        "score": 7.643521785736084,
        "runtime": 0.4179997444152832
    },
    "1": {
        "score": 8.556059837341309,
        "runtime": 0.4259986877441406
    },
    "2": {
        "score": 8.53805160522461,
        "runtime": 0.5020015239715576
    },
    "3": {
        "score": 8.254342079162598,
        "runtime": 0.4420011043548584
    },
    "4": {
        "score": 8.564093589782715,
        "runtime": 0.4330000877380371
    },
    "5": {
        "score": 8.23000431060791,
        "runtime": 0.45099830627441406
    },
    "6": {
        "score": 8.510801315307617,
        "runtime": 0.4389994144439697
    },
    "7": {
        "score": 8.336657524108887,
        "runtime": 0.4699997901916504
    },
    "8": {
        "score": 8.124163627624512,
        "runtime": 0.44700121879577637
    },
    "9": {
        "score": 8.082967758178711,
        "runtime": 0.4010009765625
    },
    "10": {
        "score": 8.033093452453613,
        "runtime": 0.411998987197876
    },
    "11": {
        "score": 7.8569135665893555,
        "runtime": 0.44100022315979004
    },
    "12": {
        "score": 8.380670547485352,
        "runtime": 0.4369990825653076
    },
    "13": {
        "score": 7.864651679992676,
        "runtime": 0.42299938201904297
    },
    "14": {
        "score": 8.09583854675293,
        "runtime": 0.43000102043151855
    },
    "15": {
        "score": 8.072375297546387,
        "runtime": 0.38500094413757324
    },
    "16": {
        "score": 7.917308330535889,
        "runtime": 0.44700026512145996
    },
    "17": {
        "score": 8.030613899230957,
        "runtime": 0.44499921798706055
    },
    "18": {
        "score": 8.206787109375,
        "runtime": 0.4219992160797119
    },
    "19": {
        "score": 8.338469505310059,
        "runtime": 0.44700074195861816
    },
    "20": {
        "score": 8.487081527709961,
        "runtime": 0.42799854278564453
    },
    "21": {
        "score": 8.142616271972656,
        "runtime": 0.46899890899658203
    },
    "22": {
        "score": 7.819118976593018,
        "runtime": 0.455000638961792
    },
    "23": {
        "score": 8.162723541259766,
        "runtime": 0.45399951934814453
    },
    "24": {
        "score": 7.906258583068848,
        "runtime": 0.3639984130859375
    },
    "25": {
        "score": 8.087400436401367,
        "runtime": 0.4179983139038086
    },
    "26": {
        "score": 8.164024353027344,
        "runtime": 0.4740004539489746
    },
    "27": {
        "score": 7.850829124450684,
        "runtime": 0.4329988956451416
    },
    "28": {
        "score": 8.423304557800293,
        "runtime": 0.45999956130981445
    },
    "29": {
        "score": 7.5734052658081055,
        "runtime": 0.4680006504058838
    },
    "30": {
        "score": 8.059956550598145,
        "runtime": 0.3860015869140625
    },
    "31": {
        "score": 8.177912712097168,
        "runtime": 0.45599985122680664
    },
    "32": {
        "score": 7.933290481567383,
        "runtime": 0.4360010623931885
    },
    "33": {
        "score": 8.182902336120605,
        "runtime": 0.43900060653686523
    },
    "34": {
        "score": 8.345462799072266,
        "runtime": 0.4430074691772461
    },
    "35": {
        "score": 8.083270072937012,
        "runtime": 0.4610021114349365
    },
    "36": {
        "score": 8.016473770141602,
        "runtime": 0.4570014476776123
    },
    "37": {
        "score": 7.823561191558838,
        "runtime": 0.4200003147125244
    },
    "38": {
        "score": 8.22938060760498,
        "runtime": 0.4399986267089844
    },
    "39": {
        "score": 8.0404052734375,
        "runtime": 0.4640018939971924
    },
    "40": {
        "score": 8.046794891357422,
        "runtime": 0.45799970626831055
    },
    "41": {
        "score": 7.783380508422852,
        "runtime": 0.4610002040863037
    },
    "42": {
        "score": 7.921402454376221,
        "runtime": 0.451000452041626
    },
    "43": {
        "score": 8.131867408752441,
        "runtime": 0.4609992504119873
    },
    "44": {
        "score": 7.7052812576293945,
        "runtime": 0.4629991054534912
    },
    "45": {
        "score": 8.020660400390625,
        "runtime": 0.4640004634857178
    },
    "46": {
        "score": 8.416502952575684,
        "runtime": 0.4630002975463867
    },
    "47": {
        "score": 8.10439682006836,
        "runtime": 0.428999662399292
    },
    "48": {
        "score": 8.087427139282227,
        "runtime": 0.45600032806396484
    },
    "49": {
        "score": 8.352831840515137,
        "runtime": 0.43400049209594727
    },
    "50": {
        "score": 8.303528785705566,
        "runtime": 0.4810009002685547
    },
    "51": {
        "score": 8.031554222106934,
        "runtime": 0.44900083541870117
    },
    "52": {
        "score": 7.963535785675049,
        "runtime": 0.4480001926422119
    },
    "53": {
        "score": 7.620865345001221,
        "runtime": 0.4010019302368164
    },
    "54": {
        "score": 8.168161392211914,
        "runtime": 0.4349997043609619
    },
    "55": {
        "score": 7.805422306060791,
        "runtime": 0.5140016078948975
    },
    "56": {
        "score": 8.830124855041504,
        "runtime": 0.41900134086608887
    },
    "57": {
        "score": 8.091533660888672,
        "runtime": 0.4780006408691406
    },
    "58": {
        "score": 8.53992748260498,
        "runtime": 0.4270005226135254
    },
    "59": {
        "score": 8.05969524383545,
        "runtime": 0.4010004997253418
    },
    "60": {
        "score": 8.446812629699707,
        "runtime": 0.4550023078918457
    },
    "61": {
        "score": 7.830377578735352,
        "runtime": 0.40799808502197266
    },
    "62": {
        "score": 8.65441608428955,
        "runtime": 0.458998441696167
    },
    "63": {
        "score": 8.091489791870117,
        "runtime": 0.44299983978271484
    },
    "64": {
        "score": 7.640597820281982,
        "runtime": 0.4289987087249756
    },
    "65": {
        "score": 8.504749298095703,
        "runtime": 0.4629995822906494
    },
    "66": {
        "score": 8.209047317504883,
        "runtime": 0.4309992790222168
    },
    "67": {
        "score": 8.2307710647583,
        "runtime": 0.44700193405151367
    },
    "68": {
        "score": 7.797870635986328,
        "runtime": 0.4049999713897705
    },
    "69": {
        "score": 7.712413311004639,
        "runtime": 0.43599939346313477
    },
    "70": {
        "score": 8.425832748413086,
        "runtime": 0.41499972343444824
    },
    "71": {
        "score": 7.4130635261535645,
        "runtime": 0.3950004577636719
    },
    "72": {
        "score": 8.682291030883789,
        "runtime": 0.44700074195861816
    },
    "73": {
        "score": 8.100427627563477,
        "runtime": 0.41100025177001953
    },
    "74": {
        "score": 7.9684014320373535,
        "runtime": 0.457000732421875
    },
    "75": {
        "score": 7.944140911102295,
        "runtime": 0.41500210762023926
    },
    "76": {
        "score": 8.003007888793945,
        "runtime": 0.4439997673034668
    },
    "77": {
        "score": 8.17679500579834,
        "runtime": 0.4289987087249756
    },
    "78": {
        "score": 8.049869537353516,
        "runtime": 0.42799925804138184
    },
    "79": {
        "score": 8.47431755065918,
        "runtime": 0.4030020236968994
    },
    "80": {
        "score": 7.797005653381348,
        "runtime": 0.4180009365081787
    },
    "81": {
        "score": 8.53579044342041,
        "runtime": 0.450000524520874
    },
    "82": {
        "score": 7.440883636474609,
        "runtime": 0.45799851417541504
    },
    "83": {
        "score": 7.304198265075684,
        "runtime": 0.4499998092651367
    },
    "84": {
        "score": 8.097423553466797,
        "runtime": 0.440000057220459
    },
    "85": {
        "score": 8.084653854370117,
        "runtime": 0.42600131034851074
    },