{
    "0": {
        "score": 7.686514854431152,
        "runtime": 0.4460010528564453
    },
    "1": {
        "score": 8.604329109191895,
        "runtime": 0.44899868965148926
    },
    "2": {
        "score": 8.284028053283691,
        "runtime": 0.45600175857543945
    },
    "3": {
        "score": 8.175516128540039,
        "runtime": 0.4699990749359131
    },
    "4": {
        "score": 8.570289611816406,
        "runtime": 0.44100117683410645
    },
    "5": {
        "score": 8.327016830444336,
        "runtime": 0.4290010929107666
    },
    "6": {
        "score": 8.573648452758789,
        "runtime": 0.4030003547668457
    },
    "7": {
        "score": 8.402840614318848,
        "runtime": 0.49399828910827637
    },
    "8": {
        "score": 8.09252643585205,
        "runtime": 0.43400096893310547
    },
    "9": {
        "score": 7.866103172302246,
        "runtime": 0.43200016021728516
    },
    "10": {
        "score": 7.959403038024902,
        "runtime": 0.4639933109283447
    },
    "11": {
        "score": 7.808408260345459,
        "runtime": 0.45600104331970215
    },
    "12": {
        "score": 8.418357849121094,
        "runtime": 0.43799877166748047
    },
    "13": {
        "score": 7.593810558319092,
        "runtime": 0.49300098419189453
    },
    "14": {
        "score": 8.137248039245605,
        "runtime": 0.40200138092041016
    },
    "15": {
        "score": 8.195442199707031,
        "runtime": 0.3860006332397461
    },
    "16": {
        "score": 8.190433502197266,
        "runtime": 0.4760005474090576
    },
    "17": {
        "score": 8.392552375793457,
        "runtime": 0.4739987850189209
    },
    "18": {
        "score": 8.100370407104492,
        "runtime": 0.43799924850463867
    },
    "19": {
        "score": 8.257814407348633,
        "runtime": 0.4419989585876465
    },
    "20": {
        "score": 8.416404724121094,
        "runtime": 0.4630012512207031
    },
    "21": {
        "score": 8.222142219543457,
        "runtime": 0.44900035858154297
    },
    "22": {
        "score": 7.798984050750732,
        "runtime": 0.4399988651275635
    },
    "23": {
        "score": 8.240692138671875,
        "runtime": 0.39800047874450684
    },
    "24": {
        "score": 7.945380210876465,
        "runtime": 0.4120006561279297
    },
    "25": {
        "score": 8.094732284545898,
        "runtime": 0.4419994354248047
    },
    "26": {
        "score": 8.12768268585205,
        "runtime": 0.4120011329650879
    },
    "27": {
        "score": 7.885278224945068,
        "runtime": 0.45600152015686035
    },
    "28": {
        "score": 8.509696960449219,
        "runtime": 0.43000030517578125
    },
    "29": {
        "score": 7.584750175476074,
        "runtime": 0.4309980869293213
    },
    "30": {
        "score": 8.029912948608398,
        "runtime": 0.40199995040893555
    },
    "31": {
        "score": 8.193140029907227,
        "runtime": 0.4360008239746094
    },
    "32": {
        "score": 7.944515705108643,
        "runtime": 0.36300015449523926
    },
    "33": {
        "score": 8.107934951782227,
        "runtime": 0.3789999485015869
    },
    "34": {
        "score": 8.366745948791504,
        "runtime": 0.42800092697143555
    },
    "35": {
        "score": 8.137370109558105,
        "runtime": 0.3860020637512207
    },
    "36": {
        "score": 8.261903762817383,
        "runtime": 0.4699997901916504
    },
    "37": {
        "score": 7.8586015701293945,
        "runtime": 0.4659996032714844
    },
    "38": {
        "score": 8.264246940612793,
        "runtime": 0.46599793434143066
    },
    "39": {
        "score": 8.087841033935547,
        "runtime": 0.45799875259399414
    },
    "40": {
        "score": 7.840281963348389,
        "runtime": 0.4510009288787842
    },
    "41": {
        "score": 7.727568626403809,
        "runtime": 0.45200085639953613
    },
    "42": {
        "score": 7.995981216430664,
        "runtime": 0.4500000476837158
    },
    "43": {
        "score": 8.172140121459961,
        "runtime": 0.4569995403289795
    },
    "44": {
        "score": 7.848445415496826,
        "runtime": 0.4440016746520996
    },
    "45": {
        "score": 8.012731552124023,
        "runtime": 0.41700029373168945
    },
    "46": {
        "score": 8.411553382873535,
        "runtime": 0.4519996643066406
    },
    "47": {
        "score": 8.189953804016113,
        "runtime": 0.43000197410583496
    },
    "48": {
        "score": 8.076473236083984,
        "runtime": 0.4400002956390381
    },
    "49": {
        "score": 8.499879837036133,
        "runtime": 0.43199944496154785
    },
    "50": {
        "score": 8.424138069152832,
        "runtime": 0.4010000228881836
    },
    "51": {
        "score": 8.1209135055542,
        "runtime": 0.421001672744751
    },
    "52": {
        "score": 7.989250183105469,
        "runtime": 0.4120006561279297
    },
    "53": {
        "score": 7.598718643188477,
        "runtime": 0.3990006446838379
    },
    "54": {
        "score": 8.186692237854004,
        "runtime": 0.4570014476776123
    },
    "55": {
        "score": 7.773191928863525,
        "runtime": 0.4939994812011719
    },
    "56": {
        "score": 8.698980331420898,
        "runtime": 0.4439983367919922
    },
    "57": {
        "score": 8.184732437133789,
        "runtime": 0.4399998188018799
    },
    "58": {
        "score": 8.275487899780273,
        "runtime": 0.45000147819519043
    },
    "59": {
        "score": 8.119503021240234,
        "runtime": 0.4609990119934082
    },
    "60": {
        "score": 8.418070793151855,
        "runtime": 0.46700143814086914
    },
    "61": {
        "score": 7.851192951202393,
        "runtime": 0.42799997329711914
    },
    "62": {
        "score": 9.172029495239258,
        "runtime": 0.42799806594848633
    },
    "63": {
        "score": 8.372709274291992,
        "runtime": 0.41499900817871094
    },
    "64": {
        "score": 7.7734551429748535,
        "runtime": 0.4790000915527344
    },
    "65": {
        "score": 8.484289169311523,
        "runtime": 0.4720008373260498
    },
    "66": {
        "score": 8.16423225402832,
        "runtime": 0.4570009708404541
    },
    "67": {
        "score": 8.187151908874512,
        "runtime": 0.4610013961791992
    },
    "68": {
        "score": 7.660372257232666,
        "runtime": 0.39800143241882324
    },
    "69": {
        "score": 7.661851406097412,
        "runtime": 0.44899892807006836
    },
    "70": {
        "score": 8.331483840942383,
        "runtime": 0.4500000476837158
    },
    "71": {
        "score": 7.409982204437256,
        "runtime": 0.43900036811828613
    },
    "72": {
        "score": 8.710746765136719,
        "runtime": 0.44700026512145996
    },
    "73": {
        "score": 8.199883460998535,
        "runtime": 0.39799928665161133
    },
    "74": {
        "score": 8.012746810913086,
        "runtime": 0.4630007743835449
    },
    "75": {
        "score": 7.98143196105957,
        "runtime": 0.428999662399292
    },
    "76": {
        "score": 7.958098888397217,
        "runtime": 0.4349994659423828
    },
    "77": {
        "score": 8.272869110107422,
        "runtime": 0.43600034713745117
    },
    "78": {
        "score": 7.9656982421875,
        "runtime": 0.43199968338012695
    },
    "79": {
        "score": 8.501567840576172,
        "runtime": 0.39800024032592773
    },
    "80": {
        "score": 7.856687068939209,
        "runtime": 0.44700026512145996
    },
    "81": {
        "score": 8.439664840698242,
        "runtime": 0.43900060653686523
    },
    "82": {
        "score": 7.4471588134765625,
        "runtime": 0.4250011444091797
    },
    "83": {
        "score": 7.313888072967529,
        "runtime": 0.42099976539611816
    },
    "84": {
        "score": 8.178162574768066,
        "runtime": 0.44100093841552734
    },
    "85": {
        "score": 8.2244873046875,