{
    "0": {
        "score": 7.8539557456970215,
        "runtime": 0.44900035858154297
    },
    "1": {
        "score": 8.546782493591309,
        "runtime": 0.42599964141845703
    },
    "2": {
        "score": 8.310343742370605,
        "runtime": 0.4809987545013428
    },
    "3": {
        "score": 8.219817161560059,
        "runtime": 0.44899916648864746
    },
    "4": {
        "score": 8.463434219360352,
        "runtime": 0.4270009994506836
    },
    "5": {
        "score": 8.134358406066895,
        "runtime": 0.4310009479522705
    },
    "6": {
        "score": 8.451786994934082,
        "runtime": 0.43400049209594727
    },
    "7": {
        "score": 8.370288848876953,
        "runtime": 0.44699954986572266
    },
    "8": {
        "score": 8.201078414916992,
        "runtime": 0.47499895095825195
    },
    "9": {
        "score": 8.077788352966309,
        "runtime": 0.4550015926361084
    },
    "10": {
        "score": 8.039334297180176,
        "runtime": 0.40399742126464844
    },
    "11": {
        "score": 7.864779472351074,
        "runtime": 0.44500041007995605
    },
    "12": {
        "score": 8.4395170211792,
        "runtime": 0.44100141525268555
    },
    "13": {
        "score": 7.7733659744262695,
        "runtime": 0.42299985885620117
    },
    "14": {
        "score": 8.249991416931152,
        "runtime": 0.3880009651184082
    },
    "15": {
        "score": 8.038969993591309,
        "runtime": 0.45999860763549805
    },
    "16": {
        "score": 8.150189399719238,
        "runtime": 0.46899938583374023
    },
    "17": {
        "score": 8.044825553894043,
        "runtime": 0.47300052642822266
    },
    "18": {
        "score": 8.134634971618652,
        "runtime": 0.44499874114990234
    },
    "19": {
        "score": 8.260066986083984,
        "runtime": 0.4220006465911865
    },
    "20": {
        "score": 8.713385581970215,
        "runtime": 0.4550004005432129
    },
    "21": {
        "score": 8.243840217590332,
        "runtime": 0.4360005855560303
    },
    "22": {
        "score": 7.795094013214111,
        "runtime": 0.43999791145324707
    },
    "23": {
        "score": 8.126986503601074,
        "runtime": 0.40799927711486816
    },
    "24": {
        "score": 7.9048638343811035,
        "runtime": 0.44899988174438477
    },
    "25": {
        "score": 8.160211563110352,
        "runtime": 0.4570002555847168
    },
    "26": {
        "score": 8.083784103393555,
        "runtime": 0.5099966526031494
    },
    "27": {
        "score": 7.909008979797363,
        "runtime": 0.4870007038116455
    },
    "28": {
        "score": 8.499039649963379,
        "runtime": 0.39200425148010254
    },
    "29": {
        "score": 7.583447456359863,
        "runtime": 0.4200003147125244
    },
    "30": {
        "score": 8.042743682861328,
        "runtime": 0.44899845123291016
    },
    "31": {
        "score": 8.181099891662598,
        "runtime": 0.44699978828430176
    },
    "32": {
        "score": 7.961421966552734,
        "runtime": 0.3710017204284668
    },
    "33": {
        "score": 8.211124420166016,
        "runtime": 0.4159984588623047
    },
    "34": {
        "score": 8.515851020812988,
        "runtime": 0.47099947929382324
    },
    "35": {
        "score": 8.136627197265625,
        "runtime": 0.44099974632263184
    },
    "36": {
        "score": 8.0299711227417,
        "runtime": 0.43600010871887207
    },
    "37": {
        "score": 7.836757659912109,
        "runtime": 0.4349994659423828
    },
    "38": {
        "score": 8.276201248168945,
        "runtime": 0.48599982261657715
    },
    "39": {
        "score": 7.916054725646973,
        "runtime": 0.4649989604949951
    },
    "40": {
        "score": 7.907264709472656,
        "runtime": 0.4659996032714844
    },
    "41": {
        "score": 7.978023529052734,
        "runtime": 0.4640007019042969
    },
    "42": {
        "score": 8.028803825378418,
        "runtime": 0.45999860763549805
    },
    "43": {
        "score": 8.209419250488281,
        "runtime": 0.4219977855682373
    },
    "44": {
        "score": 7.91143274307251,
        "runtime": 0.455000638961792
    },
    "45": {
        "score": 7.996062755584717,
        "runtime": 0.42799949645996094
    },
    "46": {
        "score": 8.326069831848145,
        "runtime": 0.48695969581604004
    },
    "47": {
        "score": 8.260750770568848,
        "runtime": 0.4519999027252197
    },
    "48": {
        "score": 8.041465759277344,
        "runtime": 0.4259989261627197
    },
    "49": {
        "score": 8.506865501403809,
        "runtime": 0.41900134086608887
    },
    "50": {
        "score": 9.053351402282715,
        "runtime": 0.4630007743835449
    },
    "51": {
        "score": 8.031797409057617,
        "runtime": 0.38900113105773926
    },
    "52": {
        "score": 7.924966812133789,
        "runtime": 0.4200005531311035
    },
    "53": {
        "score": 7.583394527435303,
        "runtime": 0.4570004940032959
    },
    "54": {
        "score": 8.140557289123535,
        "runtime": 0.4289991855621338
    },
    "55": {
        "score": 7.743189334869385,
        "runtime": 0.3919997215270996
    },
    "56": {
        "score": 8.693471908569336,
        "runtime": 0.4610004425048828
    },
    "57": {
        "score": 8.083134651184082,
        "runtime": 0.4479994773864746
    },
    "58": {
        "score": 8.292878150939941,
        "runtime": 0.4329996109008789
    },
    "59": {
        "score": 8.09704875946045,
        "runtime": 0.4610016345977783
    },
    "60": {
        "score": 8.269171714782715,
        "runtime": 0.4370002746582031
    },
    "61": {
        "score": 7.979050159454346,
        "runtime": 0.41500020027160645
    },
    "62": {
        "score": 8.797202110290527,
        "runtime": 0.4529991149902344
    },
    "63": {
        "score": 8.065691947937012,
        "runtime": 0.43300390243530273
    },
    "64": {
        "score": 7.732998847961426,
        "runtime": 0.41899967193603516
    },
    "65": {
        "score": 8.677051544189453,
        "runtime": 0.4759995937347412
    },
    "66": {
        "score": 8.377861022949219,
        "runtime": 0.4700005054473877
    },
    "67": {
        "score": 8.135793685913086,
        "runtime": 0.47099876403808594
    },
    "68": {
        "score": 7.799449920654297,
        "runtime": 0.4330015182495117
    },
    "69": {
        "score": 7.787865161895752,
        "runtime": 0.44299840927124023
    },
    "70": {
        "score": 8.44382095336914,
        "runtime": 0.4570019245147705
    },
    "71": {
        "score": 7.448675632476807,
        "runtime": 0.42799949645996094
    },
    "72": {
        "score": 8.649354934692383,
        "runtime": 0.39999890327453613
    },
    "73": {
        "score": 8.115970611572266,
        "runtime": 0.38700008392333984
    },
    "74": {
        "score": 8.054290771484375,
        "runtime": 0.40599966049194336
    },
    "75": {
        "score": 7.854297637939453,
        "runtime": 0.45800065994262695
    },
    "76": {
        "score": 8.020456314086914,
        "runtime": 0.44300007820129395
    },
    "77": {
        "score": 8.14060115814209,
        "runtime": 0.44499850273132324
    },
    "78": {
        "score": 7.979449272155762,
        "runtime": 0.44700074195861816
    },
    "79": {
        "score": 8.4628324508667,
        "runtime": 0.4519994258880615
    },
    "80": {
        "score": 7.687395095825195,
        "runtime": 0.4419987201690674
    },
    "81": {
        "score": 8.532769203186035,
        "runtime": 0.41899991035461426
    },
    "82": {
        "score": 7.420082092285156,
        "runtime": 0.43900060653686523
    },
    "83": {
        "score": 7.331422328948975,
        "runtime": 0.4420015811920166
    },
    "84": {
        "score": 8.448564529418945,
        "runtime": 0.4759984016418457
    },
    "85": {
        "score": 8.186578750610352,