{
    "epoch=247-train_score=15.67298": {
        "result_avg": {
            "score": 16.761937618255615,
            "runtime": 0.6462800788879395
        },
        "result_std": {
            "score": 3.9335908923458103,
            "runtime": 0.0008106381683879592
        }
    },
    "epoch=267-train_score=15.78909": {
        "result_avg": {
            "score": 16.525326166152954,
            "runtime": 0.6536995649337769
        },
        "result_std": {
            "score": 3.4348226821455516,
            "runtime": 0.0015007163363151216
        }
    },
    "epoch=93-train_score=15.80659": {
        "result_avg": {
            "score": 16.763352785110474,
            "runtime": 0.6538196563720703
        },
        "result_std": {
            "score": 4.100152154469271,
            "runtime": 0.001157449115496547
        }
    },
    "epoch=297-train_score=15.85876": {
        "result_avg": {
            "score": 16.854415006637574,
            "runtime": 0.653189880847931
        },
        "result_std": {
            "score": 3.103546423071188,
            "runtime": 0.0015238611783948447
        }
    },
    "epoch=293-train_score=15.82169": {
        "result_avg": {
            "score": 16.775577478408813,
            "runtime": 0.6561999273300171
        },
        "result_std": {
            "score": 4.259315548915605,
            "runtime": 0.0008905055872116689
        }
    }
}