{
    "0": {
        "score": 15.58324909210205,
        "runtime": 0.658001184463501
    },
    "1": {
        "score": 13.826025009155273,
        "runtime": 0.6319983005523682
    },
    "2": {
        "score": 17.425283432006836,
        "runtime": 0.6040003299713135
    },
    "3": {
        "score": 14.294987678527832,
        "runtime": 0.6330001354217529
    },
    "4": {
        "score": 15.75303840637207,
        "runtime": 0.6320006847381592
    },
    "5": {
        "score": 17.456829071044922,
        "runtime": 0.6319999694824219
    },
    "6": {
        "score": 17.227872848510742,
        "runtime": 0.6270003318786621
    },
    "7": {
        "score": 18.1175594329834,
        "runtime": 0.6859993934631348
    },
    "8": {
        "score": 20.423572540283203,
        "runtime": 0.6449987888336182
    },
    "9": {
        "score": 17.89634132385254,
        "runtime": 0.7039995193481445
    },
    "10": {
        "score": 18.283260345458984,
        "runtime": 0.6200006008148193
    },
    "11": {
        "score": 14.82153034210205,
        "runtime": 0.6579978466033936
    },
    "12": {
        "score": 19.109067916870117,
        "runtime": 0.680999755859375
    },
    "13": {
        "score": 15.900609970092773,
        "runtime": 0.6180016994476318
    },
    "14": {
        "score": 16.392545700073242,
        "runtime": 0.6120004653930664
    },
    "15": {
        "score": 15.243046760559082,
        "runtime": 0.6949973106384277
    },
    "16": {
        "score": 16.842220306396484,
        "runtime": 0.6249985694885254
    },
    "17": {
        "score": 16.803359985351562,
        "runtime": 0.5809988975524902
    },
    "18": {
        "score": 17.412010192871094,
        "runtime": 0.6620035171508789
    },
    "19": {
        "score": 19.094837188720703,
        "runtime": 0.6439998149871826
    },
    "20": {
        "score": 16.7603759765625,
        "runtime": 0.6760001182556152
    },
    "21": {
        "score": 17.65890884399414,
        "runtime": 0.6729989051818848
    },
    "22": {
        "score": 18.432931900024414,
        "runtime": 0.5979995727539062
    },
    "23": {
        "score": 16.92445945739746,
        "runtime": 0.6129992008209229
    },
    "24": {
        "score": 14.448235511779785,
        "runtime": 0.681999683380127
    },
    "25": {
        "score": 17.89590835571289,
        "runtime": 0.6770000457763672
    },
    "26": {
        "score": 22.461923599243164,
        "runtime": 0.6389997005462646
    },
    "27": {
        "score": 18.0898380279541,
        "runtime": 0.6300003528594971
    },
    "28": {
        "score": 17.097211837768555,
        "runtime": 0.6889958381652832
    },
    "29": {
        "score": 19.70254898071289,
        "runtime": 0.6619994640350342
    },
    "30": {
        "score": 15.477726936340332,
        "runtime": 0.6650009155273438
    },
    "31": {
        "score": 17.834808349609375,
        "runtime": 0.6670002937316895
    },
    "32": {
        "score": 16.128644943237305,
        "runtime": 0.6710007190704346
    },
    "33": {
        "score": 15.491192817687988,
        "runtime": 0.6640009880065918
    },
    "34": {
        "score": 14.205602645874023,
        "runtime": 0.6159980297088623
    },
    "35": {
        "score": 18.015811920166016,
        "runtime": 0.6650006771087646
    },
    "36": {
        "score": 15.450958251953125,
        "runtime": 0.6669983863830566
    },
    "37": {
        "score": 17.43389892578125,
        "runtime": 0.616999626159668
    },
    "38": {
        "score": 20.190937042236328,
        "runtime": 0.6920008659362793
    },
    "39": {
        "score": 14.112273216247559,
        "runtime": 0.6459977626800537
    },
    "40": {
        "score": 14.644697189331055,
        "runtime": 0.6669998168945312
    },
    "41": {
        "score": 13.559524536132812,
        "runtime": 0.7039992809295654
    },
    "42": {
        "score": 13.800786018371582,
        "runtime": 0.628000020980835
    },
    "43": {
        "score": 13.702377319335938,
        "runtime": 0.6999988555908203
    },
    "44": {
        "score": 16.103105545043945,
        "runtime": 0.6590003967285156
    },
    "45": {
        "score": 16.440834045410156,
        "runtime": 0.6129999160766602
    },
    "46": {
        "score": 14.265056610107422,
        "runtime": 0.6130013465881348
    },
    "47": {
        "score": 16.615076065063477,
        "runtime": 0.6739981174468994
    },
    "48": {
        "score": 19.589279174804688,
        "runtime": 0.6430010795593262
    },
    "49": {
        "score": 19.775192260742188,
        "runtime": 0.6949996948242188
    },
    "50": {
        "score": 17.086238861083984,
        "runtime": 0.6679978370666504
    },
    "51": {
        "score": 15.824892044067383,
        "runtime": 0.6699991226196289
    },
    "52": {
        "score": 17.253026962280273,
        "runtime": 0.6899979114532471
    },
    "53": {
        "score": 17.942394256591797,
        "runtime": 0.6360001564025879
    },
    "54": {
        "score": 19.032682418823242,
        "runtime": 0.6279983520507812
    },
    "55": {
        "score": 15.887752532958984,
        "runtime": 0.7299988269805908
    },
    "56": {
        "score": 14.030168533325195,
        "runtime": 0.6919999122619629
    },
    "57": {
        "score": 17.017385482788086,
        "runtime": 0.6729996204376221
    },
    "58": {
        "score": 14.469268798828125,
        "runtime": 0.6500017642974854
    },
    "59": {
        "score": 20.603118896484375,
        "runtime": 0.6879980564117432
    },
    "60": {
        "score": 13.761838912963867,
        "runtime": 0.6939990520477295
    },
    "61": {
        "score": 14.50926399230957,
        "runtime": 0.642998456954956
    },
    "62": {
        "score": 21.323131561279297,
        "runtime": 0.6250004768371582
    },
    "63": {
        "score": 16.47666358947754,
        "runtime": 0.6489996910095215
    },
    "64": {
        "score": 15.137208938598633,
        "runtime": 0.6880002021789551
    },
    "65": {
        "score": 22.288881301879883,
        "runtime": 0.6230003833770752
    },
    "66": {
        "score": 16.64950180053711,
        "runtime": 0.6569995880126953
    },
    "67": {
        "score": 15.121329307556152,
        "runtime": 0.6820001602172852
    },
    "68": {
        "score": 13.657594680786133,
        "runtime": 0.6620006561279297
    },
    "69": {
        "score": 16.89004135131836,
        "runtime": 0.6770007610321045
    },
    "70": {
        "score": 15.522172927856445,
        "runtime": 0.6210005283355713
    },
    "71": {
        "score": 15.637561798095703,
        "runtime": 0.6959984302520752
    },
    "72": {
        "score": 15.733522415161133,
        "runtime": 0.6209995746612549
    },
    "73": {
        "score": 19.48110580444336,
        "runtime": 0.6779990196228027
    },
    "74": {
        "score": 13.773998260498047,
        "runtime": 0.6590006351470947
    },
    "75": {
        "score": 14.504476547241211,
        "runtime": 0.6389992237091064
    },
    "76": {
        "score": 19.017078399658203,
        "runtime": 0.6920003890991211
    },
    "77": {
        "score": 17.914844512939453,
        "runtime": 0.6600000858306885
    },
    "78": {
        "score": 14.280401229858398,
        "runtime": 0.6700005531311035
    },
    "79": {
        "score": 16.01099967956543,
        "runtime": 0.7049989700317383
    },
    "80": {
        "score": 15.400582313537598,
        "runtime": 0.6409993171691895
    },
    "81": {
        "score": 16.42901611328125,
        "runtime": 0.6349987983703613
    },
    "82": {
        "score": 14.023199081420898,
        "runtime": 0.7079992294311523
    },
    "83": {
        "score": 18.348024368286133,
        "runtime": 0.6430270671844482
    },
    "84": {
        "score": 16.68478775024414,
        "runtime": 0.6470000743865967
    },