{
    "0": {
        "score": 6.812793254852295,
        "runtime": 1.680002212524414
    },
    "1": {
        "score": 6.812793254852295,
        "runtime": 1.701000690460205
    },
    "2": {
        "score": 6.812793254852295,
        "runtime": 1.7520005702972412
    },
    "3": {
        "score": 6.812793254852295,
        "runtime": 1.7030010223388672
    },
    "4": {
        "score": 6.812793254852295,
        "runtime": 1.7220003604888916
    },
    "5": {
        "score": 6.812793254852295,
        "runtime": 1.723999261856079
    },
    "6": {
        "score": 6.812793254852295,
        "runtime": 1.7350010871887207
    },
    "7": {
        "score": 6.812793254852295,
        "runtime": 1.6480000019073486
    },
    "8": {
        "score": 6.812793254852295,
        "runtime": 1.6850018501281738
    },
    "9": {
        "score": 6.812793254852295,
        "runtime": 1.737999439239502
    },
    "10": {
        "score": 6.812793254852295,
        "runtime": 1.6660006046295166
    },
    "11": {
        "score": 6.812793254852295,
        "runtime": 1.6960020065307617
    },
    "12": {
        "score": 6.812793254852295,
        "runtime": 1.7279984951019287
    },
    "13": {
        "score": 6.812793254852295,
        "runtime": 1.6720001697540283
    },
    "14": {
        "score": 6.812793254852295,
        "runtime": 1.7830009460449219
    },
    "15": {
        "score": 6.812793254852295,
        "runtime": 1.7540016174316406
    },
    "16": {
        "score": 6.812793254852295,
        "runtime": 1.6709997653961182
    },
    "17": {
        "score": 6.812793254852295,
        "runtime": 1.7479994297027588
    },
    "18": {
        "score": 6.812793254852295,
        "runtime": 1.751002311706543
    },
    "19": {
        "score": 6.812793254852295,
        "runtime": 1.6489975452423096
    },
    "20": {
        "score": 6.812793254852295,
        "runtime": 1.6939992904663086
    },
    "21": {
        "score": 6.812793254852295,
        "runtime": 1.7260003089904785
    },
    "22": {
        "score": 6.812793254852295,
        "runtime": 1.7760026454925537
    },
    "23": {
        "score": 6.812793254852295,
        "runtime": 1.6759989261627197
    },
    "24": {
        "score": 6.812793254852295,
        "runtime": 1.7079977989196777
    },
    "25": {
        "score": 6.812793254852295,
        "runtime": 1.7150020599365234
    },
    "26": {
        "score": 6.812793254852295,
        "runtime": 1.7090003490447998
    },
    "27": {
        "score": 6.812793254852295,
        "runtime": 1.7379975318908691
    },
    "28": {
        "score": 6.812793254852295,
        "runtime": 1.6849987506866455
    },
    "29": {
        "score": 6.812793254852295,
        "runtime": 1.672999382019043
    },
    "30": {
        "score": 6.812793254852295,
        "runtime": 1.6509993076324463
    },
    "31": {
        "score": 6.812793254852295,
        "runtime": 1.747999906539917
    },
    "32": {
        "score": 6.812793254852295,
        "runtime": 1.6599996089935303
    },
    "33": {
        "score": 6.812793254852295,
        "runtime": 1.755997657775879
    },
    "34": {
        "score": 6.812793254852295,
        "runtime": 1.6990046501159668
    },
    "35": {
        "score": 6.812793254852295,
        "runtime": 1.6900005340576172
    },
    "36": {
        "score": 6.812793254852295,
        "runtime": 1.7710003852844238
    },
    "37": {
        "score": 6.812793254852295,
        "runtime": 1.7640001773834229
    },
    "38": {
        "score": 6.812793254852295,
        "runtime": 1.6720008850097656
    },
    "39": {
        "score": 6.812793254852295,
        "runtime": 1.7720003128051758
    },
    "40": {
        "score": 6.812793254852295,
        "runtime": 1.757000207901001
    },
    "41": {
        "score": 6.812793254852295,
        "runtime": 1.6980011463165283
    },
    "42": {
        "score": 6.667882919311523,
        "runtime": 1.6819977760314941
    },
    "43": {
        "score": 6.812793254852295,
        "runtime": 1.694002628326416
    },
    "44": {
        "score": 6.812793254852295,
        "runtime": 1.7450025081634521
    },
    "45": {
        "score": 6.812793254852295,
        "runtime": 1.7210025787353516
    },
    "46": {
        "score": 6.812793254852295,
        "runtime": 1.7059988975524902
    },
    "47": {
        "score": 6.812793254852295,
        "runtime": 1.7620007991790771
    },
    "48": {
        "score": 6.812793254852295,
        "runtime": 1.7450015544891357
    },
    "49": {
        "score": 6.812793254852295,
        "runtime": 1.7400016784667969
    },
    "50": {
        "score": 6.812793254852295,
        "runtime": 1.7229983806610107
    },
    "51": {
        "score": 6.812793254852295,
        "runtime": 1.7509987354278564
    },
    "52": {
        "score": 6.812793254852295,
        "runtime": 1.767000436782837
    },
    "53": {
        "score": 6.812793254852295,
        "runtime": 1.7050018310546875
    },
    "54": {
        "score": 6.812793254852295,
        "runtime": 1.6720011234283447
    },
    "55": {
        "score": 6.812793254852295,
        "runtime": 1.782001256942749
    },
    "56": {
        "score": 6.812793254852295,
        "runtime": 1.7520008087158203
    },
    "57": {
        "score": 6.812793254852295,
        "runtime": 1.8279995918273926
    },
    "58": {
        "score": 6.812793254852295,
        "runtime": 1.7340009212493896
    },
    "59": {
        "score": 6.812793254852295,
        "runtime": 1.7110013961791992
    },
    "60": {
        "score": 6.812793254852295,
        "runtime": 1.7349979877471924
    },
    "61": {
        "score": 6.812793254852295,
        "runtime": 1.698997974395752
    },
    "62": {
        "score": 6.812793254852295,
        "runtime": 1.7369983196258545
    },
    "63": {
        "score": 6.812793254852295,
        "runtime": 1.7280006408691406
    },
    "64": {
        "score": 6.812793254852295,
        "runtime": 1.6579999923706055
    },
    "65": {
        "score": 6.683434963226318,
        "runtime": 1.7490026950836182
    },
    "66": {
        "score": 6.812793254852295,
        "runtime": 1.6910016536712646
    },
    "67": {
        "score": 6.812793254852295,
        "runtime": 1.6889986991882324
    },
    "68": {
        "score": 6.812793254852295,
        "runtime": 1.694998025894165
    },
    "69": {
        "score": 6.812793254852295,
        "runtime": 1.7109997272491455
    },
    "70": {
        "score": 6.812793254852295,
        "runtime": 1.763000249862671
    },
    "71": {
        "score": 6.812793254852295,
        "runtime": 1.670999526977539
    },
    "72": {
        "score": 6.812793254852295,
        "runtime": 1.770002841949463
    },
    "73": {
        "score": 6.812793254852295,
        "runtime": 1.7079994678497314
    },
    "74": {
        "score": 6.812793254852295,
        "runtime": 1.6669998168945312
    },
    "75": {
        "score": 6.812793254852295,
        "runtime": 1.7479991912841797
    },
    "76": {
        "score": 6.812793254852295,
        "runtime": 1.6920011043548584
    },
    "77": {
        "score": 6.812793254852295,
        "runtime": 1.75
    },
    "78": {
        "score": 6.960389137268066,
        "runtime": 1.7149991989135742
    },
    "79": {
        "score": 6.812793254852295,
        "runtime": 1.7130005359649658
    },
    "80": {
        "score": 6.667882919311523,
        "runtime": 1.7129993438720703
    },
    "81": {
        "score": 6.812793254852295,
        "runtime": 1.7030014991760254
    },
    "82": {
        "score": 6.812793254852295,
        "runtime": 1.7080025672912598
    },
    "83": {
        "score": 6.960389137268066,
        "runtime": 1.7609994411468506
    },
    "84": {
        "score": 6.812793254852295,
        "runtime": 1.7679979801177979
    },
    "85": {
        "score": 6.812793254852295,
        "runtime": 1.7790005207061768
    },