{
    "0": {
        "score": 10.56968879699707,
        "runtime": 21.12748122215271
    },
    "1": {
        "score": 10.56968879699707,
        "runtime": 20.489484310150146
    },
    "2": {
        "score": 11.458585739135742,
        "runtime": 20.354001760482788
    },
    "3": {
        "score": 10.56968879699707,
        "runtime": 20.15900182723999
    },
    "4": {
        "score": 11.458585739135742,
        "runtime": 21.191997528076172
    },
    "5": {
        "score": 10.56968879699707,
        "runtime": 20.27300190925598
    },
    "6": {
        "score": 10.56968879699707,
        "runtime": 20.424000024795532
    },
    "7": {
        "score": 10.56968879699707,
        "runtime": 20.15000009536743
    },
    "8": {
        "score": 11.458585739135742,
        "runtime": 21.11900019645691
    },
    "9": {
        "score": 10.56968879699707,
        "runtime": 20.466001510620117
    },
    "10": {
        "score": 11.458585739135742,
        "runtime": 20.59600281715393
    },
    "11": {
        "score": 11.458585739135742,
        "runtime": 20.667999744415283
    },
    "12": {
        "score": 10.56968879699707,
        "runtime": 20.44899845123291
    },
    "13": {
        "score": 10.56968879699707,
        "runtime": 20.20700240135193
    },
    "14": {
        "score": 11.458585739135742,
        "runtime": 20.582000732421875
    },
    "15": {
        "score": 11.458585739135742,
        "runtime": 20.64003038406372
    },
    "16": {
        "score": 11.458585739135742,
        "runtime": 20.330002546310425
    },
    "17": {
        "score": 11.458585739135742,
        "runtime": 20.70699954032898
    },
    "18": {
        "score": 11.458585739135742,
        "runtime": 20.259000778198242
    },
    "19": {
        "score": 11.458585739135742,
        "runtime": 20.29600214958191
    },
    "20": {
        "score": 11.458585739135742,
        "runtime": 20.70800018310547
    },
    "21": {
        "score": 11.458585739135742,
        "runtime": 20.496999979019165
    },
    "22": {
        "score": 11.458585739135742,
        "runtime": 20.978001832962036
    },
    "23": {
        "score": 10.56968879699707,
        "runtime": 20.258002281188965
    },
    "24": {
        "score": 11.458585739135742,
        "runtime": 20.594999313354492
    },
    "25": {
        "score": 11.458585739135742,
        "runtime": 21.26399803161621
    },
    "26": {
        "score": 10.56968879699707,
        "runtime": 20.3079993724823
    },
    "27": {
        "score": 10.56968879699707,
        "runtime": 20.32299780845642
    },
    "28": {
        "score": 11.458585739135742,
        "runtime": 20.75400185585022
    },
    "29": {
        "score": 11.458585739135742,
        "runtime": 20.418999195098877
    },
    "30": {
        "score": 11.458585739135742,
        "runtime": 20.73200011253357
    },
    "31": {
        "score": 11.458585739135742,
        "runtime": 21.705997705459595
    },
    "32": {
        "score": 11.458585739135742,
        "runtime": 20.569000482559204
    },
    "33": {
        "score": 10.56968879699707,
        "runtime": 20.380024433135986
    },
    "34": {
        "score": 11.458585739135742,
        "runtime": 20.791998147964478
    },
    "35": {
        "score": 10.56968879699707,
        "runtime": 20.97847628593445
    },
    "36": {
        "score": 11.458585739135742,
        "runtime": 21.078002214431763
    },
    "37": {
        "score": 11.458585739135742,
        "runtime": 21.359999656677246
    },
    "38": {
        "score": 11.458585739135742,
        "runtime": 20.56500005722046
    },
    "39": {
        "score": 11.458585739135742,
        "runtime": 20.663002014160156
    },
    "40": {
        "score": 11.458585739135742,
        "runtime": 20.48300004005432
    },
    "41": {
        "score": 11.458585739135742,
        "runtime": 21.286996364593506
    },
    "42": {
        "score": 10.56968879699707,
        "runtime": 20.302002668380737
    },
    "43": {
        "score": 11.458585739135742,
        "runtime": 21.036000728607178
    },
    "44": {
        "score": 11.458585739135742,
        "runtime": 20.249000072479248
    },
    "45": {
        "score": 11.458585739135742,
        "runtime": 21.27899932861328
    },
    "46": {
        "score": 10.56968879699707,
        "runtime": 20.545002698898315
    },
    "47": {
        "score": 11.458585739135742,
        "runtime": 20.571000337600708
    },
    "48": {
        "score": 10.56968879699707,
        "runtime": 20.283002376556396
    },
    "49": {
        "score": 11.458585739135742,
        "runtime": 21.039998531341553
    },
    "50": {
        "score": 10.56968879699707,
        "runtime": 20.50600028038025
    },
    "51": {
        "score": 11.458585739135742,
        "runtime": 20.824000120162964
    },
    "52": {
        "score": 10.56968879699707,
        "runtime": 20.853999614715576
    },
    "53": {
        "score": 11.458585739135742,
        "runtime": 20.523998498916626
    },
    "54": {
        "score": 10.56968879699707,
        "runtime": 20.581470251083374
    },
    "55": {
        "score": 11.458585739135742,
        "runtime": 20.69999885559082
    },
    "56": {
        "score": 11.458585739135742,
        "runtime": 20.574000120162964
    },
    "57": {
        "score": 11.458585739135742,
        "runtime": 20.507001876831055
    },
    "58": {
        "score": 11.458585739135742,
        "runtime": 20.88699960708618
    },
    "59": {
        "score": 11.488282203674316,
        "runtime": 20.86000156402588
    },
    "60": {
        "score": 11.458585739135742,
        "runtime": 20.73200035095215
    },
    "61": {
        "score": 11.458585739135742,
        "runtime": 20.721269607543945
    },
    "62": {
        "score": 11.458585739135742,
        "runtime": 21.056015968322754
    },
    "63": {
        "score": 11.458585739135742,
        "runtime": 20.8550021648407
    },
    "64": {
        "score": 10.56968879699707,
        "runtime": 20.557000637054443
    },
    "65": {
        "score": 11.458585739135742,
        "runtime": 20.263999700546265
    },
    "66": {
        "score": 10.56968879699707,
        "runtime": 20.32300114631653
    },
    "67": {
        "score": 10.56968879699707,
        "runtime": 21.257001161575317
    },
    "68": {
        "score": 11.458585739135742,
        "runtime": 20.174002647399902
    },
    "69": {
        "score": 10.56968879699707,
        "runtime": 21.1139976978302
    },
    "70": {
        "score": 11.458585739135742,
        "runtime": 20.511000156402588
    },
    "71": {
        "score": 10.56968879699707,
        "runtime": 20.295001983642578
    },
    "72": {
        "score": 10.56968879699707,
        "runtime": 20.661999225616455
    },
    "73": {
        "score": 10.56968879699707,
        "runtime": 20.436999320983887
    },
    "74": {
        "score": 11.458585739135742,
        "runtime": 20.539999961853027
    },
    "75": {
        "score": 10.56968879699707,
        "runtime": 20.36900019645691
    },
    "76": {
        "score": 11.458585739135742,
        "runtime": 20.80900001525879
    },
    "77": {
        "score": 11.458585739135742,
        "runtime": 20.702001333236694
    },
    "78": {
        "score": 11.458585739135742,
        "runtime": 21.15600085258484
    },
    "79": {
        "score": 11.458585739135742,
        "runtime": 20.542999982833862
    },
    "80": {
        "score": 11.458585739135742,
        "runtime": 20.552000761032104
    },
    "81": {
        "score": 10.56968879699707,
        "runtime": 21.53599977493286
    },
    "82": {
        "score": 10.56968879699707,
        "runtime": 20.463000059127808
    },
    "83": {
        "score": 11.458585739135742,
        "runtime": 20.580997705459595
    },
    "84": {
        "score": 11.458585739135742,
        "runtime": 20.672001838684082
    },
    "85": {
        "score": 11.458585739135742,