{
    "0": {
        "score": 6.812793254852295,
        "runtime": 1.6380014419555664
    },
    "1": {
        "score": 6.812793254852295,
        "runtime": 1.6959986686706543
    },
    "2": {
        "score": 6.812793254852295,
        "runtime": 1.767003059387207
    },
    "3": {
        "score": 6.812793254852295,
        "runtime": 1.752000331878662
    },
    "4": {
        "score": 6.812793254852295,
        "runtime": 1.7180004119873047
    },
    "5": {
        "score": 6.812793254852295,
        "runtime": 1.7370002269744873
    },
    "6": {
        "score": 6.812793254852295,
        "runtime": 1.6939990520477295
    },
    "7": {
        "score": 6.812793254852295,
        "runtime": 1.7150001525878906
    },
    "8": {
        "score": 6.812793254852295,
        "runtime": 1.7189981937408447
    },
    "9": {
        "score": 6.812793254852295,
        "runtime": 1.6939997673034668
    },
    "10": {
        "score": 6.812793254852295,
        "runtime": 1.7340011596679688
    },
    "11": {
        "score": 6.812793254852295,
        "runtime": 1.7000017166137695
    },
    "12": {
        "score": 6.812793254852295,
        "runtime": 1.812997579574585
    },
    "13": {
        "score": 6.812793254852295,
        "runtime": 1.7919988632202148
    },
    "14": {
        "score": 6.812793254852295,
        "runtime": 1.7399990558624268
    },
    "15": {
        "score": 6.683434963226318,
        "runtime": 1.78200101852417
    },
    "16": {
        "score": 6.812793254852295,
        "runtime": 1.722001075744629
    },
    "17": {
        "score": 6.812793254852295,
        "runtime": 1.7309997081756592
    },
    "18": {
        "score": 6.812793254852295,
        "runtime": 1.7419979572296143
    },
    "19": {
        "score": 6.812793254852295,
        "runtime": 1.6690022945404053
    },
    "20": {
        "score": 6.812793254852295,
        "runtime": 1.735999345779419
    },
    "21": {
        "score": 6.812793254852295,
        "runtime": 1.708998203277588
    },
    "22": {
        "score": 6.812793254852295,
        "runtime": 1.702002763748169
    },
    "23": {
        "score": 6.812793254852295,
        "runtime": 1.7530004978179932
    },
    "24": {
        "score": 6.683434963226318,
        "runtime": 1.7390003204345703
    },
    "25": {
        "score": 6.812793254852295,
        "runtime": 1.7470028400421143
    },
    "26": {
        "score": 6.812793254852295,
        "runtime": 1.6820008754730225
    },
    "27": {
        "score": 6.683434963226318,
        "runtime": 1.839998722076416
    },
    "28": {
        "score": 6.812793254852295,
        "runtime": 1.7330012321472168
    },
    "29": {
        "score": 6.812793254852295,
        "runtime": 1.810999870300293
    },
    "30": {
        "score": 6.812793254852295,
        "runtime": 1.7729988098144531
    },
    "31": {
        "score": 6.812793254852295,
        "runtime": 1.6769988536834717
    },
    "32": {
        "score": 6.812793254852295,
        "runtime": 1.7550017833709717
    },
    "33": {
        "score": 6.812793254852295,
        "runtime": 1.742002248764038
    },
    "34": {
        "score": 6.812793254852295,
        "runtime": 1.768998622894287
    },
    "35": {
        "score": 6.812793254852295,
        "runtime": 1.7045180797576904
    },
    "36": {
        "score": 6.812793254852295,
        "runtime": 1.7669999599456787
    },
    "37": {
        "score": 6.812793254852295,
        "runtime": 1.7500011920928955
    },
    "38": {
        "score": 6.812793254852295,
        "runtime": 1.6499977111816406
    },
    "39": {
        "score": 6.812793254852295,
        "runtime": 1.728999137878418
    },
    "40": {
        "score": 6.812793254852295,
        "runtime": 1.7219998836517334
    },
    "41": {
        "score": 6.812793254852295,
        "runtime": 1.797999620437622
    },
    "42": {
        "score": 6.812793254852295,
        "runtime": 1.7100014686584473
    },
    "43": {
        "score": 6.812793254852295,
        "runtime": 1.7800021171569824
    },
    "44": {
        "score": 6.812793254852295,
        "runtime": 1.7539989948272705
    },
    "45": {
        "score": 6.812793254852295,
        "runtime": 1.67099928855896
    },
    "46": {
        "score": 6.812793254852295,
        "runtime": 1.7430031299591064
    },
    "47": {
        "score": 6.812793254852295,
        "runtime": 1.7889995574951172
    },
    "48": {
        "score": 6.812793254852295,
        "runtime": 1.6930010318756104
    },
    "49": {
        "score": 6.812793254852295,
        "runtime": 1.713003396987915
    },
    "50": {
        "score": 6.812793254852295,
        "runtime": 1.741001844406128
    },
    "51": {
        "score": 6.812793254852295,
        "runtime": 1.7559425830841064
    },
    "52": {
        "score": 6.812793254852295,
        "runtime": 1.709001064300537
    },
    "53": {
        "score": 6.812793254852295,
        "runtime": 1.7170028686523438
    },
    "54": {
        "score": 6.812793254852295,
        "runtime": 1.7669978141784668
    },
    "55": {
        "score": 6.812793254852295,
        "runtime": 1.7809998989105225
    },
    "56": {
        "score": 6.812793254852295,
        "runtime": 1.7509980201721191
    },
    "57": {
        "score": 6.812793254852295,
        "runtime": 1.7290012836456299
    },
    "58": {
        "score": 6.812793254852295,
        "runtime": 1.6890006065368652
    },
    "59": {
        "score": 6.812793254852295,
        "runtime": 1.7130000591278076
    },
    "60": {
        "score": 6.812793254852295,
        "runtime": 1.7620022296905518
    },
    "61": {
        "score": 6.812793254852295,
        "runtime": 1.7999985218048096
    },
    "62": {
        "score": 6.812793254852295,
        "runtime": 1.6689984798431396
    },
    "63": {
        "score": 6.812793254852295,
        "runtime": 1.7390010356903076
    },
    "64": {
        "score": 6.812793254852295,
        "runtime": 1.7109992504119873
    },
    "65": {
        "score": 6.812793254852295,
        "runtime": 1.739001750946045
    },
    "66": {
        "score": 6.812793254852295,
        "runtime": 1.7120003700256348
    },
    "67": {
        "score": 6.812793254852295,
        "runtime": 1.8020002841949463
    },
    "68": {
        "score": 6.812793254852295,
        "runtime": 1.7749998569488525
    },
    "69": {
        "score": 6.812793254852295,
        "runtime": 1.7739965915679932
    },
    "70": {
        "score": 6.812793254852295,
        "runtime": 1.7079994678497314
    },
    "71": {
        "score": 6.812793254852295,
        "runtime": 1.826000452041626
    },
    "72": {
        "score": 6.812793254852295,
        "runtime": 1.6919984817504883
    },
    "73": {
        "score": 6.812793254852295,
        "runtime": 1.7419991493225098
    },
    "74": {
        "score": 6.812793254852295,
        "runtime": 1.804002285003662
    },
    "75": {
        "score": 6.812793254852295,
        "runtime": 1.7919988632202148
    },
    "76": {
        "score": 6.812793254852295,
        "runtime": 1.735999584197998
    },
    "77": {
        "score": 6.812793254852295,
        "runtime": 1.6819987297058105
    },
    "78": {
        "score": 6.812793254852295,
        "runtime": 1.6710007190704346
    },
    "79": {
        "score": 6.812793254852295,
        "runtime": 1.7970006465911865
    },
    "80": {
        "score": 6.812793254852295,
        "runtime": 1.7149996757507324
    },
    "81": {
        "score": 6.812793254852295,
        "runtime": 1.7560012340545654
    },
    "82": {
        "score": 6.812793254852295,
        "runtime": 1.7970013618469238
    },
    "83": {
        "score": 6.812793254852295,
        "runtime": 1.743999719619751
    },
    "84": {
        "score": 6.812793254852295,
        "runtime": 1.7900018692016602
    },
    "85": {
        "score": 6.812793254852295,
        "runtime": 1.6840007305145264
    },