{
    "0": {
        "score": 6.960389137268066,
        "runtime": 1.7309987545013428
    },
    "1": {
        "score": 6.960389137268066,
        "runtime": 1.7200000286102295
    },
    "2": {
        "score": 6.960389137268066,
        "runtime": 1.7300021648406982
    },
    "3": {
        "score": 6.960389137268066,
        "runtime": 1.6959984302520752
    },
    "4": {
        "score": 6.960389137268066,
        "runtime": 1.7499983310699463
    },
    "5": {
        "score": 6.960389137268066,
        "runtime": 1.8219969272613525
    },
    "6": {
        "score": 6.960389137268066,
        "runtime": 1.7830007076263428
    },
    "7": {
        "score": 6.960389137268066,
        "runtime": 1.8240008354187012
    },
    "8": {
        "score": 6.960389137268066,
        "runtime": 1.7220003604888916
    },
    "9": {
        "score": 6.960389137268066,
        "runtime": 1.7220003604888916
    },
    "10": {
        "score": 6.960389137268066,
        "runtime": 1.7220003604888916
    },
    "11": {
        "score": 6.960389137268066,
        "runtime": 1.7319984436035156
    },
    "12": {
        "score": 6.960389137268066,
        "runtime": 1.7749979496002197
    },
    "13": {
        "score": 6.960389137268066,
        "runtime": 1.732001781463623
    },
    "14": {
        "score": 6.960389137268066,
        "runtime": 1.7390010356903076
    },
    "15": {
        "score": 6.960389137268066,
        "runtime": 1.7469987869262695
    },
    "16": {
        "score": 6.960389137268066,
        "runtime": 1.7279996871948242
    },
    "17": {
        "score": 6.960389137268066,
        "runtime": 1.7640013694763184
    },
    "18": {
        "score": 6.960389137268066,
        "runtime": 1.7940003871917725
    },
    "19": {
        "score": 6.960389137268066,
        "runtime": 1.7499995231628418
    },
    "20": {
        "score": 6.960389137268066,
        "runtime": 1.741999626159668
    },
    "21": {
        "score": 6.960389137268066,
        "runtime": 1.719999074935913
    },
    "22": {
        "score": 6.960389137268066,
        "runtime": 1.75699782371521
    },
    "23": {
        "score": 6.960389137268066,
        "runtime": 1.755000114440918
    },
    "24": {
        "score": 6.960389137268066,
        "runtime": 1.7289986610412598
    },
    "25": {
        "score": 6.960389137268066,
        "runtime": 1.6919994354248047
    },
    "26": {
        "score": 6.960389137268066,
        "runtime": 1.7470002174377441
    },
    "27": {
        "score": 6.960389137268066,
        "runtime": 1.7320010662078857
    },
    "28": {
        "score": 6.960389137268066,
        "runtime": 1.68399977684021
    },
    "29": {
        "score": 6.960389137268066,
        "runtime": 1.8120007514953613
    },
    "30": {
        "score": 6.960389137268066,
        "runtime": 1.7289986610412598
    },
    "31": {
        "score": 6.960389137268066,
        "runtime": 1.789001226425171
    },
    "32": {
        "score": 6.960389137268066,
        "runtime": 1.7530012130737305
    },
    "33": {
        "score": 6.960389137268066,
        "runtime": 1.7680027484893799
    },
    "34": {
        "score": 6.960389137268066,
        "runtime": 1.7210018634796143
    },
    "35": {
        "score": 6.960389137268066,
        "runtime": 1.71699857711792
    },
    "36": {
        "score": 6.960389137268066,
        "runtime": 1.7759969234466553
    },
    "37": {
        "score": 6.960389137268066,
        "runtime": 1.6549997329711914
    },
    "38": {
        "score": 6.960389137268066,
        "runtime": 1.7520008087158203
    },
    "39": {
        "score": 6.960389137268066,
        "runtime": 1.7199995517730713
    },
    "40": {
        "score": 6.960389137268066,
        "runtime": 1.7470011711120605
    },
    "41": {
        "score": 6.960389137268066,
        "runtime": 1.6489999294281006
    },
    "42": {
        "score": 6.960389137268066,
        "runtime": 1.6770000457763672
    },
    "43": {
        "score": 6.960389137268066,
        "runtime": 1.7219996452331543
    },
    "44": {
        "score": 6.960389137268066,
        "runtime": 1.7680013179779053
    },
    "45": {
        "score": 6.960389137268066,
        "runtime": 1.6839981079101562
    },
    "46": {
        "score": 6.960389137268066,
        "runtime": 1.7169990539550781
    },
    "47": {
        "score": 6.960389137268066,
        "runtime": 1.7270007133483887
    },
    "48": {
        "score": 6.960389137268066,
        "runtime": 1.736999750137329
    },
    "49": {
        "score": 6.960389137268066,
        "runtime": 1.7520015239715576
    },
    "50": {
        "score": 6.960389137268066,
        "runtime": 1.698000192642212
    },
    "51": {
        "score": 6.960389137268066,
        "runtime": 1.7784621715545654
    },
    "52": {
        "score": 6.960389137268066,
        "runtime": 1.7040002346038818
    },
    "53": {
        "score": 6.960389137268066,
        "runtime": 1.7030000686645508
    },
    "54": {
        "score": 6.960389137268066,
        "runtime": 1.76200270652771
    },
    "55": {
        "score": 6.960389137268066,
        "runtime": 1.7550005912780762
    },
    "56": {
        "score": 6.960389137268066,
        "runtime": 1.740997314453125
    },
    "57": {
        "score": 6.960389137268066,
        "runtime": 1.7350006103515625
    },
    "58": {
        "score": 6.960389137268066,
        "runtime": 1.7660002708435059
    },
    "59": {
        "score": 6.960389137268066,
        "runtime": 1.744999647140503
    },
    "60": {
        "score": 6.960389137268066,
        "runtime": 1.7009968757629395
    },
    "61": {
        "score": 6.960389137268066,
        "runtime": 1.7310006618499756
    },
    "62": {
        "score": 6.960389137268066,
        "runtime": 1.7799992561340332
    },
    "63": {
        "score": 6.960389137268066,
        "runtime": 1.7739996910095215
    },
    "64": {
        "score": 6.960389137268066,
        "runtime": 1.694002389907837
    },
    "65": {
        "score": 6.960389137268066,
        "runtime": 1.7109997272491455
    },
    "66": {
        "score": 6.960389137268066,
        "runtime": 1.7300002574920654
    },
    "67": {
        "score": 6.960389137268066,
        "runtime": 1.729001522064209
    },
    "68": {
        "score": 6.960389137268066,
        "runtime": 1.7679998874664307
    },
    "69": {
        "score": 6.960389137268066,
        "runtime": 1.7579998970031738
    },
    "70": {
        "score": 6.960389137268066,
        "runtime": 1.7039999961853027
    },
    "71": {
        "score": 6.960389137268066,
        "runtime": 1.7059998512268066
    },
    "72": {
        "score": 6.960389137268066,
        "runtime": 1.7280001640319824
    },
    "73": {
        "score": 6.960389137268066,
        "runtime": 1.764998197555542
    },
    "74": {
        "score": 6.960389137268066,
        "runtime": 1.7699999809265137
    },
    "75": {
        "score": 6.960389137268066,
        "runtime": 1.6749980449676514
    },
    "76": {
        "score": 6.960389137268066,
        "runtime": 1.769998550415039
    },
    "77": {
        "score": 6.960389137268066,
        "runtime": 1.69700026512146
    },
    "78": {
        "score": 6.960389137268066,
        "runtime": 1.7280025482177734
    },
    "79": {
        "score": 6.960389137268066,
        "runtime": 1.7220005989074707
    },
    "80": {
        "score": 6.960389137268066,
        "runtime": 1.723999261856079
    },
    "81": {
        "score": 6.960389137268066,
        "runtime": 1.752000093460083
    },
    "82": {
        "score": 6.960389137268066,
        "runtime": 1.7090001106262207
    },
    "83": {
        "score": 6.960389137268066,
        "runtime": 1.76900053024292
    },
    "84": {
        "score": 6.960389137268066,
        "runtime": 1.7089996337890625
    },
    "85": {
        "score": 6.960389137268066,
        "runtime": 1.7659988403320312
    },