{
    "0": {
        "score": 7.963590145111084,
        "runtime": 115.02897524833679
    },
    "1": {
        "score": 8.479191780090332,
        "runtime": 114.73239064216614
    },
    "2": {
        "score": 8.142135620117188,
        "runtime": 114.33156609535217
    },
    "3": {
        "score": 8.291033744812012,
        "runtime": 113.69420456886292
    },
    "4": {
        "score": 8.455586433410645,
        "runtime": 115.9263744354248
    },
    "5": {
        "score": 7.760758876800537,
        "runtime": 116.07874131202698
    },
    "6": {
        "score": 8.073928833007812,
        "runtime": 114.13193798065186
    },
    "7": {
        "score": 8.247800827026367,
        "runtime": 115.7280547618866
    },
    "8": {
        "score": 7.7255940437316895,
        "runtime": 114.81801986694336
    },
    "9": {
        "score": 7.859454154968262,
        "runtime": 116.16084814071655
    },
    "10": {
        "score": 8.074629783630371,
        "runtime": 116.243243932724
    },
    "11": {
        "score": 7.8109564781188965,
        "runtime": 115.2844467163086
    },
    "12": {
        "score": 8.37747859954834,
        "runtime": 115.07630348205566
    },
    "13": {
        "score": 7.790041923522949,
        "runtime": 116.08233308792114
    },
    "14": {
        "score": 8.111391067504883,
        "runtime": 116.31537961959839
    },
    "15": {
        "score": 8.076411247253418,
        "runtime": 116.01434063911438
    },
    "16": {
        "score": 8.058918952941895,
        "runtime": 115.81716084480286
    },
    "17": {
        "score": 8.027832984924316,
        "runtime": 114.25287580490112
    },
    "18": {
        "score": 8.076574325561523,
        "runtime": 116.22804141044617
    },
    "19": {
        "score": 8.484764099121094,
        "runtime": 115.47322249412537
    },
    "20": {
        "score": 8.142152786254883,
        "runtime": 114.47065448760986
    },
    "21": {
        "score": 8.298859596252441,
        "runtime": 115.87820148468018
    },
    "22": {
        "score": 7.8298163414001465,
        "runtime": 115.89897966384888
    },
    "23": {
        "score": 8.101963996887207,
        "runtime": 116.33685684204102
    },
    "24": {
        "score": 7.461770057678223,
        "runtime": 115.72223687171936
    },
    "25": {
        "score": 8.246356964111328,
        "runtime": 116.22330784797668
    },
    "26": {
        "score": 8.222342491149902,
        "runtime": 115.69742274284363
    },
    "27": {
        "score": 7.958079814910889,
        "runtime": 115.13606309890747
    },
    "28": {
        "score": 8.425992965698242,
        "runtime": 115.61778450012207
    },
    "29": {
        "score": 7.637945175170898,
        "runtime": 116.67974662780762
    },
    "30": {
        "score": 8.005145072937012,
        "runtime": 116.76430654525757
    },
    "31": {
        "score": 7.852048397064209,
        "runtime": 115.57180213928223
    },
    "32": {
        "score": 7.65293025970459,
        "runtime": 114.70530366897583
    },
    "33": {
        "score": 8.060818672180176,
        "runtime": 116.33121228218079
    },
    "34": {
        "score": 8.098339080810547,
        "runtime": 115.83505153656006
    },
    "35": {
        "score": 8.120184898376465,
        "runtime": 116.1818733215332
    },
    "36": {
        "score": 8.070653915405273,
        "runtime": 115.61692142486572
    },
    "37": {
        "score": 8.026162147521973,
        "runtime": 114.82107305526733
    },
    "38": {
        "score": 7.934825897216797,
        "runtime": 114.94132947921753
    },
    "39": {
        "score": 7.548222064971924,
        "runtime": 116.53171038627625
    },
    "40": {
        "score": 8.023055076599121,
        "runtime": 116.40790343284607
    },
    "41": {
        "score": 7.9569807052612305,
        "runtime": 115.93346977233887
    },
    "42": {
        "score": 7.866657257080078,
        "runtime": 115.34531545639038
    },
    "43": {
        "score": 8.015266418457031,
        "runtime": 113.95456171035767
    },
    "44": {
        "score": 7.871505260467529,
        "runtime": 116.56684136390686
    },
    "45": {
        "score": 7.81242561340332,
        "runtime": 115.74875998497009
    },
    "46": {
        "score": 8.514660835266113,
        "runtime": 116.69182634353638
    },
    "47": {
        "score": 8.08925724029541,
        "runtime": 116.41438293457031
    },
    "48": {
        "score": 8.118935585021973,
        "runtime": 115.30767297744751
    },
    "49": {
        "score": 8.579747200012207,
        "runtime": 115.17968034744263
    },
    "50": {
        "score": 8.406121253967285,
        "runtime": 115.88980793952942
    },
    "51": {
        "score": 8.077553749084473,
        "runtime": 115.3176281452179
    },
    "52": {
        "score": 8.140422821044922,
        "runtime": 116.42448449134827
    },
    "53": {
        "score": 7.583072185516357,
        "runtime": 115.49278998374939
    },
    "54": {
        "score": 8.506305694580078,
        "runtime": 116.4584801197052
    },
    "55": {
        "score": 7.950623512268066,
        "runtime": 116.247967004776
    },
    "56": {
        "score": 8.233320236206055,
        "runtime": 116.6488585472107
    },
    "57": {
        "score": 8.089468955993652,
        "runtime": 115.93402791023254
    },
    "58": {
        "score": 8.328910827636719,
        "runtime": 115.10710525512695
    },
    "59": {
        "score": 7.587692737579346,
        "runtime": 115.55752825737
    },
    "60": {
        "score": 7.9902753829956055,
        "runtime": 115.61499905586243
    },
    "61": {
        "score": 8.094457626342773,
        "runtime": 116.28873682022095
    },
    "62": {
        "score": 8.174280166625977,
        "runtime": 115.56269025802612
    },
    "63": {
        "score": 7.839296817779541,
        "runtime": 116.82354378700256
    },
    "64": {
        "score": 7.773037433624268,
        "runtime": 115.44016599655151
    },
    "65": {
        "score": 8.51589584350586,
        "runtime": 116.3292167186737
    },
    "66": {
        "score": 8.345891952514648,
        "runtime": 115.66208052635193
    },
    "67": {
        "score": 8.078754425048828,
        "runtime": 115.17037224769592
    },
    "68": {
        "score": 7.735805988311768,
        "runtime": 115.81173944473267
    },
    "69": {
        "score": 7.765367031097412,
        "runtime": 115.10094618797302
    },
    "70": {
        "score": 8.47911548614502,
        "runtime": 115.8591103553772
    },
    "71": {
        "score": 7.427579879760742,
        "runtime": 115.97096180915833
    },
    "72": {
        "score": 8.109125137329102,
        "runtime": 115.15484952926636
    },
    "73": {
        "score": 8.300179481506348,
        "runtime": 116.4785053730011
    },
    "74": {
        "score": 7.8061041831970215,
        "runtime": 114.5169677734375
    },
    "75": {
        "score": 8.021653175354004,
        "runtime": 115.18911719322205
    },
    "76": {
        "score": 8.156593322753906,
        "runtime": 114.4314558506012
    },
    "77": {
        "score": 8.121121406555176,
        "runtime": 114.77455711364746
    },
    "78": {
        "score": 7.86941385269165,
        "runtime": 114.10089135169983
    },
    "79": {
        "score": 8.085984230041504,
        "runtime": 116.823894739151
    },
    "80": {
        "score": 7.686245441436768,
        "runtime": 116.98681044578552
    },
    "81": {
        "score": 7.897406578063965,
        "runtime": 123.48985290527344
    },
    "82": {
        "score": 7.655588150024414,
        "runtime": 135.5860879421234
    },
    "83": {
        "score": 7.327454566955566,
        "runtime": 119.62800025939941
    },
    "84": {
        "score": 7.890723705291748,
        "runtime": 114.5559983253479
    },
    "85": {
        "score": 8.035917282104492,
        "runtime": 115.8016664981842
    },