{
    "0": {
        "score": 8.023327827453613,
        "runtime": 115.0063123703003
    },
    "1": {
        "score": 8.450470924377441,
        "runtime": 115.0233805179596
    },
    "2": {
        "score": 8.21060562133789,
        "runtime": 114.51788902282715
    },
    "3": {
        "score": 8.34154987335205,
        "runtime": 114.37823724746704
    },
    "4": {
        "score": 8.652688980102539,
        "runtime": 114.73639488220215
    },
    "5": {
        "score": 7.654203414916992,
        "runtime": 115.49126362800598
    },
    "6": {
        "score": 8.110308647155762,
        "runtime": 114.85196113586426
    },
    "7": {
        "score": 8.396885871887207,
        "runtime": 114.61335492134094
    },
    "8": {
        "score": 7.720444202423096,
        "runtime": 114.5700204372406
    },
    "9": {
        "score": 7.9719319343566895,
        "runtime": 115.34784626960754
    },
    "10": {
        "score": 8.070086479187012,
        "runtime": 116.28169465065002
    },
    "11": {
        "score": 7.782869815826416,
        "runtime": 114.82950592041016
    },
    "12": {
        "score": 8.204362869262695,
        "runtime": 115.1370964050293
    },
    "13": {
        "score": 7.781270980834961,
        "runtime": 115.39184832572937
    },
    "14": {
        "score": 8.116557121276855,
        "runtime": 115.8339729309082
    },
    "15": {
        "score": 8.03941535949707,
        "runtime": 114.35374760627747
    },
    "16": {
        "score": 8.01491928100586,
        "runtime": 115.93697309494019
    },
    "17": {
        "score": 8.112195014953613,
        "runtime": 115.04080367088318
    },
    "18": {
        "score": 8.104225158691406,
        "runtime": 116.8471417427063
    },
    "19": {
        "score": 8.459844589233398,
        "runtime": 116.51677799224854
    },
    "20": {
        "score": 8.07606029510498,
        "runtime": 116.33037614822388
    },
    "21": {
        "score": 9.037620544433594,
        "runtime": 115.76576566696167
    },
    "22": {
        "score": 7.902531147003174,
        "runtime": 116.18998551368713
    },
    "23": {
        "score": 8.218338966369629,
        "runtime": 116.0788369178772
    },
    "24": {
        "score": 7.6436662673950195,
        "runtime": 116.06324625015259
    },
    "25": {
        "score": 8.423559188842773,
        "runtime": 115.57905960083008
    },
    "26": {
        "score": 8.293222427368164,
        "runtime": 114.84250831604004
    },
    "27": {
        "score": 8.05715560913086,
        "runtime": 115.56410908699036
    },
    "28": {
        "score": 8.677427291870117,
        "runtime": 116.22230672836304
    },
    "29": {
        "score": 7.659231185913086,
        "runtime": 117.05426669120789
    },
    "30": {
        "score": 8.14530086517334,
        "runtime": 115.40286254882812
    },
    "31": {
        "score": 7.890830993652344,
        "runtime": 115.30113196372986
    },
    "32": {
        "score": 7.701521396636963,
        "runtime": 114.73938608169556
    },
    "33": {
        "score": 8.044615745544434,
        "runtime": 115.26215767860413
    },
    "34": {
        "score": 8.356144905090332,
        "runtime": 114.67407274246216
    },
    "35": {
        "score": 8.169655799865723,
        "runtime": 115.21290254592896
    },
    "36": {
        "score": 8.15101432800293,
        "runtime": 116.41745734214783
    },
    "37": {
        "score": 8.074962615966797,
        "runtime": 115.95512843132019
    },
    "38": {
        "score": 8.04112720489502,
        "runtime": 115.66832518577576
    },
    "39": {
        "score": 7.626486301422119,
        "runtime": 117.018709897995
    },
    "40": {
        "score": 8.028033256530762,
        "runtime": 114.99691390991211
    },
    "41": {
        "score": 7.846043109893799,
        "runtime": 115.72498655319214
    },
    "42": {
        "score": 7.83833646774292,
        "runtime": 116.26822900772095
    },
    "43": {
        "score": 8.085297584533691,
        "runtime": 115.4930944442749
    },
    "44": {
        "score": 7.798552513122559,
        "runtime": 115.62483501434326
    },
    "45": {
        "score": 7.893162250518799,
        "runtime": 116.29875898361206
    },
    "46": {
        "score": 8.582834243774414,
        "runtime": 115.97174549102783
    },
    "47": {
        "score": 8.090800285339355,
        "runtime": 114.68331718444824
    },
    "48": {
        "score": 8.264097213745117,
        "runtime": 116.26618456840515
    },
    "49": {
        "score": 8.620521545410156,
        "runtime": 116.76146078109741
    },
    "50": {
        "score": 8.34035587310791,
        "runtime": 115.24585366249084
    },
    "51": {
        "score": 8.023978233337402,
        "runtime": 114.66496634483337
    },
    "52": {
        "score": 8.293330192565918,
        "runtime": 116.27451372146606
    },
    "53": {
        "score": 7.554540634155273,
        "runtime": 115.52651381492615
    },
    "54": {
        "score": 8.411294937133789,
        "runtime": 115.82237100601196
    },
    "55": {
        "score": 7.998279094696045,
        "runtime": 116.66894388198853
    },
    "56": {
        "score": 8.246511459350586,
        "runtime": 115.80648493766785
    },
    "57": {
        "score": 8.089468955993652,
        "runtime": 116.4325122833252
    },
    "58": {
        "score": 8.253338813781738,
        "runtime": 114.34218716621399
    },
    "59": {
        "score": 7.642603874206543,
        "runtime": 114.60109257698059
    },
    "60": {
        "score": 7.996150016784668,
        "runtime": 114.97992944717407
    },
    "61": {
        "score": 8.238859176635742,
        "runtime": 115.43722200393677
    },
    "62": {
        "score": 8.177510261535645,
        "runtime": 114.24472832679749
    },
    "63": {
        "score": 7.975952625274658,
        "runtime": 115.37251234054565
    },
    "64": {
        "score": 7.772919654846191,
        "runtime": 116.0674180984497
    },
    "65": {
        "score": 8.593222618103027,
        "runtime": 114.50924301147461
    },
    "66": {
        "score": 8.40293025970459,
        "runtime": 115.5775351524353
    },
    "67": {
        "score": 8.031267166137695,
        "runtime": 115.56737446784973
    },
    "68": {
        "score": 7.821735858917236,
        "runtime": 115.18222165107727
    },
    "69": {
        "score": 7.844076633453369,
        "runtime": 115.80094933509827
    },
    "70": {
        "score": 8.530467987060547,
        "runtime": 115.89412808418274
    },
    "71": {
        "score": 7.478264808654785,
        "runtime": 115.03354597091675
    },
    "72": {
        "score": 8.32830810546875,
        "runtime": 115.06647539138794
    },
    "73": {
        "score": 8.200531005859375,
        "runtime": 116.39150142669678
    },
    "74": {
        "score": 7.823381423950195,
        "runtime": 115.72573685646057
    },
    "75": {
        "score": 7.778100967407227,
        "runtime": 114.33393836021423
    },
    "76": {
        "score": 8.191849708557129,
        "runtime": 113.19334673881531
    },
    "77": {
        "score": 8.275294303894043,
        "runtime": 113.93434643745422
    },
    "78": {
        "score": 7.875741481781006,
        "runtime": 115.39114165306091
    },
    "79": {
        "score": 8.102499008178711,
        "runtime": 115.56541514396667
    },
    "80": {
        "score": 7.542368412017822,
        "runtime": 115.91435050964355
    },
    "81": {
        "score": 7.902590751647949,
        "runtime": 125.63589715957642
    },
    "82": {
        "score": 7.560791015625,
        "runtime": 137.26357984542847
    },
    "83": {
        "score": 7.368610858917236,
        "runtime": 119.10473465919495
    },
    "84": {
        "score": 7.739932060241699,
        "runtime": 113.98100280761719
    },
    "85": {
        "score": 8.0730562210083,
        "runtime": 115.50014734268188
    },