{
    "epoch=117-train_score=10.39672": {
        "result_avg": {
            "score": 11.083818321228028,
            "runtime": 20.733396148681642
        },
        "result_std": {
            "score": 0.001804789586481642,
            "runtime": 0.10460948704308289
        }
    },
    "epoch=125-train_score=10.40668": {
        "result_avg": {
            "score": 11.042489728927613,
            "runtime": 20.87644052743912
        },
        "result_std": {
            "score": 0.0002251573239354,
            "runtime": 0.1100260280228082
        }
    },
    "epoch=171-train_score=10.41639": {
        "result_avg": {
            "score": 11.052311887741089,
            "runtime": 20.67219198703766
        },
        "result_std": {
            "score": 0.0030548118727255326,
            "runtime": 0.06384594528416462
        }
    },
    "epoch=37-train_score=10.43144": {
        "result_avg": {
            "score": 10.872116804122925,
            "runtime": 20.637012085914613
        },
        "result_std": {
            "score": 0.0018784894406849162,
            "runtime": 0.10235229025543299
        }
    },
    "epoch=195-train_score=10.45409": {
        "result_avg": {
            "score": 11.023560752868653,
            "runtime": 20.705305957794188
        },
        "result_std": {
            "score": 0.00032880054927081836,
            "runtime": 0.0896726443921637
        }
    }
}