{
    "0": {
        "score": 10.855362892150879,
        "runtime": 20.985997200012207
    },
    "1": {
        "score": 10.855362892150879,
        "runtime": 20.658000230789185
    },
    "2": {
        "score": 10.855362892150879,
        "runtime": 20.860999584197998
    },
    "3": {
        "score": 10.855362892150879,
        "runtime": 20.707998752593994
    },
    "4": {
        "score": 10.984189987182617,
        "runtime": 20.752997636795044
    },
    "5": {
        "score": 10.855362892150879,
        "runtime": 20.381000995635986
    },
    "6": {
        "score": 10.855362892150879,
        "runtime": 21.017999172210693
    },
    "7": {
        "score": 10.855362892150879,
        "runtime": 20.655998945236206
    },
    "8": {
        "score": 10.984189987182617,
        "runtime": 20.818000555038452
    },
    "9": {
        "score": 10.855362892150879,
        "runtime": 20.75400137901306
    },
    "10": {
        "score": 10.855362892150879,
        "runtime": 20.528000593185425
    },
    "11": {
        "score": 10.984189987182617,
        "runtime": 20.540999174118042
    },
    "12": {
        "score": 10.984189987182617,
        "runtime": 20.78800058364868
    },
    "13": {
        "score": 10.855362892150879,
        "runtime": 20.452001333236694
    },
    "14": {
        "score": 10.855362892150879,
        "runtime": 20.36100149154663
    },
    "15": {
        "score": 10.855362892150879,
        "runtime": 20.378000736236572
    },
    "16": {
        "score": 10.855362892150879,
        "runtime": 20.21799874305725
    },
    "17": {
        "score": 10.855362892150879,
        "runtime": 20.49499797821045
    },
    "18": {
        "score": 10.855362892150879,
        "runtime": 20.322002172470093
    },
    "19": {
        "score": 10.855362892150879,
        "runtime": 20.494001150131226
    },
    "20": {
        "score": 10.855362892150879,
        "runtime": 20.314000368118286
    },
    "21": {
        "score": 10.855362892150879,
        "runtime": 20.565999031066895
    },
    "22": {
        "score": 10.855362892150879,
        "runtime": 20.158000946044922
    },
    "23": {
        "score": 10.855362892150879,
        "runtime": 20.416001319885254
    },
    "24": {
        "score": 10.855362892150879,
        "runtime": 20.493000507354736
    },
    "25": {
        "score": 10.984189987182617,
        "runtime": 21.38100004196167
    },
    "26": {
        "score": 10.855362892150879,
        "runtime": 20.517999410629272
    },
    "27": {
        "score": 10.855362892150879,
        "runtime": 21.380001306533813
    },
    "28": {
        "score": 10.855362892150879,
        "runtime": 20.36100149154663
    },
    "29": {
        "score": 10.855362892150879,
        "runtime": 20.626001834869385
    },
    "30": {
        "score": 10.855362892150879,
        "runtime": 20.221999645233154
    },
    "31": {
        "score": 10.855362892150879,
        "runtime": 20.815999746322632
    },
    "32": {
        "score": 10.855362892150879,
        "runtime": 20.28200101852417
    },
    "33": {
        "score": 10.855362892150879,
        "runtime": 20.744999170303345
    },
    "34": {
        "score": 10.984189987182617,
        "runtime": 20.26800036430359
    },
    "35": {
        "score": 10.855362892150879,
        "runtime": 20.94200110435486
    },
    "36": {
        "score": 10.855362892150879,
        "runtime": 20.794999599456787
    },
    "37": {
        "score": 10.855362892150879,
        "runtime": 21.191999197006226
    },
    "38": {
        "score": 10.855362892150879,
        "runtime": 20.439002990722656
    },
    "39": {
        "score": 10.855362892150879,
        "runtime": 21.367000341415405
    },
    "40": {
        "score": 10.855362892150879,
        "runtime": 20.640002489089966
    },
    "41": {
        "score": 10.855362892150879,
        "runtime": 21.093483209609985
    },
    "42": {
        "score": 10.855362892150879,
        "runtime": 20.544998168945312
    },
    "43": {
        "score": 10.855362892150879,
        "runtime": 21.22499966621399
    },
    "44": {
        "score": 10.855362892150879,
        "runtime": 20.817001342773438
    },
    "45": {
        "score": 10.855362892150879,
        "runtime": 21.022013664245605
    },
    "46": {
        "score": 10.855362892150879,
        "runtime": 20.63000178337097
    },
    "47": {
        "score": 10.855362892150879,
        "runtime": 20.410998344421387
    },
    "48": {
        "score": 10.855362892150879,
        "runtime": 20.282002210617065
    },
    "49": {
        "score": 10.855362892150879,
        "runtime": 20.587997913360596
    },
    "50": {
        "score": 10.855362892150879,
        "runtime": 20.796628952026367
    },
    "51": {
        "score": 10.855362892150879,
        "runtime": 20.30600070953369
    },
    "52": {
        "score": 10.855362892150879,
        "runtime": 20.373069763183594
    },
    "53": {
        "score": 10.855362892150879,
        "runtime": 20.210999488830566
    },
    "54": {
        "score": 10.855362892150879,
        "runtime": 21.11899995803833
    },
    "55": {
        "score": 10.855362892150879,
        "runtime": 20.618000507354736
    },
    "56": {
        "score": 10.855362892150879,
        "runtime": 20.88200354576111
    },
    "57": {
        "score": 10.855362892150879,
        "runtime": 20.496999263763428
    },
    "58": {
        "score": 10.855362892150879,
        "runtime": 20.393495798110962
    },
    "59": {
        "score": 10.855362892150879,
        "runtime": 20.508001565933228
    },
    "60": {
        "score": 10.855362892150879,
        "runtime": 20.52499747276306
    },
    "61": {
        "score": 10.855362892150879,
        "runtime": 20.35299849510193
    },
    "62": {
        "score": 10.984189987182617,
        "runtime": 21.10399866104126
    },
    "63": {
        "score": 10.984189987182617,
        "runtime": 20.549002408981323
    },
    "64": {
        "score": 10.855362892150879,
        "runtime": 20.268999814987183
    },
    "65": {
        "score": 10.855362892150879,
        "runtime": 20.51300048828125
    },
    "66": {
        "score": 10.855362892150879,
        "runtime": 20.526999950408936
    },
    "67": {
        "score": 10.855362892150879,
        "runtime": 20.21300172805786
    },
    "68": {
        "score": 10.855362892150879,
        "runtime": 20.49948811531067
    },
    "69": {
        "score": 10.855362892150879,
        "runtime": 20.502000093460083
    },
    "70": {
        "score": 10.855362892150879,
        "runtime": 20.581000089645386
    },
    "71": {
        "score": 10.984189987182617,
        "runtime": 20.620001316070557
    },
    "72": {
        "score": 10.855362892150879,
        "runtime": 20.81799864768982
    },
    "73": {
        "score": 10.855362892150879,
        "runtime": 21.060998916625977
    },
    "74": {
        "score": 10.855362892150879,
        "runtime": 21.082000255584717
    },
    "75": {
        "score": 10.855362892150879,
        "runtime": 20.636998653411865
    },
    "76": {
        "score": 10.984189987182617,
        "runtime": 20.10246992111206
    },
    "77": {
        "score": 10.855362892150879,
        "runtime": 20.17699956893921
    },
    "78": {
        "score": 10.855362892150879,
        "runtime": 20.77800178527832
    },
    "79": {
        "score": 10.984509468078613,
        "runtime": 20.44400119781494
    },
    "80": {
        "score": 10.855362892150879,
        "runtime": 20.485002040863037
    },
    "81": {
        "score": 10.855362892150879,
        "runtime": 20.57200050354004
    },
    "82": {
        "score": 10.855362892150879,
        "runtime": 20.868999481201172
    },
    "83": {
        "score": 10.855362892150879,
        "runtime": 21.325514793395996
    },
    "84": {
        "score": 10.855362892150879,
        "runtime": 20.592001914978027
    },