{
    "0": {
        "score": 11.127730369567871,
        "runtime": 20.922998189926147
    },
    "1": {
        "score": 11.042498588562012,
        "runtime": 20.84199833869934
    },
    "2": {
        "score": 11.042498588562012,
        "runtime": 20.851999521255493
    },
    "3": {
        "score": 11.127730369567871,
        "runtime": 21.242998361587524
    },
    "4": {
        "score": 11.042498588562012,
        "runtime": 20.098000526428223
    },
    "5": {
        "score": 11.042498588562012,
        "runtime": 20.494999647140503
    },
    "6": {
        "score": 11.042498588562012,
        "runtime": 20.612000703811646
    },
    "7": {
        "score": 11.042498588562012,
        "runtime": 20.64899969100952
    },
    "8": {
        "score": 11.127730369567871,
        "runtime": 20.775002479553223
    },
    "9": {
        "score": 11.042498588562012,
        "runtime": 20.748002290725708
    },
    "10": {
        "score": 11.042498588562012,
        "runtime": 20.576003551483154
    },
    "11": {
        "score": 11.033915519714355,
        "runtime": 21.291999340057373
    },
    "12": {
        "score": 11.127730369567871,
        "runtime": 20.63200044631958
    },
    "13": {
        "score": 11.127730369567871,
        "runtime": 20.36299967765808
    },
    "14": {
        "score": 11.042498588562012,
        "runtime": 20.187002182006836
    },
    "15": {
        "score": 11.127730369567871,
        "runtime": 20.51500153541565
    },
    "16": {
        "score": 11.042498588562012,
        "runtime": 20.405014276504517
    },
    "17": {
        "score": 11.127730369567871,
        "runtime": 20.56100082397461
    },
    "18": {
        "score": 11.127730369567871,
        "runtime": 20.348000049591064
    },
    "19": {
        "score": 11.042498588562012,
        "runtime": 20.706000089645386
    },
    "20": {
        "score": 11.042498588562012,
        "runtime": 20.48999857902527
    },
    "21": {
        "score": 11.042498588562012,
        "runtime": 20.531999349594116
    },
    "22": {
        "score": 11.127730369567871,
        "runtime": 20.932013034820557
    },
    "23": {
        "score": 11.127730369567871,
        "runtime": 20.454001665115356
    },
    "24": {
        "score": 11.042498588562012,
        "runtime": 21.165998697280884
    },
    "25": {
        "score": 11.042498588562012,
        "runtime": 20.56500005722046
    },
    "26": {
        "score": 11.042498588562012,
        "runtime": 20.706998348236084
    },
    "27": {
        "score": 11.127730369567871,
        "runtime": 20.845998764038086
    },
    "28": {
        "score": 11.042498588562012,
        "runtime": 20.84800100326538
    },
    "29": {
        "score": 11.042498588562012,
        "runtime": 20.614999294281006
    },
    "30": {
        "score": 11.127730369567871,
        "runtime": 21.209001779556274
    },
    "31": {
        "score": 11.042498588562012,
        "runtime": 20.73399829864502
    },
    "32": {
        "score": 11.127730369567871,
        "runtime": 20.60400080680847
    },
    "33": {
        "score": 11.042498588562012,
        "runtime": 20.35099744796753
    },
    "34": {
        "score": 11.127730369567871,
        "runtime": 20.939997911453247
    },
    "35": {
        "score": 11.127730369567871,
        "runtime": 20.71200132369995
    },
    "36": {
        "score": 11.127730369567871,
        "runtime": 20.884999990463257
    },
    "37": {
        "score": 11.042498588562012,
        "runtime": 20.69300103187561
    },
    "38": {
        "score": 11.042498588562012,
        "runtime": 20.27000117301941
    },
    "39": {
        "score": 11.127730369567871,
        "runtime": 20.694998264312744
    },
    "40": {
        "score": 11.042498588562012,
        "runtime": 21.062001943588257
    },
    "41": {
        "score": 11.127730369567871,
        "runtime": 20.312000036239624
    },
    "42": {
        "score": 11.127730369567871,
        "runtime": 21.193000555038452
    },
    "43": {
        "score": 11.042498588562012,
        "runtime": 20.49999761581421
    },
    "44": {
        "score": 11.127730369567871,
        "runtime": 21.24399733543396
    },
    "45": {
        "score": 11.127730369567871,
        "runtime": 20.627000093460083
    },
    "46": {
        "score": 11.127730369567871,
        "runtime": 21.24000096321106
    },
    "47": {
        "score": 11.042498588562012,
        "runtime": 20.40900206565857
    },
    "48": {
        "score": 11.127730369567871,
        "runtime": 20.88199734687805
    },
    "49": {
        "score": 11.042498588562012,
        "runtime": 20.851001501083374
    },
    "50": {
        "score": 11.042498588562012,
        "runtime": 20.596999883651733
    },
    "51": {
        "score": 11.127730369567871,
        "runtime": 20.834002017974854
    },
    "52": {
        "score": 11.042498588562012,
        "runtime": 20.481070041656494
    },
    "53": {
        "score": 11.127730369567871,
        "runtime": 21.024000644683838
    },
    "54": {
        "score": 11.042498588562012,
        "runtime": 20.750001668930054
    },
    "55": {
        "score": 11.127730369567871,
        "runtime": 21.338000297546387
    },
    "56": {
        "score": 11.127730369567871,
        "runtime": 20.627002239227295
    },
    "57": {
        "score": 11.042498588562012,
        "runtime": 20.803001880645752
    },
    "58": {
        "score": 11.127730369567871,
        "runtime": 20.436017751693726
    },
    "59": {
        "score": 11.042498588562012,
        "runtime": 20.355997800827026
    },
    "60": {
        "score": 11.042498588562012,
        "runtime": 21.985996961593628
    },
    "61": {
        "score": 11.042498588562012,
        "runtime": 20.700000047683716
    },
    "62": {
        "score": 11.127730369567871,
        "runtime": 20.77899932861328
    },
    "63": {
        "score": 11.127730369567871,
        "runtime": 20.617000102996826
    },
    "64": {
        "score": 11.042498588562012,
        "runtime": 21.554999589920044
    },
    "65": {
        "score": 11.127730369567871,
        "runtime": 20.434000492095947
    },
    "66": {
        "score": 11.127730369567871,
        "runtime": 20.907002210617065
    },
    "67": {
        "score": 11.127730369567871,
        "runtime": 20.53199863433838
    },
    "68": {
        "score": 11.042498588562012,
        "runtime": 21.405000925064087
    },
    "69": {
        "score": 11.042498588562012,
        "runtime": 20.454001426696777
    },
    "70": {
        "score": 11.042498588562012,
        "runtime": 20.447999715805054
    },
    "71": {
        "score": 11.127730369567871,
        "runtime": 20.93499994277954
    },
    "72": {
        "score": 11.127730369567871,
        "runtime": 20.848997354507446
    },
    "73": {
        "score": 11.127730369567871,
        "runtime": 20.63300132751465
    },
    "74": {
        "score": 11.127730369567871,
        "runtime": 20.62500238418579
    },
    "75": {
        "score": 11.127730369567871,
        "runtime": 20.710999965667725
    },
    "76": {
        "score": 11.042498588562012,
        "runtime": 21.03199791908264
    },
    "77": {
        "score": 11.042498588562012,
        "runtime": 20.984997034072876
    },
    "78": {
        "score": 11.042498588562012,
        "runtime": 20.643999814987183
    },
    "79": {
        "score": 11.127730369567871,
        "runtime": 20.068000316619873
    },
    "80": {
        "score": 11.042498588562012,
        "runtime": 20.70300006866455
    },
    "81": {
        "score": 11.127730369567871,
        "runtime": 20.85300087928772
    },
    "82": {
        "score": 11.127730369567871,
        "runtime": 20.613002061843872
    },
    "83": {
        "score": 11.127730369567871,
        "runtime": 20.814481496810913
    },
    "84": {
        "score": 11.127730369567871,
        "runtime": 21.014999628067017
    },