{
    "0": {
        "score": 5.69064998626709,
        "runtime": 11.335125207901001
    },
    "1": {
        "score": 6.155826091766357,
        "runtime": 10.992932319641113
    },
    "2": {
        "score": 6.218859672546387,
        "runtime": 10.963481664657593
    },
    "3": {
        "score": 6.019261837005615,
        "runtime": 10.946969032287598
    },
    "4": {
        "score": 5.758479118347168,
        "runtime": 11.07140851020813
    },
    "5": {
        "score": 5.812621593475342,
        "runtime": 10.885714054107666
    },
    "6": {
        "score": 6.071447372436523,
        "runtime": 11.091912031173706
    },
    "7": {
        "score": 6.065482139587402,
        "runtime": 10.836443424224854
    },
    "8": {
        "score": 5.767615795135498,
        "runtime": 11.012945652008057
    },
    "9": {
        "score": 6.381467342376709,
        "runtime": 11.428966999053955
    },
    "10": {
        "score": 5.751590728759766,
        "runtime": 10.960443496704102
    },
    "11": {
        "score": 5.12148380279541,
        "runtime": 11.110958576202393
    },
    "12": {
        "score": 5.920711040496826,
        "runtime": 11.057516813278198
    },
    "13": {
        "score": 5.749359130859375,
        "runtime": 10.851877689361572
    },
    "14": {
        "score": 6.001717567443848,
        "runtime": 10.603973388671875
    },
    "15": {
        "score": 6.03359842300415,
        "runtime": 11.009995222091675
    },
    "16": {
        "score": 5.591521263122559,
        "runtime": 10.896445512771606
    },
    "17": {
        "score": 5.47195291519165,
        "runtime": 11.01395034790039
    },
    "18": {
        "score": 5.820853233337402,
        "runtime": 11.02293610572815
    },
    "19": {
        "score": 5.571242332458496,
        "runtime": 11.188950777053833
    },
    "20": {
        "score": 5.439564228057861,
        "runtime": 10.888877153396606
    },
    "21": {
        "score": 5.830796718597412,
        "runtime": 10.848465204238892
    },
    "22": {
        "score": 5.874357223510742,
        "runtime": 10.989942073822021
    },
    "23": {
        "score": 5.661653995513916,
        "runtime": 11.311435461044312
    },
    "24": {
        "score": 5.8091020584106445,
        "runtime": 11.004983186721802
    },
    "25": {
        "score": 6.227479934692383,
        "runtime": 11.215460062026978
    },
    "26": {
        "score": 5.704553127288818,
        "runtime": 10.831979990005493
    },
    "27": {
        "score": 5.780109405517578,
        "runtime": 10.968477964401245
    },
    "28": {
        "score": 5.830541133880615,
        "runtime": 10.851953983306885
    },
    "29": {
        "score": 6.069036483764648,
        "runtime": 10.770693063735962
    },
    "30": {
        "score": 5.893190860748291,
        "runtime": 10.944945812225342
    },
    "31": {
        "score": 5.657261371612549,
        "runtime": 10.886691093444824
    },
    "32": {
        "score": 5.880220890045166,
        "runtime": 10.994482278823853
    },
    "33": {
        "score": 5.609893798828125,
        "runtime": 10.902987003326416
    },
    "34": {
        "score": 5.696276664733887,
        "runtime": 10.948888063430786
    },
    "35": {
        "score": 5.779253959655762,
        "runtime": 10.970877885818481
    },
    "36": {
        "score": 5.892236232757568,
        "runtime": 11.16850757598877
    },
    "37": {
        "score": 6.491082668304443,
        "runtime": 10.913475513458252
    },
    "38": {
        "score": 5.60870885848999,
        "runtime": 10.890178680419922
    },
    "39": {
        "score": 6.129616737365723,
        "runtime": 11.17984676361084
    },
    "40": {
        "score": 5.625700950622559,
        "runtime": 10.951432228088379
    },
    "41": {
        "score": 5.741351127624512,
        "runtime": 10.973438501358032
    },
    "42": {
        "score": 5.955741882324219,
        "runtime": 10.733382940292358
    },
    "43": {
        "score": 6.5352959632873535,
        "runtime": 10.832168579101562
    },
    "44": {
        "score": 5.445080757141113,
        "runtime": 10.954984664916992
    },
    "45": {
        "score": 5.798792362213135,
        "runtime": 10.982984781265259
    },
    "46": {
        "score": 6.102735996246338,
        "runtime": 11.012935876846313
    },
    "47": {
        "score": 5.659748554229736,
        "runtime": 10.905398845672607
    },
    "48": {
        "score": 5.590330600738525,
        "runtime": 10.894944190979004
    },
    "49": {
        "score": 6.145212173461914,
        "runtime": 10.980976343154907
    },
    "50": {
        "score": 6.148552894592285,
        "runtime": 10.94397783279419
    },
    "51": {
        "score": 5.976573944091797,
        "runtime": 10.914487838745117
    },
    "52": {
        "score": 6.3256940841674805,
        "runtime": 11.072912454605103
    },
    "53": {
        "score": 5.5042548179626465,
        "runtime": 11.307228088378906
    },
    "54": {
        "score": 5.8000264167785645,
        "runtime": 10.826972723007202
    },
    "55": {
        "score": 5.955252647399902,
        "runtime": 11.070002794265747
    },
    "56": {
        "score": 6.1917948722839355,
        "runtime": 11.046454906463623
    },
    "57": {
        "score": 5.638641834259033,
        "runtime": 11.059746503829956
    },
    "58": {
        "score": 5.730618000030518,
        "runtime": 11.049973011016846
    },
    "59": {
        "score": 5.735616683959961,
        "runtime": 11.025960683822632
    },
    "60": {
        "score": 6.364154815673828,
        "runtime": 11.047925233840942
    },
    "61": {
        "score": 5.726799964904785,
        "runtime": 11.054697036743164
    },
    "62": {
        "score": 5.8128814697265625,
        "runtime": 11.21250033378601
    },
    "63": {
        "score": 5.5953168869018555,
        "runtime": 11.100457429885864
    },
    "64": {
        "score": 5.6673383712768555,
        "runtime": 10.855423927307129
    },
    "65": {
        "score": 5.760947227478027,
        "runtime": 11.318989753723145
    },
    "66": {
        "score": 5.635595798492432,
        "runtime": 10.779454231262207
    },
    "67": {
        "score": 5.431697845458984,
        "runtime": 11.100467920303345
    },
    "68": {
        "score": 5.8765387535095215,
        "runtime": 10.936476707458496
    },
    "69": {
        "score": 5.433464050292969,
        "runtime": 10.936479806900024
    },
    "70": {
        "score": 6.058794975280762,
        "runtime": 10.952905893325806
    },
    "71": {
        "score": 5.677016258239746,
        "runtime": 11.032962083816528
    },
    "72": {
        "score": 6.1120100021362305,
        "runtime": 10.937468767166138
    },
    "73": {
        "score": 5.648659706115723,
        "runtime": 10.87493634223938
    },
    "74": {
        "score": 5.663511753082275,
        "runtime": 11.05746054649353
    },
    "75": {
        "score": 5.822537899017334,
        "runtime": 10.90497612953186
    },
    "76": {
        "score": 6.205915927886963,
        "runtime": 10.836430549621582
    },
    "77": {
        "score": 5.7541022300720215,
        "runtime": 11.144966840744019
    },
    "78": {
        "score": 5.8947954177856445,
        "runtime": 11.027204275131226
    },
    "79": {
        "score": 5.1824631690979,
        "runtime": 10.86642074584961
    },
    "80": {
        "score": 5.693075656890869,
        "runtime": 11.052456378936768
    },
    "81": {
        "score": 5.338550090789795,
        "runtime": 10.808467626571655
    },
    "82": {
        "score": 5.5394511222839355,
        "runtime": 10.884467363357544
    },
    "83": {
        "score": 6.448352813720703,
        "runtime": 10.88598895072937
    },
    "84": {
        "score": 6.038739204406738,
        "runtime": 11.009934425354004
    },
    "85": {
        "score": 5.881627559661865,
        "runtime": 11.012439250946045
    },