{
    "0": {
        "score": 5.521864414215088,
        "runtime": 11.063128232955933
    },
    "1": {
        "score": 5.8972086906433105,
        "runtime": 11.265452146530151
    },
    "2": {
        "score": 6.054872989654541,
        "runtime": 11.110483169555664
    },
    "3": {
        "score": 6.004600524902344,
        "runtime": 11.004970073699951
    },
    "4": {
        "score": 5.871096134185791,
        "runtime": 11.008408308029175
    },
    "5": {
        "score": 5.9134039878845215,
        "runtime": 11.001715898513794
    },
    "6": {
        "score": 6.162620544433594,
        "runtime": 10.974961042404175
    },
    "7": {
        "score": 6.027670383453369,
        "runtime": 11.008968353271484
    },
    "8": {
        "score": 5.725388526916504,
        "runtime": 10.862467050552368
    },
    "9": {
        "score": 6.29046630859375,
        "runtime": 11.049441814422607
    },
    "10": {
        "score": 5.617382049560547,
        "runtime": 10.886991262435913
    },
    "11": {
        "score": 5.044615268707275,
        "runtime": 11.085955619812012
    },
    "12": {
        "score": 5.8064866065979,
        "runtime": 11.024490594863892
    },
    "13": {
        "score": 5.749359130859375,
        "runtime": 10.899878978729248
    },
    "14": {
        "score": 5.979952335357666,
        "runtime": 10.845976114273071
    },
    "15": {
        "score": 5.998359203338623,
        "runtime": 10.964994668960571
    },
    "16": {
        "score": 5.5898756980896,
        "runtime": 10.859442949295044
    },
    "17": {
        "score": 5.467940807342529,
        "runtime": 10.94694995880127
    },
    "18": {
        "score": 5.709653377532959,
        "runtime": 11.019454717636108
    },
    "19": {
        "score": 5.550275802612305,
        "runtime": 11.167945623397827
    },
    "20": {
        "score": 5.37429141998291,
        "runtime": 10.916916608810425
    },
    "21": {
        "score": 6.024930953979492,
        "runtime": 11.029462814331055
    },
    "22": {
        "score": 5.719605445861816,
        "runtime": 10.806944370269775
    },
    "23": {
        "score": 5.882303714752197,
        "runtime": 11.087435722351074
    },
    "24": {
        "score": 5.827446460723877,
        "runtime": 10.954988956451416
    },
    "25": {
        "score": 6.0818281173706055,
        "runtime": 11.108460664749146
    },
    "26": {
        "score": 5.755376815795898,
        "runtime": 10.853979349136353
    },
    "27": {
        "score": 5.967714786529541,
        "runtime": 10.786479949951172
    },
    "28": {
        "score": 5.630847930908203,
        "runtime": 11.039918422698975
    },
    "29": {
        "score": 6.114413738250732,
        "runtime": 10.934219598770142
    },
    "30": {
        "score": 5.885000228881836,
        "runtime": 10.895899057388306
    },
    "31": {
        "score": 5.724759101867676,
        "runtime": 10.790465116500854
    },
    "32": {
        "score": 6.010003566741943,
        "runtime": 11.003968954086304
    },
    "33": {
        "score": 5.673489570617676,
        "runtime": 10.846944808959961
    },
    "34": {
        "score": 5.710443496704102,
        "runtime": 10.93734860420227
    },
    "35": {
        "score": 5.857781887054443,
        "runtime": 10.742934942245483
    },
    "36": {
        "score": 5.899596214294434,
        "runtime": 10.992230653762817
    },
    "37": {
        "score": 6.2375874519348145,
        "runtime": 10.86995530128479
    },
    "38": {
        "score": 5.631442546844482,
        "runtime": 10.886709213256836
    },
    "39": {
        "score": 6.13825798034668,
        "runtime": 10.931916236877441
    },
    "40": {
        "score": 5.589906692504883,
        "runtime": 11.02743935585022
    },
    "41": {
        "score": 5.721426963806152,
        "runtime": 10.801923036575317
    },
    "42": {
        "score": 5.646152973175049,
        "runtime": 10.928948402404785
    },
    "43": {
        "score": 6.410252571105957,
        "runtime": 10.987440586090088
    },
    "44": {
        "score": 5.546710968017578,
        "runtime": 11.145979166030884
    },
    "45": {
        "score": 5.87931489944458,
        "runtime": 10.804940462112427
    },
    "46": {
        "score": 6.0367302894592285,
        "runtime": 10.863964080810547
    },
    "47": {
        "score": 5.716195583343506,
        "runtime": 10.861355066299438
    },
    "48": {
        "score": 5.603800296783447,
        "runtime": 11.097463130950928
    },
    "49": {
        "score": 6.04653787612915,
        "runtime": 10.801974058151245
    },
    "50": {
        "score": 6.014296531677246,
        "runtime": 10.834146738052368
    },
    "51": {
        "score": 6.023812294006348,
        "runtime": 11.308499336242676
    },
    "52": {
        "score": 6.27433443069458,
        "runtime": 11.151432752609253
    },
    "53": {
        "score": 5.3574137687683105,
        "runtime": 11.148519039154053
    },
    "54": {
        "score": 5.6882405281066895,
        "runtime": 10.97097373008728
    },
    "55": {
        "score": 5.937092304229736,
        "runtime": 10.809003114700317
    },
    "56": {
        "score": 6.11605167388916,
        "runtime": 10.862474918365479
    },
    "57": {
        "score": 6.13629150390625,
        "runtime": 11.12274694442749
    },
    "58": {
        "score": 5.702618598937988,
        "runtime": 10.85197377204895
    },
    "59": {
        "score": 5.727381706237793,
        "runtime": 10.969959259033203
    },
    "60": {
        "score": 6.4955315589904785,
        "runtime": 10.906972646713257
    },
    "61": {
        "score": 5.594420433044434,
        "runtime": 11.152722835540771
    },
    "62": {
        "score": 5.885622024536133,
        "runtime": 11.234500169754028
    },
    "63": {
        "score": 5.633362293243408,
        "runtime": 11.026458501815796
    },
    "64": {
        "score": 5.700718879699707,
        "runtime": 10.963428020477295
    },
    "65": {
        "score": 5.73846960067749,
        "runtime": 11.067991733551025
    },
    "66": {
        "score": 5.539374828338623,
        "runtime": 11.005451679229736
    },
    "67": {
        "score": 5.480507850646973,
        "runtime": 10.996965885162354
    },
    "68": {
        "score": 6.047540187835693,
        "runtime": 10.849989414215088
    },
    "69": {
        "score": 5.377848148345947,
        "runtime": 10.85048532485962
    },
    "70": {
        "score": 5.845972537994385,
        "runtime": 11.169904232025146
    },
    "71": {
        "score": 5.426778793334961,
        "runtime": 10.840961694717407
    },
    "72": {
        "score": 5.911802291870117,
        "runtime": 10.936982154846191
    },
    "73": {
        "score": 5.611624240875244,
        "runtime": 11.060936212539673
    },
    "74": {
        "score": 5.6486029624938965,
        "runtime": 10.882462501525879
    },
    "75": {
        "score": 6.0256524085998535,
        "runtime": 11.059975385665894
    },
    "76": {
        "score": 6.103049278259277,
        "runtime": 11.12942886352539
    },
    "77": {
        "score": 5.89204216003418,
        "runtime": 10.97896933555603
    },
    "78": {
        "score": 5.889466285705566,
        "runtime": 10.819202423095703
    },
    "79": {
        "score": 5.181743144989014,
        "runtime": 10.777472019195557
    },
    "80": {
        "score": 5.816966533660889,
        "runtime": 10.967456102371216
    },
    "81": {
        "score": 5.33355712890625,
        "runtime": 11.047468900680542
    },
    "82": {
        "score": 5.516755104064941,
        "runtime": 10.893465042114258
    },
    "83": {
        "score": 6.046585559844971,
        "runtime": 10.893987894058228
    },
    "84": {
        "score": 5.871009826660156,
        "runtime": 10.840453863143921
    },
    "85": {
        "score": 5.76829195022583,
        "runtime": 10.968619108200073
    },