{
    "epoch=117-train_score=10.39672": {
        "result_avg": {
            "score": 11.07403434753418,
            "runtime": 21.46551686286926
        },
        "result_std": {
            "score": 0.001693344808618712,
            "runtime": 0.10405736423234442
        }
    },
    "epoch=125-train_score=10.40668": {
        "result_avg": {
            "score": 11.041044187545776,
            "runtime": 21.620566101074218
        },
        "result_std": {
            "score": 0.00012043290921383243,
            "runtime": 0.12206603208328289
        }
    },
    "epoch=171-train_score=10.41639": {
        "result_avg": {
            "score": 11.069750356674195,
            "runtime": 21.395439705848695
        },
        "result_std": {
            "score": 0.0022269412469063314,
            "runtime": 0.07353915786786527
        }
    },
    "epoch=37-train_score=10.43144": {
        "result_avg": {
            "score": 10.856651163101196,
            "runtime": 21.338310132026674
        },
        "result_std": {
            "score": 0.00016430456210173383,
            "runtime": 0.07261557889949406
        }
    },
    "epoch=195-train_score=10.45409": {
        "result_avg": {
            "score": 11.022265548706054,
            "runtime": 21.4173499417305
        },
        "result_std": {
            "score": 0.00016607782845821944,
            "runtime": 0.11110215839222345
        }
    }
}