{
    "0": {
        "score": 11.131300926208496,
        "runtime": 21.04700016975403
    },
    "1": {
        "score": 11.058938026428223,
        "runtime": 21.344000101089478
    },
    "2": {
        "score": 11.018959045410156,
        "runtime": 21.9739990234375
    },
    "3": {
        "score": 11.058938026428223,
        "runtime": 21.19100022315979
    },
    "4": {
        "score": 11.058938026428223,
        "runtime": 21.69900131225586
    },
    "5": {
        "score": 11.058938026428223,
        "runtime": 21.105000495910645
    },
    "6": {
        "score": 11.058938026428223,
        "runtime": 21.724997520446777
    },
    "7": {
        "score": 11.058938026428223,
        "runtime": 21.112000226974487
    },
    "8": {
        "score": 11.018959045410156,
        "runtime": 21.556000471115112
    },
    "9": {
        "score": 11.058938026428223,
        "runtime": 21.310029983520508
    },
    "10": {
        "score": 11.131300926208496,
        "runtime": 20.980998277664185
    },
    "11": {
        "score": 11.018959045410156,
        "runtime": 21.489466190338135
    },
    "12": {
        "score": 11.131300926208496,
        "runtime": 21.13000249862671
    },
    "13": {
        "score": 11.018959045410156,
        "runtime": 21.2250018119812
    },
    "14": {
        "score": 11.131300926208496,
        "runtime": 21.294997692108154
    },
    "15": {
        "score": 11.018959045410156,
        "runtime": 21.50573992729187
    },
    "16": {
        "score": 11.131300926208496,
        "runtime": 21.235001802444458
    },
    "17": {
        "score": 11.058938026428223,
        "runtime": 21.700000047683716
    },
    "18": {
        "score": 11.131300926208496,
        "runtime": 21.118000268936157
    },
    "19": {
        "score": 11.131300926208496,
        "runtime": 21.15499758720398
    },
    "20": {
        "score": 11.131300926208496,
        "runtime": 21.293001413345337
    },
    "21": {
        "score": 11.131300926208496,
        "runtime": 21.196999073028564
    },
    "22": {
        "score": 11.058938026428223,
        "runtime": 21.530998468399048
    },
    "23": {
        "score": 11.018959045410156,
        "runtime": 21.646000146865845
    },
    "24": {
        "score": 11.131300926208496,
        "runtime": 21.348000526428223
    },
    "25": {
        "score": 11.018959045410156,
        "runtime": 21.37500023841858
    },
    "26": {
        "score": 11.018959045410156,
        "runtime": 21.551000118255615
    },
    "27": {
        "score": 11.131300926208496,
        "runtime": 21.427997589111328
    },
    "28": {
        "score": 11.058938026428223,
        "runtime": 21.877999782562256
    },
    "29": {
        "score": 11.018959045410156,
        "runtime": 21.290998220443726
    },
    "30": {
        "score": 11.058938026428223,
        "runtime": 21.20799946784973
    },
    "31": {
        "score": 11.131300926208496,
        "runtime": 21.396002292633057
    },
    "32": {
        "score": 11.058938026428223,
        "runtime": 21.34899926185608
    },
    "33": {
        "score": 11.018959045410156,
        "runtime": 21.267999172210693
    },
    "34": {
        "score": 11.058938026428223,
        "runtime": 21.532997608184814
    },
    "35": {
        "score": 11.131300926208496,
        "runtime": 21.33799958229065
    },
    "36": {
        "score": 11.058938026428223,
        "runtime": 21.58300018310547
    },
    "37": {
        "score": 11.018959045410156,
        "runtime": 21.07301354408264
    },
    "38": {
        "score": 11.131300926208496,
        "runtime": 21.308997869491577
    },
    "39": {
        "score": 11.018959045410156,
        "runtime": 21.245996952056885
    },
    "40": {
        "score": 11.131300926208496,
        "runtime": 21.176000595092773
    },
    "41": {
        "score": 11.018959045410156,
        "runtime": 21.63000202178955
    },
    "42": {
        "score": 11.018959045410156,
        "runtime": 21.49399971961975
    },
    "43": {
        "score": 11.131300926208496,
        "runtime": 21.317000150680542
    },
    "44": {
        "score": 11.131300926208496,
        "runtime": 20.96900200843811
    },
    "45": {
        "score": 11.131300926208496,
        "runtime": 20.97701358795166
    },
    "46": {
        "score": 11.058938026428223,
        "runtime": 21.734000205993652
    },
    "47": {
        "score": 11.131300926208496,
        "runtime": 20.89299988746643
    },
    "48": {
        "score": 11.131300926208496,
        "runtime": 21.119998455047607
    },
    "49": {
        "score": 11.131300926208496,
        "runtime": 21.33199954032898
    },
    "50": {
        "score": 11.018959045410156,
        "runtime": 22.004000902175903
    },
    "51": {
        "score": 11.058938026428223,
        "runtime": 21.46000075340271
    },
    "52": {
        "score": 11.018959045410156,
        "runtime": 22.2810001373291
    },
    "53": {
        "score": 11.131300926208496,
        "runtime": 21.116011142730713
    },
    "54": {
        "score": 11.058938026428223,
        "runtime": 21.326000690460205
    },
    "55": {
        "score": 11.058938026428223,
        "runtime": 21.41200041770935
    },
    "56": {
        "score": 11.018959045410156,
        "runtime": 21.68899917602539
    },
    "57": {
        "score": 11.018959045410156,
        "runtime": 21.208999156951904
    },
    "58": {
        "score": 11.058938026428223,
        "runtime": 20.97400140762329
    },
    "59": {
        "score": 11.018959045410156,
        "runtime": 21.15500020980835
    },
    "60": {
        "score": 11.018959045410156,
        "runtime": 21.265000104904175
    },
    "61": {
        "score": 11.131300926208496,
        "runtime": 21.673999547958374
    },
    "62": {
        "score": 11.018959045410156,
        "runtime": 21.780001401901245
    },
    "63": {
        "score": 11.018959045410156,
        "runtime": 21.39749264717102
    },
    "64": {
        "score": 11.079096794128418,
        "runtime": 21.415514707565308
    },
    "65": {
        "score": 11.131300926208496,
        "runtime": 21.29900026321411
    },
    "66": {
        "score": 11.058938026428223,
        "runtime": 21.510000705718994
    },
    "67": {
        "score": 11.058938026428223,
        "runtime": 22.01200032234192
    },
    "68": {
        "score": 11.058938026428223,
        "runtime": 21.273000955581665
    },
    "69": {
        "score": 11.018959045410156,
        "runtime": 21.157000303268433
    },
    "70": {
        "score": 11.018959045410156,
        "runtime": 21.48699951171875
    },
    "71": {
        "score": 11.131300926208496,
        "runtime": 21.205000638961792
    },
    "72": {
        "score": 11.018959045410156,
        "runtime": 21.273000478744507
    },
    "73": {
        "score": 11.131300926208496,
        "runtime": 21.95799708366394
    },
    "74": {
        "score": 11.018959045410156,
        "runtime": 21.249000072479248
    },
    "75": {
        "score": 11.131300926208496,
        "runtime": 21.45900011062622
    },
    "76": {
        "score": 11.058938026428223,
        "runtime": 21.42499852180481
    },
    "77": {
        "score": 11.058938026428223,
        "runtime": 21.362998247146606
    },
    "78": {
        "score": 11.018959045410156,
        "runtime": 21.625001907348633
    },
    "79": {
        "score": 11.131300926208496,
        "runtime": 21.277000427246094
    },
    "80": {
        "score": 11.131300926208496,
        "runtime": 21.097999572753906
    },
    "81": {
        "score": 11.131300926208496,
        "runtime": 21.337998867034912
    },
    "82": {
        "score": 11.058938026428223,
        "runtime": 21.22000002861023
    },
    "83": {
        "score": 11.058938026428223,
        "runtime": 21.4520001411438
    },
    "84": {
        "score": 11.018959045410156,
        "runtime": 21.650001764297485
    },
    "85": {
        "score": 11.018959045410156,