{
    "0": {
        "score": 11.020970344543457,
        "runtime": 21.563000917434692
    },
    "1": {
        "score": 11.020970344543457,
        "runtime": 21.921998500823975
    },
    "2": {
        "score": 11.020970344543457,
        "runtime": 21.430999755859375
    },
    "3": {
        "score": 11.020970344543457,
        "runtime": 21.10500144958496
    },
    "4": {
        "score": 11.020970344543457,
        "runtime": 21.19800043106079
    },
    "5": {
        "score": 11.020970344543457,
        "runtime": 21.395999431610107
    },
    "6": {
        "score": 11.020970344543457,
        "runtime": 21.08400058746338
    },
    "7": {
        "score": 11.020970344543457,
        "runtime": 21.076001405715942
    },
    "8": {
        "score": 11.020970344543457,
        "runtime": 21.549000024795532
    },
    "9": {
        "score": 11.020970344543457,
        "runtime": 21.210028171539307
    },
    "10": {
        "score": 11.020970344543457,
        "runtime": 21.68199896812439
    },
    "11": {
        "score": 11.020970344543457,
        "runtime": 20.994465112686157
    },
    "12": {
        "score": 11.020970344543457,
        "runtime": 22.19599962234497
    },
    "13": {
        "score": 11.020970344543457,
        "runtime": 21.253998279571533
    },
    "14": {
        "score": 11.020970344543457,
        "runtime": 21.033997297286987
    },
    "15": {
        "score": 11.020970344543457,
        "runtime": 21.491742849349976
    },
    "16": {
        "score": 11.020970344543457,
        "runtime": 22.06999969482422
    },
    "17": {
        "score": 11.020970344543457,
        "runtime": 21.31600022315979
    },
    "18": {
        "score": 11.020970344543457,
        "runtime": 21.748997688293457
    },
    "19": {
        "score": 11.020970344543457,
        "runtime": 21.15999960899353
    },
    "20": {
        "score": 11.020970344543457,
        "runtime": 21.831997871398926
    },
    "21": {
        "score": 11.020970344543457,
        "runtime": 21.566028594970703
    },
    "22": {
        "score": 11.020970344543457,
        "runtime": 21.421997547149658
    },
    "23": {
        "score": 11.020970344543457,
        "runtime": 21.116000413894653
    },
    "24": {
        "score": 11.020970344543457,
        "runtime": 22.083001852035522
    },
    "25": {
        "score": 11.020970344543457,
        "runtime": 21.01099967956543
    },
    "26": {
        "score": 11.020970344543457,
        "runtime": 21.0049991607666
    },
    "27": {
        "score": 11.020970344543457,
        "runtime": 21.41899871826172
    },
    "28": {
        "score": 11.020970344543457,
        "runtime": 21.57300066947937
    },
    "29": {
        "score": 11.020970344543457,
        "runtime": 21.887000799179077
    },
    "30": {
        "score": 11.020970344543457,
        "runtime": 21.365999698638916
    },
    "31": {
        "score": 11.020970344543457,
        "runtime": 21.074002504348755
    },
    "32": {
        "score": 11.020970344543457,
        "runtime": 20.928999185562134
    },
    "33": {
        "score": 11.020970344543457,
        "runtime": 21.082998037338257
    },
    "34": {
        "score": 11.020970344543457,
        "runtime": 21.137999296188354
    },
    "35": {
        "score": 11.020970344543457,
        "runtime": 21.065001487731934
    },
    "36": {
        "score": 11.020970344543457,
        "runtime": 21.05100131034851
    },
    "37": {
        "score": 11.020970344543457,
        "runtime": 21.18899917602539
    },
    "38": {
        "score": 11.020970344543457,
        "runtime": 21.437998294830322
    },
    "39": {
        "score": 11.020970344543457,
        "runtime": 21.216001749038696
    },
    "40": {
        "score": 11.020970344543457,
        "runtime": 21.35300040245056
    },
    "41": {
        "score": 11.020970344543457,
        "runtime": 21.38199758529663
    },
    "42": {
        "score": 11.020970344543457,
        "runtime": 21.34099817276001
    },
    "43": {
        "score": 11.020970344543457,
        "runtime": 21.180000066757202
    },
    "44": {
        "score": 11.020970344543457,
        "runtime": 21.43299961090088
    },
    "45": {
        "score": 11.020970344543457,
        "runtime": 21.424002408981323
    },
    "46": {
        "score": 11.020970344543457,
        "runtime": 21.44799828529358
    },
    "47": {
        "score": 11.020970344543457,
        "runtime": 21.4540011882782
    },
    "48": {
        "score": 11.020970344543457,
        "runtime": 21.156001567840576
    },
    "49": {
        "score": 11.020970344543457,
        "runtime": 22.3030002117157
    },
    "50": {
        "score": 11.020970344543457,
        "runtime": 21.189998865127563
    },
    "51": {
        "score": 11.020970344543457,
        "runtime": 21.859999418258667
    },
    "52": {
        "score": 11.020970344543457,
        "runtime": 21.464999198913574
    },
    "53": {
        "score": 11.020970344543457,
        "runtime": 21.689998149871826
    },
    "54": {
        "score": 11.020970344543457,
        "runtime": 21.585001945495605
    },
    "55": {
        "score": 11.020970344543457,
        "runtime": 21.62200117111206
    },
    "56": {
        "score": 11.020970344543457,
        "runtime": 20.935001134872437
    },
    "57": {
        "score": 11.020970344543457,
        "runtime": 21.123002290725708
    },
    "58": {
        "score": 11.020970344543457,
        "runtime": 22.10999846458435
    },
    "59": {
        "score": 11.020970344543457,
        "runtime": 21.2769992351532
    },
    "60": {
        "score": 11.020970344543457,
        "runtime": 21.618001699447632
    },
    "61": {
        "score": 11.020970344543457,
        "runtime": 21.540000438690186
    },
    "62": {
        "score": 11.020970344543457,
        "runtime": 21.279000520706177
    },
    "63": {
        "score": 11.020970344543457,
        "runtime": 21.541492462158203
    },
    "64": {
        "score": 11.020970344543457,
        "runtime": 21.38151788711548
    },
    "65": {
        "score": 11.020970344543457,
        "runtime": 21.291998386383057
    },
    "66": {
        "score": 11.020970344543457,
        "runtime": 21.625000476837158
    },
    "67": {
        "score": 11.020970344543457,
        "runtime": 21.521999835968018
    },
    "68": {
        "score": 11.020970344543457,
        "runtime": 21.156999588012695
    },
    "69": {
        "score": 11.020970344543457,
        "runtime": 21.256002187728882
    },
    "70": {
        "score": 11.020970344543457,
        "runtime": 21.429002285003662
    },
    "71": {
        "score": 11.020970344543457,
        "runtime": 21.13699960708618
    },
    "72": {
        "score": 11.020970344543457,
        "runtime": 22.203999280929565
    },
    "73": {
        "score": 11.020970344543457,
        "runtime": 21.12600016593933
    },
    "74": {
        "score": 11.020970344543457,
        "runtime": 21.2249972820282
    },
    "75": {
        "score": 11.020970344543457,
        "runtime": 21.644002437591553
    },
    "76": {
        "score": 11.020970344543457,
        "runtime": 21.033000230789185
    },
    "77": {
        "score": 11.150490760803223,
        "runtime": 21.112999439239502
    },
    "78": {
        "score": 11.020970344543457,
        "runtime": 21.860998392105103
    },
    "79": {
        "score": 11.020970344543457,
        "runtime": 21.3439998626709
    },
    "80": {
        "score": 11.020970344543457,
        "runtime": 22.036000967025757
    },
    "81": {
        "score": 11.020970344543457,
        "runtime": 21.24399995803833
    },
    "82": {
        "score": 11.020970344543457,
        "runtime": 21.743000268936157
    },
    "83": {
        "score": 11.020970344543457,
        "runtime": 21.67499876022339
    },
    "84": {
        "score": 11.020970344543457,
        "runtime": 21.456000566482544
    },
    "85": {
        "score": 11.020970344543457,