{
    "0": {
        "score": 6.87284517288208,
        "runtime": 1.7139992713928223
    },
    "1": {
        "score": 6.87284517288208,
        "runtime": 1.7770004272460938
    },
    "2": {
        "score": 6.87284517288208,
        "runtime": 1.723998785018921
    },
    "3": {
        "score": 6.87284517288208,
        "runtime": 1.7369999885559082
    },
    "4": {
        "score": 6.87284517288208,
        "runtime": 1.7530004978179932
    },
    "5": {
        "score": 6.87284517288208,
        "runtime": 1.6790027618408203
    },
    "6": {
        "score": 6.87284517288208,
        "runtime": 1.8060004711151123
    },
    "7": {
        "score": 6.87284517288208,
        "runtime": 1.7340004444122314
    },
    "8": {
        "score": 6.87284517288208,
        "runtime": 1.715998888015747
    },
    "9": {
        "score": 6.87284517288208,
        "runtime": 1.8050003051757812
    },
    "10": {
        "score": 6.5390729904174805,
        "runtime": 1.7359986305236816
    },
    "11": {
        "score": 6.87284517288208,
        "runtime": 1.7300000190734863
    },
    "12": {
        "score": 6.87284517288208,
        "runtime": 1.6730000972747803
    },
    "13": {
        "score": 6.87284517288208,
        "runtime": 1.7469990253448486
    },
    "14": {
        "score": 6.87284517288208,
        "runtime": 1.733999252319336
    },
    "15": {
        "score": 6.87284517288208,
        "runtime": 1.6939995288848877
    },
    "16": {
        "score": 6.87284517288208,
        "runtime": 1.740997076034546
    },
    "17": {
        "score": 6.87284517288208,
        "runtime": 1.7289979457855225
    },
    "18": {
        "score": 6.87284517288208,
        "runtime": 1.6890008449554443
    },
    "19": {
        "score": 6.87284517288208,
        "runtime": 1.6880018711090088
    },
    "20": {
        "score": 6.87284517288208,
        "runtime": 1.751997947692871
    },
    "21": {
        "score": 6.87284517288208,
        "runtime": 1.6910014152526855
    },
    "22": {
        "score": 6.87284517288208,
        "runtime": 1.6879994869232178
    },
    "23": {
        "score": 6.87284517288208,
        "runtime": 1.7040009498596191
    },
    "24": {
        "score": 6.87284517288208,
        "runtime": 1.6910006999969482
    },
    "25": {
        "score": 6.87284517288208,
        "runtime": 1.7369980812072754
    },
    "26": {
        "score": 6.87284517288208,
        "runtime": 1.7360007762908936
    },
    "27": {
        "score": 6.87284517288208,
        "runtime": 1.6980020999908447
    },
    "28": {
        "score": 6.87284517288208,
        "runtime": 1.7599976062774658
    },
    "29": {
        "score": 6.87284517288208,
        "runtime": 1.7099990844726562
    },
    "30": {
        "score": 6.87284517288208,
        "runtime": 1.6309998035430908
    },
    "31": {
        "score": 6.87284517288208,
        "runtime": 1.7410027980804443
    },
    "32": {
        "score": 6.87284517288208,
        "runtime": 1.7799994945526123
    },
    "33": {
        "score": 6.87284517288208,
        "runtime": 1.7469980716705322
    },
    "34": {
        "score": 6.87284517288208,
        "runtime": 1.8029975891113281
    },
    "35": {
        "score": 6.87284517288208,
        "runtime": 1.7520008087158203
    },
    "36": {
        "score": 6.87284517288208,
        "runtime": 1.718998670578003
    },
    "37": {
        "score": 6.87284517288208,
        "runtime": 1.7239990234375
    },
    "38": {
        "score": 6.87284517288208,
        "runtime": 1.7320024967193604
    },
    "39": {
        "score": 6.87284517288208,
        "runtime": 1.709998369216919
    },
    "40": {
        "score": 6.87284517288208,
        "runtime": 1.6939973831176758
    },
    "41": {
        "score": 6.87284517288208,
        "runtime": 1.7310001850128174
    },
    "42": {
        "score": 6.5390729904174805,
        "runtime": 1.6649997234344482
    },
    "43": {
        "score": 6.87284517288208,
        "runtime": 1.6980018615722656
    },
    "44": {
        "score": 6.87284517288208,
        "runtime": 1.7340006828308105
    },
    "45": {
        "score": 6.87284517288208,
        "runtime": 1.7380008697509766
    },
    "46": {
        "score": 6.87284517288208,
        "runtime": 1.7879998683929443
    },
    "47": {
        "score": 6.87284517288208,
        "runtime": 1.7580015659332275
    },
    "48": {
        "score": 6.87284517288208,
        "runtime": 1.7560009956359863
    },
    "49": {
        "score": 6.87284517288208,
        "runtime": 1.7260022163391113
    },
    "50": {
        "score": 6.87284517288208,
        "runtime": 1.7880001068115234
    },
    "51": {
        "score": 6.87284517288208,
        "runtime": 1.6719999313354492
    },
    "52": {
        "score": 6.87284517288208,
        "runtime": 1.7869980335235596
    },
    "53": {
        "score": 6.87284517288208,
        "runtime": 1.7839999198913574
    },
    "54": {
        "score": 6.87284517288208,
        "runtime": 1.642998218536377
    },
    "55": {
        "score": 6.87284517288208,
        "runtime": 1.712001085281372
    },
    "56": {
        "score": 6.87284517288208,
        "runtime": 1.7559988498687744
    },
    "57": {
        "score": 6.87284517288208,
        "runtime": 1.7269978523254395
    },
    "58": {
        "score": 6.5390729904174805,
        "runtime": 1.7070019245147705
    },
    "59": {
        "score": 6.87284517288208,
        "runtime": 1.7649998664855957
    },
    "60": {
        "score": 6.87284517288208,
        "runtime": 1.6189980506896973
    },
    "61": {
        "score": 6.87284517288208,
        "runtime": 1.7559998035430908
    },
    "62": {
        "score": 6.87284517288208,
        "runtime": 1.7550020217895508
    },
    "63": {
        "score": 6.87284517288208,
        "runtime": 1.761000156402588
    },
    "64": {
        "score": 6.87284517288208,
        "runtime": 1.7049989700317383
    },
    "65": {
        "score": 6.87284517288208,
        "runtime": 1.6740002632141113
    },
    "66": {
        "score": 6.87284517288208,
        "runtime": 1.714001178741455
    },
    "67": {
        "score": 6.87284517288208,
        "runtime": 1.7549993991851807
    },
    "68": {
        "score": 6.87284517288208,
        "runtime": 1.792999029159546
    },
    "69": {
        "score": 6.87284517288208,
        "runtime": 1.7859985828399658
    },
    "70": {
        "score": 6.87284517288208,
        "runtime": 1.710000991821289
    },
    "71": {
        "score": 6.87284517288208,
        "runtime": 1.6999976634979248
    },
    "72": {
        "score": 6.87284517288208,
        "runtime": 1.7529988288879395
    },
    "73": {
        "score": 6.87284517288208,
        "runtime": 1.7170000076293945
    },
    "74": {
        "score": 6.87284517288208,
        "runtime": 1.7169981002807617
    },
    "75": {
        "score": 6.87284517288208,
        "runtime": 1.7330009937286377
    },
    "76": {
        "score": 6.87284517288208,
        "runtime": 1.6850013732910156
    },
    "77": {
        "score": 6.87284517288208,
        "runtime": 1.7310009002685547
    },
    "78": {
        "score": 6.5390729904174805,
        "runtime": 1.6989991664886475
    },
    "79": {
        "score": 6.87284517288208,
        "runtime": 1.7049994468688965
    },
    "80": {
        "score": 6.87284517288208,
        "runtime": 1.7199983596801758
    },
    "81": {
        "score": 6.87284517288208,
        "runtime": 1.7120018005371094
    },
    "82": {
        "score": 6.87284517288208,
        "runtime": 1.7730004787445068
    },
    "83": {
        "score": 6.87284517288208,
        "runtime": 1.6560018062591553
    },
    "84": {
        "score": 6.87284517288208,
        "runtime": 1.732999324798584
    },
    "85": {
        "score": 6.87284517288208,
        "runtime": 1.797001600265503
    },
    "86": {
        "score": 6.87284517288208,
        "runtime": 1.7489979267120361
    },