{
    "0": {
        "score": 6.5390729904174805,
        "runtime": 1.629000186920166
    },
    "1": {
        "score": 6.5390729904174805,
        "runtime": 1.69700288772583
    },
    "2": {
        "score": 6.5390729904174805,
        "runtime": 1.6600000858306885
    },
    "3": {
        "score": 6.5390729904174805,
        "runtime": 1.7159984111785889
    },
    "4": {
        "score": 6.5390729904174805,
        "runtime": 1.7379980087280273
    },
    "5": {
        "score": 6.5390729904174805,
        "runtime": 1.679999828338623
    },
    "6": {
        "score": 6.5390729904174805,
        "runtime": 1.6849982738494873
    },
    "7": {
        "score": 6.5390729904174805,
        "runtime": 1.6820011138916016
    },
    "8": {
        "score": 6.5390729904174805,
        "runtime": 1.6429994106292725
    },
    "9": {
        "score": 6.5390729904174805,
        "runtime": 1.7209994792938232
    },
    "10": {
        "score": 6.5390729904174805,
        "runtime": 1.6239969730377197
    },
    "11": {
        "score": 6.5390729904174805,
        "runtime": 1.6629970073699951
    },
    "12": {
        "score": 6.5390729904174805,
        "runtime": 1.6690020561218262
    },
    "13": {
        "score": 6.5390729904174805,
        "runtime": 1.6730005741119385
    },
    "14": {
        "score": 6.5390729904174805,
        "runtime": 1.6619982719421387
    },
    "15": {
        "score": 6.5390729904174805,
        "runtime": 1.7640001773834229
    },
    "16": {
        "score": 6.5390729904174805,
        "runtime": 1.7069990634918213
    },
    "17": {
        "score": 6.5390729904174805,
        "runtime": 1.6490023136138916
    },
    "18": {
        "score": 6.5390729904174805,
        "runtime": 1.6669983863830566
    },
    "19": {
        "score": 6.5390729904174805,
        "runtime": 1.6839985847473145
    },
    "20": {
        "score": 6.5390729904174805,
        "runtime": 1.6890027523040771
    },
    "21": {
        "score": 6.5390729904174805,
        "runtime": 1.6990022659301758
    },
    "22": {
        "score": 6.5390729904174805,
        "runtime": 1.7539994716644287
    },
    "23": {
        "score": 6.5390729904174805,
        "runtime": 1.6290004253387451
    },
    "24": {
        "score": 6.5390729904174805,
        "runtime": 1.705000877380371
    },
    "25": {
        "score": 6.5390729904174805,
        "runtime": 1.6889984607696533
    },
    "26": {
        "score": 6.5390729904174805,
        "runtime": 1.6310009956359863
    },
    "27": {
        "score": 6.5390729904174805,
        "runtime": 1.6419990062713623
    },
    "28": {
        "score": 6.5390729904174805,
        "runtime": 1.6780006885528564
    },
    "29": {
        "score": 6.5390729904174805,
        "runtime": 1.6419997215270996
    },
    "30": {
        "score": 6.5390729904174805,
        "runtime": 1.6720001697540283
    },
    "31": {
        "score": 6.5390729904174805,
        "runtime": 1.645000696182251
    },
    "32": {
        "score": 6.5390729904174805,
        "runtime": 1.7599983215332031
    },
    "33": {
        "score": 6.5390729904174805,
        "runtime": 1.6799979209899902
    },
    "34": {
        "score": 6.5390729904174805,
        "runtime": 1.7130017280578613
    },
    "35": {
        "score": 6.5390729904174805,
        "runtime": 1.6970014572143555
    },
    "36": {
        "score": 6.5390729904174805,
        "runtime": 1.6909995079040527
    },
    "37": {
        "score": 6.5390729904174805,
        "runtime": 1.6690011024475098
    },
    "38": {
        "score": 6.5390729904174805,
        "runtime": 1.7150020599365234
    },
    "39": {
        "score": 6.5390729904174805,
        "runtime": 1.6700000762939453
    },
    "40": {
        "score": 6.5390729904174805,
        "runtime": 1.7009978294372559
    },
    "41": {
        "score": 6.5390729904174805,
        "runtime": 1.7219977378845215
    },
    "42": {
        "score": 6.5390729904174805,
        "runtime": 1.6570005416870117
    },
    "43": {
        "score": 6.5390729904174805,
        "runtime": 1.6649997234344482
    },
    "44": {
        "score": 6.5390729904174805,
        "runtime": 1.6760029792785645
    },
    "45": {
        "score": 6.5390729904174805,
        "runtime": 1.7110018730163574
    },
    "46": {
        "score": 6.5390729904174805,
        "runtime": 1.7549989223480225
    },
    "47": {
        "score": 6.5390729904174805,
        "runtime": 1.6719987392425537
    },
    "48": {
        "score": 6.5390729904174805,
        "runtime": 1.7219998836517334
    },
    "49": {
        "score": 6.5390729904174805,
        "runtime": 1.6329987049102783
    },
    "50": {
        "score": 6.5390729904174805,
        "runtime": 1.681997299194336
    },
    "51": {
        "score": 6.5390729904174805,
        "runtime": 1.7089998722076416
    },
    "52": {
        "score": 6.5390729904174805,
        "runtime": 1.7109999656677246
    },
    "53": {
        "score": 6.5390729904174805,
        "runtime": 1.708000898361206
    },
    "54": {
        "score": 6.5390729904174805,
        "runtime": 1.7309980392456055
    },
    "55": {
        "score": 6.5390729904174805,
        "runtime": 1.6549975872039795
    },
    "56": {
        "score": 6.5390729904174805,
        "runtime": 1.6780011653900146
    },
    "57": {
        "score": 6.5390729904174805,
        "runtime": 1.6529974937438965
    },
    "58": {
        "score": 6.5390729904174805,
        "runtime": 1.7400023937225342
    },
    "59": {
        "score": 6.5390729904174805,
        "runtime": 1.7310032844543457
    },
    "60": {
        "score": 6.5390729904174805,
        "runtime": 1.7039966583251953
    },
    "61": {
        "score": 6.5390729904174805,
        "runtime": 1.7630000114440918
    },
    "62": {
        "score": 6.5390729904174805,
        "runtime": 1.6800014972686768
    },
    "63": {
        "score": 6.5390729904174805,
        "runtime": 1.6700024604797363
    },
    "64": {
        "score": 6.5390729904174805,
        "runtime": 1.7019994258880615
    },
    "65": {
        "score": 6.5390729904174805,
        "runtime": 1.7069981098175049
    },
    "66": {
        "score": 6.5390729904174805,
        "runtime": 1.7570016384124756
    },
    "67": {
        "score": 6.5390729904174805,
        "runtime": 1.7100005149841309
    },
    "68": {
        "score": 6.5390729904174805,
        "runtime": 1.7750003337860107
    },
    "69": {
        "score": 6.5390729904174805,
        "runtime": 1.6650023460388184
    },
    "70": {
        "score": 6.5390729904174805,
        "runtime": 1.7359998226165771
    },
    "71": {
        "score": 6.5390729904174805,
        "runtime": 1.707998514175415
    },
    "72": {
        "score": 6.5390729904174805,
        "runtime": 1.7210001945495605
    },
    "73": {
        "score": 6.5390729904174805,
        "runtime": 1.6249980926513672
    },
    "74": {
        "score": 6.5390729904174805,
        "runtime": 1.6719987392425537
    },
    "75": {
        "score": 6.5390729904174805,
        "runtime": 1.6959998607635498
    },
    "76": {
        "score": 6.5390729904174805,
        "runtime": 1.6999993324279785
    },
    "77": {
        "score": 6.5390729904174805,
        "runtime": 1.7430009841918945
    },
    "78": {
        "score": 6.5390729904174805,
        "runtime": 1.6609981060028076
    },
    "79": {
        "score": 6.5390729904174805,
        "runtime": 1.737999439239502
    },
    "80": {
        "score": 6.5390729904174805,
        "runtime": 1.7459995746612549
    },
    "81": {
        "score": 6.5390729904174805,
        "runtime": 1.62599778175354
    },
    "82": {
        "score": 6.5390729904174805,
        "runtime": 1.6670024394989014
    },
    "83": {
        "score": 6.5390729904174805,
        "runtime": 1.7190003395080566
    },
    "84": {
        "score": 6.5390729904174805,
        "runtime": 1.6909995079040527
    },