{
    "0": {
        "score": 6.608849048614502,
        "runtime": 1.738999366760254
    },
    "1": {
        "score": 6.608849048614502,
        "runtime": 1.7319984436035156
    },
    "2": {
        "score": 6.608849048614502,
        "runtime": 1.7400016784667969
    },
    "3": {
        "score": 6.608849048614502,
        "runtime": 1.761003017425537
    },
    "4": {
        "score": 6.608849048614502,
        "runtime": 1.819000005722046
    },
    "5": {
        "score": 6.608849048614502,
        "runtime": 1.823997974395752
    },
    "6": {
        "score": 6.608849048614502,
        "runtime": 1.708000898361206
    },
    "7": {
        "score": 6.608849048614502,
        "runtime": 1.7570035457611084
    },
    "8": {
        "score": 6.75044584274292,
        "runtime": 1.7859995365142822
    },
    "9": {
        "score": 6.608849048614502,
        "runtime": 1.7630012035369873
    },
    "10": {
        "score": 6.608849048614502,
        "runtime": 1.7419991493225098
    },
    "11": {
        "score": 6.75044584274292,
        "runtime": 1.7780017852783203
    },
    "12": {
        "score": 6.75044584274292,
        "runtime": 1.7430009841918945
    },
    "13": {
        "score": 6.608849048614502,
        "runtime": 1.7170000076293945
    },
    "14": {
        "score": 6.608849048614502,
        "runtime": 1.7669978141784668
    },
    "15": {
        "score": 6.608849048614502,
        "runtime": 1.724001407623291
    },
    "16": {
        "score": 6.608849048614502,
        "runtime": 1.6349997520446777
    },
    "17": {
        "score": 6.608849048614502,
        "runtime": 1.6930005550384521
    },
    "18": {
        "score": 6.608849048614502,
        "runtime": 1.6980018615722656
    },
    "19": {
        "score": 6.608849048614502,
        "runtime": 1.665001392364502
    },
    "20": {
        "score": 6.608849048614502,
        "runtime": 1.7329988479614258
    },
    "21": {
        "score": 6.608849048614502,
        "runtime": 1.7220032215118408
    },
    "22": {
        "score": 6.608849048614502,
        "runtime": 1.767000436782837
    },
    "23": {
        "score": 6.75044584274292,
        "runtime": 1.7110004425048828
    },
    "24": {
        "score": 6.75044584274292,
        "runtime": 1.7820003032684326
    },
    "25": {
        "score": 6.608849048614502,
        "runtime": 1.7599976062774658
    },
    "26": {
        "score": 6.608849048614502,
        "runtime": 1.7410008907318115
    },
    "27": {
        "score": 6.608849048614502,
        "runtime": 1.7429983615875244
    },
    "28": {
        "score": 6.608849048614502,
        "runtime": 1.761000394821167
    },
    "29": {
        "score": 6.608849048614502,
        "runtime": 1.6789989471435547
    },
    "30": {
        "score": 6.75044584274292,
        "runtime": 1.7789993286132812
    },
    "31": {
        "score": 6.608849048614502,
        "runtime": 1.691002607345581
    },
    "32": {
        "score": 6.608849048614502,
        "runtime": 1.7120006084442139
    },
    "33": {
        "score": 6.608849048614502,
        "runtime": 1.800997018814087
    },
    "34": {
        "score": 6.608849048614502,
        "runtime": 1.6949989795684814
    },
    "35": {
        "score": 6.75044584274292,
        "runtime": 1.8070013523101807
    },
    "36": {
        "score": 6.608849048614502,
        "runtime": 1.6730008125305176
    },
    "37": {
        "score": 6.608849048614502,
        "runtime": 1.7149989604949951
    },
    "38": {
        "score": 6.75044584274292,
        "runtime": 1.6580026149749756
    },
    "39": {
        "score": 6.608849048614502,
        "runtime": 1.7839999198913574
    },
    "40": {
        "score": 6.75044584274292,
        "runtime": 1.6709976196289062
    },
    "41": {
        "score": 6.608849048614502,
        "runtime": 1.7379999160766602
    },
    "42": {
        "score": 6.608849048614502,
        "runtime": 1.6449980735778809
    },
    "43": {
        "score": 6.608849048614502,
        "runtime": 1.6979997158050537
    },
    "44": {
        "score": 6.75044584274292,
        "runtime": 1.7789995670318604
    },
    "45": {
        "score": 6.608849048614502,
        "runtime": 1.7450017929077148
    },
    "46": {
        "score": 6.75044584274292,
        "runtime": 1.6490004062652588
    },
    "47": {
        "score": 6.608849048614502,
        "runtime": 1.7500004768371582
    },
    "48": {
        "score": 6.608849048614502,
        "runtime": 1.7610013484954834
    },
    "49": {
        "score": 6.608849048614502,
        "runtime": 1.7089989185333252
    },
    "50": {
        "score": 6.608849048614502,
        "runtime": 1.7350010871887207
    },
    "51": {
        "score": 6.75044584274292,
        "runtime": 1.6739966869354248
    },
    "52": {
        "score": 6.75044584274292,
        "runtime": 1.7229998111724854
    },
    "53": {
        "score": 6.608849048614502,
        "runtime": 1.7530012130737305
    },
    "54": {
        "score": 6.608849048614502,
        "runtime": 1.7419977188110352
    },
    "55": {
        "score": 6.608849048614502,
        "runtime": 1.7360012531280518
    },
    "56": {
        "score": 6.608849048614502,
        "runtime": 1.8270008563995361
    },
    "57": {
        "score": 6.608849048614502,
        "runtime": 1.7560005187988281
    },
    "58": {
        "score": 6.608849048614502,
        "runtime": 1.660001516342163
    },
    "59": {
        "score": 6.75044584274292,
        "runtime": 1.7269999980926514
    },
    "60": {
        "score": 6.608849048614502,
        "runtime": 1.6989984512329102
    },
    "61": {
        "score": 6.608849048614502,
        "runtime": 1.759998083114624
    },
    "62": {
        "score": 6.608849048614502,
        "runtime": 1.7300000190734863
    },
    "63": {
        "score": 6.608849048614502,
        "runtime": 1.714001178741455
    },
    "64": {
        "score": 6.75044584274292,
        "runtime": 1.7919983863830566
    },
    "65": {
        "score": 6.75044584274292,
        "runtime": 1.7860026359558105
    },
    "66": {
        "score": 6.75044584274292,
        "runtime": 1.709001064300537
    },
    "67": {
        "score": 6.75044584274292,
        "runtime": 1.7489988803863525
    },
    "68": {
        "score": 6.75044584274292,
        "runtime": 1.8130009174346924
    },
    "69": {
        "score": 6.608849048614502,
        "runtime": 1.643002986907959
    },
    "70": {
        "score": 6.608849048614502,
        "runtime": 1.6719989776611328
    },
    "71": {
        "score": 6.608849048614502,
        "runtime": 1.7280001640319824
    },
    "72": {
        "score": 6.608849048614502,
        "runtime": 1.800997257232666
    },
    "73": {
        "score": 6.608849048614502,
        "runtime": 1.7849996089935303
    },
    "74": {
        "score": 6.608849048614502,
        "runtime": 1.7069997787475586
    },
    "75": {
        "score": 6.608849048614502,
        "runtime": 1.8059983253479004
    },
    "76": {
        "score": 6.75044584274292,
        "runtime": 1.820000410079956
    },
    "77": {
        "score": 6.608849048614502,
        "runtime": 1.7530021667480469
    },
    "78": {
        "score": 6.608849048614502,
        "runtime": 1.8019981384277344
    },
    "79": {
        "score": 6.75044584274292,
        "runtime": 1.7409992218017578
    },
    "80": {
        "score": 6.608849048614502,
        "runtime": 1.6900019645690918
    },
    "81": {
        "score": 6.608849048614502,
        "runtime": 1.7309973239898682
    },
    "82": {
        "score": 6.608849048614502,
        "runtime": 1.732999563217163
    },
    "83": {
        "score": 6.608849048614502,
        "runtime": 1.8160011768341064
    },
    "84": {
        "score": 6.608849048614502,
        "runtime": 1.6719999313354492
    },
    "85": {
        "score": 6.608849048614502,
        "runtime": 1.7160000801086426
    },
    "86": {
        "score": 6.75044584274292,