{
    "0": {
        "score": 11.150490760803223,
        "runtime": 20.85599708557129
    },
    "1": {
        "score": 11.020970344543457,
        "runtime": 21.195002794265747
    },
    "2": {
        "score": 11.020970344543457,
        "runtime": 20.526002168655396
    },
    "3": {
        "score": 11.020970344543457,
        "runtime": 20.353487491607666
    },
    "4": {
        "score": 11.241511344909668,
        "runtime": 20.49099850654602
    },
    "5": {
        "score": 11.020970344543457,
        "runtime": 20.857000827789307
    },
    "6": {
        "score": 11.020970344543457,
        "runtime": 20.028029441833496
    },
    "7": {
        "score": 11.020970344543457,
        "runtime": 20.516473293304443
    },
    "8": {
        "score": 11.020970344543457,
        "runtime": 20.576000928878784
    },
    "9": {
        "score": 11.020970344543457,
        "runtime": 20.320001363754272
    },
    "10": {
        "score": 11.020970344543457,
        "runtime": 21.137998580932617
    },
    "11": {
        "score": 11.020970344543457,
        "runtime": 20.523016214370728
    },
    "12": {
        "score": 11.020970344543457,
        "runtime": 21.065000295639038
    },
    "13": {
        "score": 11.020970344543457,
        "runtime": 20.367001056671143
    },
    "14": {
        "score": 11.241511344909668,
        "runtime": 21.486997604370117
    },
    "15": {
        "score": 11.020970344543457,
        "runtime": 20.7540442943573
    },
    "16": {
        "score": 11.020970344543457,
        "runtime": 20.223002195358276
    },
    "17": {
        "score": 11.020970344543457,
        "runtime": 20.55198049545288
    },
    "18": {
        "score": 11.020970344543457,
        "runtime": 21.13399839401245
    },
    "19": {
        "score": 11.020970344543457,
        "runtime": 20.182998180389404
    },
    "20": {
        "score": 11.020970344543457,
        "runtime": 21.029001474380493
    },
    "21": {
        "score": 11.020970344543457,
        "runtime": 20.399001598358154
    },
    "22": {
        "score": 11.020970344543457,
        "runtime": 20.47299861907959
    },
    "23": {
        "score": 11.020970344543457,
        "runtime": 20.67499876022339
    },
    "24": {
        "score": 11.020970344543457,
        "runtime": 20.590000867843628
    },
    "25": {
        "score": 11.020970344543457,
        "runtime": 20.315000295639038
    },
    "26": {
        "score": 11.150490760803223,
        "runtime": 20.608999013900757
    },
    "27": {
        "score": 11.020970344543457,
        "runtime": 20.339001417160034
    },
    "28": {
        "score": 11.020970344543457,
        "runtime": 20.48049259185791
    },
    "29": {
        "score": 11.020970344543457,
        "runtime": 20.48300266265869
    },
    "30": {
        "score": 11.150490760803223,
        "runtime": 20.574480056762695
    },
    "31": {
        "score": 11.020970344543457,
        "runtime": 20.493998289108276
    },
    "32": {
        "score": 11.150490760803223,
        "runtime": 20.4920015335083
    },
    "33": {
        "score": 11.020970344543457,
        "runtime": 20.102999925613403
    },
    "34": {
        "score": 11.020970344543457,
        "runtime": 20.187999963760376
    },
    "35": {
        "score": 11.020970344543457,
        "runtime": 20.210000038146973
    },
    "36": {
        "score": 11.020970344543457,
        "runtime": 20.895999670028687
    },
    "37": {
        "score": 11.020970344543457,
        "runtime": 20.645997762680054
    },
    "38": {
        "score": 11.020970344543457,
        "runtime": 20.901998043060303
    },
    "39": {
        "score": 11.020970344543457,
        "runtime": 20.374002695083618
    },
    "40": {
        "score": 11.020970344543457,
        "runtime": 20.554002046585083
    },
    "41": {
        "score": 11.020970344543457,
        "runtime": 20.64799952507019
    },
    "42": {
        "score": 11.020970344543457,
        "runtime": 20.328999757766724
    },
    "43": {
        "score": 11.23715877532959,
        "runtime": 20.521002054214478
    },
    "44": {
        "score": 11.150490760803223,
        "runtime": 20.35400080680847
    },
    "45": {
        "score": 11.020970344543457,
        "runtime": 20.470001220703125
    },
    "46": {
        "score": 11.020970344543457,
        "runtime": 20.343000173568726
    },
    "47": {
        "score": 11.020970344543457,
        "runtime": 20.34400200843811
    },
    "48": {
        "score": 11.020970344543457,
        "runtime": 20.209001302719116
    },
    "49": {
        "score": 11.020970344543457,
        "runtime": 21.166999101638794
    },
    "50": {
        "score": 11.020970344543457,
        "runtime": 20.571001529693604
    },
    "51": {
        "score": 11.150490760803223,
        "runtime": 20.880000114440918
    },
    "52": {
        "score": 11.020970344543457,
        "runtime": 20.55600070953369
    },
    "53": {
        "score": 11.020970344543457,
        "runtime": 20.63099718093872
    },
    "54": {
        "score": 11.020970344543457,
        "runtime": 20.45299792289734
    },
    "55": {
        "score": 11.150490760803223,
        "runtime": 20.538002252578735
    },
    "56": {
        "score": 11.020970344543457,
        "runtime": 20.30801749229431
    },
    "57": {
        "score": 11.020970344543457,
        "runtime": 20.426000118255615
    },
    "58": {
        "score": 11.020970344543457,
        "runtime": 21.058000087738037
    },
    "59": {
        "score": 11.13705062866211,
        "runtime": 20.27900004386902
    },
    "60": {
        "score": 11.150490760803223,
        "runtime": 20.404000759124756
    },
    "61": {
        "score": 11.020970344543457,
        "runtime": 20.415000438690186
    },
    "62": {
        "score": 11.150490760803223,
        "runtime": 20.60399889945984
    },
    "63": {
        "score": 11.020970344543457,
        "runtime": 20.291998624801636
    },
    "64": {
        "score": 11.020970344543457,
        "runtime": 21.248000144958496
    },
    "65": {
        "score": 11.150490760803223,
        "runtime": 20.479002475738525
    },
    "66": {
        "score": 11.020970344543457,
        "runtime": 20.54899764060974
    },
    "67": {
        "score": 11.020970344543457,
        "runtime": 20.339998245239258
    },
    "68": {
        "score": 11.020970344543457,
        "runtime": 20.526999711990356
    },
    "69": {
        "score": 11.150490760803223,
        "runtime": 20.56299924850464
    },
    "70": {
        "score": 11.020970344543457,
        "runtime": 20.6729998588562
    },
    "71": {
        "score": 11.020970344543457,
        "runtime": 20.727001190185547
    },
    "72": {
        "score": 11.020970344543457,
        "runtime": 21.15799856185913
    },
    "73": {
        "score": 11.020970344543457,
        "runtime": 20.579999923706055
    },
    "74": {
        "score": 11.020970344543457,
        "runtime": 20.50804114341736
    },
    "75": {
        "score": 11.020970344543457,
        "runtime": 20.53499937057495
    },
    "76": {
        "score": 11.020970344543457,
        "runtime": 20.54300093650818
    },
    "77": {
        "score": 11.020970344543457,
        "runtime": 20.321001291275024
    },
    "78": {
        "score": 11.020970344543457,
        "runtime": 21.030483722686768
    },
    "79": {
        "score": 11.020970344543457,
        "runtime": 20.49600052833557
    },
    "80": {
        "score": 11.020970344543457,
        "runtime": 21.032002210617065
    },
    "81": {
        "score": 11.020970344543457,
        "runtime": 20.214001178741455
    },
    "82": {
        "score": 11.020970344543457,
        "runtime": 20.984459161758423
    },
    "83": {
        "score": 11.020970344543457,
        "runtime": 20.460001468658447
    },
    "84": {
        "score": 11.150490760803223,
        "runtime": 20.506999254226685
    },
    "85": {
        "score": 11.020970344543457,