{
    "0": {
        "score": 7.872746467590332,
        "runtime": 115.78989171981812
    },
    "1": {
        "score": 9.041168212890625,
        "runtime": 115.20868182182312
    },
    "2": {
        "score": 8.131930351257324,
        "runtime": 114.47852277755737
    },
    "3": {
        "score": 8.712646484375,
        "runtime": 115.14949178695679
    },
    "4": {
        "score": 8.70499038696289,
        "runtime": 116.15349340438843
    },
    "5": {
        "score": 8.244030952453613,
        "runtime": 115.4115481376648
    },
    "6": {
        "score": 8.298821449279785,
        "runtime": 116.38728642463684
    },
    "7": {
        "score": 8.626368522644043,
        "runtime": 114.32338976860046
    },
    "8": {
        "score": 7.912262916564941,
        "runtime": 114.72555112838745
    },
    "9": {
        "score": 8.2760009765625,
        "runtime": 115.46841073036194
    },
    "10": {
        "score": 8.22595500946045,
        "runtime": 115.18338179588318
    },
    "11": {
        "score": 8.1058988571167,
        "runtime": 115.41721725463867
    },
    "12": {
        "score": 8.1032133102417,
        "runtime": 115.58794617652893
    },
    "13": {
        "score": 7.726639270782471,
        "runtime": 116.15178775787354
    },
    "14": {
        "score": 8.326828002929688,
        "runtime": 117.02610778808594
    },
    "15": {
        "score": 8.318703651428223,
        "runtime": 117.43166971206665
    },
    "16": {
        "score": 8.672442436218262,
        "runtime": 115.49897766113281
    },
    "17": {
        "score": 8.278373718261719,
        "runtime": 114.95739459991455
    },
    "18": {
        "score": 8.369194984436035,
        "runtime": 114.67687630653381
    },
    "19": {
        "score": 8.833477020263672,
        "runtime": 115.82960939407349
    },
    "20": {
        "score": 8.537603378295898,
        "runtime": 114.92227363586426
    },
    "21": {
        "score": 8.539043426513672,
        "runtime": 117.09003376960754
    },
    "22": {
        "score": 8.151823997497559,
        "runtime": 116.62648320198059
    },
    "23": {
        "score": 8.135512351989746,
        "runtime": 116.97957038879395
    },
    "24": {
        "score": 7.720694065093994,
        "runtime": 115.8187210559845
    },
    "25": {
        "score": 8.19692611694336,
        "runtime": 116.26329588890076
    },
    "26": {
        "score": 8.264002799987793,
        "runtime": 115.93757343292236
    },
    "27": {
        "score": 7.887215614318848,
        "runtime": 115.81566262245178
    },
    "28": {
        "score": 8.490635871887207,
        "runtime": 115.19003558158875
    },
    "29": {
        "score": 8.007222175598145,
        "runtime": 115.41144728660583
    },
    "30": {
        "score": 8.187677383422852,
        "runtime": 116.29450917243958
    },
    "31": {
        "score": 8.06745433807373,
        "runtime": 115.06095218658447
    },
    "32": {
        "score": 7.753050327301025,
        "runtime": 115.42579317092896
    },
    "33": {
        "score": 8.543208122253418,
        "runtime": 115.40418529510498
    },
    "34": {
        "score": 8.213950157165527,
        "runtime": 114.7801661491394
    },
    "35": {
        "score": 7.998996257781982,
        "runtime": 115.3494188785553
    },
    "36": {
        "score": 8.149097442626953,
        "runtime": 117.40145468711853
    },
    "37": {
        "score": 8.314434051513672,
        "runtime": 114.79735541343689
    },
    "38": {
        "score": 8.106324195861816,
        "runtime": 115.1044557094574
    },
    "39": {
        "score": 7.556809425354004,
        "runtime": 115.4329240322113
    },
    "40": {
        "score": 8.195330619812012,
        "runtime": 114.82355427742004
    },
    "41": {
        "score": 7.793459415435791,
        "runtime": 115.50687956809998
    },
    "42": {
        "score": 7.918618202209473,
        "runtime": 114.98722529411316
    },
    "43": {
        "score": 8.067461013793945,
        "runtime": 115.51993155479431
    },
    "44": {
        "score": 7.8516998291015625,
        "runtime": 115.7198371887207
    },
    "45": {
        "score": 8.49916934967041,
        "runtime": 115.59188842773438
    },
    "46": {
        "score": 8.680694580078125,
        "runtime": 115.27842330932617
    },
    "47": {
        "score": 7.956933498382568,
        "runtime": 116.98495960235596
    },
    "48": {
        "score": 8.153947830200195,
        "runtime": 115.06818222999573
    },
    "49": {
        "score": 8.319304466247559,
        "runtime": 116.3219780921936
    },
    "50": {
        "score": 8.359396934509277,
        "runtime": 114.68367600440979
    },
    "51": {
        "score": 8.395291328430176,
        "runtime": 115.1082272529602
    },
    "52": {
        "score": 8.601044654846191,
        "runtime": 114.93920397758484
    },
    "53": {
        "score": 8.194141387939453,
        "runtime": 116.13721418380737
    },
    "54": {
        "score": 8.716694831848145,
        "runtime": 115.46652793884277
    },
    "55": {
        "score": 8.226973533630371,
        "runtime": 116.9332013130188
    },
    "56": {
        "score": 8.145215034484863,
        "runtime": 116.19128704071045
    },
    "57": {
        "score": 8.277623176574707,
        "runtime": 115.92847084999084
    },
    "58": {
        "score": 8.731510162353516,
        "runtime": 115.34147310256958
    },
    "59": {
        "score": 7.622442722320557,
        "runtime": 114.63062834739685
    },
    "60": {
        "score": 8.582022666931152,
        "runtime": 115.6632354259491
    },
    "61": {
        "score": 8.066241264343262,
        "runtime": 115.7902045249939
    },
    "62": {
        "score": 8.344197273254395,
        "runtime": 114.89734268188477
    },
    "63": {
        "score": 8.048870086669922,
        "runtime": 114.55160546302795
    },
    "64": {
        "score": 8.216330528259277,
        "runtime": 115.16492438316345
    },
    "65": {
        "score": 8.73375129699707,
        "runtime": 115.01038026809692
    },
    "66": {
        "score": 8.484582901000977,
        "runtime": 117.47478818893433
    },
    "67": {
        "score": 8.27241039276123,
        "runtime": 114.19937014579773
    },
    "68": {
        "score": 8.209217071533203,
        "runtime": 114.88806772232056
    },
    "69": {
        "score": 7.764458179473877,
        "runtime": 117.8491005897522
    },
    "70": {
        "score": 8.819191932678223,
        "runtime": 116.15048217773438
    },
    "71": {
        "score": 7.853447914123535,
        "runtime": 115.46473932266235
    },
    "72": {
        "score": 8.536393165588379,
        "runtime": 115.42438578605652
    },
    "73": {
        "score": 8.500029563903809,
        "runtime": 115.06383156776428
    },
    "74": {
        "score": 7.67534065246582,
        "runtime": 114.41044783592224
    },
    "75": {
        "score": 7.666344165802002,
        "runtime": 114.45720028877258
    },
    "76": {
        "score": 8.182866096496582,
        "runtime": 114.15923047065735
    },
    "77": {
        "score": 8.376958847045898,
        "runtime": 114.40667653083801
    },
    "78": {
        "score": 7.935142993927002,
        "runtime": 126.18382048606873
    },
    "79": {
        "score": 8.30388355255127,
        "runtime": 116.03867411613464
    },
    "80": {
        "score": 7.66616153717041,
        "runtime": 114.24443984031677
    },
    "81": {
        "score": 8.078296661376953,
        "runtime": 115.67627310752869
    },
    "82": {
        "score": 8.181543350219727,
        "runtime": 115.93782567977905
    },
    "83": {
        "score": 8.024378776550293,
        "runtime": 116.09245085716248
    },
    "84": {
        "score": 7.888485431671143,
        "runtime": 115.50200152397156
    },
    "85": {
        "score": 8.087654113769531,
        "runtime": 145.40622997283936
    },