{
    "0": {
        "score": 18.03436279296875,
        "runtime": 180.4260847568512
    },
    "1": {
        "score": 17.847185134887695,
        "runtime": 182.38102769851685
    },
    "2": {
        "score": 17.91438865661621,
        "runtime": 180.9524645805359
    },
    "3": {
        "score": 18.084016799926758,
        "runtime": 181.64401721954346
    },
    "4": {
        "score": 18.135286331176758,
        "runtime": 181.15303945541382
    },
    "5": {
        "score": 17.847185134887695,
        "runtime": 180.7744824886322
    },
    "6": {
        "score": 18.275827407836914,
        "runtime": 180.85145664215088
    },
    "7": {
        "score": 18.236494064331055,
        "runtime": 182.11800050735474
    },
    "8": {
        "score": 18.241548538208008,
        "runtime": 181.30461287498474
    },
    "9": {
        "score": 18.084016799926758,
        "runtime": 182.37100219726562
    },
    "10": {
        "score": 18.084016799926758,
        "runtime": 180.8230016231537
    },
    "11": {
        "score": 17.847185134887695,
        "runtime": 178.29700016975403
    },
    "12": {
        "score": 18.135286331176758,
        "runtime": 179.26200246810913
    },
    "13": {
        "score": 18.100801467895508,
        "runtime": 182.44005155563354
    },
    "14": {
        "score": 18.01997947692871,
        "runtime": 180.4031457901001
    },
    "15": {
        "score": 18.333837509155273,
        "runtime": 179.70718336105347
    },
    "16": {
        "score": 18.236494064331055,
        "runtime": 179.13000202178955
    },
    "17": {
        "score": 17.98569679260254,
        "runtime": 179.88300132751465
    },
    "18": {
        "score": 17.847185134887695,
        "runtime": 180.74200129508972
    },
    "19": {
        "score": 18.241548538208008,
        "runtime": 180.99399876594543
    },
    "20": {
        "score": 17.847185134887695,
        "runtime": 181.63251495361328
    },
    "21": {
        "score": 18.03436279296875,
        "runtime": 180.91099977493286
    },
    "22": {
        "score": 17.897876739501953,
        "runtime": 182.17148780822754
    },
    "23": {
        "score": 17.863967895507812,
        "runtime": 180.01545572280884
    },
    "24": {
        "score": 17.898454666137695,
        "runtime": 179.32251405715942
    },
    "25": {
        "score": 18.03436279296875,
        "runtime": 177.6041271686554
    },
    "26": {
        "score": 17.847185134887695,
        "runtime": 180.36359429359436
    },
    "27": {
        "score": 17.847185134887695,
        "runtime": 178.88826179504395
    },
    "28": {
        "score": 18.33218002319336,
        "runtime": 181.75754570960999
    },
    "29": {
        "score": 17.881467819213867,
        "runtime": 179.71000003814697
    },
    "30": {
        "score": 18.03436279296875,
        "runtime": 180.3949999809265
    },
    "31": {
        "score": 18.337133407592773,
        "runtime": 177.7790024280548
    },
    "32": {
        "score": 17.847185134887695,
        "runtime": 179.44009470939636
    },
    "33": {
        "score": 17.847185134887695,
        "runtime": 180.23400163650513
    },
    "34": {
        "score": 18.084016799926758,
        "runtime": 178.94000029563904
    },
    "35": {
        "score": 17.847185134887695,
        "runtime": 178.07700085639954
    },
    "36": {
        "score": 17.863967895507812,
        "runtime": 178.94599890708923
    },
    "37": {
        "score": 18.135286331176758,
        "runtime": 179.8194670677185
    },
    "38": {
        "score": 18.175830841064453,
        "runtime": 179.28226399421692
    },
    "39": {
        "score": 18.084016799926758,
        "runtime": 178.36611104011536
    },
    "40": {
        "score": 17.847185134887695,
        "runtime": 180.02470541000366
    },
    "41": {
        "score": 17.898454666137695,
        "runtime": 181.17800164222717
    },
    "42": {
        "score": 18.084016799926758,
        "runtime": 181.33423709869385
    },
    "43": {
        "score": 18.241548538208008,
        "runtime": 179.17702507972717
    },
    "44": {
        "score": 18.030773162841797,
        "runtime": 180.00147366523743
    },
    "45": {
        "score": 17.93791961669922,
        "runtime": 179.24400067329407
    },
    "46": {
        "score": 17.847185134887695,
        "runtime": 181.65500044822693
    },
    "47": {
        "score": 18.334081649780273,
        "runtime": 181.95399832725525
    },
    "48": {
        "score": 17.76752471923828,
        "runtime": 182.17900037765503
    },
    "49": {
        "score": 17.996768951416016,
        "runtime": 181.1642894744873
    },
    "50": {
        "score": 17.898454666137695,
        "runtime": 182.7079997062683
    },
    "51": {
        "score": 17.847185134887695,
        "runtime": 180.97500133514404
    },
    "52": {
        "score": 17.898454666137695,
        "runtime": 182.34099769592285
    },
    "53": {
        "score": 17.898454666137695,
        "runtime": 175.00006914138794
    },
    "54": {
        "score": 17.847185134887695,
        "runtime": 173.86900067329407
    },
    "55": {
        "score": 17.898454666137695,
        "runtime": 174.3949999809265
    },
    "56": {
        "score": 17.881467819213867,
        "runtime": 173.68899965286255
    },
    "57": {
        "score": 18.152067184448242,
        "runtime": 174.73499965667725
    },
    "58": {
        "score": 18.03436279296875,
        "runtime": 174.86914587020874
    },
    "59": {
        "score": 18.084016799926758,
        "runtime": 174.28300023078918
    },
    "60": {
        "score": 18.100801467895508,
        "runtime": 174.42399978637695
    },
    "61": {
        "score": 17.898454666137695,
        "runtime": 175.35401391983032
    },
    "62": {
        "score": 18.36646270751953,
        "runtime": 175.21299982070923
    },
    "63": {
        "score": 17.942651748657227,
        "runtime": 213.42751026153564
    },
    "64": {
        "score": 17.97928237915039,
        "runtime": 176.9261462688446
    },
    "65": {
        "score": 18.084016799926758,
        "runtime": 174.49452662467957
    },
    "66": {
        "score": 18.084016799926758,
        "runtime": 175.06599807739258
    },
    "67": {
        "score": 18.084016799926758,
        "runtime": 173.68103551864624
    },
    "68": {
        "score": 18.33218002319336,
        "runtime": 175.64205527305603
    },
    "69": {
        "score": 18.013565063476562,
        "runtime": 174.48887181282043
    },
    "70": {
        "score": 18.084016799926758,
        "runtime": 173.90729188919067
    },
    "71": {
        "score": 18.300424575805664,
        "runtime": 174.66604661941528
    },
    "72": {
        "score": 17.98569679260254,
        "runtime": 174.2661111354828
    },
    "73": {
        "score": 17.76752471923828,
        "runtime": 176.24999904632568
    },
    "74": {
        "score": 18.023849487304688,
        "runtime": 177.23660016059875
    },
    "75": {
        "score": 18.274038314819336,
        "runtime": 175.55801963806152
    },
    "76": {
        "score": 18.026521682739258,
        "runtime": 175.86205196380615
    },
    "77": {
        "score": 18.084016799926758,
        "runtime": 177.14000034332275
    },
    "78": {
        "score": 17.847185134887695,
        "runtime": 174.67001724243164
    },
    "79": {
        "score": 18.275732040405273,
        "runtime": 178.1155412197113
    },
    "80": {
        "score": 17.847185134887695,
        "runtime": 174.70900082588196
    },
    "81": {
        "score": 17.932735443115234,
        "runtime": 190.43207216262817
    },
    "82": {
        "score": 18.241548538208008,
        "runtime": 174.5657560825348
    },
    "83": {
        "score": 17.847185134887695,
        "runtime": 207.87390446662903
    },
    "84": {
        "score": 17.898523330688477,
        "runtime": 174.73183631896973
    },
    "85": {
        "score": 17.847185134887695,