{
    "0": {
        "score": 16.718536376953125,
        "runtime": 181.05608248710632
    },
    "1": {
        "score": 16.956161499023438,
        "runtime": 182.14802598953247
    },
    "2": {
        "score": 17.044776916503906,
        "runtime": 181.6494641304016
    },
    "3": {
        "score": 16.865825653076172,
        "runtime": 180.77601408958435
    },
    "4": {
        "score": 17.04884910583496,
        "runtime": 181.04303789138794
    },
    "5": {
        "score": 16.976276397705078,
        "runtime": 181.3664801120758
    },
    "6": {
        "score": 17.208017349243164,
        "runtime": 181.2674582004547
    },
    "7": {
        "score": 17.013500213623047,
        "runtime": 179.32000041007996
    },
    "8": {
        "score": 16.941143035888672,
        "runtime": 179.0041344165802
    },
    "9": {
        "score": 17.06424331665039,
        "runtime": 181.2600018978119
    },
    "10": {
        "score": 16.993249893188477,
        "runtime": 179.16399884223938
    },
    "11": {
        "score": 16.995851516723633,
        "runtime": 179.44200038909912
    },
    "12": {
        "score": 16.993101119995117,
        "runtime": 182.0039999485016
    },
    "13": {
        "score": 16.865825653076172,
        "runtime": 180.59805178642273
    },
    "14": {
        "score": 16.961097717285156,
        "runtime": 181.11914229393005
    },
    "15": {
        "score": 17.002737045288086,
        "runtime": 179.32376527786255
    },
    "16": {
        "score": 16.78409767150879,
        "runtime": 179.09548687934875
    },
    "17": {
        "score": 16.75795555114746,
        "runtime": 178.9929976463318
    },
    "18": {
        "score": 17.002737045288086,
        "runtime": 179.87699794769287
    },
    "19": {
        "score": 17.10126304626465,
        "runtime": 183.17699766159058
    },
    "20": {
        "score": 17.0484676361084,
        "runtime": 179.08400082588196
    },
    "21": {
        "score": 16.82742691040039,
        "runtime": 180.83400130271912
    },
    "22": {
        "score": 16.93090057373047,
        "runtime": 180.4170002937317
    },
    "23": {
        "score": 16.75795555114746,
        "runtime": 180.4444544315338
    },
    "24": {
        "score": 16.95849609375,
        "runtime": 181.50655269622803
    },
    "25": {
        "score": 16.753314971923828,
        "runtime": 180.66912722587585
    },
    "26": {
        "score": 16.75795555114746,
        "runtime": 179.81300044059753
    },
    "27": {
        "score": 17.055540084838867,
        "runtime": 179.80000138282776
    },
    "28": {
        "score": 16.80409049987793,
        "runtime": 179.7800030708313
    },
    "29": {
        "score": 16.754314422607422,
        "runtime": 181.3625156879425
    },
    "30": {
        "score": 16.732755661010742,
        "runtime": 181.49147701263428
    },
    "31": {
        "score": 16.866222381591797,
        "runtime": 180.06700229644775
    },
    "32": {
        "score": 17.044776916503906,
        "runtime": 180.528094291687
    },
    "33": {
        "score": 16.828685760498047,
        "runtime": 183.09044933319092
    },
    "34": {
        "score": 17.01714324951172,
        "runtime": 180.35349822044373
    },
    "35": {
        "score": 17.169021606445312,
        "runtime": 180.77499794960022
    },
    "36": {
        "score": 16.840059280395508,
        "runtime": 181.10299968719482
    },
    "37": {
        "score": 16.827133178710938,
        "runtime": 181.03846549987793
    },
    "38": {
        "score": 16.897235870361328,
        "runtime": 181.22726392745972
    },
    "39": {
        "score": 16.954858779907227,
        "runtime": 178.81799793243408
    },
    "40": {
        "score": 16.739479064941406,
        "runtime": 181.186190366745
    },
    "41": {
        "score": 16.9585018157959,
        "runtime": 181.3039994239807
    },
    "42": {
        "score": 17.0484676361084,
        "runtime": 182.5422399044037
    },
    "43": {
        "score": 16.953750610351562,
        "runtime": 182.14602637290955
    },
    "44": {
        "score": 16.934349060058594,
        "runtime": 182.60600018501282
    },
    "45": {
        "score": 16.80409049987793,
        "runtime": 183.2559995651245
    },
    "46": {
        "score": 17.070919036865234,
        "runtime": 181.44700169563293
    },
    "47": {
        "score": 16.934349060058594,
        "runtime": 180.72300267219543
    },
    "48": {
        "score": 16.970603942871094,
        "runtime": 182.2369990348816
    },
    "49": {
        "score": 16.72218132019043,
        "runtime": 182.43429112434387
    },
    "50": {
        "score": 16.89857292175293,
        "runtime": 183.05900192260742
    },
    "51": {
        "score": 16.897489547729492,
        "runtime": 183.2419981956482
    },
    "52": {
        "score": 16.8621826171875,
        "runtime": 182.3859989643097
    },
    "53": {
        "score": 17.012073516845703,
        "runtime": 173.8080699443817
    },
    "54": {
        "score": 16.813114166259766,
        "runtime": 174.18999791145325
    },
    "55": {
        "score": 16.90011215209961,
        "runtime": 173.99099802970886
    },
    "56": {
        "score": 16.72218132019043,
        "runtime": 173.98600101470947
    },
    "57": {
        "score": 16.996015548706055,
        "runtime": 175.45548248291016
    },
    "58": {
        "score": 16.7143497467041,
        "runtime": 175.69414472579956
    },
    "59": {
        "score": 17.108661651611328,
        "runtime": 174.8849995136261
    },
    "60": {
        "score": 16.898719787597656,
        "runtime": 174.08799934387207
    },
    "61": {
        "score": 16.819595336914062,
        "runtime": 174.87301397323608
    },
    "62": {
        "score": 17.0484676361084,
        "runtime": 173.3640012741089
    },
    "63": {
        "score": 16.95849609375,
        "runtime": 193.33385944366455
    },
    "64": {
        "score": 17.023767471313477,
        "runtime": 175.55002617835999
    },
    "65": {
        "score": 16.813114166259766,
        "runtime": 176.6450264453888
    },
    "66": {
        "score": 16.90375518798828,
        "runtime": 176.94301581382751
    },
    "67": {
        "score": 17.091157913208008,
        "runtime": 175.47102737426758
    },
    "68": {
        "score": 16.938507080078125,
        "runtime": 177.50702786445618
    },
    "69": {
        "score": 16.72218132019043,
        "runtime": 176.91787242889404
    },
    "70": {
        "score": 16.863203048706055,
        "runtime": 177.9002890586853
    },
    "71": {
        "score": 16.966960906982422,
        "runtime": 177.9120454788208
    },
    "72": {
        "score": 17.01714324951172,
        "runtime": 174.31505751609802
    },
    "73": {
        "score": 16.851511001586914,
        "runtime": 176.21399664878845
    },
    "74": {
        "score": 17.091157913208008,
        "runtime": 176.05664205551147
    },
    "75": {
        "score": 16.657712936401367,
        "runtime": 176.294043302536
    },
    "76": {
        "score": 16.565378189086914,
        "runtime": 175.70001196861267
    },
    "77": {
        "score": 16.865825653076172,
        "runtime": 174.6020703315735
    },
    "78": {
        "score": 16.95888328552246,
        "runtime": 174.94806718826294
    },
    "79": {
        "score": 17.194860458374023,
        "runtime": 175.5385136604309
    },
    "80": {
        "score": 16.961097717285156,
        "runtime": 175.00505590438843
    },
    "81": {
        "score": 16.79271125793457,
        "runtime": 206.1076638698578
    },
    "82": {
        "score": 16.787649154663086,
        "runtime": 173.7457733154297
    },
    "83": {
        "score": 16.961097717285156,
        "runtime": 208.62526178359985
    },
    "84": {
        "score": 16.977724075317383,
        "runtime": 175.6274619102478
    },
    "85": {
        "score": 17.180744171142578,
        "runtime": 224.9184238910675
    },