{
    "0": {
        "score": 20.463376998901367,
        "runtime": 179.12208247184753
    },
    "1": {
        "score": 19.689252853393555,
        "runtime": 182.23302936553955
    },
    "2": {
        "score": 19.550155639648438,
        "runtime": 183.11146354675293
    },
    "3": {
        "score": 19.738685607910156,
        "runtime": 181.66201639175415
    },
    "4": {
        "score": 19.075101852416992,
        "runtime": 182.20350909233093
    },
    "5": {
        "score": 19.739303588867188,
        "runtime": 183.7760009765625
    },
    "6": {
        "score": 20.08572006225586,
        "runtime": 182.3104588985443
    },
    "7": {
        "score": 19.895938873291016,
        "runtime": 180.5384702682495
    },
    "8": {
        "score": 19.67128562927246,
        "runtime": 178.11348128318787
    },
    "9": {
        "score": 19.767152786254883,
        "runtime": 181.40546011924744
    },
    "10": {
        "score": 20.370893478393555,
        "runtime": 178.219740152359
    },
    "11": {
        "score": 19.862546920776367,
        "runtime": 179.28400254249573
    },
    "12": {
        "score": 19.759624481201172,
        "runtime": 178.91200041770935
    },
    "13": {
        "score": 19.652294158935547,
        "runtime": 179.32505249977112
    },
    "14": {
        "score": 19.826778411865234,
        "runtime": 179.46114230155945
    },
    "15": {
        "score": 19.63858413696289,
        "runtime": 180.01315832138062
    },
    "16": {
        "score": 19.25296401977539,
        "runtime": 180.54199981689453
    },
    "17": {
        "score": 19.836368560791016,
        "runtime": 178.94099760055542
    },
    "18": {
        "score": 19.778913497924805,
        "runtime": 181.97500157356262
    },
    "19": {
        "score": 19.39687156677246,
        "runtime": 179.3560004234314
    },
    "20": {
        "score": 20.16712188720703,
        "runtime": 181.59951758384705
    },
    "21": {
        "score": 19.78193473815918,
        "runtime": 180.0249981880188
    },
    "22": {
        "score": 19.04146957397461,
        "runtime": 179.8164873123169
    },
    "23": {
        "score": 19.60260009765625,
        "runtime": 180.18645811080933
    },
    "24": {
        "score": 19.89517593383789,
        "runtime": 179.7975151538849
    },
    "25": {
        "score": 19.005970001220703,
        "runtime": 180.26399993896484
    },
    "26": {
        "score": 20.996601104736328,
        "runtime": 178.75759315490723
    },
    "27": {
        "score": 19.968765258789062,
        "runtime": 178.66826510429382
    },
    "28": {
        "score": 20.357418060302734,
        "runtime": 180.67654466629028
    },
    "29": {
        "score": 19.265953063964844,
        "runtime": 179.97299981117249
    },
    "30": {
        "score": 19.81890106201172,
        "runtime": 177.7469997406006
    },
    "31": {
        "score": 20.12731170654297,
        "runtime": 178.84699964523315
    },
    "32": {
        "score": 19.481531143188477,
        "runtime": 177.1009979248047
    },
    "33": {
        "score": 20.04390525817871,
        "runtime": 179.68600010871887
    },
    "34": {
        "score": 20.246313095092773,
        "runtime": 181.60500025749207
    },
    "35": {
        "score": 19.841541290283203,
        "runtime": 179.5240020751953
    },
    "36": {
        "score": 19.44648551940918,
        "runtime": 182.1229989528656
    },
    "37": {
        "score": 19.320133209228516,
        "runtime": 180.4034662246704
    },
    "38": {
        "score": 19.94304847717285,
        "runtime": 181.64499855041504
    },
    "39": {
        "score": 19.41286849975586,
        "runtime": 181.88110899925232
    },
    "40": {
        "score": 19.643726348876953,
        "runtime": 181.97600078582764
    },
    "41": {
        "score": 19.413766860961914,
        "runtime": 180.5720021724701
    },
    "42": {
        "score": 19.694149017333984,
        "runtime": 180.44512510299683
    },
    "43": {
        "score": 19.3436279296875,
        "runtime": 179.13722848892212
    },
    "44": {
        "score": 19.676706314086914,
        "runtime": 181.97947239875793
    },
    "45": {
        "score": 20.13068389892578,
        "runtime": 177.14699792861938
    },
    "46": {
        "score": 19.403902053833008,
        "runtime": 181.5554645061493
    },
    "47": {
        "score": 19.839014053344727,
        "runtime": 178.4054844379425
    },
    "48": {
        "score": 19.737651824951172,
        "runtime": 181.4049994945526
    },
    "49": {
        "score": 20.721994400024414,
        "runtime": 181.39428901672363
    },
    "50": {
        "score": 19.841163635253906,
        "runtime": 180.44500017166138
    },
    "51": {
        "score": 21.11573600769043,
        "runtime": 181.95400094985962
    },
    "52": {
        "score": 20.13653564453125,
        "runtime": 180.6749997138977
    },
    "53": {
        "score": 20.126562118530273,
        "runtime": 173.6790692806244
    },
    "54": {
        "score": 19.545034408569336,
        "runtime": 175.07099795341492
    },
    "55": {
        "score": 19.822338104248047,
        "runtime": 176.82200288772583
    },
    "56": {
        "score": 20.50333023071289,
        "runtime": 175.0470004081726
    },
    "57": {
        "score": 20.10528564453125,
        "runtime": 175.246000289917
    },
    "58": {
        "score": 19.967926025390625,
        "runtime": 174.5114016532898
    },
    "59": {
        "score": 19.257152557373047,
        "runtime": 175.14800214767456
    },
    "60": {
        "score": 19.955049514770508,
        "runtime": 173.34000039100647
    },
    "61": {
        "score": 19.72052764892578,
        "runtime": 175.3520004749298
    },
    "62": {
        "score": 19.70491600036621,
        "runtime": 172.83500170707703
    },
    "63": {
        "score": 19.679895401000977,
        "runtime": 210.51046442985535
    },
    "64": {
        "score": 19.587528228759766,
        "runtime": 174.90014600753784
    },
    "65": {
        "score": 19.710739135742188,
        "runtime": 176.94352674484253
    },
    "66": {
        "score": 19.999408721923828,
        "runtime": 176.53902673721313
    },
    "67": {
        "score": 19.493030548095703,
        "runtime": 176.41003441810608
    },
    "68": {
        "score": 19.791152954101562,
        "runtime": 175.89608192443848
    },
    "69": {
        "score": 18.948646545410156,
        "runtime": 174.4180052280426
    },
    "70": {
        "score": 19.34457015991211,
        "runtime": 174.88823342323303
    },
    "71": {
        "score": 20.21499252319336,
        "runtime": 175.1690549850464
    },
    "72": {
        "score": 20.601295471191406,
        "runtime": 174.8901445865631
    },
    "73": {
        "score": 19.080732345581055,
        "runtime": 176.0250015258789
    },
    "74": {
        "score": 19.6716365814209,
        "runtime": 174.6616406440735
    },
    "75": {
        "score": 20.11023712158203,
        "runtime": 176.29901266098022
    },
    "76": {
        "score": 20.022842407226562,
        "runtime": 174.5630555152893
    },
    "77": {
        "score": 19.250057220458984,
        "runtime": 174.95100045204163
    },
    "78": {
        "score": 19.110889434814453,
        "runtime": 174.4094808101654
    },
    "79": {
        "score": 19.940217971801758,
        "runtime": 176.69051122665405
    },
    "80": {
        "score": 19.75568199157715,
        "runtime": 175.8260018825531
    },
    "81": {
        "score": 19.9354190826416,
        "runtime": 186.56615591049194
    },
    "82": {
        "score": 20.42803382873535,
        "runtime": 174.20875811576843
    },
    "83": {
        "score": 19.314685821533203,
        "runtime": 206.71961760520935
    },
    "84": {
        "score": 19.352495193481445,
        "runtime": 172.81283807754517
    },
    "85": {
        "score": 19.742645263671875,