{
    "epoch=93-train_score=15.80659": {
        "result_avg": {
            "score": 15.902064428329467,
            "runtime": 179.87375193834305
        },
        "result_std": {
            "score": 0.05722857575961633,
            "runtime": 85.54926907764575
        }
    },
    "epoch=247-train_score=15.67298": {
        "result_avg": {
            "score": 15.727024507522582,
            "runtime": 179.20395761489868
        },
        "result_std": {
            "score": 0.02971585846877811,
            "runtime": 85.98982483229786
        }
    },
    "epoch=267-train_score=15.78909": {
        "result_avg": {
            "score": 15.78394850730896,
            "runtime": 179.4669395017624
        },
        "result_std": {
            "score": 0.05690090301625046,
            "runtime": 82.68511239579169
        }
    },
    "epoch=293-train_score=15.82169": {
        "result_avg": {
            "score": 15.72380168914795,
            "runtime": 180.0544723677635
        },
        "result_std": {
            "score": 0.0390368939230699,
            "runtime": 83.89040503005826
        }
    },
    "epoch=297-train_score=15.85876": {
        "result_avg": {
            "score": 15.938220539093017,
            "runtime": 180.22250592708588
        },
        "result_std": {
            "score": 0.037712756902827445,
            "runtime": 85.84716506368808
        }
    }
}