{
    "0": {
        "score": 4.8768768310546875,
        "runtime": 0.13300037384033203
    },
    "1": {
        "score": 8.299047470092773,
        "runtime": 0.1400001049041748
    },
    "2": {
        "score": 6.681190013885498,
        "runtime": 0.13899707794189453
    },
    "3": {
        "score": 5.713685989379883,
        "runtime": 0.1399986743927002
    },
    "4": {
        "score": 6.82926082611084,
        "runtime": 0.14299917221069336
    },
    "5": {
        "score": 6.941741943359375,
        "runtime": 0.14299988746643066
    },
    "6": {
        "score": 6.381514072418213,
        "runtime": 0.1420001983642578
    },
    "7": {
        "score": 6.079115390777588,
        "runtime": 0.13699960708618164
    },
    "8": {
        "score": 7.614652633666992,
        "runtime": 0.1400010585784912
    },
    "9": {
        "score": 6.368019104003906,
        "runtime": 0.13899922370910645
    },
    "10": {
        "score": 6.420286178588867,
        "runtime": 0.14699983596801758
    },
    "11": {
        "score": 6.75758171081543,
        "runtime": 0.14399957656860352
    },
    "12": {
        "score": 6.986201763153076,
        "runtime": 0.14100074768066406
    },
    "13": {
        "score": 6.375822067260742,
        "runtime": 0.13500070571899414
    },
    "14": {
        "score": 6.768072128295898,
        "runtime": 0.14500045776367188
    },
    "15": {
        "score": 6.1361565589904785,
        "runtime": 0.15000033378601074
    },
    "16": {
        "score": 4.899497985839844,
        "runtime": 0.14899992942810059
    },
    "17": {
        "score": 6.699054718017578,
        "runtime": 0.14600110054016113
    },
    "18": {
        "score": 6.422255992889404,
        "runtime": 0.13699984550476074
    },
    "19": {
        "score": 6.031430244445801,
        "runtime": 0.14599895477294922
    },
    "20": {
        "score": 7.5298871994018555,
        "runtime": 0.14299941062927246
    },
    "21": {
        "score": 5.7923173904418945,
        "runtime": 0.14300012588500977
    },
    "22": {
        "score": 6.755799770355225,
        "runtime": 0.13599777221679688
    },
    "23": {
        "score": 5.143153667449951,
        "runtime": 0.14599990844726562
    },
    "24": {
        "score": 6.701202392578125,
        "runtime": 0.13499808311462402
    },
    "25": {
        "score": 5.169394493103027,
        "runtime": 0.1419987678527832
    },
    "26": {
        "score": 7.190197944641113,
        "runtime": 0.1380002498626709
    },
    "27": {
        "score": 5.810949802398682,
        "runtime": 0.1419997215270996
    },
    "28": {
        "score": 5.864241600036621,
        "runtime": 0.1419992446899414
    },
    "29": {
        "score": 5.772451400756836,
        "runtime": 0.1419994831085205
    },
    "30": {
        "score": 6.46504545211792,
        "runtime": 0.14500069618225098
    },
    "31": {
        "score": 9.090030670166016,
        "runtime": 0.14800000190734863
    },
    "32": {
        "score": 8.085371017456055,
        "runtime": 0.14700102806091309
    },
    "33": {
        "score": 5.440149307250977,
        "runtime": 0.14200115203857422
    },
    "34": {
        "score": 7.8418121337890625,
        "runtime": 0.14099931716918945
    },
    "35": {
        "score": 5.4105024337768555,
        "runtime": 0.13699984550476074
    },
    "36": {
        "score": 7.094699859619141,
        "runtime": 0.14799857139587402
    },
    "37": {
        "score": 5.9435625076293945,
        "runtime": 0.14299821853637695
    },
    "38": {
        "score": 7.513761520385742,
        "runtime": 0.13499832153320312
    },
    "39": {
        "score": 5.194362163543701,
        "runtime": 0.14299845695495605
    },
    "40": {
        "score": 5.006686210632324,
        "runtime": 0.1399993896484375
    },
    "41": {
        "score": 7.676353454589844,
        "runtime": 0.1419992446899414
    },
    "42": {
        "score": 6.977761268615723,
        "runtime": 0.14099717140197754
    },
    "43": {
        "score": 6.405278205871582,
        "runtime": 0.1399991512298584
    },
    "44": {
        "score": 7.735101699829102,
        "runtime": 0.14700007438659668
    },
    "45": {
        "score": 6.085094451904297,
        "runtime": 0.14200067520141602
    },
    "46": {
        "score": 5.923961639404297,
        "runtime": 0.1419985294342041
    },
    "47": {
        "score": 6.887205123901367,
        "runtime": 0.1439986228942871
    },
    "48": {
        "score": 6.490492820739746,
        "runtime": 0.14700007438659668
    },
    "49": {
        "score": 6.044641971588135,
        "runtime": 0.13500046730041504
    },
    "50": {
        "score": 6.010418891906738,
        "runtime": 0.14299988746643066
    },
    "51": {
        "score": 6.1399827003479,
        "runtime": 0.1419990062713623
    },
    "52": {
        "score": 6.7211198806762695,
        "runtime": 0.1399991512298584
    },
    "53": {
        "score": 8.645306587219238,
        "runtime": 0.14400053024291992
    },
    "54": {
        "score": 5.130383491516113,
        "runtime": 0.1419987678527832
    },
    "55": {
        "score": 8.827154159545898,
        "runtime": 0.1379995346069336
    },
    "56": {
        "score": 4.570158958435059,
        "runtime": 0.1399984359741211
    },
    "57": {
        "score": 6.7828874588012695,
        "runtime": 0.1439986228942871
    },
    "58": {
        "score": 7.576654434204102,
        "runtime": 0.14999938011169434
    },
    "59": {
        "score": 7.592855930328369,
        "runtime": 0.13800048828125
    },
    "60": {
        "score": 7.876136779785156,
        "runtime": 0.14599919319152832
    },
    "61": {
        "score": 5.793026924133301,
        "runtime": 0.14299941062927246
    },
    "62": {
        "score": 6.590884685516357,
        "runtime": 0.14999985694885254
    },
    "63": {
        "score": 6.8134260177612305,
        "runtime": 0.14200043678283691
    },
    "64": {
        "score": 6.845953941345215,
        "runtime": 0.14299869537353516
    },
    "65": {
        "score": 6.054854393005371,
        "runtime": 0.14200186729431152
    },
    "66": {
        "score": 6.044332027435303,
        "runtime": 0.14499926567077637
    },
    "67": {
        "score": 6.441805839538574,
        "runtime": 0.14299964904785156
    },
    "68": {
        "score": 5.264842510223389,
        "runtime": 0.14099931716918945
    },
    "69": {
        "score": 6.641087532043457,
        "runtime": 0.14200139045715332
    },
    "70": {
        "score": 7.914581298828125,
        "runtime": 0.14599823951721191
    },
    "71": {
        "score": 5.904256820678711,
        "runtime": 0.14200043678283691
    },
    "72": {
        "score": 5.953895568847656,
        "runtime": 0.14800000190734863
    },
    "73": {
        "score": 6.825723648071289,
        "runtime": 0.1349964141845703
    },
    "74": {
        "score": 7.622708320617676,
        "runtime": 0.14300227165222168
    },
    "75": {
        "score": 7.519913196563721,
        "runtime": 0.14499998092651367
    },
    "76": {
        "score": 6.499733924865723,
        "runtime": 0.1439990997314453
    },
    "77": {
        "score": 5.663374900817871,
        "runtime": 0.14299941062927246
    },
    "78": {
        "score": 5.328670024871826,
        "runtime": 0.13900017738342285
    },
    "79": {
        "score": 7.31424617767334,
        "runtime": 0.14100027084350586
    },
    "80": {
        "score": 6.4743852615356445,
        "runtime": 0.14099931716918945
    },
    "81": {
        "score": 6.496270179748535,
        "runtime": 0.14899921417236328
    },
    "82": {
        "score": 7.140899181365967,
        "runtime": 0.1439990997314453
    },
    "83": {
        "score": 5.789766788482666,
        "runtime": 0.13700127601623535
    },
    "84": {
        "score": 5.525429725646973,
        "runtime": 0.14800119400024414
    },