{
    "0": {
        "score": 7.686514854431152,
        "runtime": 114.6929714679718
    },
    "1": {
        "score": 8.60754108428955,
        "runtime": 114.87173867225647
    },
    "2": {
        "score": 8.661399841308594,
        "runtime": 114.45865654945374
    },
    "3": {
        "score": 8.313692092895508,
        "runtime": 114.65151381492615
    },
    "4": {
        "score": 8.570289611816406,
        "runtime": 115.13741731643677
    },
    "5": {
        "score": 8.349654197692871,
        "runtime": 114.57305717468262
    },
    "6": {
        "score": 8.616948127746582,
        "runtime": 115.42098903656006
    },
    "7": {
        "score": 8.313905715942383,
        "runtime": 115.99338865280151
    },
    "8": {
        "score": 8.867659568786621,
        "runtime": 115.38762712478638
    },
    "9": {
        "score": 7.866103172302246,
        "runtime": 115.08675861358643
    },
    "10": {
        "score": 8.392217636108398,
        "runtime": 116.31735038757324
    },
    "11": {
        "score": 8.150419235229492,
        "runtime": 115.17163968086243
    },
    "12": {
        "score": 8.481363296508789,
        "runtime": 114.40926909446716
    },
    "13": {
        "score": 7.552614212036133,
        "runtime": 115.7067277431488
    },
    "14": {
        "score": 8.54871654510498,
        "runtime": 115.99667000770569
    },
    "15": {
        "score": 8.293113708496094,
        "runtime": 114.32882285118103
    },
    "16": {
        "score": 8.323448181152344,
        "runtime": 114.84901356697083
    },
    "17": {
        "score": 8.42697525024414,
        "runtime": 116.3273184299469
    },
    "18": {
        "score": 8.910414695739746,
        "runtime": 117.25657987594604
    },
    "19": {
        "score": 8.400659561157227,
        "runtime": 115.55585551261902
    },
    "20": {
        "score": 8.416404724121094,
        "runtime": 114.6624207496643
    },
    "21": {
        "score": 8.156949043273926,
        "runtime": 117.47018384933472
    },
    "22": {
        "score": 7.854251384735107,
        "runtime": 116.36997699737549
    },
    "23": {
        "score": 8.56481647491455,
        "runtime": 116.56852769851685
    },
    "24": {
        "score": 8.189136505126953,
        "runtime": 115.23664879798889
    },
    "25": {
        "score": 8.094732284545898,
        "runtime": 115.96895432472229
    },
    "26": {
        "score": 8.117024421691895,
        "runtime": 115.91943097114563
    },
    "27": {
        "score": 8.277149200439453,
        "runtime": 116.67092680931091
    },
    "28": {
        "score": 8.509696960449219,
        "runtime": 116.59903359413147
    },
    "29": {
        "score": 7.94550895690918,
        "runtime": 115.8965094089508
    },
    "30": {
        "score": 8.98388385772705,
        "runtime": 115.30563259124756
    },
    "31": {
        "score": 8.491386413574219,
        "runtime": 115.85714864730835
    },
    "32": {
        "score": 7.944515705108643,
        "runtime": 114.86659336090088
    },
    "33": {
        "score": 8.146101951599121,
        "runtime": 115.72093081474304
    },
    "34": {
        "score": 8.37004280090332,
        "runtime": 116.14461827278137
    },
    "35": {
        "score": 8.137370109558105,
        "runtime": 114.65060424804688
    },
    "36": {
        "score": 8.422273635864258,
        "runtime": 116.013587474823
    },
    "37": {
        "score": 7.8586015701293945,
        "runtime": 116.12870240211487
    },
    "38": {
        "score": 8.250267028808594,
        "runtime": 116.71547269821167
    },
    "39": {
        "score": 8.894580841064453,
        "runtime": 116.18023633956909
    },
    "40": {
        "score": 7.9302144050598145,
        "runtime": 114.79304027557373
    },
    "41": {
        "score": 8.142228126525879,
        "runtime": 115.30806851387024
    },
    "42": {
        "score": 8.419260025024414,
        "runtime": 115.64716458320618
    },
    "43": {
        "score": 8.269673347473145,
        "runtime": 114.5468921661377
    },
    "44": {
        "score": 9.034679412841797,
        "runtime": 114.81192207336426
    },
    "45": {
        "score": 7.973462104797363,
        "runtime": 116.07463026046753
    },
    "46": {
        "score": 8.411553382873535,
        "runtime": 115.02282452583313
    },
    "47": {
        "score": 8.189953804016113,
        "runtime": 115.57045555114746
    },
    "48": {
        "score": 8.390060424804688,
        "runtime": 115.65135264396667
    },
    "49": {
        "score": 8.499879837036133,
        "runtime": 116.0712320804596
    },
    "50": {
        "score": 8.53133773803711,
        "runtime": 116.83350563049316
    },
    "51": {
        "score": 8.295068740844727,
        "runtime": 115.15241527557373
    },
    "52": {
        "score": 7.989656448364258,
        "runtime": 115.30575489997864
    },
    "53": {
        "score": 7.928217887878418,
        "runtime": 116.95173788070679
    },
    "54": {
        "score": 8.349564552307129,
        "runtime": 115.1254050731659
    },
    "55": {
        "score": 8.244147300720215,
        "runtime": 115.82784342765808
    },
    "56": {
        "score": 8.816583633422852,
        "runtime": 114.53666734695435
    },
    "57": {
        "score": 9.022963523864746,
        "runtime": 119.3256266117096
    },
    "58": {
        "score": 8.389304161071777,
        "runtime": 115.53189325332642
    },
    "59": {
        "score": 8.21926212310791,
        "runtime": 116.09759759902954
    },
    "60": {
        "score": 8.418070793151855,
        "runtime": 115.64946866035461
    },
    "61": {
        "score": 9.246169090270996,
        "runtime": 114.72806859016418
    },
    "62": {
        "score": 9.005338668823242,
        "runtime": 115.42062735557556
    },
    "63": {
        "score": 8.798596382141113,
        "runtime": 113.98761129379272
    },
    "64": {
        "score": 8.013288497924805,
        "runtime": 115.54231071472168
    },
    "65": {
        "score": 8.63874626159668,
        "runtime": 116.53318428993225
    },
    "66": {
        "score": 8.176048278808594,
        "runtime": 115.33156251907349
    },
    "67": {
        "score": 9.646025657653809,
        "runtime": 115.12793445587158
    },
    "68": {
        "score": 7.679511070251465,
        "runtime": 115.63447690010071
    },
    "69": {
        "score": 7.679464340209961,
        "runtime": 116.58844304084778
    },
    "70": {
        "score": 8.35398006439209,
        "runtime": 116.90954184532166
    },
    "71": {
        "score": 7.468038558959961,
        "runtime": 115.10861849784851
    },
    "72": {
        "score": 8.65892219543457,
        "runtime": 115.32645750045776
    },
    "73": {
        "score": 8.199883460998535,
        "runtime": 116.23848676681519
    },
    "74": {
        "score": 8.079753875732422,
        "runtime": 115.05367422103882
    },
    "75": {
        "score": 8.068267822265625,
        "runtime": 114.80590438842773
    },
    "76": {
        "score": 8.386430740356445,
        "runtime": 115.09220862388611
    },
    "77": {
        "score": 8.628708839416504,
        "runtime": 114.06784582138062
    },
    "78": {
        "score": 8.028014183044434,
        "runtime": 114.81238579750061
    },
    "79": {
        "score": 8.47655200958252,
        "runtime": 119.64237141609192
    },
    "80": {
        "score": 7.856687068939209,
        "runtime": 114.20304918289185
    },
    "81": {
        "score": 8.501255989074707,
        "runtime": 115.02215361595154
    },
    "82": {
        "score": 8.076085090637207,
        "runtime": 129.7537808418274
    },
    "83": {
        "score": 7.695078372955322,
        "runtime": 114.84199857711792
    },
    "84": {
        "score": 8.137316703796387,
        "runtime": 115.5510003566742
    },
    "85": {
        "score": 8.55776596069336,
        "runtime": 114.60410022735596
    },