{
    "0": {
        "score": 7.677281379699707,
        "runtime": 114.50957155227661
    },
    "1": {
        "score": 8.504115104675293,
        "runtime": 115.05170607566833
    },
    "2": {
        "score": 9.198988914489746,
        "runtime": 114.8859281539917
    },
    "3": {
        "score": 8.241576194763184,
        "runtime": 114.81995701789856
    },
    "4": {
        "score": 9.213075637817383,
        "runtime": 116.16997170448303
    },
    "5": {
        "score": 8.601611137390137,
        "runtime": 115.24674248695374
    },
    "6": {
        "score": 8.32687759399414,
        "runtime": 115.69558882713318
    },
    "7": {
        "score": 8.18458080291748,
        "runtime": 114.49435925483704
    },
    "8": {
        "score": 8.549844741821289,
        "runtime": 115.18427729606628
    },
    "9": {
        "score": 8.031261444091797,
        "runtime": 114.36297702789307
    },
    "10": {
        "score": 8.136155128479004,
        "runtime": 115.77695226669312
    },
    "11": {
        "score": 7.866981506347656,
        "runtime": 115.05544710159302
    },
    "12": {
        "score": 8.450292587280273,
        "runtime": 115.63506054878235
    },
    "13": {
        "score": 8.166006088256836,
        "runtime": 115.95795178413391
    },
    "14": {
        "score": 8.202597618103027,
        "runtime": 115.30439186096191
    },
    "15": {
        "score": 8.266300201416016,
        "runtime": 114.49146771430969
    },
    "16": {
        "score": 8.577311515808105,
        "runtime": 114.70738077163696
    },
    "17": {
        "score": 8.708086967468262,
        "runtime": 115.71022295951843
    },
    "18": {
        "score": 8.659017562866211,
        "runtime": 116.82379102706909
    },
    "19": {
        "score": 8.617158889770508,
        "runtime": 115.5695230960846
    },
    "20": {
        "score": 8.764215469360352,
        "runtime": 115.18112516403198
    },
    "21": {
        "score": 8.875041007995605,
        "runtime": 116.09670042991638
    },
    "22": {
        "score": 8.152534484863281,
        "runtime": 116.35180687904358
    },
    "23": {
        "score": 8.050942420959473,
        "runtime": 115.85617351531982
    },
    "24": {
        "score": 8.179375648498535,
        "runtime": 116.11151123046875
    },
    "25": {
        "score": 9.186471939086914,
        "runtime": 116.98966932296753
    },
    "26": {
        "score": 8.108704566955566,
        "runtime": 116.4553701877594
    },
    "27": {
        "score": 8.518471717834473,
        "runtime": 116.53089213371277
    },
    "28": {
        "score": 8.441289901733398,
        "runtime": 118.17782235145569
    },
    "29": {
        "score": 9.144017219543457,
        "runtime": 115.35938310623169
    },
    "30": {
        "score": 8.586519241333008,
        "runtime": 114.78624773025513
    },
    "31": {
        "score": 8.1770601272583,
        "runtime": 116.37737607955933
    },
    "32": {
        "score": 7.973205089569092,
        "runtime": 115.29375195503235
    },
    "33": {
        "score": 8.819581031799316,
        "runtime": 115.61134433746338
    },
    "34": {
        "score": 8.50802993774414,
        "runtime": 115.01345181465149
    },
    "35": {
        "score": 8.188267707824707,
        "runtime": 116.39244246482849
    },
    "36": {
        "score": 8.07571792602539,
        "runtime": 117.2918643951416
    },
    "37": {
        "score": 7.962155342102051,
        "runtime": 115.48909568786621
    },
    "38": {
        "score": 8.381769180297852,
        "runtime": 115.5990743637085
    },
    "39": {
        "score": 7.904125690460205,
        "runtime": 115.91624331474304
    },
    "40": {
        "score": 9.250207901000977,
        "runtime": 114.9494309425354
    },
    "41": {
        "score": 7.772849082946777,
        "runtime": 115.34813642501831
    },
    "42": {
        "score": 9.441679000854492,
        "runtime": 115.47915077209473
    },
    "43": {
        "score": 8.101929664611816,
        "runtime": 115.05752277374268
    },
    "44": {
        "score": 7.709109306335449,
        "runtime": 115.53107047080994
    },
    "45": {
        "score": 7.971612453460693,
        "runtime": 116.08973598480225
    },
    "46": {
        "score": 8.933867454528809,
        "runtime": 116.32576274871826
    },
    "47": {
        "score": 8.394270896911621,
        "runtime": 116.94166207313538
    },
    "48": {
        "score": 8.362903594970703,
        "runtime": 115.63526964187622
    },
    "49": {
        "score": 8.709671020507812,
        "runtime": 115.59911322593689
    },
    "50": {
        "score": 8.372547149658203,
        "runtime": 117.5772123336792
    },
    "51": {
        "score": 8.031554222106934,
        "runtime": 115.47961664199829
    },
    "52": {
        "score": 7.927389621734619,
        "runtime": 115.4672486782074
    },
    "53": {
        "score": 7.603456974029541,
        "runtime": 116.37122559547424
    },
    "54": {
        "score": 8.15326976776123,
        "runtime": 116.54900312423706
    },
    "55": {
        "score": 8.707220077514648,
        "runtime": 115.40892100334167
    },
    "56": {
        "score": 9.44218635559082,
        "runtime": 116.1082010269165
    },
    "57": {
        "score": 8.338993072509766,
        "runtime": 121.06139469146729
    },
    "58": {
        "score": 8.282174110412598,
        "runtime": 117.1664650440216
    },
    "59": {
        "score": 8.383466720581055,
        "runtime": 115.6506860256195
    },
    "60": {
        "score": 8.630115509033203,
        "runtime": 115.21450424194336
    },
    "61": {
        "score": 8.10813045501709,
        "runtime": 115.35059905052185
    },
    "62": {
        "score": 8.76191234588623,
        "runtime": 116.2216489315033
    },
    "63": {
        "score": 8.323528289794922,
        "runtime": 115.58061003684998
    },
    "64": {
        "score": 7.78120231628418,
        "runtime": 114.90374779701233
    },
    "65": {
        "score": 8.647769927978516,
        "runtime": 117.02966141700745
    },
    "66": {
        "score": 8.230024337768555,
        "runtime": 115.17304468154907
    },
    "67": {
        "score": 8.154319763183594,
        "runtime": 114.98580741882324
    },
    "68": {
        "score": 7.815290927886963,
        "runtime": 115.30984711647034
    },
    "69": {
        "score": 7.8976945877075195,
        "runtime": 116.42490863800049
    },
    "70": {
        "score": 8.329218864440918,
        "runtime": 115.59389233589172
    },
    "71": {
        "score": 7.868108749389648,
        "runtime": 116.63140225410461
    },
    "72": {
        "score": 8.690451622009277,
        "runtime": 114.53351187705994
    },
    "73": {
        "score": 8.064255714416504,
        "runtime": 117.01041889190674
    },
    "74": {
        "score": 8.683362007141113,
        "runtime": 114.79697227478027
    },
    "75": {
        "score": 7.9674248695373535,
        "runtime": 115.34893703460693
    },
    "76": {
        "score": 8.128527641296387,
        "runtime": 115.53654479980469
    },
    "77": {
        "score": 8.21422004699707,
        "runtime": 115.38386964797974
    },
    "78": {
        "score": 7.982863426208496,
        "runtime": 114.83515572547913
    },
    "79": {
        "score": 8.371038436889648,
        "runtime": 117.73536515235901
    },
    "80": {
        "score": 7.948855876922607,
        "runtime": 114.28978300094604
    },
    "81": {
        "score": 9.179555892944336,
        "runtime": 116.52806234359741
    },
    "82": {
        "score": 7.4415130615234375,
        "runtime": 132.4064178466797
    },
    "83": {
        "score": 7.3965744972229,
        "runtime": 114.5460000038147
    },
    "84": {
        "score": 8.629904747009277,
        "runtime": 114.8284797668457
    },
    "85": {
        "score": 8.531182289123535,
        "runtime": 116.28905177116394
    },