{
    "0": {
        "score": 6.624468803405762,
        "runtime": 1.6909983158111572
    },
    "1": {
        "score": 6.624468803405762,
        "runtime": 1.7090001106262207
    },
    "2": {
        "score": 6.624468803405762,
        "runtime": 1.7210021018981934
    },
    "3": {
        "score": 6.624468803405762,
        "runtime": 1.6739990711212158
    },
    "4": {
        "score": 6.624468803405762,
        "runtime": 1.638998031616211
    },
    "5": {
        "score": 6.624468803405762,
        "runtime": 1.7880001068115234
    },
    "6": {
        "score": 6.624468803405762,
        "runtime": 1.685997724533081
    },
    "7": {
        "score": 6.624468803405762,
        "runtime": 1.71700119972229
    },
    "8": {
        "score": 6.624468803405762,
        "runtime": 1.738002061843872
    },
    "9": {
        "score": 6.624468803405762,
        "runtime": 1.645998239517212
    },
    "10": {
        "score": 6.624468803405762,
        "runtime": 1.7339999675750732
    },
    "11": {
        "score": 6.624468803405762,
        "runtime": 1.714998483657837
    },
    "12": {
        "score": 6.624468803405762,
        "runtime": 1.6659998893737793
    },
    "13": {
        "score": 6.624468803405762,
        "runtime": 1.6609995365142822
    },
    "14": {
        "score": 6.624468803405762,
        "runtime": 1.7450010776519775
    },
    "15": {
        "score": 6.624468803405762,
        "runtime": 1.7080025672912598
    },
    "16": {
        "score": 6.624468803405762,
        "runtime": 1.763000726699829
    },
    "17": {
        "score": 6.624468803405762,
        "runtime": 1.6670002937316895
    },
    "18": {
        "score": 6.624468803405762,
        "runtime": 1.725999116897583
    },
    "19": {
        "score": 6.624468803405762,
        "runtime": 1.6889996528625488
    },
    "20": {
        "score": 6.624468803405762,
        "runtime": 1.7030003070831299
    },
    "21": {
        "score": 6.624468803405762,
        "runtime": 1.7339982986450195
    },
    "22": {
        "score": 6.624468803405762,
        "runtime": 1.6560027599334717
    },
    "23": {
        "score": 6.624468803405762,
        "runtime": 1.7099997997283936
    },
    "24": {
        "score": 6.624468803405762,
        "runtime": 1.6620001792907715
    },
    "25": {
        "score": 6.624468803405762,
        "runtime": 1.7400000095367432
    },
    "26": {
        "score": 6.624468803405762,
        "runtime": 1.7579989433288574
    },
    "27": {
        "score": 6.624468803405762,
        "runtime": 1.7349984645843506
    },
    "28": {
        "score": 6.624468803405762,
        "runtime": 1.7210023403167725
    },
    "29": {
        "score": 6.624468803405762,
        "runtime": 1.6409990787506104
    },
    "30": {
        "score": 6.624468803405762,
        "runtime": 1.670001745223999
    },
    "31": {
        "score": 6.624468803405762,
        "runtime": 1.691002368927002
    },
    "32": {
        "score": 6.624468803405762,
        "runtime": 1.8030016422271729
    },
    "33": {
        "score": 6.624468803405762,
        "runtime": 1.6940007209777832
    },
    "34": {
        "score": 6.624468803405762,
        "runtime": 1.665999174118042
    },
    "35": {
        "score": 6.624468803405762,
        "runtime": 1.7249975204467773
    },
    "36": {
        "score": 6.624468803405762,
        "runtime": 1.676999568939209
    },
    "37": {
        "score": 6.624468803405762,
        "runtime": 1.6660001277923584
    },
    "38": {
        "score": 6.624468803405762,
        "runtime": 1.7490007877349854
    },
    "39": {
        "score": 6.624468803405762,
        "runtime": 1.7649991512298584
    },
    "40": {
        "score": 6.624468803405762,
        "runtime": 1.6609981060028076
    },
    "41": {
        "score": 6.624468803405762,
        "runtime": 1.6650018692016602
    },
    "42": {
        "score": 6.624468803405762,
        "runtime": 1.733001470565796
    },
    "43": {
        "score": 6.624468803405762,
        "runtime": 1.7220003604888916
    },
    "44": {
        "score": 6.624468803405762,
        "runtime": 1.6710002422332764
    },
    "45": {
        "score": 6.624468803405762,
        "runtime": 1.6760022640228271
    },
    "46": {
        "score": 6.624468803405762,
        "runtime": 1.6160001754760742
    },
    "47": {
        "score": 6.624468803405762,
        "runtime": 1.7419977188110352
    },
    "48": {
        "score": 6.624468803405762,
        "runtime": 1.711000919342041
    },
    "49": {
        "score": 6.624468803405762,
        "runtime": 1.709001064300537
    },
    "50": {
        "score": 6.624468803405762,
        "runtime": 1.688000202178955
    },
    "51": {
        "score": 6.624468803405762,
        "runtime": 1.7029993534088135
    },
    "52": {
        "score": 6.624468803405762,
        "runtime": 1.6420009136199951
    },
    "53": {
        "score": 6.624468803405762,
        "runtime": 1.7110004425048828
    },
    "54": {
        "score": 6.624468803405762,
        "runtime": 1.7290000915527344
    },
    "55": {
        "score": 6.624468803405762,
        "runtime": 1.6930019855499268
    },
    "56": {
        "score": 6.624468803405762,
        "runtime": 1.73000168800354
    },
    "57": {
        "score": 6.624468803405762,
        "runtime": 1.7089989185333252
    },
    "58": {
        "score": 6.624468803405762,
        "runtime": 1.6780009269714355
    },
    "59": {
        "score": 6.624468803405762,
        "runtime": 1.6300005912780762
    },
    "60": {
        "score": 6.624468803405762,
        "runtime": 1.7049999237060547
    },
    "61": {
        "score": 6.624468803405762,
        "runtime": 1.7279982566833496
    },
    "62": {
        "score": 6.624468803405762,
        "runtime": 1.724999189376831
    },
    "63": {
        "score": 6.624468803405762,
        "runtime": 1.745999813079834
    },
    "64": {
        "score": 6.624468803405762,
        "runtime": 1.7100028991699219
    },
    "65": {
        "score": 6.624468803405762,
        "runtime": 1.7200031280517578
    },
    "66": {
        "score": 6.624468803405762,
        "runtime": 1.677002191543579
    },
    "67": {
        "score": 6.624468803405762,
        "runtime": 1.7009975910186768
    },
    "68": {
        "score": 6.624468803405762,
        "runtime": 1.6999995708465576
    },
    "69": {
        "score": 6.624468803405762,
        "runtime": 1.6450002193450928
    },
    "70": {
        "score": 6.624468803405762,
        "runtime": 1.8019993305206299
    },
    "71": {
        "score": 6.624468803405762,
        "runtime": 1.621999740600586
    },
    "72": {
        "score": 6.624468803405762,
        "runtime": 1.6770007610321045
    },
    "73": {
        "score": 6.624468803405762,
        "runtime": 1.6470012664794922
    },
    "74": {
        "score": 6.624468803405762,
        "runtime": 1.73099684715271
    },
    "75": {
        "score": 6.624468803405762,
        "runtime": 1.676997423171997
    },
    "76": {
        "score": 6.624468803405762,
        "runtime": 1.705998182296753
    },
    "77": {
        "score": 6.624468803405762,
        "runtime": 1.695998191833496
    },
    "78": {
        "score": 6.624468803405762,
        "runtime": 1.680999517440796
    },
    "79": {
        "score": 6.624468803405762,
        "runtime": 1.7379984855651855
    },
    "80": {
        "score": 6.624468803405762,
        "runtime": 1.7180006504058838
    },
    "81": {
        "score": 6.624468803405762,
        "runtime": 1.677997350692749
    },
    "82": {
        "score": 6.624468803405762,
        "runtime": 1.6969993114471436
    },
    "83": {
        "score": 6.624468803405762,
        "runtime": 1.688999891281128
    },
    "84": {
        "score": 6.624468803405762,
        "runtime": 1.6770000457763672
    },
    "85": {
        "score": 6.624468803405762,
        "runtime": 1.7249984741210938
    },