{
    "0": {
        "score": 6.631352424621582,
        "runtime": 1.6540000438690186
    },
    "1": {
        "score": 6.631352424621582,
        "runtime": 1.6520023345947266
    },
    "2": {
        "score": 6.631352424621582,
        "runtime": 1.7099990844726562
    },
    "3": {
        "score": 6.631352424621582,
        "runtime": 1.727996826171875
    },
    "4": {
        "score": 6.631352424621582,
        "runtime": 1.689000129699707
    },
    "5": {
        "score": 6.631352424621582,
        "runtime": 1.8709995746612549
    },
    "6": {
        "score": 6.631352424621582,
        "runtime": 1.7300024032592773
    },
    "7": {
        "score": 6.554319858551025,
        "runtime": 1.6630003452301025
    },
    "8": {
        "score": 6.554319858551025,
        "runtime": 1.6660006046295166
    },
    "9": {
        "score": 6.554319858551025,
        "runtime": 1.6599977016448975
    },
    "10": {
        "score": 6.631352424621582,
        "runtime": 1.6449973583221436
    },
    "11": {
        "score": 6.631352424621582,
        "runtime": 1.6909992694854736
    },
    "12": {
        "score": 6.554319858551025,
        "runtime": 1.6970000267028809
    },
    "13": {
        "score": 6.554319858551025,
        "runtime": 1.7450013160705566
    },
    "14": {
        "score": 6.631352424621582,
        "runtime": 1.7349987030029297
    },
    "15": {
        "score": 6.554319858551025,
        "runtime": 1.7129998207092285
    },
    "16": {
        "score": 6.631352424621582,
        "runtime": 1.733999252319336
    },
    "17": {
        "score": 6.631352424621582,
        "runtime": 1.6960020065307617
    },
    "18": {
        "score": 6.631352424621582,
        "runtime": 1.6969997882843018
    },
    "19": {
        "score": 6.554319858551025,
        "runtime": 1.7199993133544922
    },
    "20": {
        "score": 6.554319858551025,
        "runtime": 1.7059991359710693
    },
    "21": {
        "score": 6.631352424621582,
        "runtime": 1.7029998302459717
    },
    "22": {
        "score": 6.554319858551025,
        "runtime": 1.682999849319458
    },
    "23": {
        "score": 6.554319858551025,
        "runtime": 1.673997163772583
    },
    "24": {
        "score": 6.554319858551025,
        "runtime": 1.6309993267059326
    },
    "25": {
        "score": 6.631352424621582,
        "runtime": 1.7350008487701416
    },
    "26": {
        "score": 6.554319858551025,
        "runtime": 1.725998878479004
    },
    "27": {
        "score": 6.631352424621582,
        "runtime": 1.7050011157989502
    },
    "28": {
        "score": 6.554319858551025,
        "runtime": 1.752000331878662
    },
    "29": {
        "score": 6.554319858551025,
        "runtime": 1.6969993114471436
    },
    "30": {
        "score": 6.631352424621582,
        "runtime": 1.6970000267028809
    },
    "31": {
        "score": 6.554319858551025,
        "runtime": 1.63200044631958
    },
    "32": {
        "score": 6.631352424621582,
        "runtime": 1.639000415802002
    },
    "33": {
        "score": 6.554319858551025,
        "runtime": 1.679999589920044
    },
    "34": {
        "score": 6.554319858551025,
        "runtime": 1.6870017051696777
    },
    "35": {
        "score": 6.554319858551025,
        "runtime": 1.7930009365081787
    },
    "36": {
        "score": 6.631352424621582,
        "runtime": 1.6540007591247559
    },
    "37": {
        "score": 6.554319858551025,
        "runtime": 1.6520006656646729
    },
    "38": {
        "score": 6.631352424621582,
        "runtime": 1.7040016651153564
    },
    "39": {
        "score": 6.554319858551025,
        "runtime": 1.6749992370605469
    },
    "40": {
        "score": 6.631352424621582,
        "runtime": 1.757997989654541
    },
    "41": {
        "score": 6.554319858551025,
        "runtime": 1.6920018196105957
    },
    "42": {
        "score": 6.554319858551025,
        "runtime": 1.722999095916748
    },
    "43": {
        "score": 6.554319858551025,
        "runtime": 1.681999921798706
    },
    "44": {
        "score": 6.554319858551025,
        "runtime": 1.651000738143921
    },
    "45": {
        "score": 6.631352424621582,
        "runtime": 1.7130026817321777
    },
    "46": {
        "score": 6.554319858551025,
        "runtime": 1.6770009994506836
    },
    "47": {
        "score": 6.554319858551025,
        "runtime": 1.6779980659484863
    },
    "48": {
        "score": 6.554319858551025,
        "runtime": 1.7269964218139648
    },
    "49": {
        "score": 6.631352424621582,
        "runtime": 1.7079994678497314
    },
    "50": {
        "score": 6.631352424621582,
        "runtime": 1.6969995498657227
    },
    "51": {
        "score": 6.631352424621582,
        "runtime": 1.7080023288726807
    },
    "52": {
        "score": 6.631352424621582,
        "runtime": 1.6750004291534424
    },
    "53": {
        "score": 6.554319858551025,
        "runtime": 1.6280014514923096
    },
    "54": {
        "score": 6.631352424621582,
        "runtime": 1.7639992237091064
    },
    "55": {
        "score": 6.554319858551025,
        "runtime": 1.7370004653930664
    },
    "56": {
        "score": 6.631352424621582,
        "runtime": 1.6860008239746094
    },
    "57": {
        "score": 6.631352424621582,
        "runtime": 1.6849985122680664
    },
    "58": {
        "score": 6.554319858551025,
        "runtime": 1.6500003337860107
    },
    "59": {
        "score": 6.554319858551025,
        "runtime": 1.6999976634979248
    },
    "60": {
        "score": 6.631352424621582,
        "runtime": 1.6680009365081787
    },
    "61": {
        "score": 6.631352424621582,
        "runtime": 1.6839995384216309
    },
    "62": {
        "score": 6.554319858551025,
        "runtime": 1.65800142288208
    },
    "63": {
        "score": 6.631352424621582,
        "runtime": 1.6379995346069336
    },
    "64": {
        "score": 6.554319858551025,
        "runtime": 1.7909982204437256
    },
    "65": {
        "score": 6.631352424621582,
        "runtime": 1.681999921798706
    },
    "66": {
        "score": 6.631352424621582,
        "runtime": 1.7260003089904785
    },
    "67": {
        "score": 6.554319858551025,
        "runtime": 1.6770014762878418
    },
    "68": {
        "score": 6.631352424621582,
        "runtime": 1.7150015830993652
    },
    "69": {
        "score": 6.554319858551025,
        "runtime": 1.7079999446868896
    },
    "70": {
        "score": 6.631352424621582,
        "runtime": 1.6849992275238037
    },
    "71": {
        "score": 6.554319858551025,
        "runtime": 1.6729998588562012
    },
    "72": {
        "score": 6.554319858551025,
        "runtime": 1.6950008869171143
    },
    "73": {
        "score": 6.631352424621582,
        "runtime": 1.713998794555664
    },
    "74": {
        "score": 6.554319858551025,
        "runtime": 1.721998929977417
    },
    "75": {
        "score": 6.554319858551025,
        "runtime": 1.7750000953674316
    },
    "76": {
        "score": 6.554319858551025,
        "runtime": 1.6959998607635498
    },
    "77": {
        "score": 6.554319858551025,
        "runtime": 1.735001802444458
    },
    "78": {
        "score": 6.554319858551025,
        "runtime": 1.7049992084503174
    },
    "79": {
        "score": 6.554319858551025,
        "runtime": 1.6980011463165283
    },
    "80": {
        "score": 6.631352424621582,
        "runtime": 1.6479995250701904
    },
    "81": {
        "score": 6.554319858551025,
        "runtime": 1.720000982284546
    },
    "82": {
        "score": 6.554319858551025,
        "runtime": 1.6620023250579834
    },
    "83": {
        "score": 6.631352424621582,
        "runtime": 1.717000961303711
    },
    "84": {
        "score": 6.554319858551025,
        "runtime": 1.699000358581543
    },
    "85": {
        "score": 6.554319858551025,
        "runtime": 1.666996955871582
    },