{
    "0": {
        "score": 5.5296149253845215,
        "runtime": 11.042970895767212
    },
    "1": {
        "score": 5.608453750610352,
        "runtime": 11.22798228263855
    },
    "2": {
        "score": 6.088074207305908,
        "runtime": 10.96747899055481
    },
    "3": {
        "score": 6.0127410888671875,
        "runtime": 10.979714632034302
    },
    "4": {
        "score": 5.70851993560791,
        "runtime": 11.00097393989563
    },
    "5": {
        "score": 5.793453693389893,
        "runtime": 11.10721206665039
    },
    "6": {
        "score": 6.083081245422363,
        "runtime": 11.054434299468994
    },
    "7": {
        "score": 5.989184856414795,
        "runtime": 11.087923288345337
    },
    "8": {
        "score": 5.725388526916504,
        "runtime": 10.880007028579712
    },
    "9": {
        "score": 6.152530670166016,
        "runtime": 12.239232778549194
    },
    "10": {
        "score": 5.508719444274902,
        "runtime": 11.012444972991943
    },
    "11": {
        "score": 5.017271041870117,
        "runtime": 10.830973625183105
    },
    "12": {
        "score": 5.783533096313477,
        "runtime": 10.938172101974487
    },
    "13": {
        "score": 5.8794264793396,
        "runtime": 10.94395923614502
    },
    "14": {
        "score": 5.934072494506836,
        "runtime": 11.049399852752686
    },
    "15": {
        "score": 5.97514009475708,
        "runtime": 11.028438091278076
    },
    "16": {
        "score": 5.591575622558594,
        "runtime": 11.085970640182495
    },
    "17": {
        "score": 5.4731669425964355,
        "runtime": 11.025932312011719
    },
    "18": {
        "score": 5.688399314880371,
        "runtime": 10.884952068328857
    },
    "19": {
        "score": 5.550275802612305,
        "runtime": 11.031481742858887
    },
    "20": {
        "score": 5.419047832489014,
        "runtime": 11.036457538604736
    },
    "21": {
        "score": 5.843054294586182,
        "runtime": 10.890935182571411
    },
    "22": {
        "score": 5.4794511795043945,
        "runtime": 10.881441354751587
    },
    "23": {
        "score": 5.687826633453369,
        "runtime": 10.85395073890686
    },
    "24": {
        "score": 5.613920211791992,
        "runtime": 11.15967845916748
    },
    "25": {
        "score": 6.079145431518555,
        "runtime": 10.9120032787323
    },
    "26": {
        "score": 5.733453273773193,
        "runtime": 10.876469612121582
    },
    "27": {
        "score": 5.7228827476501465,
        "runtime": 10.786481618881226
    },
    "28": {
        "score": 5.759953022003174,
        "runtime": 10.85349154472351
    },
    "29": {
        "score": 6.1413397789001465,
        "runtime": 10.916946411132812
    },
    "30": {
        "score": 5.983476638793945,
        "runtime": 10.845503568649292
    },
    "31": {
        "score": 5.692385673522949,
        "runtime": 10.918695211410522
    },
    "32": {
        "score": 5.840205192565918,
        "runtime": 10.900954961776733
    },
    "33": {
        "score": 5.613226890563965,
        "runtime": 10.973167657852173
    },
    "34": {
        "score": 5.705704689025879,
        "runtime": 11.01396107673645
    },
    "35": {
        "score": 5.857781887054443,
        "runtime": 10.804466962814331
    },
    "36": {
        "score": 5.795141220092773,
        "runtime": 11.230001449584961
    },
    "37": {
        "score": 6.2868499755859375,
        "runtime": 10.886948347091675
    },
    "38": {
        "score": 5.593270301818848,
        "runtime": 10.973676204681396
    },
    "39": {
        "score": 6.112633228302002,
        "runtime": 10.983720779418945
    },
    "40": {
        "score": 5.542405605316162,
        "runtime": 10.943683862686157
    },
    "41": {
        "score": 5.655930042266846,
        "runtime": 10.891420364379883
    },
    "42": {
        "score": 5.604324817657471,
        "runtime": 10.970946550369263
    },
    "43": {
        "score": 6.434423923492432,
        "runtime": 10.788984060287476
    },
    "44": {
        "score": 5.428593635559082,
        "runtime": 10.864948749542236
    },
    "45": {
        "score": 5.735772609710693,
        "runtime": 10.900420188903809
    },
    "46": {
        "score": 5.8785200119018555,
        "runtime": 11.02392315864563
    },
    "47": {
        "score": 5.678016185760498,
        "runtime": 10.687009811401367
    },
    "48": {
        "score": 5.55390739440918,
        "runtime": 10.964457750320435
    },
    "49": {
        "score": 6.138645172119141,
        "runtime": 10.8587007522583
    },
    "50": {
        "score": 6.014156818389893,
        "runtime": 11.118931531906128
    },
    "51": {
        "score": 5.864652633666992,
        "runtime": 11.04449725151062
    },
    "52": {
        "score": 6.300915718078613,
        "runtime": 11.18294644355774
    },
    "53": {
        "score": 5.331734657287598,
        "runtime": 10.953377962112427
    },
    "54": {
        "score": 5.592309474945068,
        "runtime": 10.943990468978882
    },
    "55": {
        "score": 5.869748115539551,
        "runtime": 11.090641975402832
    },
    "56": {
        "score": 5.942217826843262,
        "runtime": 10.87747573852539
    },
    "57": {
        "score": 5.670907020568848,
        "runtime": 10.90793776512146
    },
    "58": {
        "score": 5.6215949058532715,
        "runtime": 11.092226028442383
    },
    "59": {
        "score": 5.927328586578369,
        "runtime": 10.87296748161316
    },
    "60": {
        "score": 6.361242294311523,
        "runtime": 10.93869948387146
    },
    "61": {
        "score": 5.595675945281982,
        "runtime": 11.042669534683228
    },
    "62": {
        "score": 5.843436241149902,
        "runtime": 11.255413055419922
    },
    "63": {
        "score": 5.646334171295166,
        "runtime": 11.160979747772217
    },
    "64": {
        "score": 5.644948482513428,
        "runtime": 11.240415573120117
    },
    "65": {
        "score": 5.605118274688721,
        "runtime": 11.060943126678467
    },
    "66": {
        "score": 5.53464937210083,
        "runtime": 10.8404860496521
    },
    "67": {
        "score": 5.445538520812988,
        "runtime": 10.804909229278564
    },
    "68": {
        "score": 5.692628860473633,
        "runtime": 10.946908473968506
    },
    "69": {
        "score": 5.3585333824157715,
        "runtime": 10.720447063446045
    },
    "70": {
        "score": 5.825937747955322,
        "runtime": 11.062915325164795
    },
    "71": {
        "score": 5.307118892669678,
        "runtime": 10.874950408935547
    },
    "72": {
        "score": 5.8469929695129395,
        "runtime": 10.851424932479858
    },
    "73": {
        "score": 5.556610584259033,
        "runtime": 10.943942070007324
    },
    "74": {
        "score": 5.711482524871826,
        "runtime": 11.021965503692627
    },
    "75": {
        "score": 5.945446968078613,
        "runtime": 11.025928020477295
    },
    "76": {
        "score": 6.019922256469727,
        "runtime": 10.866945028305054
    },
    "77": {
        "score": 5.717131614685059,
        "runtime": 10.912688732147217
    },
    "78": {
        "score": 5.868762969970703,
        "runtime": 10.992001056671143
    },
    "79": {
        "score": 5.156968593597412,
        "runtime": 10.963748455047607
    },
    "80": {
        "score": 5.693075656890869,
        "runtime": 11.013416290283203
    },
    "81": {
        "score": 5.33355712890625,
        "runtime": 11.051492691040039
    },
    "82": {
        "score": 5.540971755981445,
        "runtime": 11.008482694625854
    },
    "83": {
        "score": 6.340111255645752,
        "runtime": 10.83041524887085
    },
    "84": {
        "score": 5.78009557723999,
        "runtime": 11.784491062164307
    },
    "85": {
        "score": 5.7275166511535645,
        "runtime": 11.190969705581665
    },