{
    "0": {
        "score": 5.54872465133667,
        "runtime": 11.160966873168945
    },
    "1": {
        "score": 5.781123161315918,
        "runtime": 10.970979690551758
    },
    "2": {
        "score": 6.067389488220215,
        "runtime": 11.006478071212769
    },
    "3": {
        "score": 6.014745712280273,
        "runtime": 10.794713973999023
    },
    "4": {
        "score": 5.695394515991211,
        "runtime": 10.917977809906006
    },
    "5": {
        "score": 5.884577751159668,
        "runtime": 10.995497465133667
    },
    "6": {
        "score": 6.235356330871582,
        "runtime": 10.918434858322144
    },
    "7": {
        "score": 5.986680030822754,
        "runtime": 10.85795259475708
    },
    "8": {
        "score": 5.787635326385498,
        "runtime": 10.872487306594849
    },
    "9": {
        "score": 6.312767505645752,
        "runtime": 11.908003091812134
    },
    "10": {
        "score": 5.496968746185303,
        "runtime": 11.166403770446777
    },
    "11": {
        "score": 5.02001428604126,
        "runtime": 10.862977266311646
    },
    "12": {
        "score": 5.809901237487793,
        "runtime": 10.97568941116333
    },
    "13": {
        "score": 5.810717582702637,
        "runtime": 11.09598159790039
    },
    "14": {
        "score": 5.931210517883301,
        "runtime": 10.943212985992432
    },
    "15": {
        "score": 5.981767654418945,
        "runtime": 10.981924057006836
    },
    "16": {
        "score": 5.607845306396484,
        "runtime": 10.965421199798584
    },
    "17": {
        "score": 5.455490589141846,
        "runtime": 11.06299638748169
    },
    "18": {
        "score": 5.688399314880371,
        "runtime": 10.809950590133667
    },
    "19": {
        "score": 5.567831039428711,
        "runtime": 10.911962270736694
    },
    "20": {
        "score": 5.498176097869873,
        "runtime": 10.997455358505249
    },
    "21": {
        "score": 5.972946643829346,
        "runtime": 10.966941833496094
    },
    "22": {
        "score": 5.614516258239746,
        "runtime": 10.954400062561035
    },
    "23": {
        "score": 5.660329818725586,
        "runtime": 10.747464656829834
    },
    "24": {
        "score": 5.5615715980529785,
        "runtime": 11.324201583862305
    },
    "25": {
        "score": 6.078736782073975,
        "runtime": 10.961482763290405
    },
    "26": {
        "score": 5.650582790374756,
        "runtime": 11.002952337265015
    },
    "27": {
        "score": 5.697777271270752,
        "runtime": 10.857484340667725
    },
    "28": {
        "score": 5.678664207458496,
        "runtime": 10.887920618057251
    },
    "29": {
        "score": 6.188487529754639,
        "runtime": 10.909943580627441
    },
    "30": {
        "score": 5.765804290771484,
        "runtime": 10.900992631912231
    },
    "31": {
        "score": 5.735320568084717,
        "runtime": 11.231661558151245
    },
    "32": {
        "score": 5.918682098388672,
        "runtime": 10.870934963226318
    },
    "33": {
        "score": 5.569371223449707,
        "runtime": 10.95216679573059
    },
    "34": {
        "score": 5.769503593444824,
        "runtime": 10.90247917175293
    },
    "35": {
        "score": 5.857781887054443,
        "runtime": 10.873984098434448
    },
    "36": {
        "score": 5.675057411193848,
        "runtime": 11.264000415802002
    },
    "37": {
        "score": 6.394538402557373,
        "runtime": 10.799926280975342
    },
    "38": {
        "score": 5.616074562072754,
        "runtime": 10.897676229476929
    },
    "39": {
        "score": 5.985223770141602,
        "runtime": 10.864720582962036
    },
    "40": {
        "score": 5.650407314300537,
        "runtime": 10.96568250656128
    },
    "41": {
        "score": 5.655930042266846,
        "runtime": 10.95542049407959
    },
    "42": {
        "score": 5.787065029144287,
        "runtime": 10.98146653175354
    },
    "43": {
        "score": 6.447896480560303,
        "runtime": 10.75046443939209
    },
    "44": {
        "score": 5.445080757141113,
        "runtime": 10.808425664901733
    },
    "45": {
        "score": 5.692628383636475,
        "runtime": 10.818934917449951
    },
    "46": {
        "score": 5.937224864959717,
        "runtime": 10.977921485900879
    },
    "47": {
        "score": 5.659748554229736,
        "runtime": 10.706009864807129
    },
    "48": {
        "score": 5.583498477935791,
        "runtime": 11.113457441329956
    },
    "49": {
        "score": 6.227106094360352,
        "runtime": 10.97870135307312
    },
    "50": {
        "score": 6.099310874938965,
        "runtime": 11.035931587219238
    },
    "51": {
        "score": 5.869499206542969,
        "runtime": 10.899497985839844
    },
    "52": {
        "score": 6.346412658691406,
        "runtime": 11.132951498031616
    },
    "53": {
        "score": 5.430296421051025,
        "runtime": 10.95040488243103
    },
    "54": {
        "score": 5.643754482269287,
        "runtime": 10.89646577835083
    },
    "55": {
        "score": 5.853294849395752,
        "runtime": 11.144662618637085
    },
    "56": {
        "score": 6.1598920822143555,
        "runtime": 10.987990617752075
    },
    "57": {
        "score": 5.658935070037842,
        "runtime": 11.013916730880737
    },
    "58": {
        "score": 5.681671619415283,
        "runtime": 11.127780675888062
    },
    "59": {
        "score": 5.77314567565918,
        "runtime": 10.742426872253418
    },
    "60": {
        "score": 6.337512493133545,
        "runtime": 10.951707601547241
    },
    "61": {
        "score": 5.595675945281982,
        "runtime": 11.034982204437256
    },
    "62": {
        "score": 5.843436241149902,
        "runtime": 11.038933515548706
    },
    "63": {
        "score": 5.662187099456787,
        "runtime": 11.02298355102539
    },
    "64": {
        "score": 5.667531967163086,
        "runtime": 11.27160930633545
    },
    "65": {
        "score": 5.613966464996338,
        "runtime": 11.104943037033081
    },
    "66": {
        "score": 5.53464937210083,
        "runtime": 10.892483711242676
    },
    "67": {
        "score": 5.6564483642578125,
        "runtime": 10.92995572090149
    },
    "68": {
        "score": 5.692628860473633,
        "runtime": 10.875484228134155
    },
    "69": {
        "score": 5.372134208679199,
        "runtime": 11.010450601577759
    },
    "70": {
        "score": 6.089831829071045,
        "runtime": 11.05591368675232
    },
    "71": {
        "score": 5.4342875480651855,
        "runtime": 11.193942070007324
    },
    "72": {
        "score": 5.957275390625,
        "runtime": 10.939886093139648
    },
    "73": {
        "score": 5.532195568084717,
        "runtime": 10.87648868560791
    },
    "74": {
        "score": 5.663001537322998,
        "runtime": 10.89793848991394
    },
    "75": {
        "score": 5.788858890533447,
        "runtime": 10.973922729492188
    },
    "76": {
        "score": 6.0739874839782715,
        "runtime": 10.824944972991943
    },
    "77": {
        "score": 5.738405704498291,
        "runtime": 11.02692461013794
    },
    "78": {
        "score": 5.867053031921387,
        "runtime": 10.951001405715942
    },
    "79": {
        "score": 5.152258396148682,
        "runtime": 10.951749563217163
    },
    "80": {
        "score": 5.693075656890869,
        "runtime": 10.958950519561768
    },
    "81": {
        "score": 5.33355712890625,
        "runtime": 11.178463459014893
    },
    "82": {
        "score": 5.485161304473877,
        "runtime": 11.197913885116577
    },
    "83": {
        "score": 6.287125587463379,
        "runtime": 10.777888059616089
    },
    "84": {
        "score": 5.8233747482299805,
        "runtime": 11.957985639572144
    },
    "85": {
        "score": 5.741103172302246,
        "runtime": 11.128470182418823
    },