{
    "0": {
        "score": 5.799371719360352,
        "runtime": 10.979970693588257
    },
    "1": {
        "score": 5.761887073516846,
        "runtime": 11.066983699798584
    },
    "2": {
        "score": 6.094654083251953,
        "runtime": 10.990477085113525
    },
    "3": {
        "score": 6.074684143066406,
        "runtime": 11.173712015151978
    },
    "4": {
        "score": 5.743599891662598,
        "runtime": 10.96397614479065
    },
    "5": {
        "score": 5.793453693389893,
        "runtime": 11.04450011253357
    },
    "6": {
        "score": 6.074538230895996,
        "runtime": 11.028953790664673
    },
    "7": {
        "score": 6.036096096038818,
        "runtime": 10.910479545593262
    },
    "8": {
        "score": 5.789470195770264,
        "runtime": 10.822482347488403
    },
    "9": {
        "score": 6.312767505645752,
        "runtime": 11.717999458312988
    },
    "10": {
        "score": 5.496968746185303,
        "runtime": 11.207956314086914
    },
    "11": {
        "score": 5.0198140144348145,
        "runtime": 10.79396939277649
    },
    "12": {
        "score": 5.773510456085205,
        "runtime": 10.881657600402832
    },
    "13": {
        "score": 5.952498435974121,
        "runtime": 10.973924398422241
    },
    "14": {
        "score": 5.934072494506836,
        "runtime": 10.884690046310425
    },
    "15": {
        "score": 6.027682304382324,
        "runtime": 11.004921674728394
    },
    "16": {
        "score": 5.7511749267578125,
        "runtime": 11.024933338165283
    },
    "17": {
        "score": 5.462071895599365,
        "runtime": 10.872454404830933
    },
    "18": {
        "score": 5.688399314880371,
        "runtime": 10.95294976234436
    },
    "19": {
        "score": 5.568150520324707,
        "runtime": 11.092962741851807
    },
    "20": {
        "score": 5.442947864532471,
        "runtime": 11.098434925079346
    },
    "21": {
        "score": 6.095966815948486,
        "runtime": 10.870924472808838
    },
    "22": {
        "score": 5.4794511795043945,
        "runtime": 10.930433750152588
    },
    "23": {
        "score": 5.868957996368408,
        "runtime": 10.797463655471802
    },
    "24": {
        "score": 5.613920211791992,
        "runtime": 11.423203468322754
    },
    "25": {
        "score": 6.202024459838867,
        "runtime": 10.918421983718872
    },
    "26": {
        "score": 6.008766174316406,
        "runtime": 10.993951082229614
    },
    "27": {
        "score": 5.7228827476501465,
        "runtime": 10.887481212615967
    },
    "28": {
        "score": 5.72407865524292,
        "runtime": 10.963979244232178
    },
    "29": {
        "score": 5.99362850189209,
        "runtime": 10.871946096420288
    },
    "30": {
        "score": 5.887799263000488,
        "runtime": 10.874474048614502
    },
    "31": {
        "score": 5.7724809646606445,
        "runtime": 11.023959875106812
    },
    "32": {
        "score": 5.939857006072998,
        "runtime": 10.918413877487183
    },
    "33": {
        "score": 5.617607116699219,
        "runtime": 10.976168155670166
    },
    "34": {
        "score": 5.652684688568115,
        "runtime": 10.917480707168579
    },
    "35": {
        "score": 5.756474018096924,
        "runtime": 10.970983028411865
    },
    "36": {
        "score": 5.809810161590576,
        "runtime": 11.263949871063232
    },
    "37": {
        "score": 6.341805934906006,
        "runtime": 10.923925876617432
    },
    "38": {
        "score": 5.616074562072754,
        "runtime": 10.824426889419556
    },
    "39": {
        "score": 6.042652130126953,
        "runtime": 11.108722448348999
    },
    "40": {
        "score": 5.558666706085205,
        "runtime": 10.84261417388916
    },
    "41": {
        "score": 5.658358097076416,
        "runtime": 11.105419635772705
    },
    "42": {
        "score": 5.744688034057617,
        "runtime": 10.969465970993042
    },
    "43": {
        "score": 6.720344066619873,
        "runtime": 10.781468629837036
    },
    "44": {
        "score": 5.477430820465088,
        "runtime": 10.941427230834961
    },
    "45": {
        "score": 5.692968845367432,
        "runtime": 10.799933433532715
    },
    "46": {
        "score": 5.913656234741211,
        "runtime": 11.147403717041016
    },
    "47": {
        "score": 5.706631660461426,
        "runtime": 10.85500979423523
    },
    "48": {
        "score": 5.64486026763916,
        "runtime": 10.754457473754883
    },
    "49": {
        "score": 6.151328086853027,
        "runtime": 10.766703367233276
    },
    "50": {
        "score": 5.953169822692871,
        "runtime": 10.674886465072632
    },
    "51": {
        "score": 5.895687580108643,
        "runtime": 11.183453798294067
    },
    "52": {
        "score": 6.249108791351318,
        "runtime": 11.114952564239502
    },
    "53": {
        "score": 5.331734657287598,
        "runtime": 11.047926664352417
    },
    "54": {
        "score": 5.625164985656738,
        "runtime": 10.940467119216919
    },
    "55": {
        "score": 5.874234676361084,
        "runtime": 11.119150161743164
    },
    "56": {
        "score": 5.925655364990234,
        "runtime": 10.900429964065552
    },
    "57": {
        "score": 5.67117166519165,
        "runtime": 11.218210935592651
    },
    "58": {
        "score": 5.575067043304443,
        "runtime": 10.985449075698853
    },
    "59": {
        "score": 5.816981315612793,
        "runtime": 10.984428644180298
    },
    "60": {
        "score": 6.325648784637451,
        "runtime": 11.038928508758545
    },
    "61": {
        "score": 5.595675945281982,
        "runtime": 10.988002300262451
    },
    "62": {
        "score": 5.885218143463135,
        "runtime": 11.059895515441895
    },
    "63": {
        "score": 5.5981526374816895,
        "runtime": 10.925919771194458
    },
    "64": {
        "score": 5.666962146759033,
        "runtime": 11.227641344070435
    },
    "65": {
        "score": 5.723870754241943,
        "runtime": 11.21846342086792
    },
    "66": {
        "score": 5.435211658477783,
        "runtime": 10.78596043586731
    },
    "67": {
        "score": 5.419252395629883,
        "runtime": 10.89243483543396
    },
    "68": {
        "score": 5.692628860473633,
        "runtime": 10.952971458435059
    },
    "69": {
        "score": 5.458726406097412,
        "runtime": 10.845932483673096
    },
    "70": {
        "score": 5.836242198944092,
        "runtime": 11.2119140625
    },
    "71": {
        "score": 5.431853771209717,
        "runtime": 11.004942655563354
    },
    "72": {
        "score": 5.8469929695129395,
        "runtime": 10.968404054641724
    },
    "73": {
        "score": 5.538449764251709,
        "runtime": 11.041488409042358
    },
    "74": {
        "score": 5.798627853393555,
        "runtime": 10.913967370986938
    },
    "75": {
        "score": 5.788858890533447,
        "runtime": 10.960926532745361
    },
    "76": {
        "score": 6.05206298828125,
        "runtime": 11.021686792373657
    },
    "77": {
        "score": 5.747402667999268,
        "runtime": 10.924438714981079
    },
    "78": {
        "score": 5.867053031921387,
        "runtime": 11.07000184059143
    },
    "79": {
        "score": 5.152258396148682,
        "runtime": 11.009744882583618
    },
    "80": {
        "score": 5.693075656890869,
        "runtime": 10.98294973373413
    },
    "81": {
        "score": 5.382617950439453,
        "runtime": 11.047465324401855
    },
    "82": {
        "score": 5.485161304473877,
        "runtime": 10.97391414642334
    },
    "83": {
        "score": 6.288061618804932,
        "runtime": 10.932401180267334
    },
    "84": {
        "score": 5.78009557723999,
        "runtime": 11.951464176177979
    },
    "85": {
        "score": 5.737258434295654,
        "runtime": 11.083470106124878
    },