{
    "epoch=13-train_score=3.75413": {
        "result_avg": {
            "score": 3.8978193593025208,
            "runtime": 0.7839094257354736
        },
        "result_std": {
            "score": 0.09765552965496119,
            "runtime": 0.00033034883686163983
        }
    },
    "epoch=79-train_score=3.76020": {
        "result_avg": {
            "score": 3.856628410816193,
            "runtime": 0.7821029376983643
        },
        "result_std": {
            "score": 0.08687034781817993,
            "runtime": 0.00038912788497723344
        }
    },
    "epoch=165-train_score=3.76186": {
        "result_avg": {
            "score": 3.8524213552474977,
            "runtime": 0.7841314601898194
        },
        "result_std": {
            "score": 0.08497474607097216,
            "runtime": 0.00039474378751729093
        }
    },
    "epoch=137-train_score=3.76633": {
        "result_avg": {
            "score": 3.858416721820831,
            "runtime": 0.783666398525238
        },
        "result_std": {
            "score": 0.09134699233429357,
            "runtime": 0.00041397955518265796
        }
    },
    "epoch=23-train_score=3.76809": {
        "result_avg": {
            "score": 3.8768920946121215,
            "runtime": 0.7833897709846497
        },
        "result_std": {
            "score": 0.09133425722372181,
            "runtime": 0.0005718287935614796
        }
    }
}