{
    "0": {
        "score": 3.7002601623535156,
        "runtime": 0.7809984683990479
    },
    "1": {
        "score": 3.800880193710327,
        "runtime": 0.7890002727508545
    },
    "2": {
        "score": 3.7796688079833984,
        "runtime": 0.782001256942749
    },
    "3": {
        "score": 4.137923717498779,
        "runtime": 0.7580001354217529
    },
    "4": {
        "score": 3.3303475379943848,
        "runtime": 0.7760002613067627
    },
    "5": {
        "score": 3.8676135540008545,
        "runtime": 0.7599976062774658
    },
    "6": {
        "score": 3.960420608520508,
        "runtime": 0.8110005855560303
    },
    "7": {
        "score": 3.9224014282226562,
        "runtime": 0.7719976902008057
    },
    "8": {
        "score": 4.128917694091797,
        "runtime": 0.7500019073486328
    },
    "9": {
        "score": 4.006816864013672,
        "runtime": 0.7909996509552002
    },
    "10": {
        "score": 3.778759717941284,
        "runtime": 0.7569983005523682
    },
    "11": {
        "score": 3.770418167114258,
        "runtime": 0.7629978656768799
    },
    "12": {
        "score": 4.076560974121094,
        "runtime": 0.77699875831604
    },
    "13": {
        "score": 3.7164480686187744,
        "runtime": 0.7790017127990723
    },
    "14": {
        "score": 4.328239440917969,
        "runtime": 0.7900025844573975
    },
    "15": {
        "score": 3.9959187507629395,
        "runtime": 0.777001142501831
    },
    "16": {
        "score": 4.157617568969727,
        "runtime": 0.8119986057281494
    },
    "17": {
        "score": 3.341622829437256,
        "runtime": 0.827948808670044
    },
    "18": {
        "score": 3.8209474086761475,
        "runtime": 0.804999828338623
    },
    "19": {
        "score": 3.8721656799316406,
        "runtime": 0.7720022201538086
    },
    "20": {
        "score": 3.8967044353485107,
        "runtime": 0.8119995594024658
    },
    "21": {
        "score": 3.4828333854675293,
        "runtime": 0.7640011310577393
    },
    "22": {
        "score": 3.868171215057373,
        "runtime": 0.7899997234344482
    },
    "23": {
        "score": 4.350894927978516,
        "runtime": 0.8499999046325684
    },
    "24": {
        "score": 4.07985782623291,
        "runtime": 0.7549993991851807
    },
    "25": {
        "score": 4.09261417388916,
        "runtime": 0.7509989738464355
    },
    "26": {
        "score": 4.378434181213379,
        "runtime": 0.8060019016265869
    },
    "27": {
        "score": 3.715338945388794,
        "runtime": 0.8160004615783691
    },
    "28": {
        "score": 3.4394006729125977,
        "runtime": 0.839998722076416
    },
    "29": {
        "score": 3.9375288486480713,
        "runtime": 0.7699985504150391
    },
    "30": {
        "score": 3.8944716453552246,
        "runtime": 0.7870025634765625
    },
    "31": {
        "score": 3.209815263748169,
        "runtime": 0.7759990692138672
    },
    "32": {
        "score": 4.134910583496094,
        "runtime": 0.7695140838623047
    },
    "33": {
        "score": 4.225244998931885,
        "runtime": 0.7879981994628906
    },
    "34": {
        "score": 4.319533824920654,
        "runtime": 0.7910001277923584
    },
    "35": {
        "score": 4.257804870605469,
        "runtime": 0.7930018901824951
    },
    "36": {
        "score": 4.0964226722717285,
        "runtime": 0.8000006675720215
    },
    "37": {
        "score": 3.717787742614746,
        "runtime": 0.7820005416870117
    },
    "38": {
        "score": 4.0702924728393555,
        "runtime": 0.7840006351470947
    },
    "39": {
        "score": 4.40610933303833,
        "runtime": 0.7640023231506348
    },
    "40": {
        "score": 3.9946560859680176,
        "runtime": 0.7780001163482666
    },
    "41": {
        "score": 4.015934944152832,
        "runtime": 0.7750020027160645
    },
    "42": {
        "score": 3.5284109115600586,
        "runtime": 0.7599997520446777
    },
    "43": {
        "score": 3.28609299659729,
        "runtime": 0.774000883102417
    },
    "44": {
        "score": 3.92326021194458,
        "runtime": 0.7740013599395752
    },
    "45": {
        "score": 3.6989119052886963,
        "runtime": 0.7969644069671631
    },
    "46": {
        "score": 4.052874565124512,
        "runtime": 0.786243200302124
    },
    "47": {
        "score": 3.7258429527282715,
        "runtime": 0.7995140552520752
    },
    "48": {
        "score": 3.927215576171875,
        "runtime": 0.7789978981018066
    },
    "49": {
        "score": 3.8861753940582275,
        "runtime": 0.7579991817474365
    },
    "50": {
        "score": 3.978036642074585,
        "runtime": 0.7960712909698486
    },
    "51": {
        "score": 3.6750454902648926,
        "runtime": 0.7529997825622559
    },
    "52": {
        "score": 3.5137431621551514,
        "runtime": 0.7610018253326416
    },
    "53": {
        "score": 4.114580154418945,
        "runtime": 0.7410011291503906
    },
    "54": {
        "score": 4.077300548553467,
        "runtime": 0.769524335861206
    },
    "55": {
        "score": 3.6399409770965576,
        "runtime": 0.8920004367828369
    },
    "56": {
        "score": 4.023445129394531,
        "runtime": 0.8250000476837158
    },
    "57": {
        "score": 3.789414405822754,
        "runtime": 0.7799994945526123
    },
    "58": {
        "score": 3.9642252922058105,
        "runtime": 0.7879986763000488
    },
    "59": {
        "score": 3.881514310836792,
        "runtime": 0.7809982299804688
    },
    "60": {
        "score": 3.8539376258850098,
        "runtime": 0.7749993801116943
    },
    "61": {
        "score": 3.1906075477600098,
        "runtime": 0.7819998264312744
    },
    "62": {
        "score": 4.063938617706299,
        "runtime": 0.7949988842010498
    },
    "63": {
        "score": 4.1281633377075195,
        "runtime": 0.7790000438690186
    },
    "64": {
        "score": 3.7814419269561768,
        "runtime": 0.7930004596710205
    },
    "65": {
        "score": 3.998300313949585,
        "runtime": 0.7859971523284912
    },
    "66": {
        "score": 3.765045404434204,
        "runtime": 0.802001953125
    },
    "67": {
        "score": 3.6951253414154053,
        "runtime": 0.7707176208496094
    },
    "68": {
        "score": 4.001073360443115,
        "runtime": 0.7639989852905273
    },
    "69": {
        "score": 3.6546547412872314,
        "runtime": 0.8279991149902344
    },
    "70": {
        "score": 3.7058937549591064,
        "runtime": 0.7980000972747803
    },
    "71": {
        "score": 3.6811037063598633,
        "runtime": 0.7720029354095459
    },
    "72": {
        "score": 4.425375938415527,
        "runtime": 0.7955155372619629
    },
    "73": {
        "score": 3.780745029449463,
        "runtime": 0.7539987564086914
    },
    "74": {
        "score": 3.9664053916931152,
        "runtime": 0.7780003547668457
    },
    "75": {
        "score": 4.1869940757751465,
        "runtime": 0.759002685546875
    },
    "76": {
        "score": 3.460819959640503,
        "runtime": 0.7665183544158936
    },
    "77": {
        "score": 3.973170280456543,
        "runtime": 0.7665195465087891
    },
    "78": {
        "score": 4.144110679626465,
        "runtime": 0.7650003433227539
    },
    "79": {
        "score": 3.8339180946350098,
        "runtime": 0.7510006427764893
    },
    "80": {
        "score": 3.175424575805664,
        "runtime": 0.804002046585083
    },
    "81": {
        "score": 4.092862606048584,
        "runtime": 0.7787079811096191
    },
    "82": {
        "score": 3.7792768478393555,
        "runtime": 0.8029983043670654
    },
    "83": {
        "score": 3.4393889904022217,
        "runtime": 0.7900002002716064
    },
    "84": {
        "score": 4.10386323928833,
        "runtime": 0.7539968490600586
    },
    "85": {
        "score": 4.02569580078125,