{
    "0": {
        "score": 6.216971397399902,
        "runtime": 2.759819507598877
    },
    "1": {
        "score": 6.216971397399902,
        "runtime": 2.676888942718506
    },
    "average": {
        "score": 6.216971397399902,
        "runtime": 2.7183542251586914
    },
    "std": {
        "score": 0.0,
        "runtime": 0.0017193696478443599
    }
}