{
    "0": {
        "score": 6.758175849914551,
        "runtime": 1.603001594543457
    },
    "1": {
        "score": 6.758175849914551,
        "runtime": 1.6820011138916016
    },
    "2": {
        "score": 6.758175849914551,
        "runtime": 1.6869990825653076
    },
    "3": {
        "score": 6.758175849914551,
        "runtime": 1.7070021629333496
    },
    "4": {
        "score": 6.758175849914551,
        "runtime": 1.7259976863861084
    },
    "5": {
        "score": 6.758175849914551,
        "runtime": 1.7180001735687256
    },
    "6": {
        "score": 6.758175849914551,
        "runtime": 1.7000007629394531
    },
    "7": {
        "score": 6.758175849914551,
        "runtime": 1.8160004615783691
    },
    "8": {
        "score": 6.758175849914551,
        "runtime": 1.7350001335144043
    },
    "9": {
        "score": 6.758175849914551,
        "runtime": 1.6549978256225586
    },
    "10": {
        "score": 6.758175849914551,
        "runtime": 1.7359979152679443
    },
    "11": {
        "score": 6.758175849914551,
        "runtime": 1.7150006294250488
    },
    "12": {
        "score": 6.758175849914551,
        "runtime": 1.7169976234436035
    },
    "13": {
        "score": 6.758175849914551,
        "runtime": 1.7330002784729004
    },
    "14": {
        "score": 6.758175849914551,
        "runtime": 1.7680010795593262
    },
    "15": {
        "score": 6.758175849914551,
        "runtime": 1.696000099182129
    },
    "16": {
        "score": 6.758175849914551,
        "runtime": 1.6520018577575684
    },
    "17": {
        "score": 6.758175849914551,
        "runtime": 1.5940017700195312
    },
    "18": {
        "score": 6.758175849914551,
        "runtime": 1.705000638961792
    },
    "19": {
        "score": 6.758175849914551,
        "runtime": 1.7310001850128174
    },
    "20": {
        "score": 6.758175849914551,
        "runtime": 1.8330013751983643
    },
    "21": {
        "score": 6.758175849914551,
        "runtime": 1.702000617980957
    },
    "22": {
        "score": 6.758175849914551,
        "runtime": 1.753997802734375
    },
    "23": {
        "score": 6.758175849914551,
        "runtime": 1.7361030578613281
    },
    "24": {
        "score": 6.758175849914551,
        "runtime": 1.6110007762908936
    },
    "25": {
        "score": 6.758175849914551,
        "runtime": 1.7290008068084717
    },
    "26": {
        "score": 6.758175849914551,
        "runtime": 1.7160000801086426
    },
    "27": {
        "score": 6.758175849914551,
        "runtime": 1.750997543334961
    },
    "28": {
        "score": 6.758175849914551,
        "runtime": 1.6730008125305176
    },
    "29": {
        "score": 6.758175849914551,
        "runtime": 1.7549972534179688
    },
    "30": {
        "score": 6.758175849914551,
        "runtime": 1.6759991645812988
    },
    "31": {
        "score": 6.758175849914551,
        "runtime": 1.7729992866516113
    },
    "32": {
        "score": 6.758175849914551,
        "runtime": 1.7209985256195068
    },
    "33": {
        "score": 6.758175849914551,
        "runtime": 1.7580022811889648
    },
    "34": {
        "score": 6.758175849914551,
        "runtime": 1.6990032196044922
    },
    "35": {
        "score": 6.758175849914551,
        "runtime": 1.7530012130737305
    },
    "36": {
        "score": 6.758175849914551,
        "runtime": 1.7810003757476807
    },
    "37": {
        "score": 6.758175849914551,
        "runtime": 1.7360022068023682
    },
    "38": {
        "score": 6.758175849914551,
        "runtime": 1.762000560760498
    },
    "39": {
        "score": 6.758175849914551,
        "runtime": 1.7359976768493652
    },
    "40": {
        "score": 6.758175849914551,
        "runtime": 1.686997652053833
    },
    "41": {
        "score": 6.758175849914551,
        "runtime": 1.7199993133544922
    },
    "42": {
        "score": 6.758175849914551,
        "runtime": 1.643998622894287
    },
    "43": {
        "score": 6.758175849914551,
        "runtime": 1.737001657485962
    },
    "44": {
        "score": 6.758175849914551,
        "runtime": 1.753999948501587
    },
    "45": {
        "score": 6.758175849914551,
        "runtime": 1.7240004539489746
    },
    "46": {
        "score": 6.758175849914551,
        "runtime": 1.708000898361206
    },
    "47": {
        "score": 6.758175849914551,
        "runtime": 1.7200016975402832
    },
    "48": {
        "score": 6.758175849914551,
        "runtime": 1.713000774383545
    },
    "49": {
        "score": 6.758175849914551,
        "runtime": 1.7339978218078613
    },
    "50": {
        "score": 6.758175849914551,
        "runtime": 1.7689990997314453
    },
    "51": {
        "score": 6.758175849914551,
        "runtime": 1.7110013961791992
    },
    "52": {
        "score": 6.758175849914551,
        "runtime": 1.6930005550384521
    },
    "53": {
        "score": 6.758175849914551,
        "runtime": 1.7359979152679443
    },
    "54": {
        "score": 6.758175849914551,
        "runtime": 1.7129993438720703
    },
    "55": {
        "score": 6.758175849914551,
        "runtime": 1.7309989929199219
    },
    "56": {
        "score": 6.758175849914551,
        "runtime": 1.7079977989196777
    },
    "57": {
        "score": 6.758175849914551,
        "runtime": 1.6690003871917725
    },
    "58": {
        "score": 6.758175849914551,
        "runtime": 1.654999017715454
    },
    "59": {
        "score": 6.758175849914551,
        "runtime": 1.752000093460083
    },
    "60": {
        "score": 6.758175849914551,
        "runtime": 1.7419986724853516
    },
    "61": {
        "score": 6.758175849914551,
        "runtime": 1.7030000686645508
    },
    "62": {
        "score": 6.758175849914551,
        "runtime": 1.702000617980957
    },
    "63": {
        "score": 6.758175849914551,
        "runtime": 1.7100000381469727
    },
    "64": {
        "score": 6.758175849914551,
        "runtime": 1.669999122619629
    },
    "65": {
        "score": 6.758175849914551,
        "runtime": 1.7189967632293701
    },
    "66": {
        "score": 6.758175849914551,
        "runtime": 1.725998878479004
    },
    "67": {
        "score": 6.758175849914551,
        "runtime": 1.6510004997253418
    },
    "68": {
        "score": 6.758175849914551,
        "runtime": 1.737001657485962
    },
    "69": {
        "score": 6.758175849914551,
        "runtime": 1.6549983024597168
    },
    "70": {
        "score": 6.758175849914551,
        "runtime": 1.7090013027191162
    },
    "71": {
        "score": 6.758175849914551,
        "runtime": 1.695002555847168
    },
    "72": {
        "score": 6.758175849914551,
        "runtime": 1.7300002574920654
    },
    "73": {
        "score": 6.758175849914551,
        "runtime": 1.6799983978271484
    },
    "74": {
        "score": 6.758175849914551,
        "runtime": 1.7859973907470703
    },
    "75": {
        "score": 6.758175849914551,
        "runtime": 1.6839988231658936
    },
    "76": {
        "score": 6.758175849914551,
        "runtime": 1.728999376296997
    },
    "77": {
        "score": 6.758175849914551,
        "runtime": 1.6990008354187012
    },
    "78": {
        "score": 6.758175849914551,
        "runtime": 1.727001428604126
    },
    "79": {
        "score": 6.758175849914551,
        "runtime": 1.7410004138946533
    },
    "80": {
        "score": 6.758175849914551,
        "runtime": 1.6929998397827148
    },
    "81": {
        "score": 6.758175849914551,
        "runtime": 1.7520034313201904
    },
    "82": {
        "score": 6.758175849914551,
        "runtime": 1.7549984455108643
    },
    "83": {
        "score": 6.758175849914551,
        "runtime": 1.7420012950897217
    },
    "84": {
        "score": 6.758175849914551,
        "runtime": 1.7069995403289795
    },
    "85": {
        "score": 6.758175849914551,
        "runtime": 1.7590010166168213
    },