{
    "epoch=147-train_score=5.60784": {
        "result_avg": {
            "score": 5.7643224811553955,
            "runtime": 11.014971878528595
        },
        "result_std": {
            "score": 0.06561238412845422,
            "runtime": 0.02746965877292827
        }
    },
    "epoch=83-train_score=5.66664": {
        "result_avg": {
            "score": 5.782377533912658,
            "runtime": 11.004176483154296
        },
        "result_std": {
            "score": 0.07844152464740044,
            "runtime": 0.022517201204058576
        }
    },
    "epoch=199-train_score=5.65763": {
        "result_avg": {
            "score": 5.752463588714599,
            "runtime": 11.011469161510467
        },
        "result_std": {
            "score": 0.07271920732841623,
            "runtime": 0.028330622451508566
        }
    },
    "epoch=197-train_score=5.67270": {
        "result_avg": {
            "score": 5.741384949684143,
            "runtime": 11.01342442035675
        },
        "result_std": {
            "score": 0.06574978462118565,
            "runtime": 0.022841399810122884
        }
    },
    "epoch=145-train_score=5.67336": {
        "result_avg": {
            "score": 5.753417649269104,
            "runtime": 11.010644676685333
        },
        "result_std": {
            "score": 0.0684573753746693,
            "runtime": 0.0216430924493676
        }
    }
}