{
    "0": {
        "score": 5.596268177032471,
        "runtime": 11.25452733039856
    },
    "1": {
        "score": 5.655172348022461,
        "runtime": 11.054000616073608
    },
    "2": {
        "score": 6.18124532699585,
        "runtime": 11.157510042190552
    },
    "3": {
        "score": 6.050456523895264,
        "runtime": 10.94594120979309
    },
    "4": {
        "score": 5.686152935028076,
        "runtime": 11.279935598373413
    },
    "5": {
        "score": 5.793453693389893,
        "runtime": 11.32970905303955
    },
    "6": {
        "score": 6.086172580718994,
        "runtime": 11.008930921554565
    },
    "7": {
        "score": 5.979588985443115,
        "runtime": 10.98040771484375
    },
    "8": {
        "score": 5.766714572906494,
        "runtime": 11.142902612686157
    },
    "9": {
        "score": 6.152530670166016,
        "runtime": 11.182705402374268
    },
    "10": {
        "score": 5.496968746185303,
        "runtime": 10.877944707870483
    },
    "11": {
        "score": 5.0198140144348145,
        "runtime": 11.137185335159302
    },
    "12": {
        "score": 5.779090404510498,
        "runtime": 10.798282623291016
    },
    "13": {
        "score": 5.700814723968506,
        "runtime": 10.809010028839111
    },
    "14": {
        "score": 5.9500956535339355,
        "runtime": 11.014694452285767
    },
    "15": {
        "score": 5.982269287109375,
        "runtime": 11.070993423461914
    },
    "16": {
        "score": 5.645664215087891,
        "runtime": 10.926941156387329
    },
    "17": {
        "score": 5.423128128051758,
        "runtime": 11.564481973648071
    },
    "18": {
        "score": 5.702567100524902,
        "runtime": 10.975490808486938
    },
    "19": {
        "score": 5.5648193359375,
        "runtime": 11.006505966186523
    },
    "20": {
        "score": 5.3671064376831055,
        "runtime": 10.95192813873291
    },
    "21": {
        "score": 5.8354573249816895,
        "runtime": 10.924958229064941
    },
    "22": {
        "score": 5.4906697273254395,
        "runtime": 10.983945369720459
    },
    "23": {
        "score": 5.712677478790283,
        "runtime": 10.999672412872314
    },
    "24": {
        "score": 5.5525665283203125,
        "runtime": 11.044918775558472
    },
    "25": {
        "score": 6.076054096221924,
        "runtime": 11.043415784835815
    },
    "26": {
        "score": 5.713903903961182,
        "runtime": 10.860411167144775
    },
    "27": {
        "score": 5.735879898071289,
        "runtime": 10.849933624267578
    },
    "28": {
        "score": 5.552009105682373,
        "runtime": 10.799468994140625
    },
    "29": {
        "score": 6.288692474365234,
        "runtime": 11.058488368988037
    },
    "30": {
        "score": 5.7882537841796875,
        "runtime": 10.919983625411987
    },
    "31": {
        "score": 5.76531457901001,
        "runtime": 10.948448181152344
    },
    "32": {
        "score": 5.866602897644043,
        "runtime": 10.796952724456787
    },
    "33": {
        "score": 5.569371223449707,
        "runtime": 10.910639762878418
    },
    "34": {
        "score": 5.620074272155762,
        "runtime": 10.844191551208496
    },
    "35": {
        "score": 5.755558967590332,
        "runtime": 11.116426229476929
    },
    "36": {
        "score": 5.67930793762207,
        "runtime": 10.957425117492676
    },
    "37": {
        "score": 6.332816123962402,
        "runtime": 10.850964307785034
    },
    "38": {
        "score": 5.60764741897583,
        "runtime": 11.097946882247925
    },
    "39": {
        "score": 6.017568111419678,
        "runtime": 11.008931875228882
    },
    "40": {
        "score": 5.558783054351807,
        "runtime": 10.881961584091187
    },
    "41": {
        "score": 5.660446643829346,
        "runtime": 10.96094274520874
    },
    "42": {
        "score": 5.5833916664123535,
        "runtime": 10.859461784362793
    },
    "43": {
        "score": 6.5045647621154785,
        "runtime": 10.665462970733643
    },
    "44": {
        "score": 5.432969570159912,
        "runtime": 10.933469533920288
    },
    "45": {
        "score": 5.667777061462402,
        "runtime": 10.780940532684326
    },
    "46": {
        "score": 5.9282026290893555,
        "runtime": 10.940000295639038
    },
    "47": {
        "score": 5.659748554229736,
        "runtime": 10.981457471847534
    },
    "48": {
        "score": 5.555156230926514,
        "runtime": 10.909942150115967
    },
    "49": {
        "score": 6.126574516296387,
        "runtime": 10.809441566467285
    },
    "50": {
        "score": 5.966586589813232,
        "runtime": 11.137397050857544
    },
    "51": {
        "score": 5.938388824462891,
        "runtime": 11.046762228012085
    },
    "52": {
        "score": 6.151134967803955,
        "runtime": 11.05851435661316
    },
    "53": {
        "score": 5.3735032081604,
        "runtime": 11.054697275161743
    },
    "54": {
        "score": 5.636755466461182,
        "runtime": 11.016924142837524
    },
    "55": {
        "score": 5.935150623321533,
        "runtime": 11.120963096618652
    },
    "56": {
        "score": 6.071952819824219,
        "runtime": 11.00445556640625
    },
    "57": {
        "score": 5.954314708709717,
        "runtime": 11.0169358253479
    },
    "58": {
        "score": 5.629714488983154,
        "runtime": 11.205493927001953
    },
    "59": {
        "score": 5.715182304382324,
        "runtime": 10.930936813354492
    },
    "60": {
        "score": 6.331676483154297,
        "runtime": 10.666910886764526
    },
    "61": {
        "score": 5.614256858825684,
        "runtime": 11.534000396728516
    },
    "62": {
        "score": 5.843436241149902,
        "runtime": 11.04578423500061
    },
    "63": {
        "score": 5.853551387786865,
        "runtime": 11.070945978164673
    },
    "64": {
        "score": 5.698297500610352,
        "runtime": 11.028977870941162
    },
    "65": {
        "score": 5.867156982421875,
        "runtime": 11.036669492721558
    },
    "66": {
        "score": 5.675195693969727,
        "runtime": 11.251906394958496
    },
    "67": {
        "score": 5.413974285125732,
        "runtime": 10.936153888702393
    },
    "68": {
        "score": 5.757712364196777,
        "runtime": 10.790461301803589
    },
    "69": {
        "score": 5.3585333824157715,
        "runtime": 10.92797565460205
    },
    "70": {
        "score": 5.882741451263428,
        "runtime": 10.805928468704224
    },
    "71": {
        "score": 5.335147380828857,
        "runtime": 10.969218015670776
    },
    "72": {
        "score": 5.894354343414307,
        "runtime": 10.970842361450195
    },
    "73": {
        "score": 5.588098049163818,
        "runtime": 10.83047890663147
    },
    "74": {
        "score": 5.646213531494141,
        "runtime": 11.098446607589722
    },
    "75": {
        "score": 5.788858890533447,
        "runtime": 10.981942415237427
    },
    "76": {
        "score": 6.0284576416015625,
        "runtime": 10.97487759590149
    },
    "77": {
        "score": 5.724986553192139,
        "runtime": 10.9751718044281
    },
    "78": {
        "score": 5.8777875900268555,
        "runtime": 11.018618106842041
    },
    "79": {
        "score": 5.1738715171813965,
        "runtime": 10.951448440551758
    },
    "80": {
        "score": 5.697159767150879,
        "runtime": 11.060591459274292
    },
    "81": {
        "score": 5.348573684692383,
        "runtime": 11.145905494689941
    },
    "82": {
        "score": 5.573817253112793,
        "runtime": 11.038951396942139
    },
    "83": {
        "score": 6.07942533493042,
        "runtime": 11.161215543746948
    },
    "84": {
        "score": 6.098054885864258,
        "runtime": 11.198516607284546
    },
    "85": {
        "score": 5.7275166511535645,
        "runtime": 11.12870740890503
    },