{
    "0": {
        "score": 7.850786209106445,
        "runtime": 114.97534656524658
    },
    "1": {
        "score": 9.016185760498047,
        "runtime": 115.07231378555298
    },
    "2": {
        "score": 8.131930351257324,
        "runtime": 114.56975626945496
    },
    "3": {
        "score": 8.65938949584961,
        "runtime": 114.67549228668213
    },
    "4": {
        "score": 8.657245635986328,
        "runtime": 115.62654423713684
    },
    "5": {
        "score": 8.367907524108887,
        "runtime": 115.41371273994446
    },
    "6": {
        "score": 8.372425079345703,
        "runtime": 115.0953209400177
    },
    "7": {
        "score": 8.626368522644043,
        "runtime": 114.16088819503784
    },
    "8": {
        "score": 7.912262916564941,
        "runtime": 114.51143455505371
    },
    "9": {
        "score": 8.2760009765625,
        "runtime": 114.86396908760071
    },
    "10": {
        "score": 8.206399917602539,
        "runtime": 114.705885887146
    },
    "11": {
        "score": 8.121623039245605,
        "runtime": 114.81491160392761
    },
    "12": {
        "score": 8.140386581420898,
        "runtime": 115.25177264213562
    },
    "13": {
        "score": 7.726639270782471,
        "runtime": 115.31272053718567
    },
    "14": {
        "score": 8.326828002929688,
        "runtime": 116.65067434310913
    },
    "15": {
        "score": 8.294706344604492,
        "runtime": 118.58594846725464
    },
    "16": {
        "score": 8.672442436218262,
        "runtime": 114.8857831954956
    },
    "17": {
        "score": 8.278373718261719,
        "runtime": 114.90521836280823
    },
    "18": {
        "score": 8.251461029052734,
        "runtime": 115.14424514770508
    },
    "19": {
        "score": 8.833477020263672,
        "runtime": 115.51949310302734
    },
    "20": {
        "score": 8.928346633911133,
        "runtime": 115.2273428440094
    },
    "21": {
        "score": 9.224616050720215,
        "runtime": 116.347647190094
    },
    "22": {
        "score": 8.128105163574219,
        "runtime": 116.40897965431213
    },
    "23": {
        "score": 8.342150688171387,
        "runtime": 116.45218443870544
    },
    "24": {
        "score": 7.572701454162598,
        "runtime": 116.29942154884338
    },
    "25": {
        "score": 8.19692611694336,
        "runtime": 115.57933640480042
    },
    "26": {
        "score": 8.328311920166016,
        "runtime": 115.90135192871094
    },
    "27": {
        "score": 7.887215614318848,
        "runtime": 115.92767333984375
    },
    "28": {
        "score": 8.641368865966797,
        "runtime": 115.83166527748108
    },
    "29": {
        "score": 8.007222175598145,
        "runtime": 115.44201445579529
    },
    "30": {
        "score": 8.187677383422852,
        "runtime": 115.70698881149292
    },
    "31": {
        "score": 8.599454879760742,
        "runtime": 115.1716935634613
    },
    "32": {
        "score": 7.821476936340332,
        "runtime": 115.26266407966614
    },
    "33": {
        "score": 8.582173347473145,
        "runtime": 116.57905626296997
    },
    "34": {
        "score": 8.213950157165527,
        "runtime": 114.5512626171112
    },
    "35": {
        "score": 8.111199378967285,
        "runtime": 115.93554544448853
    },
    "36": {
        "score": 8.177314758300781,
        "runtime": 115.7626564502716
    },
    "37": {
        "score": 8.343469619750977,
        "runtime": 115.74449253082275
    },
    "38": {
        "score": 8.237554550170898,
        "runtime": 114.93860864639282
    },
    "39": {
        "score": 7.544922828674316,
        "runtime": 115.84536242485046
    },
    "40": {
        "score": 8.195330619812012,
        "runtime": 116.47781181335449
    },
    "41": {
        "score": 7.87375020980835,
        "runtime": 115.16673851013184
    },
    "42": {
        "score": 7.845701217651367,
        "runtime": 115.04991292953491
    },
    "43": {
        "score": 8.091781616210938,
        "runtime": 115.78455448150635
    },
    "44": {
        "score": 8.34885311126709,
        "runtime": 115.4380874633789
    },
    "45": {
        "score": 7.971044063568115,
        "runtime": 116.1677029132843
    },
    "46": {
        "score": 8.817842483520508,
        "runtime": 116.44293856620789
    },
    "47": {
        "score": 7.941787242889404,
        "runtime": 116.32330584526062
    },
    "48": {
        "score": 8.151850700378418,
        "runtime": 115.30287218093872
    },
    "49": {
        "score": 8.302037239074707,
        "runtime": 114.66041803359985
    },
    "50": {
        "score": 8.359396934509277,
        "runtime": 115.8156476020813
    },
    "51": {
        "score": 8.395291328430176,
        "runtime": 114.88516283035278
    },
    "52": {
        "score": 8.601044654846191,
        "runtime": 115.41078186035156
    },
    "53": {
        "score": 8.194141387939453,
        "runtime": 115.83454203605652
    },
    "54": {
        "score": 8.627986907958984,
        "runtime": 115.45460987091064
    },
    "55": {
        "score": 8.216697692871094,
        "runtime": 116.66926312446594
    },
    "56": {
        "score": 8.138469696044922,
        "runtime": 116.63484215736389
    },
    "57": {
        "score": 8.250848770141602,
        "runtime": 115.4763867855072
    },
    "58": {
        "score": 8.531745910644531,
        "runtime": 115.98717713356018
    },
    "59": {
        "score": 7.532044410705566,
        "runtime": 114.77500939369202
    },
    "60": {
        "score": 8.582022666931152,
        "runtime": 116.3664071559906
    },
    "61": {
        "score": 8.02694320678711,
        "runtime": 115.9000813961029
    },
    "62": {
        "score": 8.261396408081055,
        "runtime": 115.89267659187317
    },
    "63": {
        "score": 8.048870086669922,
        "runtime": 115.350417137146
    },
    "64": {
        "score": 8.18779182434082,
        "runtime": 115.98842644691467
    },
    "65": {
        "score": 8.73375129699707,
        "runtime": 115.39968538284302
    },
    "66": {
        "score": 8.196466445922852,
        "runtime": 116.86607575416565
    },
    "67": {
        "score": 8.283955574035645,
        "runtime": 114.75719738006592
    },
    "68": {
        "score": 8.148114204406738,
        "runtime": 115.30201148986816
    },
    "69": {
        "score": 7.8163886070251465,
        "runtime": 115.88271236419678
    },
    "70": {
        "score": 8.813222885131836,
        "runtime": 115.77973198890686
    },
    "71": {
        "score": 8.168099403381348,
        "runtime": 115.98432517051697
    },
    "72": {
        "score": 8.497754096984863,
        "runtime": 115.64152598381042
    },
    "73": {
        "score": 8.500029563903809,
        "runtime": 115.31599855422974
    },
    "74": {
        "score": 7.6310343742370605,
        "runtime": 116.2057785987854
    },
    "75": {
        "score": 7.725554466247559,
        "runtime": 114.08741903305054
    },
    "76": {
        "score": 8.208703994750977,
        "runtime": 114.01346969604492
    },
    "77": {
        "score": 8.383910179138184,
        "runtime": 115.37312173843384
    },
    "78": {
        "score": 8.077293395996094,
        "runtime": 127.67444562911987
    },
    "79": {
        "score": 8.120534896850586,
        "runtime": 114.76926255226135
    },
    "80": {
        "score": 7.927576065063477,
        "runtime": 115.58854556083679
    },
    "81": {
        "score": 8.12643051147461,
        "runtime": 117.53938865661621
    },
    "82": {
        "score": 8.218029022216797,
        "runtime": 127.88767313957214
    },
    "83": {
        "score": 7.944079875946045,
        "runtime": 121.33868336677551
    },
    "84": {
        "score": 7.888485431671143,
        "runtime": 114.82699918746948
    },
    "85": {
        "score": 8.167654991149902,
        "runtime": 143.15347290039062
    },