{
    "0": {
        "score": 7.867002010345459,
        "runtime": 116.12287068367004
    },
    "1": {
        "score": 8.934374809265137,
        "runtime": 115.44783782958984
    },
    "2": {
        "score": 8.23711109161377,
        "runtime": 114.78279781341553
    },
    "3": {
        "score": 8.638124465942383,
        "runtime": 115.51973533630371
    },
    "4": {
        "score": 8.632121086120605,
        "runtime": 115.60668992996216
    },
    "5": {
        "score": 8.018610000610352,
        "runtime": 114.91153287887573
    },
    "6": {
        "score": 8.343840599060059,
        "runtime": 113.79885053634644
    },
    "7": {
        "score": 8.736023902893066,
        "runtime": 115.53981637954712
    },
    "8": {
        "score": 7.764185428619385,
        "runtime": 115.69365549087524
    },
    "9": {
        "score": 8.183490753173828,
        "runtime": 115.84248948097229
    },
    "10": {
        "score": 8.253439903259277,
        "runtime": 115.3035101890564
    },
    "11": {
        "score": 8.138860702514648,
        "runtime": 116.37621212005615
    },
    "12": {
        "score": 8.126680374145508,
        "runtime": 115.34813904762268
    },
    "13": {
        "score": 7.775332927703857,
        "runtime": 116.14692163467407
    },
    "14": {
        "score": 8.456618309020996,
        "runtime": 115.37941408157349
    },
    "15": {
        "score": 8.307843208312988,
        "runtime": 118.58045530319214
    },
    "16": {
        "score": 8.514496803283691,
        "runtime": 114.14277958869934
    },
    "17": {
        "score": 8.311002731323242,
        "runtime": 115.79223442077637
    },
    "18": {
        "score": 8.100836753845215,
        "runtime": 116.59149241447449
    },
    "19": {
        "score": 8.696812629699707,
        "runtime": 114.87296080589294
    },
    "20": {
        "score": 8.548445701599121,
        "runtime": 115.31783509254456
    },
    "21": {
        "score": 8.570330619812012,
        "runtime": 116.02212452888489
    },
    "22": {
        "score": 8.309447288513184,
        "runtime": 116.69746994972229
    },
    "23": {
        "score": 8.329236030578613,
        "runtime": 114.74318504333496
    },
    "24": {
        "score": 7.590330123901367,
        "runtime": 115.82445359230042
    },
    "25": {
        "score": 8.568114280700684,
        "runtime": 117.71756911277771
    },
    "26": {
        "score": 8.199230194091797,
        "runtime": 115.53138065338135
    },
    "27": {
        "score": 7.861137390136719,
        "runtime": 115.89290928840637
    },
    "28": {
        "score": 8.616959571838379,
        "runtime": 115.55560827255249
    },
    "29": {
        "score": 7.851874828338623,
        "runtime": 115.32959008216858
    },
    "30": {
        "score": 8.272136688232422,
        "runtime": 115.60672879219055
    },
    "31": {
        "score": 8.091607093811035,
        "runtime": 116.29666352272034
    },
    "32": {
        "score": 7.813838481903076,
        "runtime": 116.48403739929199
    },
    "33": {
        "score": 8.51949405670166,
        "runtime": 116.68335771560669
    },
    "34": {
        "score": 8.161073684692383,
        "runtime": 115.90417671203613
    },
    "35": {
        "score": 8.102320671081543,
        "runtime": 116.84174108505249
    },
    "36": {
        "score": 7.975220203399658,
        "runtime": 114.89290165901184
    },
    "37": {
        "score": 8.345769882202148,
        "runtime": 115.34117293357849
    },
    "38": {
        "score": 7.9863996505737305,
        "runtime": 116.53214740753174
    },
    "39": {
        "score": 7.660050868988037,
        "runtime": 116.473308801651
    },
    "40": {
        "score": 8.714083671569824,
        "runtime": 113.98528552055359
    },
    "41": {
        "score": 7.809843063354492,
        "runtime": 114.92085433006287
    },
    "42": {
        "score": 7.856271266937256,
        "runtime": 115.88827252388
    },
    "43": {
        "score": 7.944202423095703,
        "runtime": 115.93144106864929
    },
    "44": {
        "score": 7.756724834442139,
        "runtime": 115.28401708602905
    },
    "45": {
        "score": 8.040634155273438,
        "runtime": 116.05719208717346
    },
    "46": {
        "score": 8.832998275756836,
        "runtime": 115.40697765350342
    },
    "47": {
        "score": 7.93571138381958,
        "runtime": 116.05989718437195
    },
    "48": {
        "score": 8.133373260498047,
        "runtime": 117.30835628509521
    },
    "49": {
        "score": 8.377167701721191,
        "runtime": 114.99622774124146
    },
    "50": {
        "score": 8.265020370483398,
        "runtime": 117.02045822143555
    },
    "51": {
        "score": 8.385409355163574,
        "runtime": 115.918212890625
    },
    "52": {
        "score": 8.449100494384766,
        "runtime": 116.23906779289246
    },
    "53": {
        "score": 8.125425338745117,
        "runtime": 115.88344597816467
    },
    "54": {
        "score": 9.000861167907715,
        "runtime": 115.87907910346985
    },
    "55": {
        "score": 8.140755653381348,
        "runtime": 116.42656469345093
    },
    "56": {
        "score": 8.232193946838379,
        "runtime": 114.97665214538574
    },
    "57": {
        "score": 8.199600219726562,
        "runtime": 115.95239019393921
    },
    "58": {
        "score": 8.1129150390625,
        "runtime": 116.28572654724121
    },
    "59": {
        "score": 7.630430698394775,
        "runtime": 116.06994605064392
    },
    "60": {
        "score": 8.764793395996094,
        "runtime": 116.43735074996948
    },
    "61": {
        "score": 8.190842628479004,
        "runtime": 114.90436792373657
    },
    "62": {
        "score": 8.353429794311523,
        "runtime": 115.43614840507507
    },
    "63": {
        "score": 7.866020202636719,
        "runtime": 115.6328456401825
    },
    "64": {
        "score": 8.235906600952148,
        "runtime": 114.80368900299072
    },
    "65": {
        "score": 8.796547889709473,
        "runtime": 116.48169255256653
    },
    "66": {
        "score": 8.220670700073242,
        "runtime": 116.1751160621643
    },
    "67": {
        "score": 8.237324714660645,
        "runtime": 115.56520414352417
    },
    "68": {
        "score": 8.067032814025879,
        "runtime": 115.37400102615356
    },
    "69": {
        "score": 7.742904186248779,
        "runtime": 116.36717963218689
    },
    "70": {
        "score": 8.73372745513916,
        "runtime": 116.32449746131897
    },
    "71": {
        "score": 7.856759548187256,
        "runtime": 114.78870463371277
    },
    "72": {
        "score": 8.258121490478516,
        "runtime": 114.4179961681366
    },
    "73": {
        "score": 9.123333930969238,
        "runtime": 115.83893322944641
    },
    "74": {
        "score": 7.660211563110352,
        "runtime": 116.25777816772461
    },
    "75": {
        "score": 7.7063398361206055,
        "runtime": 115.53139424324036
    },
    "76": {
        "score": 8.053945541381836,
        "runtime": 115.72442126274109
    },
    "77": {
        "score": 8.59378719329834,
        "runtime": 114.77236843109131
    },
    "78": {
        "score": 7.862245082855225,
        "runtime": 122.67847657203674
    },
    "79": {
        "score": 8.085857391357422,
        "runtime": 115.43392062187195
    },
    "80": {
        "score": 7.72959566116333,
        "runtime": 115.11001491546631
    },
    "81": {
        "score": 8.204604148864746,
        "runtime": 114.93625903129578
    },
    "82": {
        "score": 8.287840843200684,
        "runtime": 125.87367296218872
    },
    "83": {
        "score": 7.858622074127197,
        "runtime": 120.3109986782074
    },
    "84": {
        "score": 7.85051965713501,
        "runtime": 117.32599878311157
    },
    "85": {
        "score": 8.103731155395508,
        "runtime": 145.49537801742554
    },