{
    "0": {
        "score": 3.6493992805480957,
        "runtime": 0.7970006465911865
    },
    "1": {
        "score": 3.800880193710327,
        "runtime": 0.8059988021850586
    },
    "2": {
        "score": 3.7796688079833984,
        "runtime": 0.8000006675720215
    },
    "3": {
        "score": 4.122701644897461,
        "runtime": 0.8025181293487549
    },
    "4": {
        "score": 3.2648539543151855,
        "runtime": 0.7840001583099365
    },
    "5": {
        "score": 3.860729932785034,
        "runtime": 0.7899999618530273
    },
    "6": {
        "score": 3.8794033527374268,
        "runtime": 0.7890000343322754
    },
    "7": {
        "score": 3.9224014282226562,
        "runtime": 0.7979989051818848
    },
    "8": {
        "score": 4.128917694091797,
        "runtime": 0.7990014553070068
    },
    "9": {
        "score": 4.006816864013672,
        "runtime": 0.7840006351470947
    },
    "10": {
        "score": 3.7934024333953857,
        "runtime": 0.801002025604248
    },
    "11": {
        "score": 3.770418167114258,
        "runtime": 0.8159990310668945
    },
    "12": {
        "score": 4.076560974121094,
        "runtime": 0.7940011024475098
    },
    "13": {
        "score": 3.693781614303589,
        "runtime": 0.7744801044464111
    },
    "14": {
        "score": 4.300230979919434,
        "runtime": 0.8209547996520996
    },
    "15": {
        "score": 3.9959187507629395,
        "runtime": 0.7860002517700195
    },
    "16": {
        "score": 4.157617568969727,
        "runtime": 0.7784948348999023
    },
    "17": {
        "score": 3.341622829437256,
        "runtime": 0.7440011501312256
    },
    "18": {
        "score": 3.7305448055267334,
        "runtime": 0.7829999923706055
    },
    "19": {
        "score": 3.8721656799316406,
        "runtime": 0.7495167255401611
    },
    "20": {
        "score": 3.877220869064331,
        "runtime": 0.7990002632141113
    },
    "21": {
        "score": 3.493420362472534,
        "runtime": 0.7590024471282959
    },
    "22": {
        "score": 3.8361217975616455,
        "runtime": 0.7940008640289307
    },
    "23": {
        "score": 4.350894927978516,
        "runtime": 0.8080003261566162
    },
    "24": {
        "score": 3.9885854721069336,
        "runtime": 0.7829976081848145
    },
    "25": {
        "score": 3.8711776733398438,
        "runtime": 0.762000560760498
    },
    "26": {
        "score": 4.435245037078857,
        "runtime": 0.8159995079040527
    },
    "27": {
        "score": 3.715338945388794,
        "runtime": 0.7640030384063721
    },
    "28": {
        "score": 3.308074951171875,
        "runtime": 0.7770025730133057
    },
    "29": {
        "score": 3.9138455390930176,
        "runtime": 0.8000028133392334
    },
    "30": {
        "score": 3.8944716453552246,
        "runtime": 0.7520003318786621
    },
    "31": {
        "score": 3.209815263748169,
        "runtime": 0.7560000419616699
    },
    "32": {
        "score": 4.06200647354126,
        "runtime": 0.7840025424957275
    },
    "33": {
        "score": 4.2240376472473145,
        "runtime": 0.7970008850097656
    },
    "34": {
        "score": 4.319533824920654,
        "runtime": 0.7839994430541992
    },
    "35": {
        "score": 4.260029315948486,
        "runtime": 0.7785263061523438
    },
    "36": {
        "score": 4.00954008102417,
        "runtime": 0.7899994850158691
    },
    "37": {
        "score": 3.717787742614746,
        "runtime": 0.7785158157348633
    },
    "38": {
        "score": 3.8522093296051025,
        "runtime": 0.7940020561218262
    },
    "39": {
        "score": 4.187337875366211,
        "runtime": 0.7810006141662598
    },
    "40": {
        "score": 3.923027992248535,
        "runtime": 0.7955172061920166
    },
    "41": {
        "score": 3.9975223541259766,
        "runtime": 0.825998067855835
    },
    "42": {
        "score": 3.5343122482299805,
        "runtime": 0.7660033702850342
    },
    "43": {
        "score": 3.28609299659729,
        "runtime": 0.7799992561340332
    },
    "44": {
        "score": 3.92326021194458,
        "runtime": 0.7519631385803223
    },
    "45": {
        "score": 3.707735538482666,
        "runtime": 0.7919998168945312
    },
    "46": {
        "score": 4.115407943725586,
        "runtime": 0.7610013484954834
    },
    "47": {
        "score": 3.7245850563049316,
        "runtime": 0.7980000972747803
    },
    "48": {
        "score": 3.9390406608581543,
        "runtime": 0.7760016918182373
    },
    "49": {
        "score": 3.807023048400879,
        "runtime": 0.7839996814727783
    },
    "50": {
        "score": 3.854548215866089,
        "runtime": 0.794999361038208
    },
    "51": {
        "score": 3.6899423599243164,
        "runtime": 0.7715244293212891
    },
    "52": {
        "score": 3.5989694595336914,
        "runtime": 0.7910006046295166
    },
    "53": {
        "score": 4.114580154418945,
        "runtime": 0.8195145130157471
    },
    "54": {
        "score": 3.9248223304748535,
        "runtime": 0.7749996185302734
    },
    "55": {
        "score": 3.6325266361236572,
        "runtime": 0.7929985523223877
    },
    "56": {
        "score": 4.039519786834717,
        "runtime": 0.8150010108947754
    },
    "57": {
        "score": 3.789414405822754,
        "runtime": 0.7665235996246338
    },
    "58": {
        "score": 3.965982437133789,
        "runtime": 0.7700016498565674
    },
    "59": {
        "score": 3.881514310836792,
        "runtime": 0.7709994316101074
    },
    "60": {
        "score": 3.8143482208251953,
        "runtime": 0.7750000953674316
    },
    "61": {
        "score": 3.1906075477600098,
        "runtime": 0.7900021076202393
    },
    "62": {
        "score": 4.033323764801025,
        "runtime": 0.7639997005462646
    },
    "63": {
        "score": 4.115477561950684,
        "runtime": 0.7895200252532959
    },
    "64": {
        "score": 3.782482624053955,
        "runtime": 0.8009991645812988
    },
    "65": {
        "score": 3.998300313949585,
        "runtime": 0.7849981784820557
    },
    "66": {
        "score": 3.7593417167663574,
        "runtime": 0.7609996795654297
    },
    "67": {
        "score": 3.7240097522735596,
        "runtime": 0.8000009059906006
    },
    "68": {
        "score": 3.981815814971924,
        "runtime": 0.865001916885376
    },
    "69": {
        "score": 3.6501429080963135,
        "runtime": 0.7670023441314697
    },
    "70": {
        "score": 3.5717227458953857,
        "runtime": 0.773895263671875
    },
    "71": {
        "score": 3.6524572372436523,
        "runtime": 0.7690019607543945
    },
    "72": {
        "score": 4.374373435974121,
        "runtime": 0.7710001468658447
    },
    "73": {
        "score": 3.780745029449463,
        "runtime": 0.7680027484893799
    },
    "74": {
        "score": 3.9830660820007324,
        "runtime": 0.7879989147186279
    },
    "75": {
        "score": 4.1667585372924805,
        "runtime": 0.7985126972198486
    },
    "76": {
        "score": 3.4727978706359863,
        "runtime": 0.788999080657959
    },
    "77": {
        "score": 3.9464802742004395,
        "runtime": 0.7939987182617188
    },
    "78": {
        "score": 4.144110679626465,
        "runtime": 0.7960000038146973
    },
    "79": {
        "score": 3.8339180946350098,
        "runtime": 0.772998571395874
    },
    "80": {
        "score": 3.2466087341308594,
        "runtime": 0.7750012874603271
    },
    "81": {
        "score": 4.09826135635376,
        "runtime": 0.7610001564025879
    },
    "82": {
        "score": 3.7449755668640137,
        "runtime": 0.7729995250701904
    },
    "83": {
        "score": 3.441124200820923,
        "runtime": 0.7639980316162109
    },
    "84": {
        "score": 3.971017599105835,
        "runtime": 0.7829971313476562
    },
    "85": {
        "score": 3.948762893676758,