{
    "0": {
        "score": 10.994057655334473,
        "runtime": 20.544000148773193
    },
    "1": {
        "score": 10.994057655334473,
        "runtime": 20.948999404907227
    },
    "2": {
        "score": 10.994057655334473,
        "runtime": 20.12899899482727
    },
    "3": {
        "score": 11.17595386505127,
        "runtime": 20.245999813079834
    },
    "4": {
        "score": 10.994057655334473,
        "runtime": 20.9309983253479
    },
    "5": {
        "score": 10.994057655334473,
        "runtime": 20.579997301101685
    },
    "6": {
        "score": 10.994057655334473,
        "runtime": 21.285999059677124
    },
    "7": {
        "score": 10.994057655334473,
        "runtime": 20.39200234413147
    },
    "8": {
        "score": 11.17595386505127,
        "runtime": 21.02700185775757
    },
    "9": {
        "score": 10.994057655334473,
        "runtime": 20.367999792099
    },
    "10": {
        "score": 10.996694564819336,
        "runtime": 20.234999656677246
    },
    "11": {
        "score": 10.994057655334473,
        "runtime": 20.606998205184937
    },
    "12": {
        "score": 11.17595386505127,
        "runtime": 21.02099871635437
    },
    "13": {
        "score": 11.17595386505127,
        "runtime": 20.432000637054443
    },
    "14": {
        "score": 10.994057655334473,
        "runtime": 20.36599826812744
    },
    "15": {
        "score": 10.994057655334473,
        "runtime": 20.719000577926636
    },
    "16": {
        "score": 10.994057655334473,
        "runtime": 20.51099991798401
    },
    "17": {
        "score": 10.994057655334473,
        "runtime": 20.52700114250183
    },
    "18": {
        "score": 11.17595386505127,
        "runtime": 20.744999170303345
    },
    "19": {
        "score": 10.994057655334473,
        "runtime": 20.435001134872437
    },
    "20": {
        "score": 10.994057655334473,
        "runtime": 20.42600154876709
    },
    "21": {
        "score": 10.996694564819336,
        "runtime": 20.466997623443604
    },
    "22": {
        "score": 11.17595386505127,
        "runtime": 20.374999046325684
    },
    "23": {
        "score": 11.17595386505127,
        "runtime": 20.40299963951111
    },
    "24": {
        "score": 10.994057655334473,
        "runtime": 20.51200008392334
    },
    "25": {
        "score": 11.17595386505127,
        "runtime": 20.556001663208008
    },
    "26": {
        "score": 10.994057655334473,
        "runtime": 20.507998943328857
    },
    "27": {
        "score": 10.994057655334473,
        "runtime": 20.595999240875244
    },
    "28": {
        "score": 11.17595386505127,
        "runtime": 21.003000497817993
    },
    "29": {
        "score": 10.994057655334473,
        "runtime": 20.409997701644897
    },
    "30": {
        "score": 10.994057655334473,
        "runtime": 20.650999546051025
    },
    "31": {
        "score": 11.17595386505127,
        "runtime": 21.51199960708618
    },
    "32": {
        "score": 10.994057655334473,
        "runtime": 20.188997268676758
    },
    "33": {
        "score": 10.994057655334473,
        "runtime": 20.983000993728638
    },
    "34": {
        "score": 10.994057655334473,
        "runtime": 20.302000761032104
    },
    "35": {
        "score": 11.17595386505127,
        "runtime": 21.20300006866455
    },
    "36": {
        "score": 10.994057655334473,
        "runtime": 20.513585329055786
    },
    "37": {
        "score": 10.994057655334473,
        "runtime": 20.39800000190735
    },
    "38": {
        "score": 10.994057655334473,
        "runtime": 20.351000547409058
    },
    "39": {
        "score": 11.17595386505127,
        "runtime": 20.759002923965454
    },
    "40": {
        "score": 11.11479663848877,
        "runtime": 20.811997413635254
    },
    "41": {
        "score": 10.994057655334473,
        "runtime": 21.008999824523926
    },
    "42": {
        "score": 10.994057655334473,
        "runtime": 20.380998611450195
    },
    "43": {
        "score": 11.17595386505127,
        "runtime": 21.203999042510986
    },
    "44": {
        "score": 10.994057655334473,
        "runtime": 20.715001344680786
    },
    "45": {
        "score": 10.994057655334473,
        "runtime": 20.422000408172607
    },
    "46": {
        "score": 10.994057655334473,
        "runtime": 20.438000202178955
    },
    "47": {
        "score": 11.17595386505127,
        "runtime": 21.054002046585083
    },
    "48": {
        "score": 11.17595386505127,
        "runtime": 20.509999990463257
    },
    "49": {
        "score": 10.994057655334473,
        "runtime": 21.080997467041016
    },
    "50": {
        "score": 10.994057655334473,
        "runtime": 20.717001914978027
    },
    "51": {
        "score": 10.994057655334473,
        "runtime": 20.606999158859253
    },
    "52": {
        "score": 10.996694564819336,
        "runtime": 20.342003107070923
    },
    "53": {
        "score": 10.994057655334473,
        "runtime": 20.625999450683594
    },
    "54": {
        "score": 10.994057655334473,
        "runtime": 20.432000160217285
    },
    "55": {
        "score": 10.994057655334473,
        "runtime": 20.953001737594604
    },
    "56": {
        "score": 11.17595386505127,
        "runtime": 21.109999895095825
    },
    "57": {
        "score": 10.994057655334473,
        "runtime": 20.859997272491455
    },
    "58": {
        "score": 10.994057655334473,
        "runtime": 20.546998739242554
    },
    "59": {
        "score": 10.994057655334473,
        "runtime": 20.943999767303467
    },
    "60": {
        "score": 11.17595386505127,
        "runtime": 20.72999858856201
    },
    "61": {
        "score": 11.17595386505127,
        "runtime": 20.608999729156494
    },
    "62": {
        "score": 10.994057655334473,
        "runtime": 20.651999711990356
    },
    "63": {
        "score": 11.17595386505127,
        "runtime": 20.72499942779541
    },
    "64": {
        "score": 11.17595386505127,
        "runtime": 20.85899829864502
    },
    "65": {
        "score": 10.994057655334473,
        "runtime": 20.70300054550171
    },
    "66": {
        "score": 10.994057655334473,
        "runtime": 20.35400128364563
    },
    "67": {
        "score": 10.994057655334473,
        "runtime": 20.17699885368347
    },
    "68": {
        "score": 10.994057655334473,
        "runtime": 20.67400050163269
    },
    "69": {
        "score": 10.994057655334473,
        "runtime": 20.241000175476074
    },
    "70": {
        "score": 10.994057655334473,
        "runtime": 20.384003162384033
    },
    "71": {
        "score": 10.994057655334473,
        "runtime": 20.213000297546387
    },
    "72": {
        "score": 11.17595386505127,
        "runtime": 21.36000108718872
    },
    "73": {
        "score": 10.994057655334473,
        "runtime": 20.799474000930786
    },
    "74": {
        "score": 10.994057655334473,
        "runtime": 20.419000148773193
    },
    "75": {
        "score": 10.994057655334473,
        "runtime": 20.59800124168396
    },
    "76": {
        "score": 10.994057655334473,
        "runtime": 20.628998041152954
    },
    "77": {
        "score": 10.994057655334473,
        "runtime": 20.79799795150757
    },
    "78": {
        "score": 10.994057655334473,
        "runtime": 20.976474046707153
    },
    "79": {
        "score": 10.994057655334473,
        "runtime": 20.61000084877014
    },
    "80": {
        "score": 11.17595386505127,
        "runtime": 20.276000499725342
    },
    "81": {
        "score": 10.994057655334473,
        "runtime": 20.34204077720642
    },
    "82": {
        "score": 11.17595386505127,
        "runtime": 21.058998107910156
    },
    "83": {
        "score": 10.994057655334473,
        "runtime": 20.291998386383057
    },
    "84": {
        "score": 10.994057655334473,
        "runtime": 20.602998971939087
    },
    "85": {
        "score": 11.17595386505127,