{
    "0": {
        "score": 11.075373649597168,
        "runtime": 20.70900058746338
    },
    "1": {
        "score": 11.648128509521484,
        "runtime": 20.837002515792847
    },
    "2": {
        "score": 11.636119842529297,
        "runtime": 20.260000944137573
    },
    "3": {
        "score": 11.075373649597168,
        "runtime": 20.802051782608032
    },
    "4": {
        "score": 11.636777877807617,
        "runtime": 20.265000343322754
    },
    "5": {
        "score": 11.075373649597168,
        "runtime": 20.5710027217865
    },
    "6": {
        "score": 11.217939376831055,
        "runtime": 20.26099991798401
    },
    "7": {
        "score": 11.075373649597168,
        "runtime": 20.70400071144104
    },
    "8": {
        "score": 11.075373649597168,
        "runtime": 20.355000257492065
    },
    "9": {
        "score": 11.075373649597168,
        "runtime": 20.49100160598755
    },
    "10": {
        "score": 11.075373649597168,
        "runtime": 20.486000537872314
    },
    "11": {
        "score": 11.075373649597168,
        "runtime": 20.93699812889099
    },
    "12": {
        "score": 11.075373649597168,
        "runtime": 20.6340012550354
    },
    "13": {
        "score": 11.075373649597168,
        "runtime": 20.481000185012817
    },
    "14": {
        "score": 11.075373649597168,
        "runtime": 20.29200053215027
    },
    "15": {
        "score": 11.075373649597168,
        "runtime": 20.494999408721924
    },
    "16": {
        "score": 11.648128509521484,
        "runtime": 20.488999366760254
    },
    "17": {
        "score": 11.075373649597168,
        "runtime": 20.370002031326294
    },
    "18": {
        "score": 11.075373649597168,
        "runtime": 20.637999773025513
    },
    "19": {
        "score": 11.075373649597168,
        "runtime": 20.74299931526184
    },
    "20": {
        "score": 11.648128509521484,
        "runtime": 20.24500036239624
    },
    "21": {
        "score": 11.075373649597168,
        "runtime": 21.13700270652771
    },
    "22": {
        "score": 11.643280029296875,
        "runtime": 20.466001510620117
    },
    "23": {
        "score": 11.075373649597168,
        "runtime": 20.591999769210815
    },
    "24": {
        "score": 11.075373649597168,
        "runtime": 20.436002016067505
    },
    "25": {
        "score": 11.648128509521484,
        "runtime": 21.346002340316772
    },
    "26": {
        "score": 11.075373649597168,
        "runtime": 20.695996522903442
    },
    "27": {
        "score": 11.075373649597168,
        "runtime": 21.6870014667511
    },
    "28": {
        "score": 11.648128509521484,
        "runtime": 20.58700180053711
    },
    "29": {
        "score": 11.075373649597168,
        "runtime": 20.331000804901123
    },
    "30": {
        "score": 11.643280029296875,
        "runtime": 20.572002410888672
    },
    "31": {
        "score": 11.075373649597168,
        "runtime": 20.48000168800354
    },
    "32": {
        "score": 11.648128509521484,
        "runtime": 20.63700008392334
    },
    "33": {
        "score": 11.075373649597168,
        "runtime": 20.693999767303467
    },
    "34": {
        "score": 11.075373649597168,
        "runtime": 20.568001985549927
    },
    "35": {
        "score": 11.643280029296875,
        "runtime": 20.59800100326538
    },
    "36": {
        "score": 11.075373649597168,
        "runtime": 20.26400136947632
    },
    "37": {
        "score": 11.075373649597168,
        "runtime": 21.246998071670532
    },
    "38": {
        "score": 11.780167579650879,
        "runtime": 20.528000831604004
    },
    "39": {
        "score": 11.648128509521484,
        "runtime": 21.148999214172363
    },
    "40": {
        "score": 11.075373649597168,
        "runtime": 21.203001499176025
    },
    "41": {
        "score": 11.213258743286133,
        "runtime": 20.50000023841858
    },
    "42": {
        "score": 11.648128509521484,
        "runtime": 20.39000129699707
    },
    "43": {
        "score": 11.075373649597168,
        "runtime": 20.529003143310547
    },
    "44": {
        "score": 11.636777877807617,
        "runtime": 20.495999574661255
    },
    "45": {
        "score": 11.075373649597168,
        "runtime": 21.06299924850464
    },
    "46": {
        "score": 11.357746124267578,
        "runtime": 20.38099956512451
    },
    "47": {
        "score": 11.636777877807617,
        "runtime": 20.583001852035522
    },
    "48": {
        "score": 11.213258743286133,
        "runtime": 20.218997716903687
    },
    "49": {
        "score": 11.075373649597168,
        "runtime": 20.460001707077026
    },
    "50": {
        "score": 11.075373649597168,
        "runtime": 21.241999864578247
    },
    "51": {
        "score": 11.075373649597168,
        "runtime": 20.731997966766357
    },
    "52": {
        "score": 11.075373649597168,
        "runtime": 21.388999700546265
    },
    "53": {
        "score": 11.381449699401855,
        "runtime": 20.56300163269043
    },
    "54": {
        "score": 11.075373649597168,
        "runtime": 21.06999921798706
    },
    "55": {
        "score": 11.636777877807617,
        "runtime": 20.467000246047974
    },
    "56": {
        "score": 11.075373649597168,
        "runtime": 20.376996994018555
    },
    "57": {
        "score": 11.075373649597168,
        "runtime": 21.14400291442871
    },
    "58": {
        "score": 11.648128509521484,
        "runtime": 20.388001203536987
    },
    "59": {
        "score": 11.075373649597168,
        "runtime": 21.387001991271973
    },
    "60": {
        "score": 11.648128509521484,
        "runtime": 20.527000427246094
    },
    "61": {
        "score": 11.075373649597168,
        "runtime": 20.705997943878174
    },
    "62": {
        "score": 11.636777877807617,
        "runtime": 21.109999418258667
    },
    "63": {
        "score": 11.643280029296875,
        "runtime": 20.554001569747925
    },
    "64": {
        "score": 11.075373649597168,
        "runtime": 20.641998529434204
    },
    "65": {
        "score": 11.075373649597168,
        "runtime": 21.112998723983765
    },
    "66": {
        "score": 11.075373649597168,
        "runtime": 20.526000261306763
    },
    "67": {
        "score": 11.217939376831055,
        "runtime": 20.850998640060425
    },
    "68": {
        "score": 11.075373649597168,
        "runtime": 20.64799952507019
    },
    "69": {
        "score": 11.381449699401855,
        "runtime": 20.616000175476074
    },
    "70": {
        "score": 11.075373649597168,
        "runtime": 20.85799813270569
    },
    "71": {
        "score": 11.075373649597168,
        "runtime": 20.572999000549316
    },
    "72": {
        "score": 11.075373649597168,
        "runtime": 20.81499743461609
    },
    "73": {
        "score": 11.643280029296875,
        "runtime": 20.51447319984436
    },
    "74": {
        "score": 11.075373649597168,
        "runtime": 21.127002716064453
    },
    "75": {
        "score": 11.075373649597168,
        "runtime": 20.266001224517822
    },
    "76": {
        "score": 11.075373649597168,
        "runtime": 20.426000833511353
    },
    "77": {
        "score": 11.075373649597168,
        "runtime": 20.73400115966797
    },
    "78": {
        "score": 11.075373649597168,
        "runtime": 21.016000032424927
    },
    "79": {
        "score": 11.075373649597168,
        "runtime": 20.806002140045166
    },
    "80": {
        "score": 11.255778312683105,
        "runtime": 20.813000440597534
    },
    "81": {
        "score": 11.075373649597168,
        "runtime": 21.04504370689392
    },
    "82": {
        "score": 11.075373649597168,
        "runtime": 20.64799976348877
    },
    "83": {
        "score": 11.648128509521484,
        "runtime": 20.984001874923706
    },
    "84": {
        "score": 11.52637004852295,
        "runtime": 20.869001388549805
    },
    "85": {
        "score": 11.636777877807617,