{
    "0": {
        "score": 11.051405906677246,
        "runtime": 20.231001615524292
    },
    "1": {
        "score": 11.051405906677246,
        "runtime": 20.658000707626343
    },
    "2": {
        "score": 11.051405906677246,
        "runtime": 20.33700132369995
    },
    "3": {
        "score": 11.051405906677246,
        "runtime": 20.6550509929657
    },
    "4": {
        "score": 11.051405906677246,
        "runtime": 20.362000226974487
    },
    "5": {
        "score": 11.051405906677246,
        "runtime": 20.279998779296875
    },
    "6": {
        "score": 10.933302879333496,
        "runtime": 20.39900231361389
    },
    "7": {
        "score": 11.051405906677246,
        "runtime": 20.558998823165894
    },
    "8": {
        "score": 11.051405906677246,
        "runtime": 20.184999465942383
    },
    "9": {
        "score": 11.051405906677246,
        "runtime": 20.44900131225586
    },
    "10": {
        "score": 11.051405906677246,
        "runtime": 20.920457124710083
    },
    "11": {
        "score": 11.051405906677246,
        "runtime": 20.750000476837158
    },
    "12": {
        "score": 11.051405906677246,
        "runtime": 20.335999965667725
    },
    "13": {
        "score": 11.051405906677246,
        "runtime": 20.342000484466553
    },
    "14": {
        "score": 11.051405906677246,
        "runtime": 20.839999198913574
    },
    "15": {
        "score": 11.051405906677246,
        "runtime": 20.452000617980957
    },
    "16": {
        "score": 11.051405906677246,
        "runtime": 20.26699924468994
    },
    "17": {
        "score": 11.051405906677246,
        "runtime": 20.83000111579895
    },
    "18": {
        "score": 11.051405906677246,
        "runtime": 20.486001014709473
    },
    "19": {
        "score": 11.051405906677246,
        "runtime": 20.233999252319336
    },
    "20": {
        "score": 11.051405906677246,
        "runtime": 20.98300075531006
    },
    "21": {
        "score": 11.051405906677246,
        "runtime": 20.85065793991089
    },
    "22": {
        "score": 11.051405906677246,
        "runtime": 21.007999181747437
    },
    "23": {
        "score": 11.051405906677246,
        "runtime": 20.623998880386353
    },
    "24": {
        "score": 11.051405906677246,
        "runtime": 21.018001794815063
    },
    "25": {
        "score": 11.051405906677246,
        "runtime": 20.76800036430359
    },
    "26": {
        "score": 11.051405906677246,
        "runtime": 20.765000820159912
    },
    "27": {
        "score": 11.051405906677246,
        "runtime": 20.70299792289734
    },
    "28": {
        "score": 11.051405906677246,
        "runtime": 20.65299940109253
    },
    "29": {
        "score": 10.933302879333496,
        "runtime": 20.864001274108887
    },
    "30": {
        "score": 11.051405906677246,
        "runtime": 20.638999700546265
    },
    "31": {
        "score": 11.051405906677246,
        "runtime": 20.567999601364136
    },
    "32": {
        "score": 11.051405906677246,
        "runtime": 20.83099675178528
    },
    "33": {
        "score": 11.051405906677246,
        "runtime": 20.75299835205078
    },
    "34": {
        "score": 11.051405906677246,
        "runtime": 20.630014181137085
    },
    "35": {
        "score": 11.051405906677246,
        "runtime": 20.417001247406006
    },
    "36": {
        "score": 11.051405906677246,
        "runtime": 21.21599769592285
    },
    "37": {
        "score": 11.051405906677246,
        "runtime": 20.586000442504883
    },
    "38": {
        "score": 11.051405906677246,
        "runtime": 20.25145936012268
    },
    "39": {
        "score": 11.051405906677246,
        "runtime": 20.587000846862793
    },
    "40": {
        "score": 11.051405906677246,
        "runtime": 21.26199984550476
    },
    "41": {
        "score": 10.933302879333496,
        "runtime": 20.395002365112305
    },
    "42": {
        "score": 11.051405906677246,
        "runtime": 21.35000205039978
    },
    "43": {
        "score": 11.051405906677246,
        "runtime": 20.413999795913696
    },
    "44": {
        "score": 11.051405906677246,
        "runtime": 20.526000261306763
    },
    "45": {
        "score": 11.051405906677246,
        "runtime": 20.669001579284668
    },
    "46": {
        "score": 11.051405906677246,
        "runtime": 20.550001859664917
    },
    "47": {
        "score": 11.051405906677246,
        "runtime": 20.471001863479614
    },
    "48": {
        "score": 11.051405906677246,
        "runtime": 20.88300108909607
    },
    "49": {
        "score": 11.051405906677246,
        "runtime": 20.547999620437622
    },
    "50": {
        "score": 11.051405906677246,
        "runtime": 20.330999851226807
    },
    "51": {
        "score": 11.051405906677246,
        "runtime": 21.010000944137573
    },
    "52": {
        "score": 11.051405906677246,
        "runtime": 20.483998775482178
    },
    "53": {
        "score": 10.933302879333496,
        "runtime": 21.228999137878418
    },
    "54": {
        "score": 11.051405906677246,
        "runtime": 20.4460027217865
    },
    "55": {
        "score": 11.051405906677246,
        "runtime": 20.9490008354187
    },
    "56": {
        "score": 11.051405906677246,
        "runtime": 20.54799795150757
    },
    "57": {
        "score": 10.933302879333496,
        "runtime": 20.84800100326538
    },
    "58": {
        "score": 11.051405906677246,
        "runtime": 20.7309992313385
    },
    "59": {
        "score": 11.051405906677246,
        "runtime": 20.370460987091064
    },
    "60": {
        "score": 11.051405906677246,
        "runtime": 20.909001350402832
    },
    "61": {
        "score": 10.933302879333496,
        "runtime": 20.61905002593994
    },
    "62": {
        "score": 11.051405906677246,
        "runtime": 21.168002605438232
    },
    "63": {
        "score": 11.051405906677246,
        "runtime": 20.543001174926758
    },
    "64": {
        "score": 11.051405906677246,
        "runtime": 21.05899930000305
    },
    "65": {
        "score": 11.051405906677246,
        "runtime": 20.012999057769775
    },
    "66": {
        "score": 11.051405906677246,
        "runtime": 20.88100028038025
    },
    "67": {
        "score": 11.051405906677246,
        "runtime": 20.192001819610596
    },
    "68": {
        "score": 11.051405906677246,
        "runtime": 20.909000158309937
    },
    "69": {
        "score": 11.051405906677246,
        "runtime": 20.512998580932617
    },
    "70": {
        "score": 11.051405906677246,
        "runtime": 20.407514572143555
    },
    "71": {
        "score": 11.051405906677246,
        "runtime": 20.55799961090088
    },
    "72": {
        "score": 11.051405906677246,
        "runtime": 20.85599946975708
    },
    "73": {
        "score": 11.051405906677246,
        "runtime": 20.563000917434692
    },
    "74": {
        "score": 11.051405906677246,
        "runtime": 20.765002489089966
    },
    "75": {
        "score": 10.933302879333496,
        "runtime": 20.740473747253418
    },
    "76": {
        "score": 11.051405906677246,
        "runtime": 21.08499789237976
    },
    "77": {
        "score": 11.051405906677246,
        "runtime": 20.523998975753784
    },
    "78": {
        "score": 11.051405906677246,
        "runtime": 20.48999834060669
    },
    "79": {
        "score": 11.051405906677246,
        "runtime": 20.513999462127686
    },
    "80": {
        "score": 11.051405906677246,
        "runtime": 21.214001417160034
    },
    "81": {
        "score": 11.051405906677246,
        "runtime": 20.797043561935425
    },
    "82": {
        "score": 10.933302879333496,
        "runtime": 20.769999980926514
    },
    "83": {
        "score": 10.933302879333496,
        "runtime": 20.631001472473145
    },
    "84": {
        "score": 11.051405906677246,
        "runtime": 20.58900237083435
    },
    "85": {
        "score": 11.051405906677246,