{
    "0": {
        "score": 11.196331024169922,
        "runtime": 20.12500286102295
    },
    "1": {
        "score": 11.196331024169922,
        "runtime": 20.467997550964355
    },
    "2": {
        "score": 11.041494369506836,
        "runtime": 20.230998516082764
    },
    "3": {
        "score": 11.041494369506836,
        "runtime": 21.319052934646606
    },
    "4": {
        "score": 11.041494369506836,
        "runtime": 20.254002332687378
    },
    "5": {
        "score": 11.196331024169922,
        "runtime": 21.029001474380493
    },
    "6": {
        "score": 11.196331024169922,
        "runtime": 20.524999380111694
    },
    "7": {
        "score": 11.196331024169922,
        "runtime": 21.081997632980347
    },
    "8": {
        "score": 11.196331024169922,
        "runtime": 20.252002000808716
    },
    "9": {
        "score": 11.041494369506836,
        "runtime": 21.086000204086304
    },
    "10": {
        "score": 11.041494369506836,
        "runtime": 20.518998622894287
    },
    "11": {
        "score": 11.041494369506836,
        "runtime": 20.744003295898438
    },
    "12": {
        "score": 11.196331024169922,
        "runtime": 20.51300287246704
    },
    "13": {
        "score": 11.041494369506836,
        "runtime": 20.383001804351807
    },
    "14": {
        "score": 11.196331024169922,
        "runtime": 20.425998210906982
    },
    "15": {
        "score": 11.041494369506836,
        "runtime": 21.110001802444458
    },
    "16": {
        "score": 11.196331024169922,
        "runtime": 20.513999938964844
    },
    "17": {
        "score": 11.196331024169922,
        "runtime": 20.44400191307068
    },
    "18": {
        "score": 11.041494369506836,
        "runtime": 20.437002182006836
    },
    "19": {
        "score": 11.196331024169922,
        "runtime": 20.086000442504883
    },
    "20": {
        "score": 11.196331024169922,
        "runtime": 20.45000123977661
    },
    "21": {
        "score": 11.196331024169922,
        "runtime": 20.5360004901886
    },
    "22": {
        "score": 11.041494369506836,
        "runtime": 20.12199902534485
    },
    "23": {
        "score": 11.196331024169922,
        "runtime": 20.656002283096313
    },
    "24": {
        "score": 11.196331024169922,
        "runtime": 20.327001094818115
    },
    "25": {
        "score": 11.041494369506836,
        "runtime": 20.632999420166016
    },
    "26": {
        "score": 11.196331024169922,
        "runtime": 20.231000185012817
    },
    "27": {
        "score": 11.041494369506836,
        "runtime": 20.74799871444702
    },
    "28": {
        "score": 11.041494369506836,
        "runtime": 21.09700083732605
    },
    "29": {
        "score": 11.041494369506836,
        "runtime": 20.618000030517578
    },
    "30": {
        "score": 11.196331024169922,
        "runtime": 21.004998445510864
    },
    "31": {
        "score": 11.041494369506836,
        "runtime": 20.422001600265503
    },
    "32": {
        "score": 11.196331024169922,
        "runtime": 21.263001441955566
    },
    "33": {
        "score": 11.041494369506836,
        "runtime": 20.70899987220764
    },
    "34": {
        "score": 11.196331024169922,
        "runtime": 20.877014875411987
    },
    "35": {
        "score": 11.196331024169922,
        "runtime": 20.555000066757202
    },
    "36": {
        "score": 11.041494369506836,
        "runtime": 20.479999542236328
    },
    "37": {
        "score": 11.041494369506836,
        "runtime": 20.582001209259033
    },
    "38": {
        "score": 11.196331024169922,
        "runtime": 20.840461492538452
    },
    "39": {
        "score": 11.041494369506836,
        "runtime": 20.84500002861023
    },
    "40": {
        "score": 11.041494369506836,
        "runtime": 20.637999057769775
    },
    "41": {
        "score": 11.196331024169922,
        "runtime": 20.507999897003174
    },
    "42": {
        "score": 11.196331024169922,
        "runtime": 20.9019992351532
    },
    "43": {
        "score": 11.041494369506836,
        "runtime": 20.383997917175293
    },
    "44": {
        "score": 11.196331024169922,
        "runtime": 21.170998096466064
    },
    "45": {
        "score": 11.041494369506836,
        "runtime": 20.634000062942505
    },
    "46": {
        "score": 11.196331024169922,
        "runtime": 20.76699995994568
    },
    "47": {
        "score": 11.041494369506836,
        "runtime": 20.43300151824951
    },
    "48": {
        "score": 11.041494369506836,
        "runtime": 21.22300148010254
    },
    "49": {
        "score": 11.041494369506836,
        "runtime": 20.4229998588562
    },
    "50": {
        "score": 11.196331024169922,
        "runtime": 20.137001037597656
    },
    "51": {
        "score": 11.196331024169922,
        "runtime": 20.615997791290283
    },
    "52": {
        "score": 11.196331024169922,
        "runtime": 20.71199870109558
    },
    "53": {
        "score": 11.196331024169922,
        "runtime": 20.798001527786255
    },
    "54": {
        "score": 11.041494369506836,
        "runtime": 20.60099768638611
    },
    "55": {
        "score": 11.041494369506836,
        "runtime": 21.390997886657715
    },
    "56": {
        "score": 11.041494369506836,
        "runtime": 20.458001136779785
    },
    "57": {
        "score": 11.196331024169922,
        "runtime": 21.48300051689148
    },
    "58": {
        "score": 11.041494369506836,
        "runtime": 20.521999835968018
    },
    "59": {
        "score": 11.196331024169922,
        "runtime": 20.334999561309814
    },
    "60": {
        "score": 11.196331024169922,
        "runtime": 20.68799877166748
    },
    "61": {
        "score": 11.196331024169922,
        "runtime": 20.547048807144165
    },
    "62": {
        "score": 11.041494369506836,
        "runtime": 20.895002365112305
    },
    "63": {
        "score": 11.041494369506836,
        "runtime": 20.590002059936523
    },
    "64": {
        "score": 11.196331024169922,
        "runtime": 20.536999225616455
    },
    "65": {
        "score": 11.196331024169922,
        "runtime": 21.588000774383545
    },
    "66": {
        "score": 11.041494369506836,
        "runtime": 20.362998723983765
    },
    "67": {
        "score": 11.196331024169922,
        "runtime": 20.29000210762024
    },
    "68": {
        "score": 11.196331024169922,
        "runtime": 20.802000284194946
    },
    "69": {
        "score": 11.041494369506836,
        "runtime": 20.72699761390686
    },
    "70": {
        "score": 11.041494369506836,
        "runtime": 20.430999279022217
    },
    "71": {
        "score": 11.196331024169922,
        "runtime": 21.10699987411499
    },
    "72": {
        "score": 11.196331024169922,
        "runtime": 20.60599946975708
    },
    "73": {
        "score": 11.196331024169922,
        "runtime": 20.43747568130493
    },
    "74": {
        "score": 11.041494369506836,
        "runtime": 20.588999032974243
    },
    "75": {
        "score": 11.196331024169922,
        "runtime": 20.774001836776733
    },
    "76": {
        "score": 11.196331024169922,
        "runtime": 20.768002033233643
    },
    "77": {
        "score": 11.196331024169922,
        "runtime": 21.01699948310852
    },
    "78": {
        "score": 11.041494369506836,
        "runtime": 20.6999990940094
    },
    "79": {
        "score": 11.196331024169922,
        "runtime": 20.460001230239868
    },
    "80": {
        "score": 11.041494369506836,
        "runtime": 21.023001670837402
    },
    "81": {
        "score": 11.041494369506836,
        "runtime": 20.651042938232422
    },
    "82": {
        "score": 11.041494369506836,
        "runtime": 20.456998825073242
    },
    "83": {
        "score": 11.041494369506836,
        "runtime": 20.390999794006348
    },
    "84": {
        "score": 11.041494369506836,
        "runtime": 21.150998830795288
    },
    "85": {
        "score": 11.196331024169922,