{
    "0": {
        "score": 3.6640625,
        "runtime": 0.14216828346252441
    },
    "1": {
        "score": 3.76171875,
        "runtime": 0.10949182510375977
    },
    "10": {
        "score": 3.791015625,
        "runtime": 0.015129566192626953
    },
    "11": {
        "score": 3.76953125,
        "runtime": 0.016547441482543945
    },
    "12": {
        "score": 4.078125,
        "runtime": 0.021077632904052734
    },
    "13": {
        "score": 3.7109375,
        "runtime": 0.017091989517211914
    },
    "14": {
        "score": 4.3828125,
        "runtime": 0.01751255989074707
    },
    "15": {
        "score": 4.0859375,
        "runtime": 0.021026134490966797
    },
    "16": {
        "score": 4.15625,
        "runtime": 0.01702284812927246
    },
    "17": {
        "score": 3.341796875,
        "runtime": 0.02202463150024414
    },
    "5": {
        "score": 3.86328125,
        "runtime": 0.0981302261352539
    },
    "3": {
        "score": 4.1484375,
        "runtime": 0.11114311218261719
    },
    "18": {
        "score": 3.703125,
        "runtime": 0.03665971755981445
    },
    "2": {
        "score": 3.779296875,
        "runtime": 0.11275649070739746
    },
    "19": {
        "score": 3.873046875,
        "runtime": 0.03866291046142578
    },
    "20": {
        "score": 3.876953125,
        "runtime": 0.03805994987487793
    },
    "21": {
        "score": 3.482421875,
        "runtime": 0.04755973815917969
    },
    "22": {
        "score": 3.859375,
        "runtime": 0.052567243576049805
    },
    "4": {
        "score": 3.294921875,
        "runtime": 0.1477067470550537
    },
    "23": {
        "score": 4.3203125,
        "runtime": 0.06159567832946777
    },
    "24": {
        "score": 3.990234375,
        "runtime": 0.0640859603881836
    },
    "6": {
        "score": 3.869140625,
        "runtime": 0.17371821403503418
    },
    "8": {
        "score": 4.12890625,
        "runtime": 0.1602170467376709
    },
    "25": {
        "score": 3.87109375,
        "runtime": 0.07359790802001953
    },
    "7": {
        "score": 3.951171875,
        "runtime": 0.1612250804901123
    },
    "9": {
        "score": 4.0078125,
        "runtime": 0.17270588874816895
    },
    "26": {
        "score": 4.33203125,
        "runtime": 0.07908058166503906
    },
    "27": {
        "score": 3.73046875,
        "runtime": 0.08210420608520508
    },
    "28": {
        "score": 3.30859375,
        "runtime": 0.08310532569885254
    },
    "29": {
        "score": 3.9375,
        "runtime": 0.08410453796386719
    },
    "30": {
        "score": 3.89453125,
        "runtime": 0.08008289337158203
    },
    "31": {
        "score": 3.208984375,
        "runtime": 0.07908821105957031
    },
    "32": {
        "score": 4.1328125,
        "runtime": 0.07557487487792969
    },
    "33": {
        "score": 4.21875,
        "runtime": 0.07908987998962402
    },
    "34": {
        "score": 4.3203125,
        "runtime": 0.07708120346069336
    },
    "35": {
        "score": 4.2578125,
        "runtime": 0.07508039474487305
    },
    "36": {
        "score": 4.01953125,
        "runtime": 0.07607388496398926
    },
    "38": {
        "score": 3.85546875,
        "runtime": 0.08109426498413086
    },
    "37": {
        "score": 3.71875,
        "runtime": 0.08109378814697266
    },
    "39": {
        "score": 4.43359375,
        "runtime": 0.08109378814697266
    },
    "41": {
        "score": 3.998046875,
        "runtime": 0.08207583427429199
    },
    "40": {
        "score": 3.9296875,
        "runtime": 0.08007168769836426
    },
    "42": {
        "score": 3.53515625,
        "runtime": 0.08208370208740234
    },
    "43": {
        "score": 3.28515625,
        "runtime": 0.08007931709289551
    },
    "44": {
        "score": 3.9140625,
        "runtime": 0.07808470726013184
    },
    "45": {
        "score": 3.712890625,
        "runtime": 0.0795753002166748
    },
    "46": {
        "score": 4.06640625,
        "runtime": 0.07608437538146973
    },
    "47": {
        "score": 3.7265625,
        "runtime": 0.08559846878051758
    },
    "48": {
        "score": 3.939453125,
        "runtime": 0.08159136772155762
    },
    "49": {
        "score": 3.89453125,
        "runtime": 0.08559441566467285
    },
    "50": {
        "score": 3.85546875,
        "runtime": 0.08357524871826172
    },
    "51": {
        "score": 3.685546875,
        "runtime": 0.0830695629119873
    },
    "52": {
        "score": 3.513671875,
        "runtime": 0.0805671215057373
    },
    "53": {
        "score": 4.1171875,
        "runtime": 0.08157157897949219
    },
    "54": {
        "score": 3.92578125,
        "runtime": 0.07758831977844238
    },
    "55": {
        "score": 3.6328125,
        "runtime": 0.07809305191040039
    },
    "56": {
        "score": 4.0390625,
        "runtime": 0.07959842681884766
    },
    "57": {
        "score": 3.7890625,
        "runtime": 0.08608102798461914
    },
    "58": {
        "score": 3.96484375,
        "runtime": 0.08708763122558594
    },
    "59": {
        "score": 3.880859375,
        "runtime": 0.08607721328735352
    },
    "60": {
        "score": 3.814453125,
        "runtime": 0.08358383178710938
    },
    "61": {
        "score": 3.1796875,
        "runtime": 0.08358216285705566
    },
    "62": {
        "score": 4.03515625,
        "runtime": 0.08108758926391602
    },
    "63": {
        "score": 4.1171875,
        "runtime": 0.08159160614013672
    },
    "64": {
        "score": 3.763671875,
        "runtime": 0.07658886909484863
    },
    "65": {
        "score": 3.998046875,
        "runtime": 0.07858037948608398
    },
    "66": {
        "score": 4.13671875,
        "runtime": 0.07858443260192871
    },
    "67": {
        "score": 3.818359375,
        "runtime": 0.0816037654876709
    },
    "68": {
        "score": 3.95703125,
        "runtime": 0.08133172988891602
    },
    "69": {
        "score": 3.650390625,
        "runtime": 0.08333086967468262
    },
    "70": {
        "score": 3.572265625,
        "runtime": 0.08133172988891602
    },
    "71": {
        "score": 3.65234375,
        "runtime": 0.08132529258728027
    },
    "72": {
        "score": 4.33203125,
        "runtime": 0.08281612396240234
    },
    "73": {
        "score": 3.78125,
        "runtime": 0.08280277252197266
    },
    "74": {
        "score": 3.951171875,
        "runtime": 0.0785822868347168
    },
    "75": {
        "score": 4.1953125,
        "runtime": 0.07713842391967773
    },
    "76": {
        "score": 3.4609375,
        "runtime": 0.07463455200195312
    },
    "77": {
        "score": 4.00390625,
        "runtime": 0.08060073852539062
    },
    "78": {
        "score": 4.171875,
        "runtime": 0.08160853385925293
    },
    "79": {
        "score": 3.833984375,
        "runtime": 0.08160781860351562
    },
    "81": {
        "score": 4.09375,
        "runtime": 0.07812380790710449
    },
    "80": {
        "score": 3.185546875,
        "runtime": 0.08012866973876953
    },
    "82": {
        "score": 3.779296875,
        "runtime": 0.07662200927734375
    },
    "84": {
        "score": 3.970703125,
        "runtime": 0.07761931419372559
    },
    "83": {
        "score": 3.4765625,
        "runtime": 0.07510614395141602
    },
    "85": {
        "score": 3.951171875,
        "runtime": 0.07209300994873047
    },
    "86": {
        "score": 4.203125,
        "runtime": 0.0765841007232666
    },
    "87": {
        "score": 4.09375,
        "runtime": 0.0810997486114502
    },
    "88": {
        "score": 4.1484375,
        "runtime": 0.07909369468688965
    },
    "89": {
        "score": 3.44140625,
        "runtime": 0.08408331871032715
    },
    "90": {
        "score": 4.03515625,
        "runtime": 0.0835886001586914
    },
    "91": {
        "score": 4.421875,
        "runtime": 0.08459210395812988
    },