{
    "0": {
        "score": 3.6640625,
        "runtime": 0.15415263175964355
    },
    "10": {
        "score": 3.791015625,
        "runtime": 0.01111602783203125
    },
    "11": {
        "score": 3.76953125,
        "runtime": 0.012508153915405273
    },
    "12": {
        "score": 4.078125,
        "runtime": 0.011037588119506836
    },
    "13": {
        "score": 3.7109375,
        "runtime": 0.01104879379272461
    },
    "14": {
        "score": 4.3828125,
        "runtime": 0.011510133743286133
    },
    "15": {
        "score": 4.0859375,
        "runtime": 0.01915740966796875
    },
    "16": {
        "score": 4.15625,
        "runtime": 0.013014078140258789
    },
    "2": {
        "score": 3.779296875,
        "runtime": 0.0827033519744873
    },
    "17": {
        "score": 3.341796875,
        "runtime": 0.02063584327697754
    },
    "1": {
        "score": 3.76171875,
        "runtime": 0.11437654495239258
    },
    "5": {
        "score": 3.861328125,
        "runtime": 0.11487460136413574
    },
    "4": {
        "score": 3.294921875,
        "runtime": 0.11687278747558594
    },
    "18": {
        "score": 3.703125,
        "runtime": 0.0376439094543457
    },
    "19": {
        "score": 3.873046875,
        "runtime": 0.04216289520263672
    },
    "20": {
        "score": 3.876953125,
        "runtime": 0.04105520248413086
    },
    "21": {
        "score": 3.482421875,
        "runtime": 0.04706001281738281
    },
    "22": {
        "score": 3.859375,
        "runtime": 0.05779695510864258
    },
    "23": {
        "score": 4.3203125,
        "runtime": 0.05580592155456543
    },
    "6": {
        "score": 3.869140625,
        "runtime": 0.16093206405639648
    },
    "3": {
        "score": 4.25,
        "runtime": 0.15442848205566406
    },
    "24": {
        "score": 3.98828125,
        "runtime": 0.07208609580993652
    },
    "7": {
        "score": 3.951171875,
        "runtime": 0.17494463920593262
    },
    "9": {
        "score": 4.0078125,
        "runtime": 0.15892601013183594
    },
    "25": {
        "score": 3.87109375,
        "runtime": 0.07809281349182129
    },
    "8": {
        "score": 4.12890625,
        "runtime": 0.166701078414917
    },
    "26": {
        "score": 4.33203125,
        "runtime": 0.07857322692871094
    },
    "27": {
        "score": 3.73046875,
        "runtime": 0.08008718490600586
    },
    "28": {
        "score": 3.30859375,
        "runtime": 0.0755777359008789
    },
    "29": {
        "score": 3.9375,
        "runtime": 0.07909226417541504
    },
    "30": {
        "score": 3.89453125,
        "runtime": 0.07608389854431152
    },
    "31": {
        "score": 3.208984375,
        "runtime": 0.08004021644592285
    },
    "32": {
        "score": 4.1328125,
        "runtime": 0.08004450798034668
    },
    "33": {
        "score": 4.22265625,
        "runtime": 0.07804107666015625
    },
    "34": {
        "score": 4.3203125,
        "runtime": 0.07904386520385742
    },
    "35": {
        "score": 4.2578125,
        "runtime": 0.07911205291748047
    },
    "36": {
        "score": 4.09375,
        "runtime": 0.07710027694702148
    },
    "37": {
        "score": 3.71875,
        "runtime": 0.07708406448364258
    },
    "38": {
        "score": 3.85546875,
        "runtime": 0.07757568359375
    },
    "39": {
        "score": 4.43359375,
        "runtime": 0.07809066772460938
    },
    "40": {
        "score": 3.9296875,
        "runtime": 0.08008885383605957
    },
    "41": {
        "score": 3.998046875,
        "runtime": 0.0751194953918457
    },
    "42": {
        "score": 3.53515625,
        "runtime": 0.0791323184967041
    },
    "43": {
        "score": 3.28515625,
        "runtime": 0.08014106750488281
    },
    "44": {
        "score": 3.95703125,
        "runtime": 0.08013463020324707
    },
    "45": {
        "score": 3.69921875,
        "runtime": 0.0821237564086914
    },
    "46": {
        "score": 4.06640625,
        "runtime": 0.08008408546447754
    },
    "48": {
        "score": 3.939453125,
        "runtime": 0.08108639717102051
    },
    "47": {
        "score": 3.7265625,
        "runtime": 0.08259034156799316
    },
    "49": {
        "score": 3.89453125,
        "runtime": 0.07708978652954102
    },
    "50": {
        "score": 3.85546875,
        "runtime": 0.0771036148071289
    },
    "51": {
        "score": 3.6796875,
        "runtime": 0.08160877227783203
    },
    "52": {
        "score": 3.513671875,
        "runtime": 0.08060526847839355
    },
    "53": {
        "score": 4.1171875,
        "runtime": 0.07710051536560059
    },
    "54": {
        "score": 3.92578125,
        "runtime": 0.07959461212158203
    },
    "55": {
        "score": 3.6328125,
        "runtime": 0.08208703994750977
    },
    "56": {
        "score": 4.0234375,
        "runtime": 0.07966470718383789
    },
    "58": {
        "score": 3.96484375,
        "runtime": 0.0806586742401123
    },
    "57": {
        "score": 3.7890625,
        "runtime": 0.08161377906799316
    },
    "59": {
        "score": 3.880859375,
        "runtime": 0.07808065414428711
    },
    "60": {
        "score": 3.814453125,
        "runtime": 0.07910490036010742
    },
    "61": {
        "score": 3.1796875,
        "runtime": 0.0816190242767334
    },
    "62": {
        "score": 4.03515625,
        "runtime": 0.07862067222595215
    },
    "63": {
        "score": 4.1171875,
        "runtime": 0.08162164688110352
    },
    "64": {
        "score": 3.763671875,
        "runtime": 0.08360123634338379
    },
    "65": {
        "score": 3.998046875,
        "runtime": 0.0791778564453125
    },
    "66": {
        "score": 3.759765625,
        "runtime": 0.08018970489501953
    },
    "67": {
        "score": 3.818359375,
        "runtime": 0.07961177825927734
    },
    "68": {
        "score": 3.95703125,
        "runtime": 0.08061766624450684
    },
    "69": {
        "score": 3.650390625,
        "runtime": 0.07959842681884766
    },
    "70": {
        "score": 3.572265625,
        "runtime": 0.0791006088256836
    },
    "71": {
        "score": 3.65234375,
        "runtime": 0.07908773422241211
    },
    "72": {
        "score": 4.33203125,
        "runtime": 0.07908821105957031
    },
    "73": {
        "score": 3.78125,
        "runtime": 0.07810091972351074
    },
    "74": {
        "score": 3.951171875,
        "runtime": 0.0800943374633789
    },
    "75": {
        "score": 4.1953125,
        "runtime": 0.07758402824401855
    },
    "76": {
        "score": 3.4609375,
        "runtime": 0.07558488845825195
    },
    "77": {
        "score": 4.015625,
        "runtime": 0.07320809364318848
    },
    "79": {
        "score": 3.880859375,
        "runtime": 0.07821512222290039
    },
    "78": {
        "score": 4.14453125,
        "runtime": 0.07821416854858398
    },
    "80": {
        "score": 3.185546875,
        "runtime": 0.07911181449890137
    },
    "81": {
        "score": 4.09375,
        "runtime": 0.07860112190246582
    },
    "82": {
        "score": 3.779296875,
        "runtime": 0.07860922813415527
    },
    "83": {
        "score": 3.4765625,
        "runtime": 0.07609367370605469
    },
    "85": {
        "score": 3.951171875,
        "runtime": 0.07458233833312988
    },
    "84": {
        "score": 3.970703125,
        "runtime": 0.07208585739135742
    },
    "86": {
        "score": 4.203125,
        "runtime": 0.0776052474975586
    },
    "89": {
        "score": 3.44140625,
        "runtime": 0.07860255241394043
    },
    "88": {
        "score": 4.1484375,
        "runtime": 0.07960224151611328
    },
    "87": {
        "score": 4.05078125,
        "runtime": 0.08211255073547363
    },
    "90": {
        "score": 4.03515625,
        "runtime": 0.08260822296142578
    },
    "92": {
        "score": 2.822265625,
        "runtime": 0.07760906219482422
    },
    "91": {
        "score": 4.421875,