{
    "0": {
        "score": 3.6640625,
        "runtime": 0.14920949935913086
    },
    "10": {
        "score": 3.779296875,
        "runtime": 0.015614032745361328
    },
    "1": {
        "score": 3.76171875,
        "runtime": 0.1084136962890625
    },
    "2": {
        "score": 3.779296875,
        "runtime": 0.10439682006835938
    },
    "11": {
        "score": 3.76953125,
        "runtime": 0.023145198822021484
    },
    "12": {
        "score": 4.078125,
        "runtime": 0.0250246524810791
    },
    "13": {
        "score": 3.7109375,
        "runtime": 0.0326387882232666
    },
    "3": {
        "score": 4.25,
        "runtime": 0.10726618766784668
    },
    "14": {
        "score": 4.3828125,
        "runtime": 0.03204607963562012
    },
    "15": {
        "score": 4.0859375,
        "runtime": 0.031531333923339844
    },
    "16": {
        "score": 4.15625,
        "runtime": 0.034546852111816406
    },
    "17": {
        "score": 3.341796875,
        "runtime": 0.03204488754272461
    },
    "18": {
        "score": 3.703125,
        "runtime": 0.03104424476623535
    },
    "19": {
        "score": 3.873046875,
        "runtime": 0.03603863716125488
    },
    "4": {
        "score": 3.294921875,
        "runtime": 0.12063717842102051
    },
    "20": {
        "score": 3.876953125,
        "runtime": 0.04406237602233887
    },
    "21": {
        "score": 3.482421875,
        "runtime": 0.04205679893493652
    },
    "22": {
        "score": 3.859375,
        "runtime": 0.043562889099121094
    },
    "23": {
        "score": 4.3203125,
        "runtime": 0.056555747985839844
    },
    "7": {
        "score": 3.951171875,
        "runtime": 0.15922164916992188
    },
    "8": {
        "score": 4.12890625,
        "runtime": 0.14969611167907715
    },
    "24": {
        "score": 3.98828125,
        "runtime": 0.06709456443786621
    },
    "9": {
        "score": 4.0078125,
        "runtime": 0.17171144485473633
    },
    "25": {
        "score": 3.87109375,
        "runtime": 0.07707500457763672
    },
    "26": {
        "score": 4.33203125,
        "runtime": 0.07708287239074707
    },
    "5": {
        "score": 3.861328125,
        "runtime": 0.18172144889831543
    },
    "27": {
        "score": 3.73046875,
        "runtime": 0.0810997486114502
    },
    "6": {
        "score": 3.869140625,
        "runtime": 0.17872095108032227
    },
    "28": {
        "score": 3.30859375,
        "runtime": 0.07863545417785645
    },
    "29": {
        "score": 3.9375,
        "runtime": 0.07908749580383301
    },
    "30": {
        "score": 3.89453125,
        "runtime": 0.08108401298522949
    },
    "31": {
        "score": 3.208984375,
        "runtime": 0.07808589935302734
    },
    "32": {
        "score": 4.15234375,
        "runtime": 0.08108186721801758
    },
    "33": {
        "score": 4.22265625,
        "runtime": 0.0830833911895752
    },
    "34": {
        "score": 4.3203125,
        "runtime": 0.0810849666595459
    },
    "35": {
        "score": 4.2578125,
        "runtime": 0.08141684532165527
    },
    "36": {
        "score": 4.09375,
        "runtime": 0.0804140567779541
    },
    "37": {
        "score": 3.71875,
        "runtime": 0.07741713523864746
    },
    "38": {
        "score": 3.85546875,
        "runtime": 0.07714343070983887
    },
    "39": {
        "score": 4.43359375,
        "runtime": 0.07972240447998047
    },
    "40": {
        "score": 3.9296875,
        "runtime": 0.07917165756225586
    },
    "41": {
        "score": 3.998046875,
        "runtime": 0.0781700611114502
    },
    "42": {
        "score": 3.53515625,
        "runtime": 0.07942700386047363
    },
    "43": {
        "score": 3.28515625,
        "runtime": 0.07684922218322754
    },
    "44": {
        "score": 3.9140625,
        "runtime": 0.07884955406188965
    },
    "45": {
        "score": 3.712890625,
        "runtime": 0.07685041427612305
    },
    "47": {
        "score": 3.7265625,
        "runtime": 0.07784485816955566
    },
    "46": {
        "score": 4.06640625,
        "runtime": 0.08007168769836426
    },
    "48": {
        "score": 3.939453125,
        "runtime": 0.08060598373413086
    },
    "49": {
        "score": 3.89453125,
        "runtime": 0.0765995979309082
    },
    "50": {
        "score": 3.85546875,
        "runtime": 0.08008146286010742
    },
    "51": {
        "score": 3.6796875,
        "runtime": 0.07857918739318848
    },
    "52": {
        "score": 3.513671875,
        "runtime": 0.08108329772949219
    },
    "53": {
        "score": 4.1171875,
        "runtime": 0.0780801773071289
    },
    "54": {
        "score": 3.92578125,
        "runtime": 0.08109259605407715
    },
    "55": {
        "score": 3.6328125,
        "runtime": 0.08008074760437012
    },
    "56": {
        "score": 4.0390625,
        "runtime": 0.08008265495300293
    },
    "57": {
        "score": 3.7890625,
        "runtime": 0.07808375358581543
    },
    "59": {
        "score": 3.880859375,
        "runtime": 0.07758426666259766
    },
    "58": {
        "score": 3.96484375,
        "runtime": 0.07909226417541504
    },
    "60": {
        "score": 3.814453125,
        "runtime": 0.07909345626831055
    },
    "61": {
        "score": 3.1796875,
        "runtime": 0.0780954360961914
    },
    "62": {
        "score": 4.03515625,
        "runtime": 0.07808303833007812
    },
    "64": {
        "score": 3.763671875,
        "runtime": 0.0780789852142334
    },
    "65": {
        "score": 3.998046875,
        "runtime": 0.07956957817077637
    },
    "63": {
        "score": 4.1171875,
        "runtime": 0.08056926727294922
    },
    "66": {
        "score": 4.13671875,
        "runtime": 0.08257126808166504
    },
    "67": {
        "score": 3.7265625,
        "runtime": 0.0805821418762207
    },
    "68": {
        "score": 3.95703125,
        "runtime": 0.07964968681335449
    },
    "69": {
        "score": 3.650390625,
        "runtime": 0.07814383506774902
    },
    "71": {
        "score": 3.65234375,
        "runtime": 0.0751349925994873
    },
    "70": {
        "score": 3.572265625,
        "runtime": 0.07564187049865723
    },
    "72": {
        "score": 4.33203125,
        "runtime": 0.07959318161010742
    },
    "74": {
        "score": 3.951171875,
        "runtime": 0.07859110832214355
    },
    "75": {
        "score": 4.1953125,
        "runtime": 0.08058857917785645
    },
    "76": {
        "score": 3.4609375,
        "runtime": 0.08309698104858398
    },
    "73": {
        "score": 3.78125,
        "runtime": 0.08359074592590332
    },
    "77": {
        "score": 4.00390625,
        "runtime": 0.08209085464477539
    },
    "78": {
        "score": 4.14453125,
        "runtime": 0.07614779472351074
    },
    "79": {
        "score": 3.880859375,
        "runtime": 0.0760805606842041
    },
    "80": {
        "score": 3.185546875,
        "runtime": 0.07808709144592285
    },
    "81": {
        "score": 4.09765625,
        "runtime": 0.07757687568664551
    },
    "82": {
        "score": 3.779296875,
        "runtime": 0.0818178653717041
    },
    "83": {
        "score": 3.44140625,
        "runtime": 0.08181309700012207
    },
    "85": {
        "score": 3.951171875,
        "runtime": 0.08159708976745605
    },
    "84": {
        "score": 3.970703125,
        "runtime": 0.08359789848327637
    },
    "86": {
        "score": 4.203125,
        "runtime": 0.08259057998657227
    },
    "87": {
        "score": 4.09375,
        "runtime": 0.07958507537841797
    },
    "88": {
        "score": 4.1484375,
        "runtime": 0.07510018348693848
    },
    "89": {
        "score": 3.44140625,
        "runtime": 0.07509803771972656
    },
    "91": {
        "score": 4.421875,
        "runtime": 0.0741117000579834
    },
    "90": {
        "score": 4.03515625,
        "runtime": 0.0751032829284668
    },
    "92": {
        "score": 2.822265625,