{
    "0": {
        "score": 3.6640625,
        "runtime": 0.08825874328613281
    },
    "1": {
        "score": 3.76171875,
        "runtime": 0.08765411376953125
    },
    "10": {
        "score": 3.779296875,
        "runtime": 0.016507863998413086
    },
    "11": {
        "score": 3.76953125,
        "runtime": 0.0161893367767334
    },
    "12": {
        "score": 4.078125,
        "runtime": 0.017009496688842773
    },
    "13": {
        "score": 3.7109375,
        "runtime": 0.016120195388793945
    },
    "14": {
        "score": 4.3828125,
        "runtime": 0.0200192928314209
    },
    "15": {
        "score": 4.0859375,
        "runtime": 0.024845361709594727
    },
    "2": {
        "score": 3.779296875,
        "runtime": 0.10379195213317871
    },
    "3": {
        "score": 4.25,
        "runtime": 0.1107180118560791
    },
    "16": {
        "score": 4.15625,
        "runtime": 0.03505420684814453
    },
    "4": {
        "score": 3.294921875,
        "runtime": 0.12122321128845215
    },
    "17": {
        "score": 3.341796875,
        "runtime": 0.0450441837310791
    },
    "18": {
        "score": 3.703125,
        "runtime": 0.04654526710510254
    },
    "5": {
        "score": 3.86328125,
        "runtime": 0.12662672996520996
    },
    "20": {
        "score": 3.876953125,
        "runtime": 0.05255770683288574
    },
    "19": {
        "score": 3.873046875,
        "runtime": 0.05155754089355469
    },
    "21": {
        "score": 3.482421875,
        "runtime": 0.06456279754638672
    },
    "7": {
        "score": 3.951171875,
        "runtime": 0.16216778755187988
    },
    "6": {
        "score": 3.869140625,
        "runtime": 0.1631641387939453
    },
    "9": {
        "score": 4.0078125,
        "runtime": 0.1621565818786621
    },
    "22": {
        "score": 3.859375,
        "runtime": 0.07555747032165527
    },
    "8": {
        "score": 4.12890625,
        "runtime": 0.16114544868469238
    },
    "23": {
        "score": 4.3203125,
        "runtime": 0.07506608963012695
    },
    "24": {
        "score": 3.98828125,
        "runtime": 0.07907390594482422
    },
    "25": {
        "score": 3.87109375,
        "runtime": 0.0775763988494873
    },
    "26": {
        "score": 4.33203125,
        "runtime": 0.07808160781860352
    },
    "27": {
        "score": 3.73046875,
        "runtime": 0.0796210765838623
    },
    "28": {
        "score": 3.30859375,
        "runtime": 0.08162331581115723
    },
    "29": {
        "score": 3.9375,
        "runtime": 0.08063864707946777
    },
    "30": {
        "score": 3.89453125,
        "runtime": 0.07863736152648926
    },
    "31": {
        "score": 3.208984375,
        "runtime": 0.08063936233520508
    },
    "32": {
        "score": 4.15234375,
        "runtime": 0.08063697814941406
    },
    "33": {
        "score": 4.22265625,
        "runtime": 0.07960200309753418
    },
    "34": {
        "score": 4.3203125,
        "runtime": 0.07959818840026855
    },
    "35": {
        "score": 4.2578125,
        "runtime": 0.07959461212158203
    },
    "36": {
        "score": 4.09375,
        "runtime": 0.07759475708007812
    },
    "37": {
        "score": 3.71875,
        "runtime": 0.08108043670654297
    },
    "38": {
        "score": 3.85546875,
        "runtime": 0.08108925819396973
    },
    "39": {
        "score": 4.43359375,
        "runtime": 0.08209228515625
    },
    "40": {
        "score": 3.9296875,
        "runtime": 0.08059120178222656
    },
    "41": {
        "score": 3.998046875,
        "runtime": 0.08309435844421387
    },
    "42": {
        "score": 3.53515625,
        "runtime": 0.07958602905273438
    },
    "43": {
        "score": 3.28515625,
        "runtime": 0.07708311080932617
    },
    "44": {
        "score": 3.9140625,
        "runtime": 0.07528233528137207
    },
    "46": {
        "score": 4.06640625,
        "runtime": 0.0753030776977539
    },
    "45": {
        "score": 3.69921875,
        "runtime": 0.07974767684936523
    },
    "47": {
        "score": 3.7265625,
        "runtime": 0.08010601997375488
    },
    "48": {
        "score": 3.939453125,
        "runtime": 0.08008313179016113
    },
    "49": {
        "score": 3.89453125,
        "runtime": 0.07868671417236328
    },
    "50": {
        "score": 3.85546875,
        "runtime": 0.07524490356445312
    },
    "52": {
        "score": 3.513671875,
        "runtime": 0.07424688339233398
    },
    "53": {
        "score": 4.1171875,
        "runtime": 0.0740668773651123
    },
    "51": {
        "score": 3.6796875,
        "runtime": 0.07917547225952148
    },
    "54": {
        "score": 3.92578125,
        "runtime": 0.0811769962310791
    },
    "55": {
        "score": 3.6328125,
        "runtime": 0.08114194869995117
    },
    "56": {
        "score": 4.0390625,
        "runtime": 0.08213233947753906
    },
    "57": {
        "score": 3.7890625,
        "runtime": 0.07861733436584473
    },
    "58": {
        "score": 3.96484375,
        "runtime": 0.08162236213684082
    },
    "59": {
        "score": 3.880859375,
        "runtime": 0.07761478424072266
    },
    "60": {
        "score": 3.814453125,
        "runtime": 0.08108353614807129
    },
    "61": {
        "score": 3.1796875,
        "runtime": 0.07810449600219727
    },
    "62": {
        "score": 4.03515625,
        "runtime": 0.07910656929016113
    },
    "63": {
        "score": 4.1171875,
        "runtime": 0.07910799980163574
    },
    "64": {
        "score": 3.763671875,
        "runtime": 0.08011293411254883
    },
    "65": {
        "score": 3.998046875,
        "runtime": 0.07607769966125488
    },
    "66": {
        "score": 4.13671875,
        "runtime": 0.08058547973632812
    },
    "67": {
        "score": 3.7265625,
        "runtime": 0.07958173751831055
    },
    "68": {
        "score": 3.95703125,
        "runtime": 0.07958149909973145
    },
    "69": {
        "score": 3.650390625,
        "runtime": 0.07789945602416992
    },
    "70": {
        "score": 3.572265625,
        "runtime": 0.08006429672241211
    },
    "71": {
        "score": 3.65234375,
        "runtime": 0.08006405830383301
    },
    "72": {
        "score": 4.33203125,
        "runtime": 0.07806062698364258
    },
    "73": {
        "score": 3.78125,
        "runtime": 0.07896113395690918
    },
    "74": {
        "score": 3.951171875,
        "runtime": 0.07946443557739258
    },
    "75": {
        "score": 4.1953125,
        "runtime": 0.08146405220031738
    },
    "76": {
        "score": 3.4609375,
        "runtime": 0.08023762702941895
    },
    "77": {
        "score": 4.015625,
        "runtime": 0.08138155937194824
    },
    "78": {
        "score": 4.14453125,
        "runtime": 0.08038568496704102
    },
    "79": {
        "score": 3.880859375,
        "runtime": 0.07587957382202148
    },
    "80": {
        "score": 3.185546875,
        "runtime": 0.07958483695983887
    },
    "81": {
        "score": 4.09765625,
        "runtime": 0.0735781192779541
    },
    "82": {
        "score": 3.779296875,
        "runtime": 0.0726938247680664
    },
    "83": {
        "score": 3.44140625,
        "runtime": 0.07320737838745117
    },
    "84": {
        "score": 3.970703125,
        "runtime": 0.07420468330383301
    },
    "86": {
        "score": 4.203125,
        "runtime": 0.07609748840332031
    },
    "85": {
        "score": 3.951171875,
        "runtime": 0.07558131217956543
    },
    "88": {
        "score": 4.1484375,
        "runtime": 0.0785832405090332
    },
    "87": {
        "score": 4.05078125,
        "runtime": 0.07958698272705078
    },
    "89": {
        "score": 3.44140625,
        "runtime": 0.07808399200439453
    },
    "90": {
        "score": 4.03515625,
        "runtime": 0.08198928833007812
    },
    "91": {
        "score": 4.421875,
        "runtime": 0.07298564910888672
    },
    "93": {
        "score": 4.05078125,