{
    "0": {
        "score": 11.192178726196289,
        "runtime": 0.3240010738372803
    },
    "1": {
        "score": 11.918338775634766,
        "runtime": 0.36299991607666016
    },
    "2": {
        "score": 10.687933921813965,
        "runtime": 0.2930006980895996
    },
    "average": {
        "score": 11.26615047454834,
        "runtime": 0.32666722933451336
    },
    "std": {
        "score": 0.25505192716142727,
        "runtime": 0.0008202026123677164
    }
}