{
    "0": {
        "score": 5.523465156555176,
        "runtime": 11.066953659057617
    },
    "1": {
        "score": 5.655172348022461,
        "runtime": 11.182661533355713
    },
    "2": {
        "score": 6.058552265167236,
        "runtime": 11.07395601272583
    },
    "3": {
        "score": 5.985764503479004,
        "runtime": 10.907729625701904
    },
    "4": {
        "score": 5.68243932723999,
        "runtime": 11.109251499176025
    },
    "5": {
        "score": 5.793453693389893,
        "runtime": 11.18495774269104
    },
    "6": {
        "score": 6.109498500823975,
        "runtime": 10.965489625930786
    },
    "7": {
        "score": 6.123744010925293,
        "runtime": 11.027426481246948
    },
    "8": {
        "score": 5.77313756942749,
        "runtime": 11.114926815032959
    },
    "9": {
        "score": 6.159862041473389,
        "runtime": 11.222942113876343
    },
    "10": {
        "score": 5.496968746185303,
        "runtime": 10.967688798904419
    },
    "11": {
        "score": 5.022557258605957,
        "runtime": 10.703952074050903
    },
    "12": {
        "score": 5.762325763702393,
        "runtime": 11.047456979751587
    },
    "13": {
        "score": 5.811530113220215,
        "runtime": 10.988000631332397
    },
    "14": {
        "score": 5.978792667388916,
        "runtime": 11.037180423736572
    },
    "15": {
        "score": 5.984177589416504,
        "runtime": 10.984469413757324
    },
    "16": {
        "score": 5.691957473754883,
        "runtime": 10.941946506500244
    },
    "17": {
        "score": 5.436596870422363,
        "runtime": 11.110978126525879
    },
    "18": {
        "score": 5.702567100524902,
        "runtime": 10.912972450256348
    },
    "19": {
        "score": 5.5986127853393555,
        "runtime": 11.086973190307617
    },
    "20": {
        "score": 5.481886386871338,
        "runtime": 11.022454738616943
    },
    "21": {
        "score": 5.928883075714111,
        "runtime": 10.784970998764038
    },
    "22": {
        "score": 5.810672283172607,
        "runtime": 10.949440479278564
    },
    "23": {
        "score": 5.74131441116333,
        "runtime": 10.933424472808838
    },
    "24": {
        "score": 5.5367584228515625,
        "runtime": 11.113428831100464
    },
    "25": {
        "score": 6.078736782073975,
        "runtime": 10.906885385513306
    },
    "26": {
        "score": 5.702732086181641,
        "runtime": 11.108950138092041
    },
    "27": {
        "score": 5.7602667808532715,
        "runtime": 11.047937870025635
    },
    "28": {
        "score": 5.554066181182861,
        "runtime": 10.899943351745605
    },
    "29": {
        "score": 5.986860752105713,
        "runtime": 11.205687046051025
    },
    "30": {
        "score": 5.927738189697266,
        "runtime": 10.958948612213135
    },
    "31": {
        "score": 5.700196743011475,
        "runtime": 10.929927110671997
    },
    "32": {
        "score": 5.880220413208008,
        "runtime": 10.67717432975769
    },
    "33": {
        "score": 5.603375434875488,
        "runtime": 10.964423418045044
    },
    "34": {
        "score": 5.582425594329834,
        "runtime": 10.74141001701355
    },
    "35": {
        "score": 5.756474018096924,
        "runtime": 10.719907760620117
    },
    "36": {
        "score": 5.67930793762207,
        "runtime": 11.008511066436768
    },
    "37": {
        "score": 6.282675743103027,
        "runtime": 10.779963731765747
    },
    "38": {
        "score": 5.593270301818848,
        "runtime": 10.8659188747406
    },
    "39": {
        "score": 5.9644622802734375,
        "runtime": 10.976942539215088
    },
    "40": {
        "score": 5.592285633087158,
        "runtime": 10.963954210281372
    },
    "41": {
        "score": 5.647577285766602,
        "runtime": 11.033660888671875
    },
    "42": {
        "score": 5.5833916664123535,
        "runtime": 10.883928537368774
    },
    "43": {
        "score": 6.498334884643555,
        "runtime": 10.984726667404175
    },
    "44": {
        "score": 5.819746017456055,
        "runtime": 11.072955846786499
    },
    "45": {
        "score": 5.694436550140381,
        "runtime": 10.787966012954712
    },
    "46": {
        "score": 5.913656234741211,
        "runtime": 11.110656023025513
    },
    "47": {
        "score": 5.774568557739258,
        "runtime": 10.775444030761719
    },
    "48": {
        "score": 5.705191135406494,
        "runtime": 11.054454803466797
    },
    "49": {
        "score": 6.098356246948242,
        "runtime": 11.026477813720703
    },
    "50": {
        "score": 5.957061767578125,
        "runtime": 11.103384733200073
    },
    "51": {
        "score": 5.9294586181640625,
        "runtime": 11.024975776672363
    },
    "52": {
        "score": 6.783914089202881,
        "runtime": 11.125954627990723
    },
    "53": {
        "score": 5.338409900665283,
        "runtime": 10.79499340057373
    },
    "54": {
        "score": 5.608850955963135,
        "runtime": 11.036218166351318
    },
    "55": {
        "score": 5.923710346221924,
        "runtime": 10.809948921203613
    },
    "56": {
        "score": 5.917906761169434,
        "runtime": 10.926949739456177
    },
    "57": {
        "score": 5.6306633949279785,
        "runtime": 10.947447299957275
    },
    "58": {
        "score": 5.609401702880859,
        "runtime": 11.433958768844604
    },
    "59": {
        "score": 5.737766265869141,
        "runtime": 10.977697372436523
    },
    "60": {
        "score": 6.329305648803711,
        "runtime": 10.837490797042847
    },
    "61": {
        "score": 5.619411468505859,
        "runtime": 10.923648357391357
    },
    "62": {
        "score": 5.885218143463135,
        "runtime": 10.978679895401001
    },
    "63": {
        "score": 5.654921054840088,
        "runtime": 10.997473001480103
    },
    "64": {
        "score": 5.666962146759033,
        "runtime": 10.884932518005371
    },
    "65": {
        "score": 5.777326583862305,
        "runtime": 11.156937837600708
    },
    "66": {
        "score": 5.484908580780029,
        "runtime": 10.948452711105347
    },
    "67": {
        "score": 5.378158092498779,
        "runtime": 10.797480821609497
    },
    "68": {
        "score": 5.775045871734619,
        "runtime": 11.027945041656494
    },
    "69": {
        "score": 5.3585333824157715,
        "runtime": 11.005010843276978
    },
    "70": {
        "score": 5.82749080657959,
        "runtime": 10.887426376342773
    },
    "71": {
        "score": 5.362242221832275,
        "runtime": 10.931002140045166
    },
    "72": {
        "score": 5.911802291870117,
        "runtime": 10.871913433074951
    },
    "73": {
        "score": 5.637478351593018,
        "runtime": 11.042413473129272
    },
    "74": {
        "score": 5.64672327041626,
        "runtime": 11.021421432495117
    },
    "75": {
        "score": 5.748836040496826,
        "runtime": 10.998194932937622
    },
    "76": {
        "score": 6.024382591247559,
        "runtime": 10.994619846343994
    },
    "77": {
        "score": 5.809736728668213,
        "runtime": 10.855668067932129
    },
    "78": {
        "score": 5.766826629638672,
        "runtime": 10.952495813369751
    },
    "79": {
        "score": 5.442677974700928,
        "runtime": 10.837440013885498
    },
    "80": {
        "score": 5.834817886352539,
        "runtime": 10.884419202804565
    },
    "81": {
        "score": 5.329582214355469,
        "runtime": 10.835226058959961
    },
    "82": {
        "score": 5.511092185974121,
        "runtime": 10.974392890930176
    },
    "83": {
        "score": 6.335268497467041,
        "runtime": 11.121000051498413
    },
    "84": {
        "score": 5.761529922485352,
        "runtime": 11.090939044952393
    },
    "85": {
        "score": 5.838528156280518,
        "runtime": 11.061950922012329
    },