{
    "0": {
        "score": 15.623661994934082,
        "runtime": 178.8538122177124
    },
    "1": {
        "score": 15.623661994934082,
        "runtime": 178.77253007888794
    },
    "2": {
        "score": 15.623661994934082,
        "runtime": 181.33038353919983
    },
    "3": {
        "score": 15.623661994934082,
        "runtime": 181.0035228729248
    },
    "4": {
        "score": 15.623661994934082,
        "runtime": 178.52741479873657
    },
    "5": {
        "score": 15.623661994934082,
        "runtime": 179.13320517539978
    },
    "6": {
        "score": 15.860710144042969,
        "runtime": 178.66458463668823
    },
    "7": {
        "score": 15.594987869262695,
        "runtime": 179.0015094280243
    },
    "8": {
        "score": 15.623661994934082,
        "runtime": 178.21344757080078
    },
    "9": {
        "score": 15.623661994934082,
        "runtime": 177.7610023021698
    },
    "10": {
        "score": 15.622869491577148,
        "runtime": 180.47270011901855
    },
    "11": {
        "score": 15.801248550415039,
        "runtime": 178.51804065704346
    },
    "12": {
        "score": 15.623661994934082,
        "runtime": 178.7734944820404
    },
    "13": {
        "score": 15.623661994934082,
        "runtime": 179.62746596336365
    },
    "14": {
        "score": 15.623661994934082,
        "runtime": 178.3460009098053
    },
    "15": {
        "score": 15.623661994934082,
        "runtime": 178.9109992980957
    },
    "16": {
        "score": 15.623661994934082,
        "runtime": 180.22704076766968
    },
    "17": {
        "score": 15.623661994934082,
        "runtime": 178.98700308799744
    },
    "18": {
        "score": 15.594987869262695,
        "runtime": 177.1722493171692
    },
    "19": {
        "score": 15.623661994934082,
        "runtime": 179.12700080871582
    },
    "20": {
        "score": 15.623661994934082,
        "runtime": 179.17216873168945
    },
    "21": {
        "score": 15.623661994934082,
        "runtime": 179.10800051689148
    },
    "22": {
        "score": 15.623661994934082,
        "runtime": 179.66547465324402
    },
    "23": {
        "score": 15.623661994934082,
        "runtime": 178.7589991092682
    },
    "24": {
        "score": 15.623661994934082,
        "runtime": 178.87007212638855
    },
    "25": {
        "score": 15.623661994934082,
        "runtime": 178.1769983768463
    },
    "26": {
        "score": 15.623661994934082,
        "runtime": 177.80399823188782
    },
    "27": {
        "score": 15.623661994934082,
        "runtime": 180.682475566864
    },
    "28": {
        "score": 15.594987869262695,
        "runtime": 176.65651679039001
    },
    "29": {
        "score": 15.623661994934082,
        "runtime": 178.5579993724823
    },
    "30": {
        "score": 15.623661994934082,
        "runtime": 178.6970386505127
    },
    "31": {
        "score": 15.623661994934082,
        "runtime": 177.92463564872742
    },
    "32": {
        "score": 15.594987869262695,
        "runtime": 179.73800110816956
    },
    "33": {
        "score": 15.623661994934082,
        "runtime": 179.65370392799377
    },
    "34": {
        "score": 15.623661994934082,
        "runtime": 178.9341118335724
    },
    "35": {
        "score": 15.623661994934082,
        "runtime": 177.85600233078003
    },
    "36": {
        "score": 15.623661994934082,
        "runtime": 180.36200380325317
    },
    "37": {
        "score": 15.623661994934082,
        "runtime": 176.8716378211975
    },
    "38": {
        "score": 15.678787231445312,
        "runtime": 177.46156215667725
    },
    "39": {
        "score": 15.623661994934082,
        "runtime": 175.78999996185303
    },
    "40": {
        "score": 15.623661994934082,
        "runtime": 177.77846908569336
    },
    "41": {
        "score": 15.824724197387695,
        "runtime": 177.2450020313263
    },
    "42": {
        "score": 15.767868995666504,
        "runtime": 179.44600129127502
    },
    "43": {
        "score": 15.623661994934082,
        "runtime": 180.2164442539215
    },
    "44": {
        "score": 15.623661994934082,
        "runtime": 182.84035992622375
    },
    "45": {
        "score": 15.623661994934082,
        "runtime": 180.00499939918518
    },
    "46": {
        "score": 15.623661994934082,
        "runtime": 178.62404108047485
    },
    "47": {
        "score": 15.623661994934082,
        "runtime": 179.22300124168396
    },
    "48": {
        "score": 15.623661994934082,
        "runtime": 180.83946681022644
    },
    "49": {
        "score": 15.981687545776367,
        "runtime": 178.83899927139282
    },
    "50": {
        "score": 15.592145919799805,
        "runtime": 180.74247241020203
    },
    "51": {
        "score": 15.623661994934082,
        "runtime": 180.11800003051758
    },
    "52": {
        "score": 15.623661994934082,
        "runtime": 181.18099761009216
    },
    "53": {
        "score": 15.592145919799805,
        "runtime": 182.93800258636475
    },
    "54": {
        "score": 15.981687545776367,
        "runtime": 174.07600116729736
    },
    "55": {
        "score": 15.623661994934082,
        "runtime": 172.15548586845398
    },
    "56": {
        "score": 15.800246238708496,
        "runtime": 171.4610013961792
    },
    "57": {
        "score": 15.592145919799805,
        "runtime": 173.55100202560425
    },
    "58": {
        "score": 15.623661994934082,
        "runtime": 174.7811245918274
    },
    "59": {
        "score": 15.623661994934082,
        "runtime": 175.0110023021698
    },
    "60": {
        "score": 15.623661994934082,
        "runtime": 174.28800177574158
    },
    "61": {
        "score": 15.623661994934082,
        "runtime": 173.1120309829712
    },
    "62": {
        "score": 15.931431770324707,
        "runtime": 176.18299841880798
    },
    "63": {
        "score": 15.623661994934082,
        "runtime": 174.3379979133606
    },
    "64": {
        "score": 15.623661994934082,
        "runtime": 205.6068980693817
    },
    "65": {
        "score": 15.623661994934082,
        "runtime": 174.1783003807068
    },
    "66": {
        "score": 15.623661994934082,
        "runtime": 172.72100019454956
    },
    "67": {
        "score": 15.592145919799805,
        "runtime": 175.1634554862976
    },
    "68": {
        "score": 15.623661994934082,
        "runtime": 173.878027677536
    },
    "69": {
        "score": 15.623661994934082,
        "runtime": 172.76546359062195
    },
    "70": {
        "score": 15.623661994934082,
        "runtime": 173.56100225448608
    },
    "71": {
        "score": 15.623661994934082,
        "runtime": 173.8610417842865
    },
    "72": {
        "score": 15.623661994934082,
        "runtime": 175.3810031414032
    },
    "73": {
        "score": 15.983499526977539,
        "runtime": 175.0700545310974
    },
    "74": {
        "score": 15.74968433380127,
        "runtime": 174.41079998016357
    },
    "75": {
        "score": 15.623661994934082,
        "runtime": 175.60704159736633
    },
    "76": {
        "score": 15.623661994934082,
        "runtime": 176.6280448436737
    },
    "77": {
        "score": 15.623661994934082,
        "runtime": 175.83254718780518
    },
    "78": {
        "score": 15.623661994934082,
        "runtime": 173.29406547546387
    },
    "79": {
        "score": 15.623661994934082,
        "runtime": 175.45452284812927
    },
    "80": {
        "score": 15.623661994934082,
        "runtime": 174.05910730361938
    },
    "81": {
        "score": 15.623661994934082,
        "runtime": 207.30451679229736
    },
    "82": {
        "score": 15.623661994934082,
        "runtime": 174.33170127868652
    },
    "83": {
        "score": 15.623661994934082,
        "runtime": 174.38573837280273
    },
    "84": {
        "score": 15.623661994934082,
        "runtime": 174.48999166488647
    },
    "85": {
        "score": 15.594987869262695,