{
    "0": {
        "score": 16.168601989746094,
        "runtime": 178.72280979156494
    },
    "1": {
        "score": 15.668853759765625,
        "runtime": 178.9775288105011
    },
    "2": {
        "score": 15.818000793457031,
        "runtime": 180.60638666152954
    },
    "3": {
        "score": 15.712003707885742,
        "runtime": 179.34152555465698
    },
    "4": {
        "score": 15.835332870483398,
        "runtime": 182.25841546058655
    },
    "5": {
        "score": 15.712003707885742,
        "runtime": 179.06618094444275
    },
    "6": {
        "score": 15.712003707885742,
        "runtime": 177.30858540534973
    },
    "7": {
        "score": 15.818000793457031,
        "runtime": 178.99850988388062
    },
    "8": {
        "score": 15.668853759765625,
        "runtime": 179.53744411468506
    },
    "9": {
        "score": 16.186309814453125,
        "runtime": 178.7320020198822
    },
    "10": {
        "score": 15.860828399658203,
        "runtime": 178.9986982345581
    },
    "11": {
        "score": 15.668853759765625,
        "runtime": 176.99103903770447
    },
    "12": {
        "score": 15.849711418151855,
        "runtime": 179.40249490737915
    },
    "13": {
        "score": 16.4560546875,
        "runtime": 177.21900010108948
    },
    "14": {
        "score": 16.358478546142578,
        "runtime": 179.76149797439575
    },
    "15": {
        "score": 16.004255294799805,
        "runtime": 181.71099758148193
    },
    "16": {
        "score": 15.938605308532715,
        "runtime": 178.2560396194458
    },
    "17": {
        "score": 15.712003707885742,
        "runtime": 179.71099877357483
    },
    "18": {
        "score": 15.887073516845703,
        "runtime": 180.0692481994629
    },
    "19": {
        "score": 15.668853759765625,
        "runtime": 180.7970004081726
    },
    "20": {
        "score": 15.818000793457031,
        "runtime": 179.94916605949402
    },
    "21": {
        "score": 16.146207809448242,
        "runtime": 178.71899795532227
    },
    "22": {
        "score": 15.712003707885742,
        "runtime": 175.94447231292725
    },
    "23": {
        "score": 15.686508178710938,
        "runtime": 175.59999990463257
    },
    "24": {
        "score": 15.712003707885742,
        "runtime": 175.47699880599976
    },
    "25": {
        "score": 15.700885772705078,
        "runtime": 178.49001574516296
    },
    "26": {
        "score": 15.668853759765625,
        "runtime": 179.24099898338318
    },
    "27": {
        "score": 15.906572341918945,
        "runtime": 179.25600051879883
    },
    "28": {
        "score": 15.860828399658203,
        "runtime": 178.99199271202087
    },
    "29": {
        "score": 15.668853759765625,
        "runtime": 179.2294955253601
    },
    "30": {
        "score": 16.107221603393555,
        "runtime": 179.00801706314087
    },
    "31": {
        "score": 15.860828399658203,
        "runtime": 178.91101360321045
    },
    "32": {
        "score": 15.806562423706055,
        "runtime": 180.42703938484192
    },
    "33": {
        "score": 16.064672470092773,
        "runtime": 179.08500385284424
    },
    "34": {
        "score": 16.1994571685791,
        "runtime": 180.852112531662
    },
    "35": {
        "score": 15.806562423706055,
        "runtime": 178.3310010433197
    },
    "36": {
        "score": 15.860828399658203,
        "runtime": 179.47800064086914
    },
    "37": {
        "score": 15.712003707885742,
        "runtime": 178.03248763084412
    },
    "38": {
        "score": 16.020217895507812,
        "runtime": 179.01551747322083
    },
    "39": {
        "score": 15.817678451538086,
        "runtime": 179.32599902153015
    },
    "40": {
        "score": 15.860828399658203,
        "runtime": 180.18047094345093
    },
    "41": {
        "score": 15.712003707885742,
        "runtime": 179.38699865341187
    },
    "42": {
        "score": 16.31126594543457,
        "runtime": 178.24099946022034
    },
    "43": {
        "score": 15.668853759765625,
        "runtime": 179.9014778137207
    },
    "44": {
        "score": 15.971360206604004,
        "runtime": 180.65336203575134
    },
    "45": {
        "score": 15.93154239654541,
        "runtime": 182.27599787712097
    },
    "46": {
        "score": 15.720417022705078,
        "runtime": 179.56104278564453
    },
    "47": {
        "score": 15.668853759765625,
        "runtime": 179.828999042511
    },
    "48": {
        "score": 15.668853759765625,
        "runtime": 181.2074682712555
    },
    "49": {
        "score": 15.668853759765625,
        "runtime": 180.443998336792
    },
    "50": {
        "score": 16.12545394897461,
        "runtime": 178.96647310256958
    },
    "51": {
        "score": 15.712003707885742,
        "runtime": 179.58799982070923
    },
    "52": {
        "score": 15.700885772705078,
        "runtime": 178.3719983100891
    },
    "53": {
        "score": 16.242570877075195,
        "runtime": 183.09899830818176
    },
    "54": {
        "score": 15.712003707885742,
        "runtime": 174.86300039291382
    },
    "55": {
        "score": 15.712003707885742,
        "runtime": 174.05548763275146
    },
    "56": {
        "score": 16.186309814453125,
        "runtime": 173.4800000190735
    },
    "57": {
        "score": 16.44040298461914,
        "runtime": 171.78900027275085
    },
    "58": {
        "score": 15.860828399658203,
        "runtime": 170.91699886322021
    },
    "59": {
        "score": 15.712003707885742,
        "runtime": 172.28447008132935
    },
    "60": {
        "score": 15.862235069274902,
        "runtime": 173.9110016822815
    },
    "61": {
        "score": 15.668853759765625,
        "runtime": 170.56048130989075
    },
    "62": {
        "score": 16.157001495361328,
        "runtime": 174.74299931526184
    },
    "63": {
        "score": 15.817678451538086,
        "runtime": 171.2453761100769
    },
    "64": {
        "score": 15.985628128051758,
        "runtime": 205.7773187160492
    },
    "65": {
        "score": 16.014509201049805,
        "runtime": 173.69700074195862
    },
    "66": {
        "score": 15.860828399658203,
        "runtime": 173.74301099777222
    },
    "67": {
        "score": 15.849711418151855,
        "runtime": 177.67949175834656
    },
    "68": {
        "score": 15.712003707885742,
        "runtime": 175.20802807807922
    },
    "69": {
        "score": 15.989320755004883,
        "runtime": 174.95246267318726
    },
    "70": {
        "score": 15.774850845336914,
        "runtime": 176.43100023269653
    },
    "71": {
        "score": 15.817678451538086,
        "runtime": 174.99704217910767
    },
    "72": {
        "score": 15.8904390335083,
        "runtime": 176.09000277519226
    },
    "73": {
        "score": 15.712003707885742,
        "runtime": 173.7740535736084
    },
    "74": {
        "score": 16.119441986083984,
        "runtime": 175.4647994041443
    },
    "75": {
        "score": 15.860828399658203,
        "runtime": 175.70404267311096
    },
    "76": {
        "score": 15.712003707885742,
        "runtime": 176.8570432662964
    },
    "77": {
        "score": 15.668853759765625,
        "runtime": 174.19852018356323
    },
    "78": {
        "score": 15.668853759765625,
        "runtime": 175.0160677433014
    },
    "79": {
        "score": 15.817678451538086,
        "runtime": 175.95554947853088
    },
    "80": {
        "score": 15.668853759765625,
        "runtime": 174.36411023139954
    },
    "81": {
        "score": 15.817678451538086,
        "runtime": 208.1487522125244
    },
    "82": {
        "score": 16.578439712524414,
        "runtime": 172.1872878074646
    },
    "83": {
        "score": 15.668853759765625,
        "runtime": 171.21257543563843
    },
    "84": {
        "score": 15.78106689453125,
        "runtime": 177.4401412010193
    },
    "85": {
        "score": 15.992639541625977,