{
    "0": {
        "score": 16.224090576171875,
        "runtime": 180.64980959892273
    },
    "1": {
        "score": 15.922165870666504,
        "runtime": 179.38152861595154
    },
    "2": {
        "score": 16.007368087768555,
        "runtime": 181.71838426589966
    },
    "3": {
        "score": 15.822381019592285,
        "runtime": 181.29371666908264
    },
    "4": {
        "score": 15.786185264587402,
        "runtime": 180.72633123397827
    },
    "5": {
        "score": 15.849508285522461,
        "runtime": 180.49920749664307
    },
    "6": {
        "score": 15.786977767944336,
        "runtime": 179.8430995941162
    },
    "7": {
        "score": 15.90766429901123,
        "runtime": 181.05350852012634
    },
    "8": {
        "score": 16.02042579650879,
        "runtime": 178.2104456424713
    },
    "9": {
        "score": 16.096765518188477,
        "runtime": 178.066002368927
    },
    "10": {
        "score": 16.064167022705078,
        "runtime": 177.38770151138306
    },
    "11": {
        "score": 16.02042579650879,
        "runtime": 178.9430446624756
    },
    "12": {
        "score": 15.839017868041992,
        "runtime": 177.06747722625732
    },
    "13": {
        "score": 15.849508285522461,
        "runtime": 179.51146745681763
    },
    "14": {
        "score": 16.01963233947754,
        "runtime": 177.05747532844543
    },
    "15": {
        "score": 15.90766429901123,
        "runtime": 180.08800220489502
    },
    "16": {
        "score": 16.163217544555664,
        "runtime": 178.90756011009216
    },
    "17": {
        "score": 15.850300788879395,
        "runtime": 179.02699995040894
    },
    "18": {
        "score": 15.786185264587402,
        "runtime": 177.73624467849731
    },
    "19": {
        "score": 15.90834903717041,
        "runtime": 180.0299985408783
    },
    "20": {
        "score": 15.944868087768555,
        "runtime": 177.3641641139984
    },
    "21": {
        "score": 15.786977767944336,
        "runtime": 181.1239993572235
    },
    "22": {
        "score": 15.845704078674316,
        "runtime": 179.76847457885742
    },
    "23": {
        "score": 15.850807189941406,
        "runtime": 178.83499908447266
    },
    "24": {
        "score": 15.786977767944336,
        "runtime": 179.50107502937317
    },
    "25": {
        "score": 15.786185264587402,
        "runtime": 179.57700037956238
    },
    "26": {
        "score": 15.90766429901123,
        "runtime": 180.36389064788818
    },
    "27": {
        "score": 15.786977767944336,
        "runtime": 180.6424753665924
    },
    "28": {
        "score": 16.027915954589844,
        "runtime": 179.25704407691956
    },
    "29": {
        "score": 16.02870750427246,
        "runtime": 178.08699870109558
    },
    "30": {
        "score": 15.786977767944336,
        "runtime": 178.6940414905548
    },
    "31": {
        "score": 15.786977767944336,
        "runtime": 178.56762051582336
    },
    "32": {
        "score": 15.909141540527344,
        "runtime": 179.3421220779419
    },
    "33": {
        "score": 15.960470199584961,
        "runtime": 177.60270524024963
    },
    "34": {
        "score": 15.786977767944336,
        "runtime": 178.93811058998108
    },
    "35": {
        "score": 15.786977767944336,
        "runtime": 180.26599955558777
    },
    "36": {
        "score": 16.021059036254883,
        "runtime": 181.8540003299713
    },
    "37": {
        "score": 15.909141540527344,
        "runtime": 178.29663562774658
    },
    "38": {
        "score": 15.908456802368164,
        "runtime": 180.31004691123962
    },
    "39": {
        "score": 16.815717697143555,
        "runtime": 179.5379993915558
    },
    "40": {
        "score": 15.733634948730469,
        "runtime": 178.31800198554993
    },
    "41": {
        "score": 15.875936508178711,
        "runtime": 179.8150019645691
    },
    "42": {
        "score": 15.757586479187012,
        "runtime": 181.2240023612976
    },
    "43": {
        "score": 15.786977767944336,
        "runtime": 178.89344668388367
    },
    "44": {
        "score": 15.786185264587402,
        "runtime": 178.37346577644348
    },
    "45": {
        "score": 15.850300788879395,
        "runtime": 180.4154736995697
    },
    "46": {
        "score": 15.944868087768555,
        "runtime": 177.3529987335205
    },
    "47": {
        "score": 15.786977767944336,
        "runtime": 179.11500120162964
    },
    "48": {
        "score": 15.849508285522461,
        "runtime": 180.41399955749512
    },
    "49": {
        "score": 15.85159969329834,
        "runtime": 177.95800113677979
    },
    "50": {
        "score": 15.849508285522461,
        "runtime": 179.85547280311584
    },
    "51": {
        "score": 15.831979751586914,
        "runtime": 178.23500108718872
    },
    "52": {
        "score": 15.944868087768555,
        "runtime": 179.35700154304504
    },
    "53": {
        "score": 15.944075584411621,
        "runtime": 182.07699942588806
    },
    "54": {
        "score": 15.786977767944336,
        "runtime": 173.4590015411377
    },
    "55": {
        "score": 15.944868087768555,
        "runtime": 173.23500084877014
    },
    "56": {
        "score": 15.786977767944336,
        "runtime": 175.39300203323364
    },
    "57": {
        "score": 15.944075584411621,
        "runtime": 174.74800038337708
    },
    "58": {
        "score": 15.831086158752441,
        "runtime": 174.4311225414276
    },
    "59": {
        "score": 15.757586479187012,
        "runtime": 174.85899877548218
    },
    "60": {
        "score": 15.944075584411621,
        "runtime": 174.1370027065277
    },
    "61": {
        "score": 15.850300788879395,
        "runtime": 173.44102811813354
    },
    "62": {
        "score": 15.850807189941406,
        "runtime": 176.00999975204468
    },
    "63": {
        "score": 15.944868087768555,
        "runtime": 172.50000047683716
    },
    "64": {
        "score": 15.850807189941406,
        "runtime": 203.8414752483368
    },
    "65": {
        "score": 15.786977767944336,
        "runtime": 172.80730032920837
    },
    "66": {
        "score": 15.944075584411621,
        "runtime": 176.18800139427185
    },
    "67": {
        "score": 16.224090576171875,
        "runtime": 176.4864525794983
    },
    "68": {
        "score": 15.85159969329834,
        "runtime": 174.3100016117096
    },
    "69": {
        "score": 15.786185264587402,
        "runtime": 174.3440284729004
    },
    "70": {
        "score": 15.786977767944336,
        "runtime": 175.6370005607605
    },
    "71": {
        "score": 15.946405410766602,
        "runtime": 175.38754987716675
    },
    "72": {
        "score": 15.850300788879395,
        "runtime": 175.1860384941101
    },
    "73": {
        "score": 15.850300788879395,
        "runtime": 175.15600061416626
    },
    "74": {
        "score": 15.909141540527344,
        "runtime": 174.0051145553589
    },
    "75": {
        "score": 15.848251342773438,
        "runtime": 174.79599952697754
    },
    "76": {
        "score": 15.758378028869629,
        "runtime": 174.93308877944946
    },
    "77": {
        "score": 15.964986801147461,
        "runtime": 172.95302844047546
    },
    "78": {
        "score": 15.786977767944336,
        "runtime": 172.90958714485168
    },
    "79": {
        "score": 15.758378028869629,
        "runtime": 175.0705235004425
    },
    "80": {
        "score": 15.786977767944336,
        "runtime": 173.3771095275879
    },
    "81": {
        "score": 16.00908851623535,
        "runtime": 208.31555604934692
    },
    "82": {
        "score": 15.949012756347656,
        "runtime": 173.90676498413086
    },
    "83": {
        "score": 15.863851547241211,
        "runtime": 173.12973952293396
    },
    "84": {
        "score": 16.069917678833008,
        "runtime": 173.9744930267334
    },
    "85": {
        "score": 15.85159969329834,