{
    "epoch=105-train_score=3.75984": {
        "result_avg": {
            "score": 3.8592654848098755,
            "runtime": 0.7899737238883973
        },
        "result_std": {
            "score": 0.08806568503938385,
            "runtime": 0.00038149642906589056
        }
    },
    "epoch=85-train_score=3.77306": {
        "result_avg": {
            "score": 3.856033923625946,
            "runtime": 0.7871169090270996
        },
        "result_std": {
            "score": 0.08383170687566632,
            "runtime": 0.0005401832166126039
        }
    },
    "epoch=193-train_score=3.77567": {
        "result_avg": {
            "score": 3.853317937850952,
            "runtime": 0.787727632522583
        },
        "result_std": {
            "score": 0.0863823184040549,
            "runtime": 0.0006357178861977898
        }
    },
    "epoch=113-train_score=3.78154": {
        "result_avg": {
            "score": 3.851137788295746,
            "runtime": 0.78853187084198
        },
        "result_std": {
            "score": 0.08625915748141968,
            "runtime": 0.0004977894358237108
        }
    },
    "epoch=17-train_score=3.78158": {
        "result_avg": {
            "score": 3.881025915145874,
            "runtime": 0.787731249332428
        },
        "result_std": {
            "score": 0.0933165397193369,
            "runtime": 0.0004103649870137985
        }
    }
}