{
    "0": {
        "score": 3.6493992805480957,
        "runtime": 0.7919976711273193
    },
    "1": {
        "score": 3.763136863708496,
        "runtime": 0.7839984893798828
    },
    "2": {
        "score": 3.799975633621216,
        "runtime": 0.7810006141662598
    },
    "3": {
        "score": 4.1494598388671875,
        "runtime": 0.7790000438690186
    },
    "4": {
        "score": 3.513030767440796,
        "runtime": 0.8219971656799316
    },
    "5": {
        "score": 3.860729455947876,
        "runtime": 0.7919988632202148
    },
    "6": {
        "score": 3.8685247898101807,
        "runtime": 0.7740004062652588
    },
    "7": {
        "score": 3.951625347137451,
        "runtime": 0.7790005207061768
    },
    "8": {
        "score": 4.128917694091797,
        "runtime": 0.7859654426574707
    },
    "9": {
        "score": 4.014928340911865,
        "runtime": 0.7909998893737793
    },
    "10": {
        "score": 3.7990994453430176,
        "runtime": 0.7560019493103027
    },
    "11": {
        "score": 3.7704179286956787,
        "runtime": 0.7610020637512207
    },
    "12": {
        "score": 4.076560974121094,
        "runtime": 0.8969993591308594
    },
    "13": {
        "score": 3.7108867168426514,
        "runtime": 0.7759997844696045
    },
    "14": {
        "score": 4.300230503082275,
        "runtime": 0.7829980850219727
    },
    "15": {
        "score": 3.9959185123443604,
        "runtime": 0.8210005760192871
    },
    "16": {
        "score": 4.18243408203125,
        "runtime": 0.8079988956451416
    },
    "17": {
        "score": 3.341623067855835,
        "runtime": 0.7859997749328613
    },
    "18": {
        "score": 3.7938027381896973,
        "runtime": 0.7910010814666748
    },
    "19": {
        "score": 3.8638968467712402,
        "runtime": 0.7839980125427246
    },
    "20": {
        "score": 3.877220630645752,
        "runtime": 0.8130016326904297
    },
    "21": {
        "score": 3.4828336238861084,
        "runtime": 0.8030035495758057
    },
    "22": {
        "score": 3.8590354919433594,
        "runtime": 0.7929985523223877
    },
    "23": {
        "score": 4.350894927978516,
        "runtime": 0.7599997520446777
    },
    "24": {
        "score": 3.990177631378174,
        "runtime": 0.7589998245239258
    },
    "25": {
        "score": 3.8711776733398438,
        "runtime": 0.7700021266937256
    },
    "26": {
        "score": 4.378434181213379,
        "runtime": 0.7690024375915527
    },
    "27": {
        "score": 3.730915069580078,
        "runtime": 0.8140003681182861
    },
    "28": {
        "score": 3.308075189590454,
        "runtime": 0.7710003852844238
    },
    "29": {
        "score": 3.9138457775115967,
        "runtime": 0.7679996490478516
    },
    "30": {
        "score": 3.8944716453552246,
        "runtime": 0.806999683380127
    },
    "31": {
        "score": 3.209815263748169,
        "runtime": 0.8019533157348633
    },
    "32": {
        "score": 4.040256023406982,
        "runtime": 0.7780027389526367
    },
    "33": {
        "score": 4.224037170410156,
        "runtime": 0.7849974632263184
    },
    "34": {
        "score": 4.319533824920654,
        "runtime": 0.7579996585845947
    },
    "35": {
        "score": 4.257804870605469,
        "runtime": 0.7660021781921387
    },
    "36": {
        "score": 4.027777671813965,
        "runtime": 0.7599995136260986
    },
    "37": {
        "score": 3.717787742614746,
        "runtime": 0.8255157470703125
    },
    "38": {
        "score": 3.8522095680236816,
        "runtime": 0.8150002956390381
    },
    "39": {
        "score": 4.264479637145996,
        "runtime": 0.7819993495941162
    },
    "40": {
        "score": 3.9290759563446045,
        "runtime": 0.8100011348724365
    },
    "41": {
        "score": 3.9975218772888184,
        "runtime": 0.7889988422393799
    },
    "42": {
        "score": 3.5284109115600586,
        "runtime": 0.7589476108551025
    },
    "43": {
        "score": 3.28609299659729,
        "runtime": 0.7899646759033203
    },
    "44": {
        "score": 3.952683210372925,
        "runtime": 0.8099994659423828
    },
    "45": {
        "score": 3.6989119052886963,
        "runtime": 0.762953519821167
    },
    "46": {
        "score": 4.05287504196167,
        "runtime": 0.8165204524993896
    },
    "47": {
        "score": 3.7258424758911133,
        "runtime": 0.7680032253265381
    },
    "48": {
        "score": 3.9390408992767334,
        "runtime": 0.8080012798309326
    },
    "49": {
        "score": 3.853579044342041,
        "runtime": 0.8079991340637207
    },
    "50": {
        "score": 3.8545479774475098,
        "runtime": 0.7785143852233887
    },
    "51": {
        "score": 3.6685421466827393,
        "runtime": 0.7650024890899658
    },
    "52": {
        "score": 3.5350968837738037,
        "runtime": 0.7529983520507812
    },
    "53": {
        "score": 4.114353656768799,
        "runtime": 0.7940006256103516
    },
    "54": {
        "score": 3.9635446071624756,
        "runtime": 0.8280000686645508
    },
    "55": {
        "score": 3.632526397705078,
        "runtime": 0.7869672775268555
    },
    "56": {
        "score": 4.036168098449707,
        "runtime": 0.7580018043518066
    },
    "57": {
        "score": 3.811187744140625,
        "runtime": 0.778519868850708
    },
    "58": {
        "score": 3.979959487915039,
        "runtime": 0.7980005741119385
    },
    "59": {
        "score": 3.908747911453247,
        "runtime": 0.7740027904510498
    },
    "60": {
        "score": 3.8143486976623535,
        "runtime": 0.7880010604858398
    },
    "61": {
        "score": 3.1804888248443604,
        "runtime": 0.7729980945587158
    },
    "62": {
        "score": 4.033547878265381,
        "runtime": 0.7740023136138916
    },
    "63": {
        "score": 4.123303413391113,
        "runtime": 0.7939972877502441
    },
    "64": {
        "score": 3.797248601913452,
        "runtime": 0.7945168018341064
    },
    "65": {
        "score": 3.998300075531006,
        "runtime": 0.7655017375946045
    },
    "66": {
        "score": 3.7593417167663574,
        "runtime": 0.8260011672973633
    },
    "67": {
        "score": 3.764625072479248,
        "runtime": 0.7607345581054688
    },
    "68": {
        "score": 3.957408905029297,
        "runtime": 0.7580006122589111
    },
    "69": {
        "score": 3.6501429080963135,
        "runtime": 0.8089993000030518
    },
    "70": {
        "score": 3.571722984313965,
        "runtime": 0.8515238761901855
    },
    "71": {
        "score": 3.6524572372436523,
        "runtime": 0.7779436111450195
    },
    "72": {
        "score": 4.378232479095459,
        "runtime": 0.7470006942749023
    },
    "73": {
        "score": 3.780745267868042,
        "runtime": 0.8260002136230469
    },
    "74": {
        "score": 3.9830663204193115,
        "runtime": 0.7999999523162842
    },
    "75": {
        "score": 4.156336307525635,
        "runtime": 0.7809979915618896
    },
    "76": {
        "score": 3.4981303215026855,
        "runtime": 0.7975144386291504
    },
    "77": {
        "score": 3.9464800357818604,
        "runtime": 0.7619976997375488
    },
    "78": {
        "score": 4.173035144805908,
        "runtime": 0.7819991111755371
    },
    "79": {
        "score": 3.8339178562164307,
        "runtime": 0.807999849319458
    },
    "80": {
        "score": 3.175424575805664,
        "runtime": 0.7559659481048584
    },
    "81": {
        "score": 4.149278163909912,
        "runtime": 0.7837188243865967
    },
    "82": {
        "score": 3.7449758052825928,
        "runtime": 0.8179976940155029
    },
    "83": {
        "score": 3.441124677658081,
        "runtime": 0.7910010814666748
    },
    "84": {
        "score": 3.980363368988037,
        "runtime": 0.7790002822875977
    },
    "85": {
        "score": 3.984367609024048,