{
    "0": {
        "score": 6.631352424621582,
        "runtime": 1.7789983749389648
    },
    "1": {
        "score": 6.631352424621582,
        "runtime": 1.665001630783081
    },
    "2": {
        "score": 6.631352424621582,
        "runtime": 1.7769994735717773
    },
    "3": {
        "score": 6.631352424621582,
        "runtime": 1.7360005378723145
    },
    "4": {
        "score": 6.631352424621582,
        "runtime": 1.7269978523254395
    },
    "5": {
        "score": 6.631352424621582,
        "runtime": 1.7710025310516357
    },
    "6": {
        "score": 6.631352424621582,
        "runtime": 1.7680001258850098
    },
    "7": {
        "score": 6.631352424621582,
        "runtime": 1.7760021686553955
    },
    "8": {
        "score": 6.631352424621582,
        "runtime": 1.7580006122589111
    },
    "9": {
        "score": 6.631352424621582,
        "runtime": 1.7690017223358154
    },
    "10": {
        "score": 6.631352424621582,
        "runtime": 1.7359976768493652
    },
    "11": {
        "score": 6.631352424621582,
        "runtime": 1.724998950958252
    },
    "12": {
        "score": 6.631352424621582,
        "runtime": 1.7820026874542236
    },
    "13": {
        "score": 6.631352424621582,
        "runtime": 1.733999252319336
    },
    "14": {
        "score": 6.631352424621582,
        "runtime": 1.7840003967285156
    },
    "15": {
        "score": 6.631352424621582,
        "runtime": 1.7549998760223389
    },
    "16": {
        "score": 6.631352424621582,
        "runtime": 1.7290000915527344
    },
    "17": {
        "score": 6.631352424621582,
        "runtime": 1.7539997100830078
    },
    "18": {
        "score": 6.631352424621582,
        "runtime": 1.7290043830871582
    },
    "19": {
        "score": 6.631352424621582,
        "runtime": 1.7739982604980469
    },
    "20": {
        "score": 6.631352424621582,
        "runtime": 1.755000114440918
    },
    "21": {
        "score": 6.631352424621582,
        "runtime": 1.7521028518676758
    },
    "22": {
        "score": 6.631352424621582,
        "runtime": 1.7899985313415527
    },
    "23": {
        "score": 6.631352424621582,
        "runtime": 1.7590012550354004
    },
    "24": {
        "score": 6.631352424621582,
        "runtime": 1.7169976234436035
    },
    "25": {
        "score": 6.631352424621582,
        "runtime": 1.78300142288208
    },
    "26": {
        "score": 6.631352424621582,
        "runtime": 1.6919996738433838
    },
    "27": {
        "score": 6.631352424621582,
        "runtime": 1.7580015659332275
    },
    "28": {
        "score": 6.631352424621582,
        "runtime": 1.711000919342041
    },
    "29": {
        "score": 6.631352424621582,
        "runtime": 1.7699995040893555
    },
    "30": {
        "score": 6.631352424621582,
        "runtime": 1.7349960803985596
    },
    "31": {
        "score": 6.631352424621582,
        "runtime": 1.7660021781921387
    },
    "32": {
        "score": 6.631352424621582,
        "runtime": 1.6850001811981201
    },
    "33": {
        "score": 6.631352424621582,
        "runtime": 1.7859997749328613
    },
    "34": {
        "score": 6.631352424621582,
        "runtime": 1.7770023345947266
    },
    "35": {
        "score": 6.631352424621582,
        "runtime": 1.74399995803833
    },
    "36": {
        "score": 6.631352424621582,
        "runtime": 1.7280004024505615
    },
    "37": {
        "score": 6.631352424621582,
        "runtime": 1.7649977207183838
    },
    "38": {
        "score": 6.631352424621582,
        "runtime": 1.7409992218017578
    },
    "39": {
        "score": 6.631352424621582,
        "runtime": 1.7369999885559082
    },
    "40": {
        "score": 6.631352424621582,
        "runtime": 1.8219995498657227
    },
    "41": {
        "score": 6.631352424621582,
        "runtime": 1.7649991512298584
    },
    "42": {
        "score": 6.631352424621582,
        "runtime": 1.773000955581665
    },
    "43": {
        "score": 6.631352424621582,
        "runtime": 1.7689998149871826
    },
    "44": {
        "score": 6.631352424621582,
        "runtime": 1.6839995384216309
    },
    "45": {
        "score": 6.631352424621582,
        "runtime": 1.7409987449645996
    },
    "46": {
        "score": 6.631352424621582,
        "runtime": 1.6879992485046387
    },
    "47": {
        "score": 6.631352424621582,
        "runtime": 1.9890022277832031
    },
    "48": {
        "score": 6.631352424621582,
        "runtime": 1.7470026016235352
    },
    "49": {
        "score": 6.631352424621582,
        "runtime": 1.8710014820098877
    },
    "50": {
        "score": 6.631352424621582,
        "runtime": 1.740999460220337
    },
    "51": {
        "score": 6.631352424621582,
        "runtime": 1.7869982719421387
    },
    "52": {
        "score": 6.631352424621582,
        "runtime": 1.773000955581665
    },
    "53": {
        "score": 6.631352424621582,
        "runtime": 1.7650256156921387
    },
    "54": {
        "score": 6.631352424621582,
        "runtime": 1.7109999656677246
    },
    "55": {
        "score": 6.631352424621582,
        "runtime": 1.701003074645996
    },
    "56": {
        "score": 6.631352424621582,
        "runtime": 1.660001277923584
    },
    "57": {
        "score": 6.631352424621582,
        "runtime": 1.7860002517700195
    },
    "58": {
        "score": 6.631352424621582,
        "runtime": 1.7834720611572266
    },
    "59": {
        "score": 6.631352424621582,
        "runtime": 1.702002763748169
    },
    "60": {
        "score": 6.631352424621582,
        "runtime": 1.7669987678527832
    },
    "61": {
        "score": 6.631352424621582,
        "runtime": 1.697995662689209
    },
    "62": {
        "score": 6.631352424621582,
        "runtime": 1.6899993419647217
    },
    "63": {
        "score": 6.631352424621582,
        "runtime": 1.780998945236206
    },
    "64": {
        "score": 6.631352424621582,
        "runtime": 1.743999719619751
    },
    "65": {
        "score": 6.631352424621582,
        "runtime": 1.7490017414093018
    },
    "66": {
        "score": 6.631352424621582,
        "runtime": 1.7750000953674316
    },
    "67": {
        "score": 6.631352424621582,
        "runtime": 1.7469992637634277
    },
    "68": {
        "score": 6.631352424621582,
        "runtime": 1.7809984683990479
    },
    "69": {
        "score": 6.631352424621582,
        "runtime": 1.8010001182556152
    },
    "70": {
        "score": 6.631352424621582,
        "runtime": 1.7880001068115234
    },
    "71": {
        "score": 6.631352424621582,
        "runtime": 1.7440016269683838
    },
    "72": {
        "score": 6.631352424621582,
        "runtime": 1.747999906539917
    },
    "73": {
        "score": 6.631352424621582,
        "runtime": 1.7650012969970703
    },
    "74": {
        "score": 6.631352424621582,
        "runtime": 1.7219996452331543
    },
    "75": {
        "score": 6.631352424621582,
        "runtime": 1.6970000267028809
    },
    "76": {
        "score": 6.631352424621582,
        "runtime": 1.686999797821045
    },
    "77": {
        "score": 6.631352424621582,
        "runtime": 1.685002326965332
    },
    "78": {
        "score": 6.631352424621582,
        "runtime": 1.6979987621307373
    },
    "79": {
        "score": 6.631352424621582,
        "runtime": 1.7380001544952393
    },
    "80": {
        "score": 6.631352424621582,
        "runtime": 1.7160015106201172
    },
    "81": {
        "score": 6.631352424621582,
        "runtime": 1.6960020065307617
    },
    "82": {
        "score": 6.631352424621582,
        "runtime": 1.7180023193359375
    },
    "83": {
        "score": 6.631352424621582,
        "runtime": 1.8410003185272217
    },
    "84": {
        "score": 6.631352424621582,
        "runtime": 1.7809996604919434
    },
    "85": {
        "score": 6.631352424621582,
        "runtime": 1.751997947692871
    },