{
    "epoch=35-train_score=3.75196": {
        "result_avg": {
            "score": 3.8719840002059938,
            "runtime": 0.7853954219818116
        },
        "result_std": {
            "score": 0.08706559256133796,
            "runtime": 0.00033891962434690856
        }
    },
    "epoch=1-train_score=3.76062": {
        "result_avg": {
            "score": 3.977634398937225,
            "runtime": 0.784785840511322
        },
        "result_std": {
            "score": 0.10834742467173285,
            "runtime": 0.00039061894983535123
        }
    },
    "epoch=43-train_score=3.76961": {
        "result_avg": {
            "score": 3.863626549243927,
            "runtime": 0.7868297910690307
        },
        "result_std": {
            "score": 0.08397023396156587,
            "runtime": 0.00030851863747241164
        }
    },
    "epoch=179-train_score=3.77505": {
        "result_avg": {
            "score": 3.8673104763031008,
            "runtime": 0.7853949308395386
        },
        "result_std": {
            "score": 0.08849145478210063,
            "runtime": 0.000302893935796078
        }
    },
    "epoch=147-train_score=3.77538": {
        "result_avg": {
            "score": 3.856825110912323,
            "runtime": 0.7857079148292542
        },
        "result_std": {
            "score": 0.08838144223215577,
            "runtime": 0.0003824752651489404
        }
    }
}