{
    "0": {
        "score": 3.663829803466797,
        "runtime": 0.7829990386962891
    },
    "1": {
        "score": 3.9871983528137207,
        "runtime": 0.7549726963043213
    },
    "2": {
        "score": 3.799975633621216,
        "runtime": 0.7889988422393799
    },
    "3": {
        "score": 4.25653076171875,
        "runtime": 0.779965877532959
    },
    "4": {
        "score": 3.2648541927337646,
        "runtime": 0.7500009536743164
    },
    "5": {
        "score": 3.860729455947876,
        "runtime": 0.7740011215209961
    },
    "6": {
        "score": 3.931661367416382,
        "runtime": 0.7499995231628418
    },
    "7": {
        "score": 3.951625347137451,
        "runtime": 0.76999831199646
    },
    "8": {
        "score": 4.128917694091797,
        "runtime": 0.76300048828125
    },
    "9": {
        "score": 4.014928340911865,
        "runtime": 0.8010003566741943
    },
    "10": {
        "score": 3.778759479522705,
        "runtime": 0.7725212574005127
    },
    "11": {
        "score": 3.7704179286956787,
        "runtime": 0.7668931484222412
    },
    "12": {
        "score": 4.087907791137695,
        "runtime": 0.7679538726806641
    },
    "13": {
        "score": 3.693781614303589,
        "runtime": 0.7759993076324463
    },
    "14": {
        "score": 4.328239440917969,
        "runtime": 0.7750003337860107
    },
    "15": {
        "score": 4.027010440826416,
        "runtime": 0.7530007362365723
    },
    "16": {
        "score": 4.211307048797607,
        "runtime": 0.766998291015625
    },
    "17": {
        "score": 3.341623067855835,
        "runtime": 0.7910003662109375
    },
    "18": {
        "score": 3.703400135040283,
        "runtime": 0.7790002822875977
    },
    "19": {
        "score": 3.8638968467712402,
        "runtime": 0.7789983749389648
    },
    "20": {
        "score": 3.9067583084106445,
        "runtime": 0.7899973392486572
    },
    "21": {
        "score": 3.4828336238861084,
        "runtime": 0.7979891300201416
    },
    "22": {
        "score": 3.84525728225708,
        "runtime": 0.7679996490478516
    },
    "23": {
        "score": 4.4653825759887695,
        "runtime": 0.8139557838439941
    },
    "24": {
        "score": 3.9885852336883545,
        "runtime": 0.8009977340698242
    },
    "25": {
        "score": 3.8711776733398438,
        "runtime": 0.8060009479522705
    },
    "26": {
        "score": 4.330911159515381,
        "runtime": 0.7885184288024902
    },
    "27": {
        "score": 3.749234199523926,
        "runtime": 0.8039989471435547
    },
    "28": {
        "score": 3.308075189590454,
        "runtime": 0.7630021572113037
    },
    "29": {
        "score": 3.9138457775115967,
        "runtime": 0.7915134429931641
    },
    "30": {
        "score": 3.8944716453552246,
        "runtime": 0.8025169372558594
    },
    "31": {
        "score": 3.209815263748169,
        "runtime": 0.7630012035369873
    },
    "32": {
        "score": 4.040256023406982,
        "runtime": 0.7905223369598389
    },
    "33": {
        "score": 4.217051029205322,
        "runtime": 0.7750000953674316
    },
    "34": {
        "score": 4.319533824920654,
        "runtime": 0.8170018196105957
    },
    "35": {
        "score": 4.257804870605469,
        "runtime": 0.7719531059265137
    },
    "36": {
        "score": 4.009539604187012,
        "runtime": 0.7869975566864014
    },
    "37": {
        "score": 3.717787742614746,
        "runtime": 0.7989847660064697
    },
    "38": {
        "score": 3.8522095680236816,
        "runtime": 0.7710015773773193
    },
    "39": {
        "score": 4.306560516357422,
        "runtime": 0.7880027294158936
    },
    "40": {
        "score": 3.9290759563446045,
        "runtime": 0.7530002593994141
    },
    "41": {
        "score": 3.9975218772888184,
        "runtime": 0.7779979705810547
    },
    "42": {
        "score": 3.5343122482299805,
        "runtime": 0.7735276222229004
    },
    "43": {
        "score": 3.28609299659729,
        "runtime": 0.767000675201416
    },
    "44": {
        "score": 3.92326021194458,
        "runtime": 0.8010015487670898
    },
    "45": {
        "score": 3.6989119052886963,
        "runtime": 0.7539985179901123
    },
    "46": {
        "score": 4.058369159698486,
        "runtime": 0.8049988746643066
    },
    "47": {
        "score": 3.730943202972412,
        "runtime": 0.7535176277160645
    },
    "48": {
        "score": 3.927215337753296,
        "runtime": 0.8075218200683594
    },
    "49": {
        "score": 3.807023048400879,
        "runtime": 0.7859976291656494
    },
    "50": {
        "score": 3.8545479774475098,
        "runtime": 0.8239998817443848
    },
    "51": {
        "score": 3.6750454902648926,
        "runtime": 0.7779972553253174
    },
    "52": {
        "score": 3.5137431621551514,
        "runtime": 0.7779641151428223
    },
    "53": {
        "score": 4.114353656768799,
        "runtime": 0.7800025939941406
    },
    "54": {
        "score": 3.9248223304748535,
        "runtime": 0.7829983234405518
    },
    "55": {
        "score": 3.632526397705078,
        "runtime": 0.7859985828399658
    },
    "56": {
        "score": 4.023445129394531,
        "runtime": 0.7900018692016602
    },
    "57": {
        "score": 3.8762340545654297,
        "runtime": 0.7539999485015869
    },
    "58": {
        "score": 3.979959487915039,
        "runtime": 0.8015227317810059
    },
    "59": {
        "score": 3.909616470336914,
        "runtime": 0.7970016002655029
    },
    "60": {
        "score": 3.8143486976623535,
        "runtime": 0.7710013389587402
    },
    "61": {
        "score": 3.1791799068450928,
        "runtime": 0.787001371383667
    },
    "62": {
        "score": 4.063938617706299,
        "runtime": 0.8000001907348633
    },
    "63": {
        "score": 4.115477085113525,
        "runtime": 0.7829992771148682
    },
    "64": {
        "score": 3.763899564743042,
        "runtime": 0.801002025604248
    },
    "65": {
        "score": 3.998300075531006,
        "runtime": 0.8080136775970459
    },
    "66": {
        "score": 3.7593417167663574,
        "runtime": 0.7839987277984619
    },
    "67": {
        "score": 3.6951253414154053,
        "runtime": 0.7969999313354492
    },
    "68": {
        "score": 3.9582393169403076,
        "runtime": 0.7790005207061768
    },
    "69": {
        "score": 3.6501429080963135,
        "runtime": 0.805999755859375
    },
    "70": {
        "score": 3.571722984313965,
        "runtime": 0.7910008430480957
    },
    "71": {
        "score": 3.7334675788879395,
        "runtime": 0.780998945236206
    },
    "72": {
        "score": 4.327773571014404,
        "runtime": 0.7914907932281494
    },
    "73": {
        "score": 3.831160306930542,
        "runtime": 0.7939975261688232
    },
    "74": {
        "score": 3.975198984146118,
        "runtime": 0.7749996185302734
    },
    "75": {
        "score": 4.153078079223633,
        "runtime": 0.7909979820251465
    },
    "76": {
        "score": 3.6901931762695312,
        "runtime": 0.810999870300293
    },
    "77": {
        "score": 4.081361293792725,
        "runtime": 0.7949965000152588
    },
    "78": {
        "score": 4.144110679626465,
        "runtime": 0.7810001373291016
    },
    "79": {
        "score": 3.9267029762268066,
        "runtime": 0.7865192890167236
    },
    "80": {
        "score": 3.185774803161621,
        "runtime": 0.7990005016326904
    },
    "81": {
        "score": 4.092862606048584,
        "runtime": 0.7909975051879883
    },
    "82": {
        "score": 3.753692388534546,
        "runtime": 0.8119995594024658
    },
    "83": {
        "score": 3.47387957572937,
        "runtime": 0.7900009155273438
    },
    "84": {
        "score": 3.977057695388794,
        "runtime": 0.7715182304382324
    },
    "85": {
        "score": 3.9487624168395996,