{
    "0": {
        "score": 3.663829803466797,
        "runtime": 0.8130011558532715
    },
    "1": {
        "score": 3.9483137130737305,
        "runtime": 0.7659740447998047
    },
    "2": {
        "score": 3.7796685695648193,
        "runtime": 0.7790002822875977
    },
    "3": {
        "score": 4.1494598388671875,
        "runtime": 0.7699682712554932
    },
    "4": {
        "score": 3.4315569400787354,
        "runtime": 0.7760016918182373
    },
    "5": {
        "score": 3.860729455947876,
        "runtime": 0.7819998264312744
    },
    "6": {
        "score": 3.8685247898101807,
        "runtime": 0.7799980640411377
    },
    "7": {
        "score": 3.951625347137451,
        "runtime": 0.7740004062652588
    },
    "8": {
        "score": 4.128917694091797,
        "runtime": 0.7890002727508545
    },
    "9": {
        "score": 4.014928340911865,
        "runtime": 0.754997730255127
    },
    "10": {
        "score": 3.8120546340942383,
        "runtime": 0.785520076751709
    },
    "11": {
        "score": 3.7717669010162354,
        "runtime": 0.7889988422393799
    },
    "12": {
        "score": 4.076560974121094,
        "runtime": 0.785954475402832
    },
    "13": {
        "score": 3.7108867168426514,
        "runtime": 0.7929971218109131
    },
    "14": {
        "score": 4.338846206665039,
        "runtime": 0.807997465133667
    },
    "15": {
        "score": 3.9959185123443604,
        "runtime": 0.8170006275177002
    },
    "16": {
        "score": 4.157617568969727,
        "runtime": 0.7600018978118896
    },
    "17": {
        "score": 3.341623067855835,
        "runtime": 0.7770001888275146
    },
    "18": {
        "score": 3.703400135040283,
        "runtime": 0.7900002002716064
    },
    "19": {
        "score": 3.8638968467712402,
        "runtime": 0.762519121170044
    },
    "20": {
        "score": 3.877220630645752,
        "runtime": 0.7829985618591309
    },
    "21": {
        "score": 3.4828336238861084,
        "runtime": 0.7969987392425537
    },
    "22": {
        "score": 3.868171215057373,
        "runtime": 0.7699990272521973
    },
    "23": {
        "score": 4.410032272338867,
        "runtime": 0.7709536552429199
    },
    "24": {
        "score": 3.9885852336883545,
        "runtime": 0.7999982833862305
    },
    "25": {
        "score": 3.8711776733398438,
        "runtime": 0.7730004787445068
    },
    "26": {
        "score": 4.393781661987305,
        "runtime": 0.761000394821167
    },
    "27": {
        "score": 3.715338945388794,
        "runtime": 0.805001974105835
    },
    "28": {
        "score": 3.308075189590454,
        "runtime": 0.7850015163421631
    },
    "29": {
        "score": 3.9138457775115967,
        "runtime": 0.8099544048309326
    },
    "30": {
        "score": 3.8944716453552246,
        "runtime": 0.8059985637664795
    },
    "31": {
        "score": 3.209815263748169,
        "runtime": 0.8009977340698242
    },
    "32": {
        "score": 4.040256023406982,
        "runtime": 0.7865252494812012
    },
    "33": {
        "score": 4.224037170410156,
        "runtime": 0.8079991340637207
    },
    "34": {
        "score": 4.319533824920654,
        "runtime": 0.7760002613067627
    },
    "35": {
        "score": 4.260029315948486,
        "runtime": 0.7829525470733643
    },
    "36": {
        "score": 4.094963550567627,
        "runtime": 0.7940006256103516
    },
    "37": {
        "score": 3.717787742614746,
        "runtime": 0.781998872756958
    },
    "38": {
        "score": 3.8522095680236816,
        "runtime": 0.8200027942657471
    },
    "39": {
        "score": 4.362029552459717,
        "runtime": 0.8230023384094238
    },
    "40": {
        "score": 3.9870688915252686,
        "runtime": 0.7849986553192139
    },
    "41": {
        "score": 4.015934467315674,
        "runtime": 0.7600002288818359
    },
    "42": {
        "score": 3.5284109115600586,
        "runtime": 0.7795236110687256
    },
    "43": {
        "score": 3.2898268699645996,
        "runtime": 0.7890005111694336
    },
    "44": {
        "score": 3.919325113296509,
        "runtime": 0.817000150680542
    },
    "45": {
        "score": 3.6989119052886963,
        "runtime": 0.7929999828338623
    },
    "46": {
        "score": 4.148586750030518,
        "runtime": 0.7670025825500488
    },
    "47": {
        "score": 3.7258424758911133,
        "runtime": 0.8005201816558838
    },
    "48": {
        "score": 3.927215337753296,
        "runtime": 0.779517412185669
    },
    "49": {
        "score": 3.853579044342041,
        "runtime": 0.8029980659484863
    },
    "50": {
        "score": 3.8545479774475098,
        "runtime": 0.8179996013641357
    },
    "51": {
        "score": 3.6685421466827393,
        "runtime": 0.7800002098083496
    },
    "52": {
        "score": 3.5350968837738037,
        "runtime": 0.8189654350280762
    },
    "53": {
        "score": 4.114353656768799,
        "runtime": 0.7970006465911865
    },
    "54": {
        "score": 3.939969301223755,
        "runtime": 0.780998706817627
    },
    "55": {
        "score": 3.6817665100097656,
        "runtime": 0.7889976501464844
    },
    "56": {
        "score": 4.023445129394531,
        "runtime": 0.7589998245239258
    },
    "57": {
        "score": 3.789414405822754,
        "runtime": 0.7860031127929688
    },
    "58": {
        "score": 3.979959487915039,
        "runtime": 0.7895221710205078
    },
    "59": {
        "score": 3.909616470336914,
        "runtime": 0.7935149669647217
    },
    "60": {
        "score": 3.8441123962402344,
        "runtime": 0.7779998779296875
    },
    "61": {
        "score": 3.1804888248443604,
        "runtime": 0.797997236251831
    },
    "62": {
        "score": 4.034071922302246,
        "runtime": 0.7699997425079346
    },
    "63": {
        "score": 4.115477085113525,
        "runtime": 0.7850015163421631
    },
    "64": {
        "score": 3.763899564743042,
        "runtime": 0.7699999809265137
    },
    "65": {
        "score": 3.998300075531006,
        "runtime": 0.7920022010803223
    },
    "66": {
        "score": 3.7593417167663574,
        "runtime": 0.7850010395050049
    },
    "67": {
        "score": 3.6951253414154053,
        "runtime": 0.7770013809204102
    },
    "68": {
        "score": 4.000242233276367,
        "runtime": 0.7730000019073486
    },
    "69": {
        "score": 3.6501429080963135,
        "runtime": 0.7799997329711914
    },
    "70": {
        "score": 3.571722984313965,
        "runtime": 0.7870004177093506
    },
    "71": {
        "score": 3.681103467941284,
        "runtime": 0.7839999198913574
    },
    "72": {
        "score": 4.327773571014404,
        "runtime": 0.7609703540802002
    },
    "73": {
        "score": 3.780745267868042,
        "runtime": 0.750999927520752
    },
    "74": {
        "score": 3.9664056301116943,
        "runtime": 0.8119995594024658
    },
    "75": {
        "score": 4.166758060455322,
        "runtime": 0.8039989471435547
    },
    "76": {
        "score": 3.6901931762695312,
        "runtime": 0.7760009765625
    },
    "77": {
        "score": 4.025908470153809,
        "runtime": 0.757000207901001
    },
    "78": {
        "score": 4.144110679626465,
        "runtime": 0.7809982299804688
    },
    "79": {
        "score": 3.8339178562164307,
        "runtime": 0.8065183162689209
    },
    "80": {
        "score": 3.185774803161621,
        "runtime": 0.7855277061462402
    },
    "81": {
        "score": 4.092862606048584,
        "runtime": 0.7779974937438965
    },
    "82": {
        "score": 3.7449758052825928,
        "runtime": 0.8159563541412354
    },
    "83": {
        "score": 3.47387957572937,
        "runtime": 0.7680013179779053
    },
    "84": {
        "score": 3.977057695388794,
        "runtime": 0.778517484664917
    },
    "85": {
        "score": 3.9608030319213867,