{
    "0": {
        "score": 3.663829803466797,
        "runtime": 0.7810022830963135
    },
    "1": {
        "score": 3.761995553970337,
        "runtime": 0.7729995250701904
    },
    "2": {
        "score": 3.7796685695648193,
        "runtime": 0.8240001201629639
    },
    "3": {
        "score": 4.1494598388671875,
        "runtime": 0.7859995365142822
    },
    "4": {
        "score": 3.4315569400787354,
        "runtime": 0.7599992752075195
    },
    "5": {
        "score": 3.860729455947876,
        "runtime": 0.8050017356872559
    },
    "6": {
        "score": 3.8685247898101807,
        "runtime": 0.8009645938873291
    },
    "7": {
        "score": 3.951625347137451,
        "runtime": 0.8109991550445557
    },
    "8": {
        "score": 4.128917694091797,
        "runtime": 0.7969977855682373
    },
    "9": {
        "score": 4.014928340911865,
        "runtime": 0.8060019016265869
    },
    "10": {
        "score": 3.8120546340942383,
        "runtime": 0.7799990177154541
    },
    "11": {
        "score": 3.7717669010162354,
        "runtime": 0.7779979705810547
    },
    "12": {
        "score": 4.076560974121094,
        "runtime": 0.7739732265472412
    },
    "13": {
        "score": 3.7108867168426514,
        "runtime": 0.7939980030059814
    },
    "14": {
        "score": 4.338846206665039,
        "runtime": 0.8389999866485596
    },
    "15": {
        "score": 3.9959185123443604,
        "runtime": 0.7830007076263428
    },
    "16": {
        "score": 4.157617568969727,
        "runtime": 0.7850027084350586
    },
    "17": {
        "score": 3.341623067855835,
        "runtime": 0.7909994125366211
    },
    "18": {
        "score": 3.703400135040283,
        "runtime": 0.7869992256164551
    },
    "19": {
        "score": 3.8638968467712402,
        "runtime": 0.7910003662109375
    },
    "20": {
        "score": 3.877220630645752,
        "runtime": 0.7850022315979004
    },
    "21": {
        "score": 3.4828336238861084,
        "runtime": 0.8170008659362793
    },
    "22": {
        "score": 3.868171215057373,
        "runtime": 0.7920022010803223
    },
    "23": {
        "score": 4.410032272338867,
        "runtime": 0.7805159091949463
    },
    "24": {
        "score": 3.9885852336883545,
        "runtime": 0.7919976711273193
    },
    "25": {
        "score": 3.8711776733398438,
        "runtime": 0.7540013790130615
    },
    "26": {
        "score": 4.393781661987305,
        "runtime": 0.8060007095336914
    },
    "27": {
        "score": 3.715338945388794,
        "runtime": 0.7929990291595459
    },
    "28": {
        "score": 3.308075189590454,
        "runtime": 0.8059985637664795
    },
    "29": {
        "score": 3.9138457775115967,
        "runtime": 0.7650008201599121
    },
    "30": {
        "score": 3.8944716453552246,
        "runtime": 0.7870008945465088
    },
    "31": {
        "score": 3.209815263748169,
        "runtime": 0.7939999103546143
    },
    "32": {
        "score": 4.040256023406982,
        "runtime": 0.7879571914672852
    },
    "33": {
        "score": 4.224037170410156,
        "runtime": 0.7825157642364502
    },
    "34": {
        "score": 4.319533824920654,
        "runtime": 0.7669658660888672
    },
    "35": {
        "score": 4.260029315948486,
        "runtime": 0.778998851776123
    },
    "36": {
        "score": 4.094963550567627,
        "runtime": 0.8000006675720215
    },
    "37": {
        "score": 3.717787742614746,
        "runtime": 0.7909998893737793
    },
    "38": {
        "score": 3.8522095680236816,
        "runtime": 0.7690026760101318
    },
    "39": {
        "score": 4.187337398529053,
        "runtime": 0.7949974536895752
    },
    "40": {
        "score": 3.9870688915252686,
        "runtime": 0.7805140018463135
    },
    "41": {
        "score": 4.015934467315674,
        "runtime": 0.7910001277923584
    },
    "42": {
        "score": 3.5284109115600586,
        "runtime": 0.7970020771026611
    },
    "43": {
        "score": 3.2898268699645996,
        "runtime": 0.78299880027771
    },
    "44": {
        "score": 3.919325113296509,
        "runtime": 0.8170015811920166
    },
    "45": {
        "score": 3.6989119052886963,
        "runtime": 0.7960023880004883
    },
    "46": {
        "score": 4.148586750030518,
        "runtime": 0.807481050491333
    },
    "47": {
        "score": 3.7258424758911133,
        "runtime": 0.7607102394104004
    },
    "48": {
        "score": 3.927215337753296,
        "runtime": 0.7579982280731201
    },
    "49": {
        "score": 3.853579044342041,
        "runtime": 0.7940006256103516
    },
    "50": {
        "score": 3.9304826259613037,
        "runtime": 0.7839975357055664
    },
    "51": {
        "score": 3.6685421466827393,
        "runtime": 0.8100004196166992
    },
    "52": {
        "score": 3.5350968837738037,
        "runtime": 0.7810020446777344
    },
    "53": {
        "score": 4.114353656768799,
        "runtime": 0.783998966217041
    },
    "54": {
        "score": 3.939969301223755,
        "runtime": 0.8020005226135254
    },
    "55": {
        "score": 3.632526397705078,
        "runtime": 0.8060014247894287
    },
    "56": {
        "score": 4.023445129394531,
        "runtime": 0.8329992294311523
    },
    "57": {
        "score": 3.789414405822754,
        "runtime": 0.7849998474121094
    },
    "58": {
        "score": 3.979959487915039,
        "runtime": 0.7769999504089355
    },
    "59": {
        "score": 3.909616470336914,
        "runtime": 0.7620015144348145
    },
    "60": {
        "score": 3.8441123962402344,
        "runtime": 0.8187196254730225
    },
    "61": {
        "score": 3.1804888248443604,
        "runtime": 0.7659990787506104
    },
    "62": {
        "score": 4.034071922302246,
        "runtime": 0.7780020236968994
    },
    "63": {
        "score": 4.115477085113525,
        "runtime": 0.8030035495758057
    },
    "64": {
        "score": 3.763899564743042,
        "runtime": 0.8200020790100098
    },
    "65": {
        "score": 3.998300075531006,
        "runtime": 0.8099987506866455
    },
    "66": {
        "score": 3.7593417167663574,
        "runtime": 0.7679500579833984
    },
    "67": {
        "score": 3.6951253414154053,
        "runtime": 0.762521505355835
    },
    "68": {
        "score": 4.000242233276367,
        "runtime": 0.7719993591308594
    },
    "69": {
        "score": 3.6501429080963135,
        "runtime": 0.7960011959075928
    },
    "70": {
        "score": 3.571722984313965,
        "runtime": 0.75
    },
    "71": {
        "score": 3.681103467941284,
        "runtime": 0.7790014743804932
    },
    "72": {
        "score": 4.327773571014404,
        "runtime": 0.7924835681915283
    },
    "73": {
        "score": 3.780745267868042,
        "runtime": 0.7770006656646729
    },
    "74": {
        "score": 3.9664056301116943,
        "runtime": 0.7870001792907715
    },
    "75": {
        "score": 4.166758060455322,
        "runtime": 0.7839999198913574
    },
    "76": {
        "score": 3.6901931762695312,
        "runtime": 0.834998369216919
    },
    "77": {
        "score": 4.025908470153809,
        "runtime": 0.7755162715911865
    },
    "78": {
        "score": 4.144110679626465,
        "runtime": 0.8030009269714355
    },
    "79": {
        "score": 3.8339178562164307,
        "runtime": 0.7749722003936768
    },
    "80": {
        "score": 3.175424575805664,
        "runtime": 0.800997257232666
    },
    "81": {
        "score": 4.092862606048584,
        "runtime": 0.7740001678466797
    },
    "82": {
        "score": 3.7449758052825928,
        "runtime": 0.763524055480957
    },
    "83": {
        "score": 3.47387957572937,
        "runtime": 0.7700002193450928
    },
    "84": {
        "score": 3.971017360687256,
        "runtime": 0.7960002422332764
    },
    "85": {
        "score": 3.9608030319213867,
        "runtime": 0.7699635028839111
    },