{
    "0": {
        "score": 3.663829803466797,
        "runtime": 0.7820000648498535
    },
    "1": {
        "score": 3.8008804321289062,
        "runtime": 0.7769999504089355
    },
    "2": {
        "score": 3.799975633621216,
        "runtime": 0.7909986972808838
    },
    "3": {
        "score": 4.25653076171875,
        "runtime": 0.7589998245239258
    },
    "4": {
        "score": 3.2648541927337646,
        "runtime": 0.771000862121582
    },
    "5": {
        "score": 3.860729455947876,
        "runtime": 0.7830002307891846
    },
    "6": {
        "score": 3.931661367416382,
        "runtime": 0.8299660682678223
    },
    "7": {
        "score": 3.951625347137451,
        "runtime": 0.8480017185211182
    },
    "8": {
        "score": 4.128917694091797,
        "runtime": 0.7800002098083496
    },
    "9": {
        "score": 4.014928340911865,
        "runtime": 0.7810013294219971
    },
    "10": {
        "score": 3.778759479522705,
        "runtime": 0.7779994010925293
    },
    "11": {
        "score": 3.7704179286956787,
        "runtime": 0.7785141468048096
    },
    "12": {
        "score": 4.087907791137695,
        "runtime": 0.7704932689666748
    },
    "13": {
        "score": 3.693781614303589,
        "runtime": 0.8169987201690674
    },
    "14": {
        "score": 4.328239440917969,
        "runtime": 0.7859692573547363
    },
    "15": {
        "score": 4.027010440826416,
        "runtime": 0.799997091293335
    },
    "16": {
        "score": 4.211307048797607,
        "runtime": 0.7900011539459229
    },
    "17": {
        "score": 3.341623067855835,
        "runtime": 0.8020014762878418
    },
    "18": {
        "score": 3.703400135040283,
        "runtime": 0.7750024795532227
    },
    "19": {
        "score": 3.8638968467712402,
        "runtime": 0.7940013408660889
    },
    "20": {
        "score": 3.9067583084106445,
        "runtime": 0.7909984588623047
    },
    "21": {
        "score": 3.4828336238861084,
        "runtime": 0.7719998359680176
    },
    "22": {
        "score": 3.84525728225708,
        "runtime": 0.7840025424957275
    },
    "23": {
        "score": 4.342336654663086,
        "runtime": 0.7759988307952881
    },
    "24": {
        "score": 3.9885852336883545,
        "runtime": 0.7730011940002441
    },
    "25": {
        "score": 3.8711776733398438,
        "runtime": 0.7779619693756104
    },
    "26": {
        "score": 4.330911159515381,
        "runtime": 0.8020029067993164
    },
    "27": {
        "score": 3.749234199523926,
        "runtime": 0.8119995594024658
    },
    "28": {
        "score": 3.308075189590454,
        "runtime": 0.7639994621276855
    },
    "29": {
        "score": 3.9138457775115967,
        "runtime": 0.7759997844696045
    },
    "30": {
        "score": 3.8944716453552246,
        "runtime": 0.7940013408660889
    },
    "31": {
        "score": 3.209815263748169,
        "runtime": 0.7979998588562012
    },
    "32": {
        "score": 4.040256023406982,
        "runtime": 0.7820019721984863
    },
    "33": {
        "score": 4.217051029205322,
        "runtime": 0.7815184593200684
    },
    "34": {
        "score": 4.319533824920654,
        "runtime": 0.7669980525970459
    },
    "35": {
        "score": 4.257804870605469,
        "runtime": 0.798997163772583
    },
    "36": {
        "score": 4.009539604187012,
        "runtime": 0.7880003452301025
    },
    "37": {
        "score": 3.717787742614746,
        "runtime": 0.8060030937194824
    },
    "38": {
        "score": 3.8522095680236816,
        "runtime": 0.7790012359619141
    },
    "39": {
        "score": 4.187337398529053,
        "runtime": 0.7469990253448486
    },
    "40": {
        "score": 3.9290759563446045,
        "runtime": 0.8099989891052246
    },
    "41": {
        "score": 3.9975218772888184,
        "runtime": 0.7799992561340332
    },
    "42": {
        "score": 3.5343122482299805,
        "runtime": 0.7819976806640625
    },
    "43": {
        "score": 3.28609299659729,
        "runtime": 0.8200011253356934
    },
    "44": {
        "score": 3.92326021194458,
        "runtime": 0.7640020847320557
    },
    "45": {
        "score": 3.6989119052886963,
        "runtime": 0.7639994621276855
    },
    "46": {
        "score": 4.058369159698486,
        "runtime": 0.8134765625
    },
    "47": {
        "score": 3.730943202972412,
        "runtime": 0.7897095680236816
    },
    "48": {
        "score": 3.927215337753296,
        "runtime": 0.7929980754852295
    },
    "49": {
        "score": 3.807023048400879,
        "runtime": 0.7710011005401611
    },
    "50": {
        "score": 3.8545479774475098,
        "runtime": 0.8059983253479004
    },
    "51": {
        "score": 3.6750454902648926,
        "runtime": 0.7940001487731934
    },
    "52": {
        "score": 3.5137431621551514,
        "runtime": 0.7650017738342285
    },
    "53": {
        "score": 4.114353656768799,
        "runtime": 0.754002571105957
    },
    "54": {
        "score": 3.9248223304748535,
        "runtime": 0.7920000553131104
    },
    "55": {
        "score": 3.632526397705078,
        "runtime": 0.8010008335113525
    },
    "56": {
        "score": 4.023445129394531,
        "runtime": 0.7760000228881836
    },
    "57": {
        "score": 3.789414405822754,
        "runtime": 0.7930004596710205
    },
    "58": {
        "score": 3.979959487915039,
        "runtime": 0.7669994831085205
    },
    "59": {
        "score": 3.909616470336914,
        "runtime": 0.8019993305206299
    },
    "60": {
        "score": 3.8143486976623535,
        "runtime": 0.7727169990539551
    },
    "61": {
        "score": 3.1791799068450928,
        "runtime": 0.7659969329833984
    },
    "62": {
        "score": 4.063938617706299,
        "runtime": 0.8039979934692383
    },
    "63": {
        "score": 4.115477085113525,
        "runtime": 0.7680027484893799
    },
    "64": {
        "score": 3.763899564743042,
        "runtime": 0.8139991760253906
    },
    "65": {
        "score": 3.998300075531006,
        "runtime": 0.7849986553192139
    },
    "66": {
        "score": 3.7593417167663574,
        "runtime": 0.7699508666992188
    },
    "67": {
        "score": 3.6951253414154053,
        "runtime": 0.8165216445922852
    },
    "68": {
        "score": 3.9582393169403076,
        "runtime": 0.75
    },
    "69": {
        "score": 3.6501429080963135,
        "runtime": 0.7739994525909424
    },
    "70": {
        "score": 3.571722984313965,
        "runtime": 0.7890017032623291
    },
    "71": {
        "score": 3.6524572372436523,
        "runtime": 0.8029987812042236
    },
    "72": {
        "score": 4.327773571014404,
        "runtime": 0.7744827270507812
    },
    "73": {
        "score": 3.831160306930542,
        "runtime": 0.7630014419555664
    },
    "74": {
        "score": 3.975198984146118,
        "runtime": 0.7859995365142822
    },
    "75": {
        "score": 4.153078079223633,
        "runtime": 0.7660000324249268
    },
    "76": {
        "score": 3.6901931762695312,
        "runtime": 0.7949979305267334
    },
    "77": {
        "score": 3.96547269821167,
        "runtime": 0.7810003757476807
    },
    "78": {
        "score": 4.144110679626465,
        "runtime": 0.8109748363494873
    },
    "79": {
        "score": 3.8339178562164307,
        "runtime": 0.7710006237030029
    },
    "80": {
        "score": 3.185774803161621,
        "runtime": 0.7980010509490967
    },
    "81": {
        "score": 4.092862606048584,
        "runtime": 0.7839999198913574
    },
    "82": {
        "score": 3.753692388534546,
        "runtime": 0.7980003356933594
    },
    "83": {
        "score": 3.47387957572937,
        "runtime": 0.7830007076263428
    },
    "84": {
        "score": 3.977057695388794,
        "runtime": 0.7639987468719482
    },
    "85": {
        "score": 3.9487624168395996,
        "runtime": 0.7760012149810791
    },