{
    "0": {
        "score": 3.663829803466797,
        "runtime": 0.8129992485046387
    },
    "1": {
        "score": 3.761995553970337,
        "runtime": 0.8000006675720215
    },
    "2": {
        "score": 3.7796685695648193,
        "runtime": 0.755997896194458
    },
    "3": {
        "score": 4.167393207550049,
        "runtime": 0.7689988613128662
    },
    "4": {
        "score": 3.4315569400787354,
        "runtime": 0.8180015087127686
    },
    "5": {
        "score": 3.860729455947876,
        "runtime": 0.7609989643096924
    },
    "6": {
        "score": 3.8685247898101807,
        "runtime": 0.7699975967407227
    },
    "7": {
        "score": 3.951625347137451,
        "runtime": 0.7620017528533936
    },
    "8": {
        "score": 4.128917694091797,
        "runtime": 0.7590022087097168
    },
    "9": {
        "score": 4.006816864013672,
        "runtime": 0.8090019226074219
    },
    "10": {
        "score": 3.778759479522705,
        "runtime": 0.7939996719360352
    },
    "11": {
        "score": 3.845571279525757,
        "runtime": 0.8039989471435547
    },
    "12": {
        "score": 4.087907791137695,
        "runtime": 0.8150005340576172
    },
    "13": {
        "score": 3.7108867168426514,
        "runtime": 0.799001932144165
    },
    "14": {
        "score": 4.372614860534668,
        "runtime": 0.8299999237060547
    },
    "15": {
        "score": 3.9959185123443604,
        "runtime": 0.7905144691467285
    },
    "16": {
        "score": 4.209713935852051,
        "runtime": 0.8050007820129395
    },
    "17": {
        "score": 3.341623067855835,
        "runtime": 0.8400003910064697
    },
    "18": {
        "score": 3.703400135040283,
        "runtime": 0.7840006351470947
    },
    "19": {
        "score": 3.8638968467712402,
        "runtime": 0.790001392364502
    },
    "20": {
        "score": 3.877220630645752,
        "runtime": 0.8290014266967773
    },
    "21": {
        "score": 3.4828336238861084,
        "runtime": 0.7580010890960693
    },
    "22": {
        "score": 3.8590354919433594,
        "runtime": 0.8179996013641357
    },
    "23": {
        "score": 4.350894927978516,
        "runtime": 0.7975125312805176
    },
    "24": {
        "score": 4.068873405456543,
        "runtime": 0.792996883392334
    },
    "25": {
        "score": 3.8711776733398438,
        "runtime": 0.8030006885528564
    },
    "26": {
        "score": 4.578735828399658,
        "runtime": 0.8060028553009033
    },
    "27": {
        "score": 3.749234199523926,
        "runtime": 0.7815248966217041
    },
    "28": {
        "score": 3.308075189590454,
        "runtime": 0.7999997138977051
    },
    "29": {
        "score": 3.9138457775115967,
        "runtime": 0.7929978370666504
    },
    "30": {
        "score": 3.8944716453552246,
        "runtime": 0.7780020236968994
    },
    "31": {
        "score": 3.209815263748169,
        "runtime": 0.7950015068054199
    },
    "32": {
        "score": 4.040256023406982,
        "runtime": 0.7839527130126953
    },
    "33": {
        "score": 4.225244998931885,
        "runtime": 0.807999849319458
    },
    "34": {
        "score": 4.319533824920654,
        "runtime": 0.7909653186798096
    },
    "35": {
        "score": 4.384587287902832,
        "runtime": 0.7700002193450928
    },
    "36": {
        "score": 4.009539604187012,
        "runtime": 0.8669998645782471
    },
    "37": {
        "score": 3.717787742614746,
        "runtime": 0.7755160331726074
    },
    "38": {
        "score": 3.8553545475006104,
        "runtime": 0.8070003986358643
    },
    "39": {
        "score": 4.187337398529053,
        "runtime": 0.7805225849151611
    },
    "40": {
        "score": 3.9290759563446045,
        "runtime": 0.8085165023803711
    },
    "41": {
        "score": 3.9975218772888184,
        "runtime": 0.7927186489105225
    },
    "42": {
        "score": 3.5343122482299805,
        "runtime": 0.7729995250701904
    },
    "43": {
        "score": 3.28609299659729,
        "runtime": 0.8070015907287598
    },
    "44": {
        "score": 3.92326021194458,
        "runtime": 0.7950000762939453
    },
    "45": {
        "score": 3.6989119052886963,
        "runtime": 0.762000322341919
    },
    "46": {
        "score": 4.148586750030518,
        "runtime": 0.7859976291656494
    },
    "47": {
        "score": 3.721055507659912,
        "runtime": 0.7649979591369629
    },
    "48": {
        "score": 3.9390408992767334,
        "runtime": 0.8119995594024658
    },
    "49": {
        "score": 3.853579044342041,
        "runtime": 0.7959604263305664
    },
    "50": {
        "score": 3.8545479774475098,
        "runtime": 0.7939977645874023
    },
    "51": {
        "score": 3.6750454902648926,
        "runtime": 0.7775130271911621
    },
    "52": {
        "score": 3.5137431621551514,
        "runtime": 0.798999547958374
    },
    "53": {
        "score": 4.114353656768799,
        "runtime": 0.8020017147064209
    },
    "54": {
        "score": 3.9248223304748535,
        "runtime": 0.8149991035461426
    },
    "55": {
        "score": 3.632526397705078,
        "runtime": 0.7790000438690186
    },
    "56": {
        "score": 4.036168098449707,
        "runtime": 0.7460007667541504
    },
    "57": {
        "score": 3.789414405822754,
        "runtime": 0.7659578323364258
    },
    "58": {
        "score": 3.9642252922058105,
        "runtime": 0.7869999408721924
    },
    "59": {
        "score": 3.9368135929107666,
        "runtime": 0.8459994792938232
    },
    "60": {
        "score": 3.8553426265716553,
        "runtime": 0.7907204627990723
    },
    "61": {
        "score": 3.1804888248443604,
        "runtime": 0.7799971103668213
    },
    "62": {
        "score": 4.034071922302246,
        "runtime": 0.7979986667633057
    },
    "63": {
        "score": 4.115477085113525,
        "runtime": 0.8179993629455566
    },
    "64": {
        "score": 3.763899564743042,
        "runtime": 0.8050031661987305
    },
    "65": {
        "score": 3.998300075531006,
        "runtime": 0.8099982738494873
    },
    "66": {
        "score": 3.7593417167663574,
        "runtime": 0.7680017948150635
    },
    "67": {
        "score": 3.6951253414154053,
        "runtime": 0.7855207920074463
    },
    "68": {
        "score": 4.000242233276367,
        "runtime": 0.7640018463134766
    },
    "69": {
        "score": 3.6501429080963135,
        "runtime": 0.7820005416870117
    },
    "70": {
        "score": 3.571722984313965,
        "runtime": 0.8000004291534424
    },
    "71": {
        "score": 3.6524572372436523,
        "runtime": 0.7849748134613037
    },
    "72": {
        "score": 4.327773571014404,
        "runtime": 0.7860019207000732
    },
    "73": {
        "score": 3.780745267868042,
        "runtime": 0.8170006275177002
    },
    "74": {
        "score": 3.9664056301116943,
        "runtime": 0.7640013694763184
    },
    "75": {
        "score": 4.156336307525635,
        "runtime": 0.8059999942779541
    },
    "76": {
        "score": 3.6901931762695312,
        "runtime": 0.7655251026153564
    },
    "77": {
        "score": 3.96547269821167,
        "runtime": 0.7665162086486816
    },
    "78": {
        "score": 4.173035144805908,
        "runtime": 0.7669997215270996
    },
    "79": {
        "score": 3.845454692840576,
        "runtime": 0.8089709281921387
    },
    "80": {
        "score": 3.185774803161621,
        "runtime": 0.7990002632141113
    },
    "81": {
        "score": 4.09826135635376,
        "runtime": 0.7839999198913574
    },
    "82": {
        "score": 4.092581272125244,
        "runtime": 0.8045263290405273
    },
    "83": {
        "score": 3.4756152629852295,
        "runtime": 0.7809975147247314
    },
    "84": {
        "score": 3.980363368988037,
        "runtime": 0.7879984378814697
    },
    "85": {
        "score": 3.9487624168395996,