{
    "0": {
        "score": 11.369906425476074,
        "runtime": 21.46001362800598
    },
    "1": {
        "score": 11.369906425476074,
        "runtime": 21.471001863479614
    },
    "2": {
        "score": 11.369906425476074,
        "runtime": 21.460001945495605
    },
    "3": {
        "score": 11.369906425476074,
        "runtime": 21.925997734069824
    },
    "4": {
        "score": 11.369906425476074,
        "runtime": 21.57200002670288
    },
    "5": {
        "score": 11.369906425476074,
        "runtime": 21.586001873016357
    },
    "6": {
        "score": 11.369906425476074,
        "runtime": 21.227999925613403
    },
    "7": {
        "score": 11.369906425476074,
        "runtime": 21.80899953842163
    },
    "8": {
        "score": 11.369906425476074,
        "runtime": 21.625000953674316
    },
    "9": {
        "score": 11.369906425476074,
        "runtime": 21.37799859046936
    },
    "10": {
        "score": 11.369906425476074,
        "runtime": 21.38800311088562
    },
    "11": {
        "score": 11.369906425476074,
        "runtime": 21.465022563934326
    },
    "12": {
        "score": 11.369906425476074,
        "runtime": 21.457000255584717
    },
    "13": {
        "score": 11.369906425476074,
        "runtime": 21.840999603271484
    },
    "14": {
        "score": 11.369906425476074,
        "runtime": 21.260000467300415
    },
    "15": {
        "score": 11.369906425476074,
        "runtime": 21.486999988555908
    },
    "16": {
        "score": 11.369906425476074,
        "runtime": 21.511999368667603
    },
    "17": {
        "score": 11.369906425476074,
        "runtime": 21.092000484466553
    },
    "18": {
        "score": 11.369906425476074,
        "runtime": 21.400999546051025
    },
    "19": {
        "score": 11.369906425476074,
        "runtime": 21.431999921798706
    },
    "20": {
        "score": 11.369906425476074,
        "runtime": 21.333999156951904
    },
    "21": {
        "score": 11.369906425476074,
        "runtime": 21.466001510620117
    },
    "22": {
        "score": 11.369906425476074,
        "runtime": 21.655002117156982
    },
    "23": {
        "score": 11.369906425476074,
        "runtime": 21.43999695777893
    },
    "24": {
        "score": 11.369906425476074,
        "runtime": 21.387015104293823
    },
    "25": {
        "score": 11.369906425476074,
        "runtime": 21.39400029182434
    },
    "26": {
        "score": 11.369906425476074,
        "runtime": 21.649999141693115
    },
    "27": {
        "score": 11.369906425476074,
        "runtime": 21.73800039291382
    },
    "28": {
        "score": 11.369906425476074,
        "runtime": 21.68899965286255
    },
    "29": {
        "score": 11.296998977661133,
        "runtime": 21.429375648498535
    },
    "30": {
        "score": 11.369906425476074,
        "runtime": 22.20099973678589
    },
    "31": {
        "score": 11.369906425476074,
        "runtime": 21.465001106262207
    },
    "32": {
        "score": 11.369906425476074,
        "runtime": 21.530001401901245
    },
    "33": {
        "score": 11.369906425476074,
        "runtime": 21.231013536453247
    },
    "34": {
        "score": 11.369906425476074,
        "runtime": 21.32200026512146
    },
    "35": {
        "score": 11.369906425476074,
        "runtime": 21.274999856948853
    },
    "36": {
        "score": 11.369906425476074,
        "runtime": 21.722026586532593
    },
    "37": {
        "score": 11.369906425476074,
        "runtime": 21.52450132369995
    },
    "38": {
        "score": 11.369906425476074,
        "runtime": 21.84500026702881
    },
    "39": {
        "score": 11.369906425476074,
        "runtime": 21.24400019645691
    },
    "40": {
        "score": 11.369906425476074,
        "runtime": 21.79701542854309
    },
    "41": {
        "score": 11.369906425476074,
        "runtime": 21.56899905204773
    },
    "42": {
        "score": 11.369906425476074,
        "runtime": 21.938998699188232
    },
    "43": {
        "score": 11.369906425476074,
        "runtime": 21.55499839782715
    },
    "44": {
        "score": 11.369906425476074,
        "runtime": 21.431002378463745
    },
    "45": {
        "score": 11.369906425476074,
        "runtime": 21.627999305725098
    },
    "46": {
        "score": 11.369906425476074,
        "runtime": 21.317002773284912
    },
    "47": {
        "score": 11.369906425476074,
        "runtime": 21.458003759384155
    },
    "48": {
        "score": 11.369906425476074,
        "runtime": 21.50600004196167
    },
    "49": {
        "score": 11.369906425476074,
        "runtime": 21.296998739242554
    },
    "50": {
        "score": 11.369906425476074,
        "runtime": 21.35899806022644
    },
    "51": {
        "score": 11.369906425476074,
        "runtime": 21.812002182006836
    },
    "52": {
        "score": 11.369906425476074,
        "runtime": 21.98900032043457
    },
    "53": {
        "score": 11.369906425476074,
        "runtime": 21.90399932861328
    },
    "54": {
        "score": 11.369906425476074,
        "runtime": 22.8740017414093
    },
    "55": {
        "score": 11.369906425476074,
        "runtime": 21.620999813079834
    },
    "56": {
        "score": 11.369906425476074,
        "runtime": 21.705999851226807
    },
    "57": {
        "score": 11.369906425476074,
        "runtime": 21.31700038909912
    },
    "58": {
        "score": 11.369906425476074,
        "runtime": 21.23400044441223
    },
    "59": {
        "score": 11.369906425476074,
        "runtime": 21.636033535003662
    },
    "60": {
        "score": 11.369906425476074,
        "runtime": 21.27101755142212
    },
    "61": {
        "score": 11.369906425476074,
        "runtime": 21.321000337600708
    },
    "62": {
        "score": 11.369906425476074,
        "runtime": 21.292999505996704
    },
    "63": {
        "score": 11.369906425476074,
        "runtime": 21.453001260757446
    },
    "64": {
        "score": 11.369906425476074,
        "runtime": 21.416471004486084
    },
    "65": {
        "score": 11.369906425476074,
        "runtime": 21.649998903274536
    },
    "66": {
        "score": 11.369906425476074,
        "runtime": 21.4320011138916
    },
    "67": {
        "score": 11.369906425476074,
        "runtime": 21.67099905014038
    },
    "68": {
        "score": 11.369906425476074,
        "runtime": 21.801998615264893
    },
    "69": {
        "score": 11.369906425476074,
        "runtime": 21.654003143310547
    },
    "70": {
        "score": 11.369906425476074,
        "runtime": 21.48800039291382
    },
    "71": {
        "score": 11.369906425476074,
        "runtime": 21.28800058364868
    },
    "72": {
        "score": 11.369906425476074,
        "runtime": 21.264044523239136
    },
    "73": {
        "score": 11.369906425476074,
        "runtime": 21.27999973297119
    },
    "74": {
        "score": 11.369906425476074,
        "runtime": 21.657999753952026
    },
    "75": {
        "score": 11.369906425476074,
        "runtime": 21.460002422332764
    },
    "76": {
        "score": 11.369906425476074,
        "runtime": 21.462000131607056
    },
    "77": {
        "score": 11.369906425476074,
        "runtime": 21.28499937057495
    },
    "78": {
        "score": 11.369906425476074,
        "runtime": 22.156627655029297
    },
    "79": {
        "score": 11.369906425476074,
        "runtime": 21.28200101852417
    },
    "80": {
        "score": 11.369906425476074,
        "runtime": 21.530998468399048
    },
    "81": {
        "score": 11.369906425476074,
        "runtime": 21.539997816085815
    },
    "82": {
        "score": 11.369906425476074,
        "runtime": 22.278001308441162
    },
    "83": {
        "score": 11.369906425476074,
        "runtime": 21.90000009536743
    },
    "84": {
        "score": 11.369906425476074,
        "runtime": 21.330999612808228
    },
    "85": {
        "score": 11.369906425476074,