{
    "0": {
        "score": 7.076577663421631,
        "runtime": 1.7559995651245117
    },
    "1": {
        "score": 7.076577663421631,
        "runtime": 1.7669990062713623
    },
    "2": {
        "score": 7.076577663421631,
        "runtime": 1.7229998111724854
    },
    "3": {
        "score": 7.076577663421631,
        "runtime": 1.6879980564117432
    },
    "4": {
        "score": 7.076577663421631,
        "runtime": 1.78200101852417
    },
    "5": {
        "score": 7.076577663421631,
        "runtime": 1.822998046875
    },
    "6": {
        "score": 7.076577663421631,
        "runtime": 1.7139973640441895
    },
    "7": {
        "score": 7.076577663421631,
        "runtime": 1.7480013370513916
    },
    "8": {
        "score": 7.076577663421631,
        "runtime": 1.7550010681152344
    },
    "9": {
        "score": 7.076577663421631,
        "runtime": 1.812999963760376
    },
    "10": {
        "score": 7.076577663421631,
        "runtime": 1.7280004024505615
    },
    "11": {
        "score": 7.076577663421631,
        "runtime": 1.7640008926391602
    },
    "12": {
        "score": 7.076577663421631,
        "runtime": 1.7009994983673096
    },
    "13": {
        "score": 7.076577663421631,
        "runtime": 1.7580015659332275
    },
    "14": {
        "score": 7.076577663421631,
        "runtime": 1.7649996280670166
    },
    "15": {
        "score": 7.076577663421631,
        "runtime": 1.7919981479644775
    },
    "16": {
        "score": 7.076577663421631,
        "runtime": 1.7250030040740967
    },
    "17": {
        "score": 7.076577663421631,
        "runtime": 1.757002830505371
    },
    "18": {
        "score": 7.076577663421631,
        "runtime": 1.762000560760498
    },
    "19": {
        "score": 7.076577663421631,
        "runtime": 1.7240021228790283
    },
    "20": {
        "score": 7.076577663421631,
        "runtime": 1.6750004291534424
    },
    "21": {
        "score": 7.076577663421631,
        "runtime": 1.7409999370574951
    },
    "22": {
        "score": 6.999544620513916,
        "runtime": 1.705998182296753
    },
    "23": {
        "score": 7.076577663421631,
        "runtime": 1.7500028610229492
    },
    "24": {
        "score": 7.076577663421631,
        "runtime": 1.7850010395050049
    },
    "25": {
        "score": 7.076577663421631,
        "runtime": 1.8269999027252197
    },
    "26": {
        "score": 7.076577663421631,
        "runtime": 1.6800034046173096
    },
    "27": {
        "score": 7.076577663421631,
        "runtime": 1.8260002136230469
    },
    "28": {
        "score": 7.076577663421631,
        "runtime": 1.7770004272460938
    },
    "29": {
        "score": 7.076577663421631,
        "runtime": 1.7890009880065918
    },
    "30": {
        "score": 7.076577663421631,
        "runtime": 1.7359991073608398
    },
    "31": {
        "score": 7.076577663421631,
        "runtime": 1.7709975242614746
    },
    "32": {
        "score": 7.076577663421631,
        "runtime": 1.7309985160827637
    },
    "33": {
        "score": 7.076577663421631,
        "runtime": 1.753999948501587
    },
    "34": {
        "score": 7.076577663421631,
        "runtime": 1.6830008029937744
    },
    "35": {
        "score": 7.076577663421631,
        "runtime": 1.7080016136169434
    },
    "36": {
        "score": 7.076577663421631,
        "runtime": 1.7569992542266846
    },
    "37": {
        "score": 7.076577663421631,
        "runtime": 1.7990000247955322
    },
    "38": {
        "score": 7.076577663421631,
        "runtime": 1.837000846862793
    },
    "39": {
        "score": 7.076577663421631,
        "runtime": 1.7939987182617188
    },
    "40": {
        "score": 7.076577663421631,
        "runtime": 1.8009998798370361
    },
    "41": {
        "score": 7.076577663421631,
        "runtime": 1.7670009136199951
    },
    "42": {
        "score": 7.076577663421631,
        "runtime": 1.7869973182678223
    },
    "43": {
        "score": 7.076577663421631,
        "runtime": 1.6729965209960938
    },
    "44": {
        "score": 7.076577663421631,
        "runtime": 1.7139995098114014
    },
    "45": {
        "score": 7.076577663421631,
        "runtime": 1.7390003204345703
    },
    "46": {
        "score": 7.076577663421631,
        "runtime": 1.7169997692108154
    },
    "47": {
        "score": 7.076577663421631,
        "runtime": 1.738001823425293
    },
    "48": {
        "score": 7.076577663421631,
        "runtime": 1.7350001335144043
    },
    "49": {
        "score": 7.076577663421631,
        "runtime": 1.7699995040893555
    },
    "50": {
        "score": 7.076577663421631,
        "runtime": 1.7449982166290283
    },
    "51": {
        "score": 7.076577663421631,
        "runtime": 1.782001256942749
    },
    "52": {
        "score": 7.076577663421631,
        "runtime": 1.7589974403381348
    },
    "53": {
        "score": 7.076577663421631,
        "runtime": 1.7720015048980713
    },
    "54": {
        "score": 7.076577663421631,
        "runtime": 1.7339982986450195
    },
    "55": {
        "score": 7.076577663421631,
        "runtime": 1.7269985675811768
    },
    "56": {
        "score": 7.076577663421631,
        "runtime": 1.7410004138946533
    },
    "57": {
        "score": 7.076577663421631,
        "runtime": 1.749997854232788
    },
    "58": {
        "score": 7.076577663421631,
        "runtime": 1.7600009441375732
    },
    "59": {
        "score": 7.076577663421631,
        "runtime": 1.7019991874694824
    },
    "60": {
        "score": 7.076577663421631,
        "runtime": 1.6960022449493408
    },
    "61": {
        "score": 7.076577663421631,
        "runtime": 1.739999532699585
    },
    "62": {
        "score": 7.076577663421631,
        "runtime": 1.7509994506835938
    },
    "63": {
        "score": 7.076577663421631,
        "runtime": 1.7700026035308838
    },
    "64": {
        "score": 7.076577663421631,
        "runtime": 1.680001974105835
    },
    "65": {
        "score": 7.076577663421631,
        "runtime": 1.7529997825622559
    },
    "66": {
        "score": 7.076577663421631,
        "runtime": 1.779999017715454
    },
    "67": {
        "score": 7.076577663421631,
        "runtime": 1.7689976692199707
    },
    "68": {
        "score": 7.076577663421631,
        "runtime": 1.744999885559082
    },
    "69": {
        "score": 7.076577663421631,
        "runtime": 1.7939999103546143
    },
    "70": {
        "score": 7.076577663421631,
        "runtime": 1.7690021991729736
    },
    "71": {
        "score": 7.076577663421631,
        "runtime": 1.710998296737671
    },
    "72": {
        "score": 7.076577663421631,
        "runtime": 1.66599702835083
    },
    "73": {
        "score": 7.076577663421631,
        "runtime": 1.6609981060028076
    },
    "74": {
        "score": 7.076577663421631,
        "runtime": 1.7889995574951172
    },
    "75": {
        "score": 7.076577663421631,
        "runtime": 1.7479987144470215
    },
    "76": {
        "score": 7.076577663421631,
        "runtime": 1.724001169204712
    },
    "77": {
        "score": 7.076577663421631,
        "runtime": 1.773000955581665
    },
    "78": {
        "score": 7.076577663421631,
        "runtime": 1.689002275466919
    },
    "79": {
        "score": 7.076577663421631,
        "runtime": 1.7769978046417236
    },
    "80": {
        "score": 7.076577663421631,
        "runtime": 1.7230010032653809
    },
    "81": {
        "score": 7.076577663421631,
        "runtime": 1.7740023136138916
    },
    "82": {
        "score": 7.076577663421631,
        "runtime": 1.7929985523223877
    },
    "83": {
        "score": 7.076577663421631,
        "runtime": 1.8019981384277344
    },
    "84": {
        "score": 7.076577663421631,
        "runtime": 1.7880022525787354
    },
    "85": {
        "score": 7.076577663421631,
        "runtime": 1.7610018253326416
    },