{
    "0": {
        "score": 6.624468803405762,
        "runtime": 1.6220016479492188
    },
    "1": {
        "score": 6.624468803405762,
        "runtime": 1.6759984493255615
    },
    "2": {
        "score": 6.624468803405762,
        "runtime": 1.619997501373291
    },
    "3": {
        "score": 6.624468803405762,
        "runtime": 1.7100012302398682
    },
    "4": {
        "score": 6.624468803405762,
        "runtime": 1.7280004024505615
    },
    "5": {
        "score": 6.624468803405762,
        "runtime": 1.6789984703063965
    },
    "6": {
        "score": 6.624468803405762,
        "runtime": 1.738996982574463
    },
    "7": {
        "score": 6.624468803405762,
        "runtime": 1.7090001106262207
    },
    "8": {
        "score": 6.624468803405762,
        "runtime": 1.6969997882843018
    },
    "9": {
        "score": 6.624468803405762,
        "runtime": 1.7589974403381348
    },
    "10": {
        "score": 6.624468803405762,
        "runtime": 1.7589986324310303
    },
    "11": {
        "score": 6.624468803405762,
        "runtime": 1.7409980297088623
    },
    "12": {
        "score": 6.624468803405762,
        "runtime": 1.6969974040985107
    },
    "13": {
        "score": 6.624468803405762,
        "runtime": 1.6469995975494385
    },
    "14": {
        "score": 6.624468803405762,
        "runtime": 1.6750001907348633
    },
    "15": {
        "score": 6.624468803405762,
        "runtime": 1.7349967956542969
    },
    "16": {
        "score": 6.624468803405762,
        "runtime": 1.7290010452270508
    },
    "17": {
        "score": 6.624468803405762,
        "runtime": 1.7449991703033447
    },
    "18": {
        "score": 6.624468803405762,
        "runtime": 1.6299996376037598
    },
    "19": {
        "score": 6.624468803405762,
        "runtime": 1.7079994678497314
    },
    "20": {
        "score": 6.624468803405762,
        "runtime": 1.6919996738433838
    },
    "21": {
        "score": 6.624468803405762,
        "runtime": 1.7819995880126953
    },
    "22": {
        "score": 6.624468803405762,
        "runtime": 1.6869971752166748
    },
    "23": {
        "score": 6.624468803405762,
        "runtime": 1.65800142288208
    },
    "24": {
        "score": 6.624468803405762,
        "runtime": 1.7070002555847168
    },
    "25": {
        "score": 6.624468803405762,
        "runtime": 1.7010016441345215
    },
    "26": {
        "score": 6.624468803405762,
        "runtime": 1.653998613357544
    },
    "27": {
        "score": 6.624468803405762,
        "runtime": 1.7260026931762695
    },
    "28": {
        "score": 6.624468803405762,
        "runtime": 1.762998104095459
    },
    "29": {
        "score": 6.624468803405762,
        "runtime": 1.6580004692077637
    },
    "30": {
        "score": 6.624468803405762,
        "runtime": 1.7230017185211182
    },
    "31": {
        "score": 6.624468803405762,
        "runtime": 1.6719999313354492
    },
    "32": {
        "score": 6.624468803405762,
        "runtime": 1.7109990119934082
    },
    "33": {
        "score": 6.624468803405762,
        "runtime": 1.6959998607635498
    },
    "34": {
        "score": 6.624468803405762,
        "runtime": 1.7260000705718994
    },
    "35": {
        "score": 6.624468803405762,
        "runtime": 1.6880009174346924
    },
    "36": {
        "score": 6.624468803405762,
        "runtime": 1.7669994831085205
    },
    "37": {
        "score": 6.624468803405762,
        "runtime": 1.7150020599365234
    },
    "38": {
        "score": 6.624468803405762,
        "runtime": 1.7389991283416748
    },
    "39": {
        "score": 6.624468803405762,
        "runtime": 1.6850018501281738
    },
    "40": {
        "score": 6.624468803405762,
        "runtime": 1.7159998416900635
    },
    "41": {
        "score": 6.624468803405762,
        "runtime": 1.7610023021697998
    },
    "42": {
        "score": 6.624468803405762,
        "runtime": 1.6800010204315186
    },
    "43": {
        "score": 6.624468803405762,
        "runtime": 1.7670009136199951
    },
    "44": {
        "score": 6.624468803405762,
        "runtime": 1.7580018043518066
    },
    "45": {
        "score": 6.624468803405762,
        "runtime": 1.7100002765655518
    },
    "46": {
        "score": 6.624468803405762,
        "runtime": 1.6679999828338623
    },
    "47": {
        "score": 6.624468803405762,
        "runtime": 1.6739985942840576
    },
    "48": {
        "score": 6.624468803405762,
        "runtime": 1.7550010681152344
    },
    "49": {
        "score": 6.624468803405762,
        "runtime": 1.6729981899261475
    },
    "50": {
        "score": 6.624468803405762,
        "runtime": 1.6959991455078125
    },
    "51": {
        "score": 6.624468803405762,
        "runtime": 1.7389984130859375
    },
    "52": {
        "score": 6.624468803405762,
        "runtime": 1.6849987506866455
    },
    "53": {
        "score": 6.624468803405762,
        "runtime": 1.6909985542297363
    },
    "54": {
        "score": 6.624468803405762,
        "runtime": 1.6989994049072266
    },
    "55": {
        "score": 6.624468803405762,
        "runtime": 1.7409985065460205
    },
    "56": {
        "score": 6.624468803405762,
        "runtime": 1.6989974975585938
    },
    "57": {
        "score": 6.624468803405762,
        "runtime": 1.7159984111785889
    },
    "58": {
        "score": 6.624468803405762,
        "runtime": 1.6850008964538574
    },
    "59": {
        "score": 6.624468803405762,
        "runtime": 1.6809971332550049
    },
    "60": {
        "score": 6.624468803405762,
        "runtime": 1.7650024890899658
    },
    "61": {
        "score": 6.624468803405762,
        "runtime": 1.6920015811920166
    },
    "62": {
        "score": 6.624468803405762,
        "runtime": 1.7189981937408447
    },
    "63": {
        "score": 6.624468803405762,
        "runtime": 1.6680033206939697
    },
    "64": {
        "score": 6.624468803405762,
        "runtime": 1.6880016326904297
    },
    "65": {
        "score": 6.624468803405762,
        "runtime": 1.674999475479126
    },
    "66": {
        "score": 6.624468803405762,
        "runtime": 1.7359986305236816
    },
    "67": {
        "score": 6.624468803405762,
        "runtime": 1.68399977684021
    },
    "68": {
        "score": 6.624468803405762,
        "runtime": 1.6859991550445557
    },
    "69": {
        "score": 6.624468803405762,
        "runtime": 1.7190005779266357
    },
    "70": {
        "score": 6.624468803405762,
        "runtime": 1.6640005111694336
    },
    "71": {
        "score": 6.624468803405762,
        "runtime": 1.6989994049072266
    },
    "72": {
        "score": 6.624468803405762,
        "runtime": 1.7640020847320557
    },
    "73": {
        "score": 6.624468803405762,
        "runtime": 1.7499990463256836
    },
    "74": {
        "score": 6.624468803405762,
        "runtime": 1.6669976711273193
    },
    "75": {
        "score": 6.624468803405762,
        "runtime": 1.710998773574829
    },
    "76": {
        "score": 6.624468803405762,
        "runtime": 1.7110011577606201
    },
    "77": {
        "score": 6.624468803405762,
        "runtime": 1.7600016593933105
    },
    "78": {
        "score": 6.624468803405762,
        "runtime": 1.7230021953582764
    },
    "79": {
        "score": 6.624468803405762,
        "runtime": 1.6929996013641357
    },
    "80": {
        "score": 6.624468803405762,
        "runtime": 1.648003339767456
    },
    "81": {
        "score": 6.624468803405762,
        "runtime": 1.7609999179840088
    },
    "82": {
        "score": 6.624468803405762,
        "runtime": 1.7470016479492188
    },
    "83": {
        "score": 6.624468803405762,
        "runtime": 1.7239973545074463
    },
    "84": {
        "score": 6.624468803405762,
        "runtime": 1.7129974365234375
    },
    "85": {
        "score": 6.624468803405762,
        "runtime": 1.7449989318847656
    },