{
    "0": {
        "score": 6.631352424621582,
        "runtime": 1.6739988327026367
    },
    "1": {
        "score": 6.631352424621582,
        "runtime": 1.7410001754760742
    },
    "2": {
        "score": 6.631352424621582,
        "runtime": 1.701997995376587
    },
    "3": {
        "score": 6.631352424621582,
        "runtime": 1.7329998016357422
    },
    "4": {
        "score": 6.631352424621582,
        "runtime": 1.679002046585083
    },
    "5": {
        "score": 6.631352424621582,
        "runtime": 1.7429983615875244
    },
    "6": {
        "score": 6.631352424621582,
        "runtime": 1.7030003070831299
    },
    "7": {
        "score": 6.631352424621582,
        "runtime": 1.7430007457733154
    },
    "8": {
        "score": 6.631352424621582,
        "runtime": 1.7419986724853516
    },
    "9": {
        "score": 6.631352424621582,
        "runtime": 1.6370000839233398
    },
    "10": {
        "score": 6.631352424621582,
        "runtime": 1.7259986400604248
    },
    "11": {
        "score": 6.631352424621582,
        "runtime": 1.7300004959106445
    },
    "12": {
        "score": 6.631352424621582,
        "runtime": 1.7300004959106445
    },
    "13": {
        "score": 6.631352424621582,
        "runtime": 1.7030003070831299
    },
    "14": {
        "score": 6.631352424621582,
        "runtime": 1.718000888824463
    },
    "15": {
        "score": 6.631352424621582,
        "runtime": 1.647000789642334
    },
    "16": {
        "score": 6.631352424621582,
        "runtime": 1.7300028800964355
    },
    "17": {
        "score": 6.631352424621582,
        "runtime": 1.712001085281372
    },
    "18": {
        "score": 6.631352424621582,
        "runtime": 1.7200002670288086
    },
    "19": {
        "score": 6.631352424621582,
        "runtime": 1.7460002899169922
    },
    "20": {
        "score": 6.631352424621582,
        "runtime": 1.7369990348815918
    },
    "21": {
        "score": 6.631352424621582,
        "runtime": 1.673999309539795
    },
    "22": {
        "score": 6.631352424621582,
        "runtime": 1.8020029067993164
    },
    "23": {
        "score": 6.631352424621582,
        "runtime": 1.6710007190704346
    },
    "24": {
        "score": 6.631352424621582,
        "runtime": 1.7360002994537354
    },
    "25": {
        "score": 6.631352424621582,
        "runtime": 1.7099997997283936
    },
    "26": {
        "score": 6.631352424621582,
        "runtime": 1.7550017833709717
    },
    "27": {
        "score": 6.631352424621582,
        "runtime": 1.7239980697631836
    },
    "28": {
        "score": 6.631352424621582,
        "runtime": 1.7810001373291016
    },
    "29": {
        "score": 6.631352424621582,
        "runtime": 1.7279994487762451
    },
    "30": {
        "score": 6.631352424621582,
        "runtime": 1.6620008945465088
    },
    "31": {
        "score": 6.631352424621582,
        "runtime": 1.7519996166229248
    },
    "32": {
        "score": 6.631352424621582,
        "runtime": 1.6780016422271729
    },
    "33": {
        "score": 6.631352424621582,
        "runtime": 1.7370014190673828
    },
    "34": {
        "score": 6.631352424621582,
        "runtime": 1.7099993228912354
    },
    "35": {
        "score": 6.631352424621582,
        "runtime": 1.6759998798370361
    },
    "36": {
        "score": 6.631352424621582,
        "runtime": 1.7549974918365479
    },
    "37": {
        "score": 6.631352424621582,
        "runtime": 1.7089989185333252
    },
    "38": {
        "score": 6.631352424621582,
        "runtime": 1.6450002193450928
    },
    "39": {
        "score": 6.631352424621582,
        "runtime": 1.7229998111724854
    },
    "40": {
        "score": 6.631352424621582,
        "runtime": 1.6690027713775635
    },
    "41": {
        "score": 6.631352424621582,
        "runtime": 1.6979992389678955
    },
    "42": {
        "score": 6.631352424621582,
        "runtime": 1.7210023403167725
    },
    "43": {
        "score": 6.631352424621582,
        "runtime": 1.720998764038086
    },
    "44": {
        "score": 6.631352424621582,
        "runtime": 1.7250032424926758
    },
    "45": {
        "score": 6.631352424621582,
        "runtime": 1.712998867034912
    },
    "46": {
        "score": 6.631352424621582,
        "runtime": 1.6809971332550049
    },
    "47": {
        "score": 6.631352424621582,
        "runtime": 1.7620000839233398
    },
    "48": {
        "score": 6.631352424621582,
        "runtime": 1.6919994354248047
    },
    "49": {
        "score": 6.631352424621582,
        "runtime": 1.7520017623901367
    },
    "50": {
        "score": 6.631352424621582,
        "runtime": 1.7189998626708984
    },
    "51": {
        "score": 6.631352424621582,
        "runtime": 1.6960008144378662
    },
    "52": {
        "score": 6.631352424621582,
        "runtime": 1.7039999961853027
    },
    "53": {
        "score": 6.631352424621582,
        "runtime": 1.7059991359710693
    },
    "54": {
        "score": 6.631352424621582,
        "runtime": 1.7229969501495361
    },
    "55": {
        "score": 6.631352424621582,
        "runtime": 1.695000171661377
    },
    "56": {
        "score": 6.631352424621582,
        "runtime": 1.687000036239624
    },
    "57": {
        "score": 6.631352424621582,
        "runtime": 1.687000036239624
    },
    "58": {
        "score": 6.631352424621582,
        "runtime": 1.7279996871948242
    },
    "59": {
        "score": 6.631352424621582,
        "runtime": 1.6990020275115967
    },
    "60": {
        "score": 6.631352424621582,
        "runtime": 1.7130002975463867
    },
    "61": {
        "score": 6.631352424621582,
        "runtime": 1.7059988975524902
    },
    "62": {
        "score": 6.631352424621582,
        "runtime": 1.6320016384124756
    },
    "63": {
        "score": 6.631352424621582,
        "runtime": 1.699997901916504
    },
    "64": {
        "score": 6.631352424621582,
        "runtime": 1.7190003395080566
    },
    "65": {
        "score": 6.631352424621582,
        "runtime": 1.736001968383789
    },
    "66": {
        "score": 6.631352424621582,
        "runtime": 1.6840002536773682
    },
    "67": {
        "score": 6.631352424621582,
        "runtime": 1.7120003700256348
    },
    "68": {
        "score": 6.631352424621582,
        "runtime": 1.7070012092590332
    },
    "69": {
        "score": 6.631352424621582,
        "runtime": 1.717998743057251
    },
    "70": {
        "score": 6.631352424621582,
        "runtime": 1.7619976997375488
    },
    "71": {
        "score": 6.631352424621582,
        "runtime": 1.6400032043457031
    },
    "72": {
        "score": 6.631352424621582,
        "runtime": 1.6929991245269775
    },
    "73": {
        "score": 6.631352424621582,
        "runtime": 1.741001844406128
    },
    "74": {
        "score": 6.631352424621582,
        "runtime": 1.7059993743896484
    },
    "75": {
        "score": 6.631352424621582,
        "runtime": 1.7219996452331543
    },
    "76": {
        "score": 6.631352424621582,
        "runtime": 1.7970037460327148
    },
    "77": {
        "score": 6.631352424621582,
        "runtime": 1.741999864578247
    },
    "78": {
        "score": 6.631352424621582,
        "runtime": 1.678999900817871
    },
    "79": {
        "score": 6.631352424621582,
        "runtime": 1.6850006580352783
    },
    "80": {
        "score": 6.631352424621582,
        "runtime": 1.767000675201416
    },
    "81": {
        "score": 6.631352424621582,
        "runtime": 1.7110013961791992
    },
    "82": {
        "score": 6.631352424621582,
        "runtime": 1.6750006675720215
    },
    "83": {
        "score": 6.631352424621582,
        "runtime": 1.7529995441436768
    },
    "84": {
        "score": 6.631352424621582,
        "runtime": 1.7749998569488525
    },
    "85": {
        "score": 6.631352424621582,
        "runtime": 1.7579987049102783
    },