{
    "0": {
        "score": 6.631352424621582,
        "runtime": 1.6490001678466797
    },
    "1": {
        "score": 6.554319858551025,
        "runtime": 1.7210004329681396
    },
    "2": {
        "score": 6.554319858551025,
        "runtime": 1.6680004596710205
    },
    "3": {
        "score": 6.631352424621582,
        "runtime": 1.6579995155334473
    },
    "4": {
        "score": 6.554319858551025,
        "runtime": 1.6810007095336914
    },
    "5": {
        "score": 6.554319858551025,
        "runtime": 1.7089996337890625
    },
    "6": {
        "score": 6.631352424621582,
        "runtime": 1.680997610092163
    },
    "7": {
        "score": 6.554319858551025,
        "runtime": 1.7040021419525146
    },
    "8": {
        "score": 6.631352424621582,
        "runtime": 1.6830005645751953
    },
    "9": {
        "score": 6.631352424621582,
        "runtime": 1.7009968757629395
    },
    "10": {
        "score": 6.631352424621582,
        "runtime": 1.751997709274292
    },
    "11": {
        "score": 6.631352424621582,
        "runtime": 1.7009990215301514
    },
    "12": {
        "score": 6.554319858551025,
        "runtime": 1.7319979667663574
    },
    "13": {
        "score": 6.631352424621582,
        "runtime": 1.6779992580413818
    },
    "14": {
        "score": 6.554319858551025,
        "runtime": 1.6369988918304443
    },
    "15": {
        "score": 6.554319858551025,
        "runtime": 1.6689996719360352
    },
    "16": {
        "score": 6.631352424621582,
        "runtime": 1.696000576019287
    },
    "17": {
        "score": 6.554319858551025,
        "runtime": 1.6840009689331055
    },
    "18": {
        "score": 6.554319858551025,
        "runtime": 1.6310007572174072
    },
    "19": {
        "score": 6.631352424621582,
        "runtime": 1.6769990921020508
    },
    "20": {
        "score": 6.554319858551025,
        "runtime": 1.678001880645752
    },
    "21": {
        "score": 6.631352424621582,
        "runtime": 1.7209999561309814
    },
    "22": {
        "score": 6.554319858551025,
        "runtime": 1.7000012397766113
    },
    "23": {
        "score": 6.554319858551025,
        "runtime": 1.6910011768341064
    },
    "24": {
        "score": 6.554319858551025,
        "runtime": 1.7049992084503174
    },
    "25": {
        "score": 6.554319858551025,
        "runtime": 1.699000358581543
    },
    "26": {
        "score": 6.554319858551025,
        "runtime": 1.6879987716674805
    },
    "27": {
        "score": 6.554319858551025,
        "runtime": 1.6840019226074219
    },
    "28": {
        "score": 6.554319858551025,
        "runtime": 1.6839993000030518
    },
    "29": {
        "score": 6.554319858551025,
        "runtime": 1.643000841140747
    },
    "30": {
        "score": 6.554319858551025,
        "runtime": 1.7180023193359375
    },
    "31": {
        "score": 6.554319858551025,
        "runtime": 1.7430012226104736
    },
    "32": {
        "score": 6.554319858551025,
        "runtime": 1.7479994297027588
    },
    "33": {
        "score": 6.554319858551025,
        "runtime": 1.6700000762939453
    },
    "34": {
        "score": 6.554319858551025,
        "runtime": 1.6709988117218018
    },
    "35": {
        "score": 6.554319858551025,
        "runtime": 1.670999526977539
    },
    "36": {
        "score": 6.554319858551025,
        "runtime": 1.706998586654663
    },
    "37": {
        "score": 6.554319858551025,
        "runtime": 1.683002233505249
    },
    "38": {
        "score": 6.554319858551025,
        "runtime": 1.6970014572143555
    },
    "39": {
        "score": 6.554319858551025,
        "runtime": 1.6360023021697998
    },
    "40": {
        "score": 6.631352424621582,
        "runtime": 1.6959984302520752
    },
    "41": {
        "score": 6.631352424621582,
        "runtime": 1.7530009746551514
    },
    "42": {
        "score": 6.554319858551025,
        "runtime": 1.6800007820129395
    },
    "43": {
        "score": 6.554319858551025,
        "runtime": 1.763110637664795
    },
    "44": {
        "score": 6.554319858551025,
        "runtime": 1.7850024700164795
    },
    "45": {
        "score": 6.631352424621582,
        "runtime": 1.6650004386901855
    },
    "46": {
        "score": 6.631352424621582,
        "runtime": 1.7480015754699707
    },
    "47": {
        "score": 6.631352424621582,
        "runtime": 1.7189996242523193
    },
    "48": {
        "score": 6.554319858551025,
        "runtime": 1.6560015678405762
    },
    "49": {
        "score": 6.554319858551025,
        "runtime": 1.6559975147247314
    },
    "50": {
        "score": 6.554319858551025,
        "runtime": 1.6859989166259766
    },
    "51": {
        "score": 6.554319858551025,
        "runtime": 1.6490004062652588
    },
    "52": {
        "score": 6.554319858551025,
        "runtime": 1.7569983005523682
    },
    "53": {
        "score": 6.554319858551025,
        "runtime": 1.6930012702941895
    },
    "54": {
        "score": 6.631352424621582,
        "runtime": 1.7099997997283936
    },
    "55": {
        "score": 6.554319858551025,
        "runtime": 1.7079999446868896
    },
    "56": {
        "score": 6.554319858551025,
        "runtime": 1.71000075340271
    },
    "57": {
        "score": 6.554319858551025,
        "runtime": 1.732999563217163
    },
    "58": {
        "score": 6.554319858551025,
        "runtime": 1.7130017280578613
    },
    "59": {
        "score": 6.554319858551025,
        "runtime": 1.6879985332489014
    },
    "60": {
        "score": 6.631352424621582,
        "runtime": 1.679001808166504
    },
    "61": {
        "score": 6.554319858551025,
        "runtime": 1.6890015602111816
    },
    "62": {
        "score": 6.554319858551025,
        "runtime": 1.6860005855560303
    },
    "63": {
        "score": 6.554319858551025,
        "runtime": 1.65700101852417
    },
    "64": {
        "score": 6.554319858551025,
        "runtime": 1.663001537322998
    },
    "65": {
        "score": 6.554319858551025,
        "runtime": 1.8030004501342773
    },
    "66": {
        "score": 6.554319858551025,
        "runtime": 1.6689975261688232
    },
    "67": {
        "score": 6.631352424621582,
        "runtime": 1.7210006713867188
    },
    "68": {
        "score": 6.631352424621582,
        "runtime": 1.7249979972839355
    },
    "69": {
        "score": 6.554319858551025,
        "runtime": 1.6660001277923584
    },
    "70": {
        "score": 6.554319858551025,
        "runtime": 1.6319997310638428
    },
    "71": {
        "score": 6.554319858551025,
        "runtime": 1.655998706817627
    },
    "72": {
        "score": 6.554319858551025,
        "runtime": 1.6969995498657227
    },
    "73": {
        "score": 6.554319858551025,
        "runtime": 1.7000019550323486
    },
    "74": {
        "score": 6.554319858551025,
        "runtime": 1.6999998092651367
    },
    "75": {
        "score": 6.554319858551025,
        "runtime": 1.6250004768371582
    },
    "76": {
        "score": 6.631352424621582,
        "runtime": 1.716996431350708
    },
    "77": {
        "score": 6.554319858551025,
        "runtime": 1.6699998378753662
    },
    "78": {
        "score": 6.554319858551025,
        "runtime": 1.711003065109253
    },
    "79": {
        "score": 6.554319858551025,
        "runtime": 1.7629988193511963
    },
    "80": {
        "score": 6.554319858551025,
        "runtime": 1.7420001029968262
    },
    "81": {
        "score": 6.554319858551025,
        "runtime": 1.7430002689361572
    },
    "82": {
        "score": 6.554319858551025,
        "runtime": 1.7099976539611816
    },
    "83": {
        "score": 6.554319858551025,
        "runtime": 1.719999074935913
    },
    "84": {
        "score": 6.631352424621582,
        "runtime": 1.7529983520507812
    },
    "85": {
        "score": 6.554319858551025,
        "runtime": 1.7060024738311768
    },