{
    "0": {
        "score": 6.624468803405762,
        "runtime": 1.635000228881836
    },
    "1": {
        "score": 6.624468803405762,
        "runtime": 1.6700007915496826
    },
    "2": {
        "score": 6.624468803405762,
        "runtime": 1.688999891281128
    },
    "3": {
        "score": 6.624468803405762,
        "runtime": 1.7160022258758545
    },
    "4": {
        "score": 6.624468803405762,
        "runtime": 1.7019991874694824
    },
    "5": {
        "score": 6.624468803405762,
        "runtime": 1.6769988536834717
    },
    "6": {
        "score": 6.624468803405762,
        "runtime": 1.7009978294372559
    },
    "7": {
        "score": 6.624468803405762,
        "runtime": 1.6849985122680664
    },
    "8": {
        "score": 6.624468803405762,
        "runtime": 1.685997724533081
    },
    "9": {
        "score": 6.624468803405762,
        "runtime": 1.7180025577545166
    },
    "10": {
        "score": 6.624468803405762,
        "runtime": 1.7740015983581543
    },
    "11": {
        "score": 6.624468803405762,
        "runtime": 1.7319996356964111
    },
    "12": {
        "score": 6.624468803405762,
        "runtime": 1.6740005016326904
    },
    "13": {
        "score": 6.624468803405762,
        "runtime": 1.6870017051696777
    },
    "14": {
        "score": 6.624468803405762,
        "runtime": 1.7739992141723633
    },
    "15": {
        "score": 6.624468803405762,
        "runtime": 1.6889963150024414
    },
    "16": {
        "score": 6.624468803405762,
        "runtime": 1.696000099182129
    },
    "17": {
        "score": 6.624468803405762,
        "runtime": 1.6370007991790771
    },
    "18": {
        "score": 6.624468803405762,
        "runtime": 1.7270007133483887
    },
    "19": {
        "score": 6.624468803405762,
        "runtime": 1.7189974784851074
    },
    "20": {
        "score": 6.624468803405762,
        "runtime": 1.7410011291503906
    },
    "21": {
        "score": 6.624468803405762,
        "runtime": 1.690002202987671
    },
    "22": {
        "score": 6.624468803405762,
        "runtime": 1.6740014553070068
    },
    "23": {
        "score": 6.624468803405762,
        "runtime": 1.7020025253295898
    },
    "24": {
        "score": 6.624468803405762,
        "runtime": 1.7430000305175781
    },
    "25": {
        "score": 6.624468803405762,
        "runtime": 1.731999158859253
    },
    "26": {
        "score": 6.624468803405762,
        "runtime": 1.6810028553009033
    },
    "27": {
        "score": 6.624468803405762,
        "runtime": 1.6630001068115234
    },
    "28": {
        "score": 6.624468803405762,
        "runtime": 1.7600023746490479
    },
    "29": {
        "score": 6.624468803405762,
        "runtime": 1.7900004386901855
    },
    "30": {
        "score": 6.624468803405762,
        "runtime": 1.6549997329711914
    },
    "31": {
        "score": 6.624468803405762,
        "runtime": 1.6860005855560303
    },
    "32": {
        "score": 6.624468803405762,
        "runtime": 1.707998514175415
    },
    "33": {
        "score": 6.624468803405762,
        "runtime": 1.7219982147216797
    },
    "34": {
        "score": 6.624468803405762,
        "runtime": 1.7870001792907715
    },
    "35": {
        "score": 6.624468803405762,
        "runtime": 1.716998815536499
    },
    "36": {
        "score": 6.624468803405762,
        "runtime": 1.7110011577606201
    },
    "37": {
        "score": 6.624468803405762,
        "runtime": 1.6890027523040771
    },
    "38": {
        "score": 6.624468803405762,
        "runtime": 1.7059996128082275
    },
    "39": {
        "score": 6.624468803405762,
        "runtime": 1.719996690750122
    },
    "40": {
        "score": 6.624468803405762,
        "runtime": 1.6909995079040527
    },
    "41": {
        "score": 6.624468803405762,
        "runtime": 1.690000057220459
    },
    "42": {
        "score": 6.624468803405762,
        "runtime": 1.7070002555847168
    },
    "43": {
        "score": 6.624468803405762,
        "runtime": 1.741999864578247
    },
    "44": {
        "score": 6.624468803405762,
        "runtime": 1.7589993476867676
    },
    "45": {
        "score": 6.624468803405762,
        "runtime": 1.6590003967285156
    },
    "46": {
        "score": 6.624468803405762,
        "runtime": 1.7370002269744873
    },
    "47": {
        "score": 6.624468803405762,
        "runtime": 1.6569993495941162
    },
    "48": {
        "score": 6.624468803405762,
        "runtime": 1.7550008296966553
    },
    "49": {
        "score": 6.624468803405762,
        "runtime": 1.7029979228973389
    },
    "50": {
        "score": 6.624468803405762,
        "runtime": 1.6710009574890137
    },
    "51": {
        "score": 6.624468803405762,
        "runtime": 1.7049996852874756
    },
    "52": {
        "score": 6.624468803405762,
        "runtime": 1.686000108718872
    },
    "53": {
        "score": 6.624468803405762,
        "runtime": 1.6759991645812988
    },
    "54": {
        "score": 6.624468803405762,
        "runtime": 1.654000997543335
    },
    "55": {
        "score": 6.624468803405762,
        "runtime": 1.634000301361084
    },
    "56": {
        "score": 6.624468803405762,
        "runtime": 1.7920005321502686
    },
    "57": {
        "score": 6.624468803405762,
        "runtime": 1.7030012607574463
    },
    "58": {
        "score": 6.624468803405762,
        "runtime": 1.7140016555786133
    },
    "59": {
        "score": 6.624468803405762,
        "runtime": 1.6529979705810547
    },
    "60": {
        "score": 6.624468803405762,
        "runtime": 1.7380027770996094
    },
    "61": {
        "score": 6.624468803405762,
        "runtime": 1.731999397277832
    },
    "62": {
        "score": 6.624468803405762,
        "runtime": 1.6819984912872314
    },
    "63": {
        "score": 6.624468803405762,
        "runtime": 1.6489992141723633
    },
    "64": {
        "score": 6.624468803405762,
        "runtime": 1.725001573562622
    },
    "65": {
        "score": 6.624468803405762,
        "runtime": 1.7229979038238525
    },
    "66": {
        "score": 6.624468803405762,
        "runtime": 1.7439992427825928
    },
    "67": {
        "score": 6.624468803405762,
        "runtime": 1.7560014724731445
    },
    "68": {
        "score": 6.624468803405762,
        "runtime": 1.6390001773834229
    },
    "69": {
        "score": 6.624468803405762,
        "runtime": 1.7250003814697266
    },
    "70": {
        "score": 6.624468803405762,
        "runtime": 1.7470004558563232
    },
    "71": {
        "score": 6.624468803405762,
        "runtime": 1.7390003204345703
    },
    "72": {
        "score": 6.624468803405762,
        "runtime": 1.7480006217956543
    },
    "73": {
        "score": 6.624468803405762,
        "runtime": 1.7200026512145996
    },
    "74": {
        "score": 6.624468803405762,
        "runtime": 1.6660034656524658
    },
    "75": {
        "score": 6.624468803405762,
        "runtime": 1.6660006046295166
    },
    "76": {
        "score": 6.624468803405762,
        "runtime": 1.799999713897705
    },
    "77": {
        "score": 6.624468803405762,
        "runtime": 1.6780004501342773
    },
    "78": {
        "score": 6.624468803405762,
        "runtime": 1.742999792098999
    },
    "79": {
        "score": 6.624468803405762,
        "runtime": 1.6599974632263184
    },
    "80": {
        "score": 6.624468803405762,
        "runtime": 1.6840002536773682
    },
    "81": {
        "score": 6.624468803405762,
        "runtime": 1.683000087738037
    },
    "82": {
        "score": 6.624468803405762,
        "runtime": 1.6850008964538574
    },
    "83": {
        "score": 6.624468803405762,
        "runtime": 1.6950006484985352
    },
    "84": {
        "score": 6.624468803405762,
        "runtime": 1.7030017375946045
    },
    "85": {
        "score": 6.624468803405762,
        "runtime": 1.698998212814331
    },