{
    "0": {
        "score": 3.6493992805480957,
        "runtime": 0.846001148223877
    },
    "1": {
        "score": 3.761995553970337,
        "runtime": 0.7729976177215576
    },
    "2": {
        "score": 3.7796688079833984,
        "runtime": 0.7859995365142822
    },
    "3": {
        "score": 4.1494598388671875,
        "runtime": 0.8039999008178711
    },
    "4": {
        "score": 3.2645251750946045,
        "runtime": 0.7719976902008057
    },
    "5": {
        "score": 3.860729932785034,
        "runtime": 0.7705128192901611
    },
    "6": {
        "score": 3.938175916671753,
        "runtime": 0.8110013008117676
    },
    "7": {
        "score": 3.9224014282226562,
        "runtime": 0.8460004329681396
    },
    "8": {
        "score": 4.128917694091797,
        "runtime": 0.8050000667572021
    },
    "9": {
        "score": 4.014928340911865,
        "runtime": 0.803999662399292
    },
    "10": {
        "score": 3.7990994453430176,
        "runtime": 0.8190004825592041
    },
    "11": {
        "score": 3.770418167114258,
        "runtime": 0.7960002422332764
    },
    "12": {
        "score": 4.076560974121094,
        "runtime": 0.8155157566070557
    },
    "13": {
        "score": 3.693781614303589,
        "runtime": 0.8310022354125977
    },
    "14": {
        "score": 4.338846683502197,
        "runtime": 0.8080003261566162
    },
    "15": {
        "score": 3.9959187507629395,
        "runtime": 0.7619976997375488
    },
    "16": {
        "score": 4.182433605194092,
        "runtime": 0.7860009670257568
    },
    "17": {
        "score": 3.341622829437256,
        "runtime": 0.78299880027771
    },
    "18": {
        "score": 3.7305448055267334,
        "runtime": 0.7910025119781494
    },
    "19": {
        "score": 3.863896369934082,
        "runtime": 0.7869999408721924
    },
    "20": {
        "score": 3.8967044353485107,
        "runtime": 0.774956464767456
    },
    "21": {
        "score": 3.4828333854675293,
        "runtime": 0.7760028839111328
    },
    "22": {
        "score": 3.8361217975616455,
        "runtime": 0.7929999828338623
    },
    "23": {
        "score": 4.342337131500244,
        "runtime": 0.8220014572143555
    },
    "24": {
        "score": 4.07985782623291,
        "runtime": 0.8169748783111572
    },
    "25": {
        "score": 3.8711776733398438,
        "runtime": 0.818000316619873
    },
    "26": {
        "score": 4.354970932006836,
        "runtime": 0.800999641418457
    },
    "27": {
        "score": 3.715338945388794,
        "runtime": 0.7900004386901855
    },
    "28": {
        "score": 3.308074951171875,
        "runtime": 0.7680022716522217
    },
    "29": {
        "score": 3.9138455390930176,
        "runtime": 0.814002513885498
    },
    "30": {
        "score": 3.8944716453552246,
        "runtime": 0.7720000743865967
    },
    "31": {
        "score": 3.209815263748169,
        "runtime": 0.8105134963989258
    },
    "32": {
        "score": 4.040256500244141,
        "runtime": 0.7650012969970703
    },
    "33": {
        "score": 4.2170515060424805,
        "runtime": 0.8240015506744385
    },
    "34": {
        "score": 4.319533824920654,
        "runtime": 0.7615149021148682
    },
    "35": {
        "score": 4.260029315948486,
        "runtime": 0.809999942779541
    },
    "36": {
        "score": 4.019388198852539,
        "runtime": 0.7960793972015381
    },
    "37": {
        "score": 3.717787742614746,
        "runtime": 0.796999454498291
    },
    "38": {
        "score": 3.8553543090820312,
        "runtime": 0.7970006465911865
    },
    "39": {
        "score": 4.200603008270264,
        "runtime": 0.7680003643035889
    },
    "40": {
        "score": 3.9290757179260254,
        "runtime": 0.7980005741119385
    },
    "41": {
        "score": 4.0438079833984375,
        "runtime": 0.7869985103607178
    },
    "42": {
        "score": 3.5284109115600586,
        "runtime": 0.8069486618041992
    },
    "43": {
        "score": 3.28609299659729,
        "runtime": 0.7879996299743652
    },
    "44": {
        "score": 3.919325113296509,
        "runtime": 0.790524959564209
    },
    "45": {
        "score": 3.6989119052886963,
        "runtime": 0.8339498043060303
    },
    "46": {
        "score": 4.115407943725586,
        "runtime": 0.7989988327026367
    },
    "47": {
        "score": 3.7472667694091797,
        "runtime": 0.8030009269714355
    },
    "48": {
        "score": 3.927215576171875,
        "runtime": 0.8159997463226318
    },
    "49": {
        "score": 3.807023048400879,
        "runtime": 0.8009989261627197
    },
    "50": {
        "score": 3.854548215866089,
        "runtime": 0.8135204315185547
    },
    "51": {
        "score": 3.6899423599243164,
        "runtime": 0.7570004463195801
    },
    "52": {
        "score": 3.5989694595336914,
        "runtime": 0.8039875030517578
    },
    "53": {
        "score": 4.112093925476074,
        "runtime": 0.8090019226074219
    },
    "54": {
        "score": 3.9248223304748535,
        "runtime": 0.7850024700164795
    },
    "55": {
        "score": 3.6399409770965576,
        "runtime": 0.803001880645752
    },
    "56": {
        "score": 4.023445129394531,
        "runtime": 0.8479993343353271
    },
    "57": {
        "score": 3.789414405822754,
        "runtime": 0.783001184463501
    },
    "58": {
        "score": 3.9642252922058105,
        "runtime": 0.7999987602233887
    },
    "59": {
        "score": 3.9553184509277344,
        "runtime": 0.8039977550506592
    },
    "60": {
        "score": 3.8143482208251953,
        "runtime": 0.7555174827575684
    },
    "61": {
        "score": 3.179180145263672,
        "runtime": 0.7599990367889404
    },
    "62": {
        "score": 4.063938617706299,
        "runtime": 0.7700023651123047
    },
    "63": {
        "score": 4.115477561950684,
        "runtime": 0.7849578857421875
    },
    "64": {
        "score": 3.782482624053955,
        "runtime": 0.788520336151123
    },
    "65": {
        "score": 3.998300313949585,
        "runtime": 0.8030006885528564
    },
    "66": {
        "score": 3.7593417167663574,
        "runtime": 0.8250000476837158
    },
    "67": {
        "score": 3.7267768383026123,
        "runtime": 0.7489478588104248
    },
    "68": {
        "score": 3.9582395553588867,
        "runtime": 0.856999397277832
    },
    "69": {
        "score": 3.6501429080963135,
        "runtime": 0.7919695377349854
    },
    "70": {
        "score": 3.5725555419921875,
        "runtime": 0.8015263080596924
    },
    "71": {
        "score": 3.6524572372436523,
        "runtime": 0.8455150127410889
    },
    "72": {
        "score": 4.331632614135742,
        "runtime": 0.7830007076263428
    },
    "73": {
        "score": 3.780745029449463,
        "runtime": 0.8160028457641602
    },
    "74": {
        "score": 3.975198745727539,
        "runtime": 0.8090028762817383
    },
    "75": {
        "score": 4.1968607902526855,
        "runtime": 0.8359630107879639
    },
    "76": {
        "score": 3.4614906311035156,
        "runtime": 0.7990014553070068
    },
    "77": {
        "score": 3.9464802742004395,
        "runtime": 0.7680027484893799
    },
    "78": {
        "score": 4.179685115814209,
        "runtime": 0.7910010814666748
    },
    "79": {
        "score": 3.8339180946350098,
        "runtime": 0.7729990482330322
    },
    "80": {
        "score": 3.1857752799987793,
        "runtime": 0.79599928855896
    },
    "81": {
        "score": 4.092862606048584,
        "runtime": 0.7990000247955322
    },
    "82": {
        "score": 3.7449755668640137,
        "runtime": 0.8039984703063965
    },
    "83": {
        "score": 3.47387957572937,
        "runtime": 0.7779524326324463
    },
    "84": {
        "score": 3.9712026119232178,
        "runtime": 0.7809498310089111
    },
    "85": {
        "score": 3.9503417015075684,