{
    "0": {
        "score": 5.635284423828125,
        "runtime": 11.085973978042603
    },
    "1": {
        "score": 5.66768741607666,
        "runtime": 10.993972778320312
    },
    "2": {
        "score": 6.308074951171875,
        "runtime": 11.03491497039795
    },
    "3": {
        "score": 6.043544769287109,
        "runtime": 11.125938177108765
    },
    "4": {
        "score": 5.68243932723999,
        "runtime": 10.803790092468262
    },
    "5": {
        "score": 5.793453693389893,
        "runtime": 11.152904987335205
    },
    "6": {
        "score": 6.112415790557861,
        "runtime": 10.971939086914062
    },
    "7": {
        "score": 5.979588985443115,
        "runtime": 10.847483158111572
    },
    "8": {
        "score": 5.7235541343688965,
        "runtime": 10.910466194152832
    },
    "9": {
        "score": 6.159862041473389,
        "runtime": 11.462466716766357
    },
    "10": {
        "score": 5.51644229888916,
        "runtime": 11.316409587860107
    },
    "11": {
        "score": 5.015531539916992,
        "runtime": 10.80796217918396
    },
    "12": {
        "score": 5.929712295532227,
        "runtime": 11.081493616104126
    },
    "13": {
        "score": 5.869622707366943,
        "runtime": 10.8329758644104
    },
    "14": {
        "score": 5.931210517883301,
        "runtime": 10.995951890945435
    },
    "15": {
        "score": 6.065664768218994,
        "runtime": 10.985453367233276
    },
    "16": {
        "score": 5.6078996658325195,
        "runtime": 11.092957973480225
    },
    "17": {
        "score": 5.514554500579834,
        "runtime": 10.869975328445435
    },
    "18": {
        "score": 5.702567100524902,
        "runtime": 11.247958183288574
    },
    "19": {
        "score": 5.614080905914307,
        "runtime": 10.96470022201538
    },
    "20": {
        "score": 5.412862300872803,
        "runtime": 11.17669129371643
    },
    "21": {
        "score": 5.973437309265137,
        "runtime": 11.106441259384155
    },
    "22": {
        "score": 5.4906697273254395,
        "runtime": 10.989400386810303
    },
    "23": {
        "score": 5.625711917877197,
        "runtime": 10.86493182182312
    },
    "24": {
        "score": 5.554319858551025,
        "runtime": 11.575464725494385
    },
    "25": {
        "score": 6.110732555389404,
        "runtime": 10.951918363571167
    },
    "26": {
        "score": 5.6801300048828125,
        "runtime": 11.153968572616577
    },
    "27": {
        "score": 5.8210859298706055,
        "runtime": 11.014455318450928
    },
    "28": {
        "score": 5.681619167327881,
        "runtime": 10.937973976135254
    },
    "29": {
        "score": 5.997100830078125,
        "runtime": 10.944924354553223
    },
    "30": {
        "score": 5.819917678833008,
        "runtime": 10.796270608901978
    },
    "31": {
        "score": 5.839118957519531,
        "runtime": 10.997475624084473
    },
    "32": {
        "score": 5.853262901306152,
        "runtime": 10.823458194732666
    },
    "33": {
        "score": 5.569371223449707,
        "runtime": 11.114948034286499
    },
    "34": {
        "score": 5.6732401847839355,
        "runtime": 10.896951913833618
    },
    "35": {
        "score": 5.841835021972656,
        "runtime": 11.049928188323975
    },
    "36": {
        "score": 5.795912742614746,
        "runtime": 10.728515625
    },
    "37": {
        "score": 6.373513698577881,
        "runtime": 10.992485046386719
    },
    "38": {
        "score": 5.628223896026611,
        "runtime": 10.889936685562134
    },
    "39": {
        "score": 6.228005409240723,
        "runtime": 10.981957197189331
    },
    "40": {
        "score": 5.533389568328857,
        "runtime": 10.811973810195923
    },
    "41": {
        "score": 5.660446643829346,
        "runtime": 10.957227945327759
    },
    "42": {
        "score": 5.6238508224487305,
        "runtime": 11.034403562545776
    },
    "43": {
        "score": 6.6382975578308105,
        "runtime": 10.761963844299316
    },
    "44": {
        "score": 5.432969570159912,
        "runtime": 10.893401861190796
    },
    "45": {
        "score": 5.71101713180542,
        "runtime": 11.020961046218872
    },
    "46": {
        "score": 5.989776611328125,
        "runtime": 10.95941686630249
    },
    "47": {
        "score": 5.716195583343506,
        "runtime": 11.095985889434814
    },
    "48": {
        "score": 5.577902317047119,
        "runtime": 10.68286418914795
    },
    "49": {
        "score": 6.170073509216309,
        "runtime": 10.940095901489258
    },
    "50": {
        "score": 6.000397205352783,
        "runtime": 10.898964881896973
    },
    "51": {
        "score": 5.856169700622559,
        "runtime": 11.144186973571777
    },
    "52": {
        "score": 6.262559413909912,
        "runtime": 11.211933851242065
    },
    "53": {
        "score": 5.353240966796875,
        "runtime": 10.985475063323975
    },
    "54": {
        "score": 5.6696929931640625,
        "runtime": 10.971492052078247
    },
    "55": {
        "score": 5.923710346221924,
        "runtime": 10.9662344455719
    },
    "56": {
        "score": 6.013274669647217,
        "runtime": 10.892197370529175
    },
    "57": {
        "score": 5.654119968414307,
        "runtime": 11.016932487487793
    },
    "58": {
        "score": 5.662082195281982,
        "runtime": 11.048949480056763
    },
    "59": {
        "score": 5.867747783660889,
        "runtime": 10.87594223022461
    },
    "60": {
        "score": 6.351628303527832,
        "runtime": 10.949459314346313
    },
    "61": {
        "score": 5.648474216461182,
        "runtime": 11.330686092376709
    },
    "62": {
        "score": 5.8128814697265625,
        "runtime": 11.158941507339478
    },
    "63": {
        "score": 5.619351863861084,
        "runtime": 11.042459487915039
    },
    "64": {
        "score": 5.681549549102783,
        "runtime": 10.887466669082642
    },
    "65": {
        "score": 5.669130802154541,
        "runtime": 10.927923440933228
    },
    "66": {
        "score": 5.528189659118652,
        "runtime": 11.074459075927734
    },
    "67": {
        "score": 5.404693603515625,
        "runtime": 11.022446155548096
    },
    "68": {
        "score": 5.692628860473633,
        "runtime": 11.040931224822998
    },
    "69": {
        "score": 5.390874862670898,
        "runtime": 11.285972595214844
    },
    "70": {
        "score": 5.840638637542725,
        "runtime": 11.033973217010498
    },
    "71": {
        "score": 5.307118892669678,
        "runtime": 11.00195860862732
    },
    "72": {
        "score": 5.905274391174316,
        "runtime": 10.858683347702026
    },
    "73": {
        "score": 5.619150161743164,
        "runtime": 10.970874071121216
    },
    "74": {
        "score": 5.679056644439697,
        "runtime": 10.898000001907349
    },
    "75": {
        "score": 5.790480136871338,
        "runtime": 10.960474729537964
    },
    "76": {
        "score": 6.044333457946777,
        "runtime": 10.903988122940063
    },
    "77": {
        "score": 5.724874973297119,
        "runtime": 10.872923374176025
    },
    "78": {
        "score": 5.7778825759887695,
        "runtime": 10.791487216949463
    },
    "79": {
        "score": 5.154660224914551,
        "runtime": 11.059946060180664
    },
    "80": {
        "score": 5.793632507324219,
        "runtime": 10.915443897247314
    },
    "81": {
        "score": 5.317778587341309,
        "runtime": 11.067433834075928
    },
    "82": {
        "score": 5.506518840789795,
        "runtime": 10.999959230422974
    },
    "83": {
        "score": 6.11421012878418,
        "runtime": 11.099471092224121
    },
    "84": {
        "score": 5.855646133422852,
        "runtime": 11.101521492004395
    },
    "85": {
        "score": 5.735667705535889,
        "runtime": 11.256467819213867
    },