{
    "0": {
        "score": 6.583259105682373,
        "runtime": 1.7499990463256836
    },
    "1": {
        "score": 6.563499927520752,
        "runtime": 1.7639994621276855
    },
    "2": {
        "score": 6.583259105682373,
        "runtime": 1.7300007343292236
    },
    "3": {
        "score": 6.583259105682373,
        "runtime": 1.7369978427886963
    },
    "4": {
        "score": 6.583259105682373,
        "runtime": 1.8519988059997559
    },
    "5": {
        "score": 6.583259105682373,
        "runtime": 1.7309997081756592
    },
    "6": {
        "score": 6.583259105682373,
        "runtime": 1.7029993534088135
    },
    "7": {
        "score": 6.583259105682373,
        "runtime": 1.7529988288879395
    },
    "8": {
        "score": 6.563499927520752,
        "runtime": 1.6909997463226318
    },
    "9": {
        "score": 6.583259105682373,
        "runtime": 1.7219998836517334
    },
    "10": {
        "score": 6.583259105682373,
        "runtime": 1.7369999885559082
    },
    "11": {
        "score": 6.583259105682373,
        "runtime": 1.7389986515045166
    },
    "12": {
        "score": 6.583259105682373,
        "runtime": 1.754002332687378
    },
    "13": {
        "score": 6.583259105682373,
        "runtime": 1.7110018730163574
    },
    "14": {
        "score": 6.583259105682373,
        "runtime": 1.7810008525848389
    },
    "15": {
        "score": 6.583259105682373,
        "runtime": 1.7620015144348145
    },
    "16": {
        "score": 6.583259105682373,
        "runtime": 1.7240004539489746
    },
    "17": {
        "score": 6.583259105682373,
        "runtime": 1.729999303817749
    },
    "18": {
        "score": 6.583259105682373,
        "runtime": 1.811999797821045
    },
    "19": {
        "score": 6.583259105682373,
        "runtime": 1.7340004444122314
    },
    "20": {
        "score": 6.583259105682373,
        "runtime": 1.703000545501709
    },
    "21": {
        "score": 6.583259105682373,
        "runtime": 1.8570001125335693
    },
    "22": {
        "score": 6.583259105682373,
        "runtime": 1.675002098083496
    },
    "23": {
        "score": 6.583259105682373,
        "runtime": 1.7150018215179443
    },
    "24": {
        "score": 6.583259105682373,
        "runtime": 1.7080001831054688
    },
    "25": {
        "score": 6.583259105682373,
        "runtime": 1.6560003757476807
    },
    "26": {
        "score": 6.583259105682373,
        "runtime": 1.7329978942871094
    },
    "27": {
        "score": 6.583259105682373,
        "runtime": 1.721999168395996
    },
    "28": {
        "score": 6.583259105682373,
        "runtime": 1.7690010070800781
    },
    "29": {
        "score": 6.563499927520752,
        "runtime": 1.7479979991912842
    },
    "30": {
        "score": 6.583259105682373,
        "runtime": 1.739999771118164
    },
    "31": {
        "score": 6.563499927520752,
        "runtime": 1.7319979667663574
    },
    "32": {
        "score": 6.583259105682373,
        "runtime": 1.739001989364624
    },
    "33": {
        "score": 6.583259105682373,
        "runtime": 1.7249996662139893
    },
    "34": {
        "score": 6.583259105682373,
        "runtime": 1.7640008926391602
    },
    "35": {
        "score": 6.583259105682373,
        "runtime": 1.7450006008148193
    },
    "36": {
        "score": 6.583259105682373,
        "runtime": 1.8020000457763672
    },
    "37": {
        "score": 6.583259105682373,
        "runtime": 1.8030009269714355
    },
    "38": {
        "score": 6.583259105682373,
        "runtime": 1.7399978637695312
    },
    "39": {
        "score": 6.583259105682373,
        "runtime": 1.7790024280548096
    },
    "40": {
        "score": 6.583259105682373,
        "runtime": 1.6920006275177002
    },
    "41": {
        "score": 6.583259105682373,
        "runtime": 1.7680003643035889
    },
    "42": {
        "score": 6.583259105682373,
        "runtime": 1.7910027503967285
    },
    "43": {
        "score": 6.583259105682373,
        "runtime": 1.7450003623962402
    },
    "44": {
        "score": 6.563499927520752,
        "runtime": 1.6950008869171143
    },
    "45": {
        "score": 6.583259105682373,
        "runtime": 1.7809977531433105
    },
    "46": {
        "score": 6.583259105682373,
        "runtime": 1.751999855041504
    },
    "47": {
        "score": 6.583259105682373,
        "runtime": 1.7420012950897217
    },
    "48": {
        "score": 6.583259105682373,
        "runtime": 1.7479982376098633
    },
    "49": {
        "score": 6.583259105682373,
        "runtime": 1.7359983921051025
    },
    "50": {
        "score": 6.583259105682373,
        "runtime": 1.7710003852844238
    },
    "51": {
        "score": 6.583259105682373,
        "runtime": 1.6979968547821045
    },
    "52": {
        "score": 6.583259105682373,
        "runtime": 1.742999792098999
    },
    "53": {
        "score": 6.583259105682373,
        "runtime": 1.7930002212524414
    },
    "54": {
        "score": 6.583259105682373,
        "runtime": 1.7820017337799072
    },
    "55": {
        "score": 6.583259105682373,
        "runtime": 1.7340011596679688
    },
    "56": {
        "score": 6.583259105682373,
        "runtime": 1.7529988288879395
    },
    "57": {
        "score": 6.583259105682373,
        "runtime": 1.7150003910064697
    },
    "58": {
        "score": 6.583259105682373,
        "runtime": 1.7399988174438477
    },
    "59": {
        "score": 6.583259105682373,
        "runtime": 1.7509996891021729
    },
    "60": {
        "score": 6.583259105682373,
        "runtime": 1.7389988899230957
    },
    "61": {
        "score": 6.583259105682373,
        "runtime": 1.7599992752075195
    },
    "62": {
        "score": 6.583259105682373,
        "runtime": 1.7860009670257568
    },
    "63": {
        "score": 6.583259105682373,
        "runtime": 1.7040019035339355
    },
    "64": {
        "score": 6.563499927520752,
        "runtime": 1.7409987449645996
    },
    "65": {
        "score": 6.583259105682373,
        "runtime": 1.7159974575042725
    },
    "66": {
        "score": 6.583259105682373,
        "runtime": 1.793001651763916
    },
    "67": {
        "score": 6.583259105682373,
        "runtime": 1.7279984951019287
    },
    "68": {
        "score": 6.583259105682373,
        "runtime": 1.731997013092041
    },
    "69": {
        "score": 6.583259105682373,
        "runtime": 1.7149975299835205
    },
    "70": {
        "score": 6.583259105682373,
        "runtime": 1.7780029773712158
    },
    "71": {
        "score": 6.583259105682373,
        "runtime": 1.7709996700286865
    },
    "72": {
        "score": 6.583259105682373,
        "runtime": 1.7099997997283936
    },
    "73": {
        "score": 6.583259105682373,
        "runtime": 1.741999626159668
    },
    "74": {
        "score": 6.583259105682373,
        "runtime": 1.737999439239502
    },
    "75": {
        "score": 6.583259105682373,
        "runtime": 1.7319974899291992
    },
    "76": {
        "score": 6.583259105682373,
        "runtime": 1.7129991054534912
    },
    "77": {
        "score": 6.583259105682373,
        "runtime": 1.7329988479614258
    },
    "78": {
        "score": 6.583259105682373,
        "runtime": 1.7529988288879395
    },
    "79": {
        "score": 6.583259105682373,
        "runtime": 1.7590022087097168
    },
    "80": {
        "score": 6.583259105682373,
        "runtime": 1.7489995956420898
    },
    "81": {
        "score": 6.583259105682373,
        "runtime": 1.7720000743865967
    },
    "82": {
        "score": 6.563499927520752,
        "runtime": 1.7660024166107178
    },
    "83": {
        "score": 6.583259105682373,
        "runtime": 1.7830023765563965
    },
    "84": {
        "score": 6.583259105682373,
        "runtime": 1.7769999504089355
    },
    "85": {
        "score": 6.583259105682373,
        "runtime": 1.8049981594085693
    },