{
    "0": {
        "score": 6.5390729904174805,
        "runtime": 1.7079977989196777
    },
    "1": {
        "score": 6.5390729904174805,
        "runtime": 1.6629972457885742
    },
    "2": {
        "score": 6.5390729904174805,
        "runtime": 1.6580002307891846
    },
    "3": {
        "score": 6.5390729904174805,
        "runtime": 1.6959986686706543
    },
    "4": {
        "score": 6.5390729904174805,
        "runtime": 1.693002462387085
    },
    "5": {
        "score": 6.5390729904174805,
        "runtime": 1.6800010204315186
    },
    "6": {
        "score": 6.5390729904174805,
        "runtime": 1.641000747680664
    },
    "7": {
        "score": 6.5390729904174805,
        "runtime": 1.681999921798706
    },
    "8": {
        "score": 6.5390729904174805,
        "runtime": 1.684000015258789
    },
    "9": {
        "score": 6.5390729904174805,
        "runtime": 1.6960020065307617
    },
    "10": {
        "score": 6.5390729904174805,
        "runtime": 1.7390010356903076
    },
    "11": {
        "score": 6.5390729904174805,
        "runtime": 1.6460001468658447
    },
    "12": {
        "score": 6.5390729904174805,
        "runtime": 1.7129979133605957
    },
    "13": {
        "score": 6.5390729904174805,
        "runtime": 1.586998462677002
    },
    "14": {
        "score": 6.5390729904174805,
        "runtime": 1.6959972381591797
    },
    "15": {
        "score": 6.5390729904174805,
        "runtime": 1.63200044631958
    },
    "16": {
        "score": 6.5390729904174805,
        "runtime": 1.637998342514038
    },
    "17": {
        "score": 6.5390729904174805,
        "runtime": 1.6269991397857666
    },
    "18": {
        "score": 6.5390729904174805,
        "runtime": 1.67000150680542
    },
    "19": {
        "score": 6.5390729904174805,
        "runtime": 1.7120022773742676
    },
    "20": {
        "score": 6.5390729904174805,
        "runtime": 1.6939995288848877
    },
    "21": {
        "score": 6.5390729904174805,
        "runtime": 1.6890008449554443
    },
    "22": {
        "score": 6.5390729904174805,
        "runtime": 1.6489999294281006
    },
    "23": {
        "score": 6.5390729904174805,
        "runtime": 1.6279985904693604
    },
    "24": {
        "score": 6.5390729904174805,
        "runtime": 1.666999101638794
    },
    "25": {
        "score": 6.5390729904174805,
        "runtime": 1.6550016403198242
    },
    "26": {
        "score": 6.5390729904174805,
        "runtime": 1.7159974575042725
    },
    "27": {
        "score": 6.5390729904174805,
        "runtime": 1.708000659942627
    },
    "28": {
        "score": 6.5390729904174805,
        "runtime": 1.661999225616455
    },
    "29": {
        "score": 6.5390729904174805,
        "runtime": 1.7369987964630127
    },
    "30": {
        "score": 6.5390729904174805,
        "runtime": 1.7240002155303955
    },
    "31": {
        "score": 6.5390729904174805,
        "runtime": 1.6409988403320312
    },
    "32": {
        "score": 6.5390729904174805,
        "runtime": 1.6940016746520996
    },
    "33": {
        "score": 6.5390729904174805,
        "runtime": 1.7319986820220947
    },
    "34": {
        "score": 6.5390729904174805,
        "runtime": 1.692000389099121
    },
    "35": {
        "score": 6.5390729904174805,
        "runtime": 1.7310004234313965
    },
    "36": {
        "score": 6.5390729904174805,
        "runtime": 1.6319994926452637
    },
    "37": {
        "score": 6.5390729904174805,
        "runtime": 1.6929988861083984
    },
    "38": {
        "score": 6.5390729904174805,
        "runtime": 1.7270011901855469
    },
    "39": {
        "score": 6.5390729904174805,
        "runtime": 1.7240009307861328
    },
    "40": {
        "score": 6.5390729904174805,
        "runtime": 1.7019972801208496
    },
    "41": {
        "score": 6.5390729904174805,
        "runtime": 1.6850004196166992
    },
    "42": {
        "score": 6.5390729904174805,
        "runtime": 1.7770016193389893
    },
    "43": {
        "score": 6.5390729904174805,
        "runtime": 1.7249999046325684
    },
    "44": {
        "score": 6.5390729904174805,
        "runtime": 1.6540002822875977
    },
    "45": {
        "score": 6.5390729904174805,
        "runtime": 1.7159996032714844
    },
    "46": {
        "score": 6.5390729904174805,
        "runtime": 1.7050001621246338
    },
    "47": {
        "score": 6.5390729904174805,
        "runtime": 1.6720023155212402
    },
    "48": {
        "score": 6.5390729904174805,
        "runtime": 1.6720004081726074
    },
    "49": {
        "score": 6.5390729904174805,
        "runtime": 1.6619987487792969
    },
    "50": {
        "score": 6.5390729904174805,
        "runtime": 1.693000078201294
    },
    "51": {
        "score": 6.5390729904174805,
        "runtime": 1.6819992065429688
    },
    "52": {
        "score": 6.5390729904174805,
        "runtime": 1.7250020503997803
    },
    "53": {
        "score": 6.5390729904174805,
        "runtime": 1.7469980716705322
    },
    "54": {
        "score": 6.5390729904174805,
        "runtime": 1.7430005073547363
    },
    "55": {
        "score": 6.5390729904174805,
        "runtime": 1.6410000324249268
    },
    "56": {
        "score": 6.5390729904174805,
        "runtime": 1.7109992504119873
    },
    "57": {
        "score": 6.5390729904174805,
        "runtime": 1.7450008392333984
    },
    "58": {
        "score": 6.5390729904174805,
        "runtime": 1.6730005741119385
    },
    "59": {
        "score": 6.5390729904174805,
        "runtime": 1.6609995365142822
    },
    "60": {
        "score": 6.5390729904174805,
        "runtime": 1.6879985332489014
    },
    "61": {
        "score": 6.5390729904174805,
        "runtime": 1.6820013523101807
    },
    "62": {
        "score": 6.5390729904174805,
        "runtime": 1.7000017166137695
    },
    "63": {
        "score": 6.5390729904174805,
        "runtime": 1.644000768661499
    },
    "64": {
        "score": 6.5390729904174805,
        "runtime": 1.7580018043518066
    },
    "65": {
        "score": 6.5390729904174805,
        "runtime": 1.7189970016479492
    },
    "66": {
        "score": 6.5390729904174805,
        "runtime": 1.6170003414154053
    },
    "67": {
        "score": 6.5390729904174805,
        "runtime": 1.6640009880065918
    },
    "68": {
        "score": 6.5390729904174805,
        "runtime": 1.6899993419647217
    },
    "69": {
        "score": 6.5390729904174805,
        "runtime": 1.6979999542236328
    },
    "70": {
        "score": 6.5390729904174805,
        "runtime": 1.6879980564117432
    },
    "71": {
        "score": 6.5390729904174805,
        "runtime": 1.6709988117218018
    },
    "72": {
        "score": 6.5390729904174805,
        "runtime": 1.684002161026001
    },
    "73": {
        "score": 6.5390729904174805,
        "runtime": 1.7199995517730713
    },
    "74": {
        "score": 6.5390729904174805,
        "runtime": 1.6600003242492676
    },
    "75": {
        "score": 6.5390729904174805,
        "runtime": 1.7100005149841309
    },
    "76": {
        "score": 6.5390729904174805,
        "runtime": 1.690002679824829
    },
    "77": {
        "score": 6.5390729904174805,
        "runtime": 1.6999995708465576
    },
    "78": {
        "score": 6.5390729904174805,
        "runtime": 1.7119994163513184
    },
    "79": {
        "score": 6.5390729904174805,
        "runtime": 1.6870014667510986
    },
    "80": {
        "score": 6.5390729904174805,
        "runtime": 1.6749982833862305
    },
    "81": {
        "score": 6.5390729904174805,
        "runtime": 1.6459996700286865
    },
    "82": {
        "score": 6.5390729904174805,
        "runtime": 1.6549992561340332
    },
    "83": {
        "score": 6.5390729904174805,
        "runtime": 1.706003189086914
    },
    "84": {
        "score": 6.5390729904174805,
        "runtime": 1.6630010604858398
    },