{
    "0": {
        "score": 15.623661994934082,
        "runtime": 179.80806684494019
    },
    "1": {
        "score": 15.623661994934082,
        "runtime": 178.93807768821716
    },
    "2": {
        "score": 15.623661994934082,
        "runtime": 179.79053330421448
    },
    "3": {
        "score": 15.623661994934082,
        "runtime": 179.6237337589264
    },
    "4": {
        "score": 15.594987869262695,
        "runtime": 181.19214797019958
    },
    "5": {
        "score": 15.623661994934082,
        "runtime": 179.32109832763672
    },
    "6": {
        "score": 15.623661994934082,
        "runtime": 180.07400035858154
    },
    "7": {
        "score": 15.594987869262695,
        "runtime": 177.36102843284607
    },
    "8": {
        "score": 15.623661994934082,
        "runtime": 178.92000198364258
    },
    "9": {
        "score": 15.623661994934082,
        "runtime": 178.15200233459473
    },
    "10": {
        "score": 15.623661994934082,
        "runtime": 179.9059979915619
    },
    "11": {
        "score": 15.623661994934082,
        "runtime": 179.58026957511902
    },
    "12": {
        "score": 15.623661994934082,
        "runtime": 179.23147749900818
    },
    "13": {
        "score": 15.623661994934082,
        "runtime": 180.6895146369934
    },
    "14": {
        "score": 15.623661994934082,
        "runtime": 178.12808990478516
    },
    "15": {
        "score": 15.623661994934082,
        "runtime": 179.5569999217987
    },
    "16": {
        "score": 15.623661994934082,
        "runtime": 180.84854650497437
    },
    "17": {
        "score": 15.623661994934082,
        "runtime": 179.611998796463
    },
    "18": {
        "score": 15.623661994934082,
        "runtime": 178.45151615142822
    },
    "19": {
        "score": 15.623661994934082,
        "runtime": 179.25600004196167
    },
    "20": {
        "score": 15.623661994934082,
        "runtime": 179.11046624183655
    },
    "21": {
        "score": 15.623661994934082,
        "runtime": 178.3375141620636
    },
    "22": {
        "score": 15.623661994934082,
        "runtime": 181.50100111961365
    },
    "23": {
        "score": 15.623661994934082,
        "runtime": 177.94117188453674
    },
    "24": {
        "score": 15.623661994934082,
        "runtime": 178.63352394104004
    },
    "25": {
        "score": 15.623661994934082,
        "runtime": 179.03447151184082
    },
    "26": {
        "score": 15.623661994934082,
        "runtime": 178.92599987983704
    },
    "27": {
        "score": 15.623661994934082,
        "runtime": 178.80236530303955
    },
    "28": {
        "score": 15.623661994934082,
        "runtime": 177.26909494400024
    },
    "29": {
        "score": 15.594987869262695,
        "runtime": 179.26211190223694
    },
    "30": {
        "score": 15.623661994934082,
        "runtime": 179.99700093269348
    },
    "31": {
        "score": 15.623661994934082,
        "runtime": 178.67345118522644
    },
    "32": {
        "score": 15.669059753417969,
        "runtime": 181.42359161376953
    },
    "33": {
        "score": 15.623661994934082,
        "runtime": 179.79923963546753
    },
    "34": {
        "score": 15.623661994934082,
        "runtime": 179.850998878479
    },
    "35": {
        "score": 15.666084289550781,
        "runtime": 178.62946391105652
    },
    "36": {
        "score": 15.623661994934082,
        "runtime": 179.77100110054016
    },
    "37": {
        "score": 15.623661994934082,
        "runtime": 176.63348627090454
    },
    "38": {
        "score": 15.623661994934082,
        "runtime": 177.4390025138855
    },
    "39": {
        "score": 15.622869491577148,
        "runtime": 177.34100246429443
    },
    "40": {
        "score": 15.594987869262695,
        "runtime": 178.98799920082092
    },
    "41": {
        "score": 15.623661994934082,
        "runtime": 178.8519983291626
    },
    "42": {
        "score": 15.623661994934082,
        "runtime": 180.31900191307068
    },
    "43": {
        "score": 16.087507247924805,
        "runtime": 177.53251934051514
    },
    "44": {
        "score": 15.623661994934082,
        "runtime": 181.08446669578552
    },
    "45": {
        "score": 15.623661994934082,
        "runtime": 179.44047045707703
    },
    "46": {
        "score": 15.623661994934082,
        "runtime": 177.85400104522705
    },
    "47": {
        "score": 15.623661994934082,
        "runtime": 179.95999884605408
    },
    "48": {
        "score": 15.623661994934082,
        "runtime": 179.99600100517273
    },
    "49": {
        "score": 15.623661994934082,
        "runtime": 180.9690022468567
    },
    "50": {
        "score": 15.623661994934082,
        "runtime": 180.57107520103455
    },
    "51": {
        "score": 15.623661994934082,
        "runtime": 180.5605161190033
    },
    "52": {
        "score": 15.623661994934082,
        "runtime": 181.76713633537292
    },
    "53": {
        "score": 15.623661994934082,
        "runtime": 182.12670230865479
    },
    "54": {
        "score": 15.623661994934082,
        "runtime": 173.9129991531372
    },
    "55": {
        "score": 15.594987869262695,
        "runtime": 172.49399948120117
    },
    "56": {
        "score": 15.623661994934082,
        "runtime": 172.22251534461975
    },
    "57": {
        "score": 15.623661994934082,
        "runtime": 173.34300136566162
    },
    "58": {
        "score": 15.623661994934082,
        "runtime": 174.66611337661743
    },
    "59": {
        "score": 15.623661994934082,
        "runtime": 173.01099729537964
    },
    "60": {
        "score": 15.623661994934082,
        "runtime": 174.9620018005371
    },
    "61": {
        "score": 15.623661994934082,
        "runtime": 173.72400069236755
    },
    "62": {
        "score": 15.623661994934082,
        "runtime": 174.51545906066895
    },
    "63": {
        "score": 15.623661994934082,
        "runtime": 173.44000005722046
    },
    "64": {
        "score": 15.623661994934082,
        "runtime": 205.64204621315002
    },
    "65": {
        "score": 15.594987869262695,
        "runtime": 175.97304153442383
    },
    "66": {
        "score": 15.623661994934082,
        "runtime": 173.8885281085968
    },
    "67": {
        "score": 15.623661994934082,
        "runtime": 173.68205165863037
    },
    "68": {
        "score": 15.592145919799805,
        "runtime": 174.93306350708008
    },
    "69": {
        "score": 15.623661994934082,
        "runtime": 172.43305802345276
    },
    "70": {
        "score": 15.623661994934082,
        "runtime": 173.77502703666687
    },
    "71": {
        "score": 15.594987869262695,
        "runtime": 176.8045105934143
    },
    "72": {
        "score": 15.787662506103516,
        "runtime": 173.97354340553284
    },
    "73": {
        "score": 15.623661994934082,
        "runtime": 175.73000168800354
    },
    "74": {
        "score": 15.594987869262695,
        "runtime": 175.41203927993774
    },
    "75": {
        "score": 15.623661994934082,
        "runtime": 175.67505311965942
    },
    "76": {
        "score": 15.623661994934082,
        "runtime": 176.0221004486084
    },
    "77": {
        "score": 15.622869491577148,
        "runtime": 174.98102807998657
    },
    "78": {
        "score": 15.594987869262695,
        "runtime": 177.33654832839966
    },
    "79": {
        "score": 15.623661994934082,
        "runtime": 174.8790295124054
    },
    "80": {
        "score": 16.2025146484375,
        "runtime": 176.29563808441162
    },
    "81": {
        "score": 15.623661994934082,
        "runtime": 205.00948095321655
    },
    "82": {
        "score": 15.623661994934082,
        "runtime": 172.93040013313293
    },
    "83": {
        "score": 15.623661994934082,
        "runtime": 173.31850624084473
    },
    "84": {
        "score": 15.787662506103516,
        "runtime": 173.94645595550537
    },