{
    "0": {
        "score": 15.650087356567383,
        "runtime": 177.83806800842285
    },
    "1": {
        "score": 15.640961647033691,
        "runtime": 178.06707572937012
    },
    "2": {
        "score": 15.650087356567383,
        "runtime": 180.2954957485199
    },
    "3": {
        "score": 15.661203384399414,
        "runtime": 177.7602870464325
    },
    "4": {
        "score": 15.661203384399414,
        "runtime": 179.9491744041443
    },
    "5": {
        "score": 15.709392547607422,
        "runtime": 178.60922074317932
    },
    "6": {
        "score": 15.661203384399414,
        "runtime": 177.91502499580383
    },
    "7": {
        "score": 15.650087356567383,
        "runtime": 179.0205090045929
    },
    "8": {
        "score": 15.650087356567383,
        "runtime": 175.2584457397461
    },
    "9": {
        "score": 15.629844665527344,
        "runtime": 178.44700145721436
    },
    "10": {
        "score": 15.629844665527344,
        "runtime": 178.63999962806702
    },
    "11": {
        "score": 15.640961647033691,
        "runtime": 179.5820426940918
    },
    "12": {
        "score": 15.94998550415039,
        "runtime": 178.47348046302795
    },
    "13": {
        "score": 15.629844665527344,
        "runtime": 178.64146733283997
    },
    "14": {
        "score": 15.661203384399414,
        "runtime": 177.43108868598938
    },
    "15": {
        "score": 15.629844665527344,
        "runtime": 180.07100081443787
    },
    "16": {
        "score": 15.922765731811523,
        "runtime": 179.1505482196808
    },
    "17": {
        "score": 15.922765731811523,
        "runtime": 177.59699988365173
    },
    "18": {
        "score": 15.640961647033691,
        "runtime": 179.73951840400696
    },
    "19": {
        "score": 15.696809768676758,
        "runtime": 177.93799781799316
    },
    "20": {
        "score": 15.767200469970703,
        "runtime": 179.85763359069824
    },
    "21": {
        "score": 15.650087356567383,
        "runtime": 179.2829999923706
    },
    "22": {
        "score": 15.640348434448242,
        "runtime": 180.3330008983612
    },
    "23": {
        "score": 15.661203384399414,
        "runtime": 179.9701747894287
    },
    "24": {
        "score": 15.650087356567383,
        "runtime": 178.5850989818573
    },
    "25": {
        "score": 15.629844665527344,
        "runtime": 179.79900002479553
    },
    "26": {
        "score": 15.998987197875977,
        "runtime": 179.95599937438965
    },
    "27": {
        "score": 15.661203384399414,
        "runtime": 178.8774778842926
    },
    "28": {
        "score": 15.629844665527344,
        "runtime": 178.93703937530518
    },
    "29": {
        "score": 15.91164779663086,
        "runtime": 179.52900099754333
    },
    "30": {
        "score": 15.650087356567383,
        "runtime": 179.9050395488739
    },
    "31": {
        "score": 15.661203384399414,
        "runtime": 178.14162278175354
    },
    "32": {
        "score": 15.661203384399414,
        "runtime": 181.2571222782135
    },
    "33": {
        "score": 15.80815601348877,
        "runtime": 179.38770699501038
    },
    "34": {
        "score": 15.640961647033691,
        "runtime": 179.72300243377686
    },
    "35": {
        "score": 15.650087356567383,
        "runtime": 178.5310001373291
    },
    "36": {
        "score": 15.661203384399414,
        "runtime": 179.75800132751465
    },
    "37": {
        "score": 15.650087356567383,
        "runtime": 178.36963415145874
    },
    "38": {
        "score": 15.650087356567383,
        "runtime": 178.85604405403137
    },
    "39": {
        "score": 15.629844665527344,
        "runtime": 177.3859989643097
    },
    "40": {
        "score": 15.629844665527344,
        "runtime": 179.3030023574829
    },
    "41": {
        "score": 15.650087356567383,
        "runtime": 180.10200095176697
    },
    "42": {
        "score": 15.640961647033691,
        "runtime": 182.1020004749298
    },
    "43": {
        "score": 15.661203384399414,
        "runtime": 179.88796305656433
    },
    "44": {
        "score": 15.640961647033691,
        "runtime": 179.0034680366516
    },
    "45": {
        "score": 15.650087356567383,
        "runtime": 183.69447135925293
    },
    "46": {
        "score": 15.650087356567383,
        "runtime": 179.73900175094604
    },
    "47": {
        "score": 15.650087356567383,
        "runtime": 180.13999962806702
    },
    "48": {
        "score": 15.661203384399414,
        "runtime": 180.53900122642517
    },
    "49": {
        "score": 15.650087356567383,
        "runtime": 179.513001203537
    },
    "50": {
        "score": 15.629844665527344,
        "runtime": 179.69107389450073
    },
    "51": {
        "score": 15.661203384399414,
        "runtime": 180.29351210594177
    },
    "52": {
        "score": 15.661203384399414,
        "runtime": 180.48399996757507
    },
    "53": {
        "score": 15.640961647033691,
        "runtime": 183.63249015808105
    },
    "54": {
        "score": 15.661203384399414,
        "runtime": 172.86700081825256
    },
    "55": {
        "score": 15.640961647033691,
        "runtime": 172.69599986076355
    },
    "56": {
        "score": 15.629844665527344,
        "runtime": 173.7100007534027
    },
    "57": {
        "score": 15.713470458984375,
        "runtime": 171.8769998550415
    },
    "58": {
        "score": 15.650087356567383,
        "runtime": 173.5741205215454
    },
    "59": {
        "score": 15.629844665527344,
        "runtime": 173.30099940299988
    },
    "60": {
        "score": 15.629844665527344,
        "runtime": 171.05599999427795
    },
    "61": {
        "score": 15.640961647033691,
        "runtime": 171.59602689743042
    },
    "62": {
        "score": 15.661203384399414,
        "runtime": 172.9260013103485
    },
    "63": {
        "score": 15.661203384399414,
        "runtime": 173.6620011329651
    },
    "64": {
        "score": 15.640961647033691,
        "runtime": 205.8944661617279
    },
    "65": {
        "score": 15.629844665527344,
        "runtime": 176.36929988861084
    },
    "66": {
        "score": 15.640961647033691,
        "runtime": 175.683997631073
    },
    "67": {
        "score": 15.629844665527344,
        "runtime": 175.0829999446869
    },
    "68": {
        "score": 15.866923332214355,
        "runtime": 174.51799988746643
    },
    "69": {
        "score": 15.629844665527344,
        "runtime": 174.82602715492249
    },
    "70": {
        "score": 15.661203384399414,
        "runtime": 175.94102907180786
    },
    "71": {
        "score": 15.629844665527344,
        "runtime": 176.2345106601715
    },
    "72": {
        "score": 15.629844665527344,
        "runtime": 173.84454464912415
    },
    "73": {
        "score": 15.650087356567383,
        "runtime": 172.33500027656555
    },
    "74": {
        "score": 15.650087356567383,
        "runtime": 175.15909886360168
    },
    "75": {
        "score": 15.650087356567383,
        "runtime": 173.18999862670898
    },
    "76": {
        "score": 15.650087356567383,
        "runtime": 172.80911707878113
    },
    "77": {
        "score": 15.629844665527344,
        "runtime": 172.6300287246704
    },
    "78": {
        "score": 15.650087356567383,
        "runtime": 174.24761581420898
    },
    "79": {
        "score": 15.629844665527344,
        "runtime": 173.1965229511261
    },
    "80": {
        "score": 15.640961647033691,
        "runtime": 173.65704131126404
    },
    "81": {
        "score": 15.629844665527344,
        "runtime": 208.96004247665405
    },
    "82": {
        "score": 15.629844665527344,
        "runtime": 172.1927661895752
    },
    "83": {
        "score": 15.629844665527344,
        "runtime": 173.0437364578247
    },
    "84": {
        "score": 15.650087356567383,
        "runtime": 174.33648562431335
    },
    "85": {
        "score": 15.650087356567383,