{
    "0": {
        "score": 16.0098819732666,
        "runtime": 179.3271141052246
    },
    "1": {
        "score": 15.786185264587402,
        "runtime": 179.57207489013672
    },
    "2": {
        "score": 16.291841506958008,
        "runtime": 181.2715368270874
    },
    "3": {
        "score": 15.786977767944336,
        "runtime": 180.3605728149414
    },
    "4": {
        "score": 15.944075584411621,
        "runtime": 180.22715735435486
    },
    "5": {
        "score": 16.02870750427246,
        "runtime": 180.91802740097046
    },
    "6": {
        "score": 15.786185264587402,
        "runtime": 181.25721335411072
    },
    "7": {
        "score": 16.05434226989746,
        "runtime": 180.73160457611084
    },
    "8": {
        "score": 15.878503799438477,
        "runtime": 178.0145251750946
    },
    "9": {
        "score": 15.944868087768555,
        "runtime": 176.13500261306763
    },
    "10": {
        "score": 15.772750854492188,
        "runtime": 177.77704572677612
    },
    "11": {
        "score": 15.909141540527344,
        "runtime": 178.21326756477356
    },
    "12": {
        "score": 15.849508285522461,
        "runtime": 177.95700097084045
    },
    "13": {
        "score": 15.826461791992188,
        "runtime": 179.25051498413086
    },
    "14": {
        "score": 15.786977767944336,
        "runtime": 177.2896146774292
    },
    "15": {
        "score": 15.850300788879395,
        "runtime": 178.53899931907654
    },
    "16": {
        "score": 16.25857162475586,
        "runtime": 179.58802962303162
    },
    "17": {
        "score": 15.786977767944336,
        "runtime": 179.0939998626709
    },
    "18": {
        "score": 15.863851547241211,
        "runtime": 178.211519241333
    },
    "19": {
        "score": 15.786977767944336,
        "runtime": 179.70899939537048
    },
    "20": {
        "score": 15.908456802368164,
        "runtime": 181.11746621131897
    },
    "21": {
        "score": 15.786185264587402,
        "runtime": 180.547513961792
    },
    "22": {
        "score": 15.850300788879395,
        "runtime": 181.44700145721436
    },
    "23": {
        "score": 15.850300788879395,
        "runtime": 179.83017683029175
    },
    "24": {
        "score": 15.786977767944336,
        "runtime": 178.89952063560486
    },
    "25": {
        "score": 16.02870750427246,
        "runtime": 179.24547243118286
    },
    "26": {
        "score": 16.02870750427246,
        "runtime": 181.09800100326538
    },
    "27": {
        "score": 15.90834903717041,
        "runtime": 178.92536401748657
    },
    "28": {
        "score": 16.02870750427246,
        "runtime": 179.98609828948975
    },
    "29": {
        "score": 15.786977767944336,
        "runtime": 177.968111038208
    },
    "30": {
        "score": 15.786977767944336,
        "runtime": 178.84700202941895
    },
    "31": {
        "score": 15.863851547241211,
        "runtime": 178.978453874588
    },
    "32": {
        "score": 15.890673637390137,
        "runtime": 179.96746706962585
    },
    "33": {
        "score": 15.833251953125,
        "runtime": 178.76224279403687
    },
    "34": {
        "score": 15.77195930480957,
        "runtime": 178.51399993896484
    },
    "35": {
        "score": 15.786977767944336,
        "runtime": 181.30146050453186
    },
    "36": {
        "score": 15.829044342041016,
        "runtime": 182.02500247955322
    },
    "37": {
        "score": 15.863851547241211,
        "runtime": 178.04348731040955
    },
    "38": {
        "score": 15.850300788879395,
        "runtime": 179.04600358009338
    },
    "39": {
        "score": 15.786977767944336,
        "runtime": 179.7329978942871
    },
    "40": {
        "score": 15.834216117858887,
        "runtime": 177.47099900245667
    },
    "41": {
        "score": 15.786185264587402,
        "runtime": 179.53699827194214
    },
    "42": {
        "score": 15.786977767944336,
        "runtime": 180.71355772018433
    },
    "43": {
        "score": 15.786977767944336,
        "runtime": 179.8935194015503
    },
    "44": {
        "score": 15.786977767944336,
        "runtime": 180.25899863243103
    },
    "45": {
        "score": 15.786977767944336,
        "runtime": 179.61299777030945
    },
    "46": {
        "score": 15.758378028869629,
        "runtime": 178.04198932647705
    },
    "47": {
        "score": 15.758378028869629,
        "runtime": 179.49921298027039
    },
    "48": {
        "score": 15.786977767944336,
        "runtime": 178.940997838974
    },
    "49": {
        "score": 15.758378028869629,
        "runtime": 178.81300234794617
    },
    "50": {
        "score": 15.849508285522461,
        "runtime": 179.50907444953918
    },
    "51": {
        "score": 15.83544635772705,
        "runtime": 178.06251311302185
    },
    "52": {
        "score": 15.878503799438477,
        "runtime": 180.9551362991333
    },
    "53": {
        "score": 15.909141540527344,
        "runtime": 182.15570378303528
    },
    "54": {
        "score": 15.944868087768555,
        "runtime": 173.70499992370605
    },
    "55": {
        "score": 15.786977767944336,
        "runtime": 174.62800073623657
    },
    "56": {
        "score": 15.786977767944336,
        "runtime": 173.75651693344116
    },
    "57": {
        "score": 15.90766429901123,
        "runtime": 175.63900113105774
    },
    "58": {
        "score": 15.97970962524414,
        "runtime": 174.21111226081848
    },
    "59": {
        "score": 16.027915954589844,
        "runtime": 173.54100036621094
    },
    "60": {
        "score": 15.908456802368164,
        "runtime": 173.99047017097473
    },
    "61": {
        "score": 16.02870750427246,
        "runtime": 173.71368050575256
    },
    "62": {
        "score": 15.850300788879395,
        "runtime": 174.91345953941345
    },
    "63": {
        "score": 15.757586479187012,
        "runtime": 172.9110004901886
    },
    "64": {
        "score": 15.786977767944336,
        "runtime": 205.11018347740173
    },
    "65": {
        "score": 15.849508285522461,
        "runtime": 174.94404435157776
    },
    "66": {
        "score": 16.02870750427246,
        "runtime": 176.4905264377594
    },
    "67": {
        "score": 15.732842445373535,
        "runtime": 174.57757806777954
    },
    "68": {
        "score": 15.850300788879395,
        "runtime": 174.75406074523926
    },
    "69": {
        "score": 15.909141540527344,
        "runtime": 174.34506464004517
    },
    "70": {
        "score": 15.849508285522461,
        "runtime": 174.654057264328
    },
    "71": {
        "score": 15.786977767944336,
        "runtime": 175.652001619339
    },
    "72": {
        "score": 15.944075584411621,
        "runtime": 174.26950407028198
    },
    "73": {
        "score": 15.90766429901123,
        "runtime": 174.77802681922913
    },
    "74": {
        "score": 15.786977767944336,
        "runtime": 176.35799884796143
    },
    "75": {
        "score": 15.849508285522461,
        "runtime": 175.27510976791382
    },
    "76": {
        "score": 16.02870750427246,
        "runtime": 174.3780550956726
    },
    "77": {
        "score": 15.850300788879395,
        "runtime": 175.10005116462708
    },
    "78": {
        "score": 15.922165870666504,
        "runtime": 177.71523356437683
    },
    "79": {
        "score": 15.850300788879395,
        "runtime": 174.3340277671814
    },
    "80": {
        "score": 15.786977767944336,
        "runtime": 174.02063274383545
    },
    "81": {
        "score": 15.758378028869629,
        "runtime": 206.04721307754517
    },
    "82": {
        "score": 15.849508285522461,
        "runtime": 172.12434244155884
    },
    "83": {
        "score": 16.02870750427246,
        "runtime": 171.77850699424744
    },
    "84": {
        "score": 15.944075584411621,
        "runtime": 174.4683804512024
    },
    "85": {
        "score": 15.786977767944336,