{
    "epoch=123-train_score=3.75618": {
        "result_avg": {
            "score": 3.851509118080139,
            "runtime": 0.7821070170402527
        },
        "result_std": {
            "score": 0.08601264004780379,
            "runtime": 0.00037624963116751923
        }
    },
    "epoch=157-train_score=3.76857": {
        "result_avg": {
            "score": 3.8528983211517334,
            "runtime": 0.7836877369880676
        },
        "result_std": {
            "score": 0.08414761184986866,
            "runtime": 0.0005505169700369322
        }
    },
    "epoch=61-train_score=3.76893": {
        "result_avg": {
            "score": 3.869052186012268,
            "runtime": 0.7847350597381592
        },
        "result_std": {
            "score": 0.08861102542788193,
            "runtime": 0.0005199966730162938
        }
    },
    "epoch=119-train_score=3.76525": {
        "result_avg": {
            "score": 3.853891508579254,
            "runtime": 0.7859260225296021
        },
        "result_std": {
            "score": 0.08488513579853164,
            "runtime": 0.0006662281374454096
        }
    },
    "epoch=113-train_score=3.77460": {
        "result_avg": {
            "score": 3.8533042097091674,
            "runtime": 0.7833529138565063
        },
        "result_std": {
            "score": 0.08541893904675202,
            "runtime": 0.0003788620993380166
        }
    }
}