{
    "0": {
        "score": 3.663829803466797,
        "runtime": 0.847998857498169
    },
    "1": {
        "score": 3.761995553970337,
        "runtime": 0.7720019817352295
    },
    "2": {
        "score": 3.799975872039795,
        "runtime": 0.7949998378753662
    },
    "3": {
        "score": 4.122701644897461,
        "runtime": 0.7849993705749512
    },
    "4": {
        "score": 3.2648539543151855,
        "runtime": 0.7760021686553955
    },
    "5": {
        "score": 3.8676135540008545,
        "runtime": 0.7975165843963623
    },
    "6": {
        "score": 3.9112212657928467,
        "runtime": 0.7939610481262207
    },
    "7": {
        "score": 4.078092098236084,
        "runtime": 0.7820003032684326
    },
    "8": {
        "score": 4.128917694091797,
        "runtime": 0.7729992866516113
    },
    "9": {
        "score": 4.014928340911865,
        "runtime": 0.7820019721984863
    },
    "10": {
        "score": 3.778759717941284,
        "runtime": 0.7699975967407227
    },
    "11": {
        "score": 3.7717671394348145,
        "runtime": 0.8119988441467285
    },
    "12": {
        "score": 4.076560974121094,
        "runtime": 0.7595150470733643
    },
    "13": {
        "score": 3.693781614303589,
        "runtime": 0.7659995555877686
    },
    "14": {
        "score": 4.328239440917969,
        "runtime": 0.7740023136138916
    },
    "15": {
        "score": 3.9959187507629395,
        "runtime": 0.7669992446899414
    },
    "16": {
        "score": 4.182433605194092,
        "runtime": 0.8119990825653076
    },
    "17": {
        "score": 3.341622829437256,
        "runtime": 0.7759997844696045
    },
    "18": {
        "score": 3.7305448055267334,
        "runtime": 0.7769989967346191
    },
    "19": {
        "score": 3.863896369934082,
        "runtime": 0.7780022621154785
    },
    "20": {
        "score": 3.877220869064331,
        "runtime": 0.7619996070861816
    },
    "21": {
        "score": 3.493420362472534,
        "runtime": 0.7750027179718018
    },
    "22": {
        "score": 3.8361217975616455,
        "runtime": 0.7880003452301025
    },
    "23": {
        "score": 4.320151329040527,
        "runtime": 0.7830004692077637
    },
    "24": {
        "score": 4.096965312957764,
        "runtime": 0.8000028133392334
    },
    "25": {
        "score": 3.8711776733398438,
        "runtime": 0.8009998798370361
    },
    "26": {
        "score": 4.378434181213379,
        "runtime": 0.7839999198913574
    },
    "27": {
        "score": 3.715338945388794,
        "runtime": 0.7669985294342041
    },
    "28": {
        "score": 3.308074951171875,
        "runtime": 0.7800004482269287
    },
    "29": {
        "score": 3.9138455390930176,
        "runtime": 0.8109996318817139
    },
    "30": {
        "score": 3.8944716453552246,
        "runtime": 0.763512372970581
    },
    "31": {
        "score": 3.209815263748169,
        "runtime": 0.8074765205383301
    },
    "32": {
        "score": 4.040256500244141,
        "runtime": 0.774000883102417
    },
    "33": {
        "score": 4.2170515060424805,
        "runtime": 0.7990026473999023
    },
    "34": {
        "score": 4.319533824920654,
        "runtime": 0.7880001068115234
    },
    "35": {
        "score": 4.257804870605469,
        "runtime": 0.7810029983520508
    },
    "36": {
        "score": 4.027778148651123,
        "runtime": 0.7929995059967041
    },
    "37": {
        "score": 3.717787742614746,
        "runtime": 0.7739992141723633
    },
    "38": {
        "score": 3.8553543090820312,
        "runtime": 0.7910003662109375
    },
    "39": {
        "score": 4.187337875366211,
        "runtime": 0.7780017852783203
    },
    "40": {
        "score": 3.923027992248535,
        "runtime": 0.7979991436004639
    },
    "41": {
        "score": 3.9975223541259766,
        "runtime": 0.7570011615753174
    },
    "42": {
        "score": 3.5284109115600586,
        "runtime": 0.7889487743377686
    },
    "43": {
        "score": 3.3074891567230225,
        "runtime": 0.7660021781921387
    },
    "44": {
        "score": 3.92326021194458,
        "runtime": 0.7715244293212891
    },
    "45": {
        "score": 3.6989119052886963,
        "runtime": 0.7879514694213867
    },
    "46": {
        "score": 4.112080097198486,
        "runtime": 0.7970001697540283
    },
    "47": {
        "score": 3.721055746078491,
        "runtime": 0.7780008316040039
    },
    "48": {
        "score": 3.9390406608581543,
        "runtime": 0.7680003643035889
    },
    "49": {
        "score": 3.807023048400879,
        "runtime": 0.7915201187133789
    },
    "50": {
        "score": 3.883537530899048,
        "runtime": 0.7795217037200928
    },
    "51": {
        "score": 3.6750454902648926,
        "runtime": 0.7889997959136963
    },
    "52": {
        "score": 3.5137431621551514,
        "runtime": 0.7799906730651855
    },
    "53": {
        "score": 4.112093925476074,
        "runtime": 0.7699992656707764
    },
    "54": {
        "score": 3.9248223304748535,
        "runtime": 0.8039999008178711
    },
    "55": {
        "score": 3.6399409770965576,
        "runtime": 0.778515100479126
    },
    "56": {
        "score": 4.023445129394531,
        "runtime": 0.7799992561340332
    },
    "57": {
        "score": 3.789414405822754,
        "runtime": 0.7469990253448486
    },
    "58": {
        "score": 3.994159698486328,
        "runtime": 0.8044955730438232
    },
    "59": {
        "score": 3.9377734661102295,
        "runtime": 0.7859992980957031
    },
    "60": {
        "score": 3.8143482208251953,
        "runtime": 0.8065199851989746
    },
    "61": {
        "score": 3.1892988681793213,
        "runtime": 0.7590019702911377
    },
    "62": {
        "score": 4.034071445465088,
        "runtime": 0.8140013217926025
    },
    "63": {
        "score": 4.1233038902282715,
        "runtime": 0.7660019397735596
    },
    "64": {
        "score": 3.782482624053955,
        "runtime": 0.7904903888702393
    },
    "65": {
        "score": 3.998300313949585,
        "runtime": 0.7949995994567871
    },
    "66": {
        "score": 3.7813100814819336,
        "runtime": 0.7959995269775391
    },
    "67": {
        "score": 3.7267768383026123,
        "runtime": 0.7829978466033936
    },
    "68": {
        "score": 3.9826464653015137,
        "runtime": 0.8750014305114746
    },
    "69": {
        "score": 3.6501429080963135,
        "runtime": 0.7939729690551758
    },
    "70": {
        "score": 3.609797477722168,
        "runtime": 0.789525032043457
    },
    "71": {
        "score": 3.685668468475342,
        "runtime": 0.7669999599456787
    },
    "72": {
        "score": 4.37349271774292,
        "runtime": 0.761998176574707
    },
    "73": {
        "score": 3.780745029449463,
        "runtime": 0.7740004062652588
    },
    "74": {
        "score": 3.9830660820007324,
        "runtime": 0.7769644260406494
    },
    "75": {
        "score": 4.153078079223633,
        "runtime": 0.7590019702911377
    },
    "76": {
        "score": 3.460819959640503,
        "runtime": 0.7910006046295166
    },
    "77": {
        "score": 3.9464802742004395,
        "runtime": 0.7749996185302734
    },
    "78": {
        "score": 4.144110679626465,
        "runtime": 0.7859985828399658
    },
    "79": {
        "score": 3.8339180946350098,
        "runtime": 0.7470011711120605
    },
    "80": {
        "score": 3.1857752799987793,
        "runtime": 0.7580008506774902
    },
    "81": {
        "score": 4.09826135635376,
        "runtime": 0.7525224685668945
    },
    "82": {
        "score": 3.753692626953125,
        "runtime": 0.7888939380645752
    },
    "83": {
        "score": 3.4393889904022217,
        "runtime": 0.7589976787567139
    },
    "84": {
        "score": 3.971017599105835,
        "runtime": 0.7769472599029541
    },
    "85": {
        "score": 3.948762893676758,