{
    "0": {
        "score": 3.663829803466797,
        "runtime": 0.8359999656677246
    },
    "1": {
        "score": 3.761995553970337,
        "runtime": 0.7800004482269287
    },
    "2": {
        "score": 3.799975872039795,
        "runtime": 0.8209986686706543
    },
    "3": {
        "score": 4.11891508102417,
        "runtime": 0.7590000629425049
    },
    "4": {
        "score": 3.29445481300354,
        "runtime": 0.7639994621276855
    },
    "5": {
        "score": 3.960817575454712,
        "runtime": 0.7995166778564453
    },
    "6": {
        "score": 3.8752036094665527,
        "runtime": 0.8089606761932373
    },
    "7": {
        "score": 3.9224014282226562,
        "runtime": 0.7769999504089355
    },
    "8": {
        "score": 4.128917694091797,
        "runtime": 0.7745203971862793
    },
    "9": {
        "score": 4.006816864013672,
        "runtime": 0.8119988441467285
    },
    "10": {
        "score": 3.7934024333953857,
        "runtime": 0.794755220413208
    },
    "11": {
        "score": 3.7717671394348145,
        "runtime": 0.7689995765686035
    },
    "12": {
        "score": 4.076560974121094,
        "runtime": 0.7929995059967041
    },
    "13": {
        "score": 3.693781614303589,
        "runtime": 0.7869992256164551
    },
    "14": {
        "score": 4.384603977203369,
        "runtime": 0.7710022926330566
    },
    "15": {
        "score": 3.9959187507629395,
        "runtime": 0.7940003871917725
    },
    "16": {
        "score": 4.157617568969727,
        "runtime": 0.7830021381378174
    },
    "17": {
        "score": 3.341622829437256,
        "runtime": 0.8169515132904053
    },
    "18": {
        "score": 3.7305448055267334,
        "runtime": 0.7849535942077637
    },
    "19": {
        "score": 3.863896369934082,
        "runtime": 0.7910013198852539
    },
    "20": {
        "score": 3.877220869064331,
        "runtime": 0.7480008602142334
    },
    "21": {
        "score": 3.4828333854675293,
        "runtime": 0.7849986553192139
    },
    "22": {
        "score": 3.8590357303619385,
        "runtime": 0.761707067489624
    },
    "23": {
        "score": 4.350894927978516,
        "runtime": 0.7599983215332031
    },
    "24": {
        "score": 4.068873405456543,
        "runtime": 0.7950000762939453
    },
    "25": {
        "score": 4.09261417388916,
        "runtime": 0.7849979400634766
    },
    "26": {
        "score": 4.378434181213379,
        "runtime": 0.8119988441467285
    },
    "27": {
        "score": 3.715338945388794,
        "runtime": 0.8220016956329346
    },
    "28": {
        "score": 3.4394006729125977,
        "runtime": 0.8109993934631348
    },
    "29": {
        "score": 3.9138455390930176,
        "runtime": 0.7667176723480225
    },
    "30": {
        "score": 3.8944716453552246,
        "runtime": 0.777512788772583
    },
    "31": {
        "score": 3.209815263748169,
        "runtime": 0.7719612121582031
    },
    "32": {
        "score": 4.040256500244141,
        "runtime": 0.7359991073608398
    },
    "33": {
        "score": 4.2170515060424805,
        "runtime": 0.7870006561279297
    },
    "34": {
        "score": 4.319533824920654,
        "runtime": 0.7610006332397461
    },
    "35": {
        "score": 4.384434700012207,
        "runtime": 0.7930006980895996
    },
    "36": {
        "score": 4.017929553985596,
        "runtime": 0.7910020351409912
    },
    "37": {
        "score": 3.717787742614746,
        "runtime": 0.7649991512298584
    },
    "38": {
        "score": 3.8553543090820312,
        "runtime": 0.8549988269805908
    },
    "39": {
        "score": 4.493379592895508,
        "runtime": 0.7510018348693848
    },
    "40": {
        "score": 3.9290757179260254,
        "runtime": 0.7979977130889893
    },
    "41": {
        "score": 4.015934944152832,
        "runtime": 0.7430002689361572
    },
    "42": {
        "score": 3.5343122482299805,
        "runtime": 0.7599482536315918
    },
    "43": {
        "score": 3.28609299659729,
        "runtime": 0.8130035400390625
    },
    "44": {
        "score": 3.9143927097320557,
        "runtime": 0.7604966163635254
    },
    "45": {
        "score": 3.712710380554199,
        "runtime": 0.7669980525970459
    },
    "46": {
        "score": 4.207136154174805,
        "runtime": 0.7580015659332275
    },
    "47": {
        "score": 3.7536251544952393,
        "runtime": 0.7850000858306885
    },
    "48": {
        "score": 3.927215576171875,
        "runtime": 0.7649984359741211
    },
    "49": {
        "score": 3.8663716316223145,
        "runtime": 0.8035216331481934
    },
    "50": {
        "score": 3.883537530899048,
        "runtime": 0.7825214862823486
    },
    "51": {
        "score": 3.6899423599243164,
        "runtime": 0.8030009269714355
    },
    "52": {
        "score": 3.5950989723205566,
        "runtime": 0.7780001163482666
    },
    "53": {
        "score": 4.112093925476074,
        "runtime": 0.764000654220581
    },
    "54": {
        "score": 4.091575622558594,
        "runtime": 0.7889995574951172
    },
    "55": {
        "score": 3.6399409770965576,
        "runtime": 0.7845151424407959
    },
    "56": {
        "score": 4.023445129394531,
        "runtime": 0.7889981269836426
    },
    "57": {
        "score": 3.789414405822754,
        "runtime": 0.7729978561401367
    },
    "58": {
        "score": 3.9642252922058105,
        "runtime": 0.7904977798461914
    },
    "59": {
        "score": 3.926292896270752,
        "runtime": 0.7905232906341553
    },
    "60": {
        "score": 3.844111919403076,
        "runtime": 0.783519983291626
    },
    "61": {
        "score": 3.179180145263672,
        "runtime": 0.7905173301696777
    },
    "62": {
        "score": 4.034071445465088,
        "runtime": 0.7810001373291016
    },
    "63": {
        "score": 4.1233038902282715,
        "runtime": 0.7640001773834229
    },
    "64": {
        "score": 3.7814419269561768,
        "runtime": 0.7934906482696533
    },
    "65": {
        "score": 3.998300313949585,
        "runtime": 0.7819998264312744
    },
    "66": {
        "score": 3.821742296218872,
        "runtime": 0.7920019626617432
    },
    "67": {
        "score": 3.6951253414154053,
        "runtime": 0.7429995536804199
    },
    "68": {
        "score": 3.9582395553588867,
        "runtime": 0.8870007991790771
    },
    "69": {
        "score": 3.6501429080963135,
        "runtime": 0.7450006008148193
    },
    "70": {
        "score": 3.609797477722168,
        "runtime": 0.7760024070739746
    },
    "71": {
        "score": 3.7199578285217285,
        "runtime": 0.7869715690612793
    },
    "72": {
        "score": 4.331632614135742,
        "runtime": 0.7679998874664307
    },
    "73": {
        "score": 3.831160068511963,
        "runtime": 0.7890026569366455
    },
    "74": {
        "score": 3.9664053916931152,
        "runtime": 0.7819631099700928
    },
    "75": {
        "score": 4.209540843963623,
        "runtime": 0.7680001258850098
    },
    "76": {
        "score": 3.460819959640503,
        "runtime": 0.7799992561340332
    },
    "77": {
        "score": 3.9464802742004395,
        "runtime": 0.7789978981018066
    },
    "78": {
        "score": 4.173035144805908,
        "runtime": 0.7829983234405518
    },
    "79": {
        "score": 3.8339180946350098,
        "runtime": 0.7879979610443115
    },
    "80": {
        "score": 3.1857752799987793,
        "runtime": 0.7980000972747803
    },
    "81": {
        "score": 4.09826135635376,
        "runtime": 0.8085222244262695
    },
    "82": {
        "score": 3.753692626953125,
        "runtime": 0.7820019721984863
    },
    "83": {
        "score": 3.441124200820923,
        "runtime": 0.7849998474121094
    },
    "84": {
        "score": 3.971017599105835,
        "runtime": 0.7969496250152588
    },
    "85": {
        "score": 3.948762893676758,