{
    "0": {
        "score": 3.6493992805480957,
        "runtime": 0.8389980792999268
    },
    "1": {
        "score": 3.761995553970337,
        "runtime": 0.8160016536712646
    },
    "2": {
        "score": 3.7796688079833984,
        "runtime": 0.7659997940063477
    },
    "3": {
        "score": 4.122701644897461,
        "runtime": 0.7780001163482666
    },
    "4": {
        "score": 3.2645251750946045,
        "runtime": 0.7789971828460693
    },
    "5": {
        "score": 3.8676135540008545,
        "runtime": 0.7569472789764404
    },
    "6": {
        "score": 3.8685250282287598,
        "runtime": 0.7530004978179932
    },
    "7": {
        "score": 3.9224014282226562,
        "runtime": 0.7835214138031006
    },
    "8": {
        "score": 4.128917694091797,
        "runtime": 0.7744746208190918
    },
    "9": {
        "score": 4.014928340911865,
        "runtime": 0.7659988403320312
    },
    "10": {
        "score": 3.778759717941284,
        "runtime": 0.7967550754547119
    },
    "11": {
        "score": 3.7717671394348145,
        "runtime": 0.7900006771087646
    },
    "12": {
        "score": 4.087907791137695,
        "runtime": 0.7999997138977051
    },
    "13": {
        "score": 3.7108864784240723,
        "runtime": 0.8139998912811279
    },
    "14": {
        "score": 4.372614860534668,
        "runtime": 0.8040022850036621
    },
    "15": {
        "score": 3.9959187507629395,
        "runtime": 0.804002046585083
    },
    "16": {
        "score": 4.209713935852051,
        "runtime": 0.7910013198852539
    },
    "17": {
        "score": 3.341622829437256,
        "runtime": 0.8049509525299072
    },
    "18": {
        "score": 3.7034003734588623,
        "runtime": 0.8019552230834961
    },
    "19": {
        "score": 3.863896369934082,
        "runtime": 0.7580013275146484
    },
    "20": {
        "score": 3.9067585468292236,
        "runtime": 0.7959988117218018
    },
    "21": {
        "score": 3.493420362472534,
        "runtime": 0.7960000038146973
    },
    "22": {
        "score": 3.8590357303619385,
        "runtime": 0.7727065086364746
    },
    "23": {
        "score": 4.342337131500244,
        "runtime": 0.8075141906738281
    },
    "24": {
        "score": 3.9885854721069336,
        "runtime": 0.7669999599456787
    },
    "25": {
        "score": 3.8711776733398438,
        "runtime": 0.7670009136199951
    },
    "26": {
        "score": 4.378434181213379,
        "runtime": 0.8049991130828857
    },
    "27": {
        "score": 3.715338945388794,
        "runtime": 0.7770001888275146
    },
    "28": {
        "score": 3.308074951171875,
        "runtime": 0.7810025215148926
    },
    "29": {
        "score": 3.9375288486480713,
        "runtime": 0.778714656829834
    },
    "30": {
        "score": 3.8944716453552246,
        "runtime": 0.7709956169128418
    },
    "31": {
        "score": 3.209815263748169,
        "runtime": 0.7909626960754395
    },
    "32": {
        "score": 4.040256500244141,
        "runtime": 0.7810015678405762
    },
    "33": {
        "score": 4.2170515060424805,
        "runtime": 0.7659997940063477
    },
    "34": {
        "score": 4.319533824920654,
        "runtime": 0.7519598007202148
    },
    "35": {
        "score": 4.260029315948486,
        "runtime": 0.7680003643035889
    },
    "36": {
        "score": 4.017929553985596,
        "runtime": 0.7659997940063477
    },
    "37": {
        "score": 3.717787742614746,
        "runtime": 0.7830026149749756
    },
    "38": {
        "score": 3.8522093296051025,
        "runtime": 0.8060004711151123
    },
    "39": {
        "score": 4.200603008270264,
        "runtime": 0.7779998779296875
    },
    "40": {
        "score": 3.923027992248535,
        "runtime": 0.7595245838165283
    },
    "41": {
        "score": 3.9975223541259766,
        "runtime": 0.7654964923858643
    },
    "42": {
        "score": 3.5343122482299805,
        "runtime": 0.77699875831604
    },
    "43": {
        "score": 3.28609299659729,
        "runtime": 0.8020002841949463
    },
    "44": {
        "score": 3.952742338180542,
        "runtime": 0.7799715995788574
    },
    "45": {
        "score": 3.6989119052886963,
        "runtime": 0.7780008316040039
    },
    "46": {
        "score": 4.115407943725586,
        "runtime": 0.7790002822875977
    },
    "47": {
        "score": 3.7472667694091797,
        "runtime": 0.785001277923584
    },
    "48": {
        "score": 3.925548553466797,
        "runtime": 0.7809998989105225
    },
    "49": {
        "score": 3.8162293434143066,
        "runtime": 0.7900011539459229
    },
    "50": {
        "score": 3.854548215866089,
        "runtime": 0.7909998893737793
    },
    "51": {
        "score": 3.6750454902648926,
        "runtime": 0.7780015468597412
    },
    "52": {
        "score": 3.5137431621551514,
        "runtime": 0.8049979209899902
    },
    "53": {
        "score": 4.114580154418945,
        "runtime": 0.7670016288757324
    },
    "54": {
        "score": 3.9248223304748535,
        "runtime": 0.7595138549804688
    },
    "55": {
        "score": 3.6325266361236572,
        "runtime": 0.7640013694763184
    },
    "56": {
        "score": 4.023445129394531,
        "runtime": 0.7690010070800781
    },
    "57": {
        "score": 3.789414405822754,
        "runtime": 0.7639503479003906
    },
    "58": {
        "score": 3.992960214614868,
        "runtime": 0.7779996395111084
    },
    "59": {
        "score": 3.881514310836792,
        "runtime": 0.7474987506866455
    },
    "60": {
        "score": 3.8143482208251953,
        "runtime": 0.7869999408721924
    },
    "61": {
        "score": 3.1906075477600098,
        "runtime": 0.7945168018341064
    },
    "62": {
        "score": 4.063938617706299,
        "runtime": 0.7739973068237305
    },
    "63": {
        "score": 4.1233038902282715,
        "runtime": 0.7940013408660889
    },
    "64": {
        "score": 3.7814419269561768,
        "runtime": 0.770998477935791
    },
    "65": {
        "score": 3.998300313949585,
        "runtime": 0.7844791412353516
    },
    "66": {
        "score": 3.7593417167663574,
        "runtime": 0.8225264549255371
    },
    "67": {
        "score": 3.7267768383026123,
        "runtime": 0.7720010280609131
    },
    "68": {
        "score": 3.981815814971924,
        "runtime": 0.8381590843200684
    },
    "69": {
        "score": 3.6501429080963135,
        "runtime": 0.8129997253417969
    },
    "70": {
        "score": 3.5717227458953857,
        "runtime": 0.8079659938812256
    },
    "71": {
        "score": 3.6954565048217773,
        "runtime": 0.7919716835021973
    },
    "72": {
        "score": 4.37349271774292,
        "runtime": 0.7875168323516846
    },
    "73": {
        "score": 3.8610615730285645,
        "runtime": 0.7590007781982422
    },
    "74": {
        "score": 3.975198745727539,
        "runtime": 0.7699680328369141
    },
    "75": {
        "score": 4.1968607902526855,
        "runtime": 0.7879974842071533
    },
    "76": {
        "score": 3.460819959640503,
        "runtime": 0.7899985313415527
    },
    "77": {
        "score": 3.9464802742004395,
        "runtime": 0.7531986236572266
    },
    "78": {
        "score": 4.144110679626465,
        "runtime": 0.7840006351470947
    },
    "79": {
        "score": 3.8454549312591553,
        "runtime": 0.731999397277832
    },
    "80": {
        "score": 3.175424575805664,
        "runtime": 0.7939996719360352
    },
    "81": {
        "score": 4.092862606048584,
        "runtime": 0.7769999504089355
    },
    "82": {
        "score": 3.753692626953125,
        "runtime": 0.7890005111694336
    },
    "83": {
        "score": 3.441124200820923,
        "runtime": 0.80899977684021
    },
    "84": {
        "score": 3.902392625808716,
        "runtime": 0.7959988117218018
    },
    "85": {
        "score": 3.9503417015075684,