{
    "0": {
        "score": 3.663829803466797,
        "runtime": 0.8510012626647949
    },
    "1": {
        "score": 3.761995553970337,
        "runtime": 0.8090026378631592
    },
    "2": {
        "score": 3.7796688079833984,
        "runtime": 0.7799990177154541
    },
    "3": {
        "score": 4.1494598388671875,
        "runtime": 0.7659988403320312
    },
    "4": {
        "score": 3.3146445751190186,
        "runtime": 0.7569997310638428
    },
    "5": {
        "score": 3.860729932785034,
        "runtime": 0.7675135135650635
    },
    "6": {
        "score": 3.942577362060547,
        "runtime": 0.8109607696533203
    },
    "7": {
        "score": 3.951625108718872,
        "runtime": 0.7980000972747803
    },
    "8": {
        "score": 4.128917694091797,
        "runtime": 0.7945225238800049
    },
    "9": {
        "score": 4.014928340911865,
        "runtime": 0.7919988632202148
    },
    "10": {
        "score": 3.7934024333953857,
        "runtime": 0.7717535495758057
    },
    "11": {
        "score": 3.7717671394348145,
        "runtime": 0.7709977626800537
    },
    "12": {
        "score": 4.076560974121094,
        "runtime": 0.8300001621246338
    },
    "13": {
        "score": 3.7108864784240723,
        "runtime": 0.7869999408721924
    },
    "14": {
        "score": 4.376522064208984,
        "runtime": 0.7740018367767334
    },
    "15": {
        "score": 3.9959187507629395,
        "runtime": 0.804999828338623
    },
    "16": {
        "score": 4.157617568969727,
        "runtime": 0.7609994411468506
    },
    "17": {
        "score": 3.341622829437256,
        "runtime": 0.7939519882202148
    },
    "18": {
        "score": 3.7034003734588623,
        "runtime": 0.7779550552368164
    },
    "19": {
        "score": 3.863896369934082,
        "runtime": 0.7789978981018066
    },
    "20": {
        "score": 3.9067585468292236,
        "runtime": 0.7660002708435059
    },
    "21": {
        "score": 3.493420362472534,
        "runtime": 0.7900004386901855
    },
    "22": {
        "score": 3.8361217975616455,
        "runtime": 0.7827057838439941
    },
    "23": {
        "score": 4.320151329040527,
        "runtime": 0.7449989318847656
    },
    "24": {
        "score": 4.007285118103027,
        "runtime": 0.7909994125366211
    },
    "25": {
        "score": 3.8711776733398438,
        "runtime": 0.7760002613067627
    },
    "26": {
        "score": 4.354970932006836,
        "runtime": 0.7820003032684326
    },
    "27": {
        "score": 3.715338945388794,
        "runtime": 0.7309999465942383
    },
    "28": {
        "score": 3.308074951171875,
        "runtime": 0.7600023746490479
    },
    "29": {
        "score": 3.9138455390930176,
        "runtime": 0.7577159404754639
    },
    "30": {
        "score": 3.8944716453552246,
        "runtime": 0.7755134105682373
    },
    "31": {
        "score": 3.209815263748169,
        "runtime": 0.7699611186981201
    },
    "32": {
        "score": 4.040256500244141,
        "runtime": 0.7829983234405518
    },
    "33": {
        "score": 4.2170515060424805,
        "runtime": 0.7740006446838379
    },
    "34": {
        "score": 4.319533824920654,
        "runtime": 0.8060033321380615
    },
    "35": {
        "score": 4.263957500457764,
        "runtime": 0.8110001087188721
    },
    "36": {
        "score": 4.027778148651123,
        "runtime": 0.7909975051879883
    },
    "37": {
        "score": 3.717787742614746,
        "runtime": 0.8000016212463379
    },
    "38": {
        "score": 3.8553543090820312,
        "runtime": 0.8429994583129883
    },
    "39": {
        "score": 4.187337875366211,
        "runtime": 0.74900221824646
    },
    "40": {
        "score": 3.923027992248535,
        "runtime": 0.7589974403381348
    },
    "41": {
        "score": 3.9975223541259766,
        "runtime": 0.8139998912811279
    },
    "42": {
        "score": 3.5284109115600586,
        "runtime": 0.7750003337860107
    },
    "43": {
        "score": 3.3074891567230225,
        "runtime": 0.8020012378692627
    },
    "44": {
        "score": 3.999903678894043,
        "runtime": 0.7684962749481201
    },
    "45": {
        "score": 3.6989119052886963,
        "runtime": 0.8229982852935791
    },
    "46": {
        "score": 4.052874565124512,
        "runtime": 0.7690029144287109
    },
    "47": {
        "score": 3.7536251544952393,
        "runtime": 0.7810008525848389
    },
    "48": {
        "score": 3.925548553466797,
        "runtime": 0.7579991817474365
    },
    "49": {
        "score": 3.807023048400879,
        "runtime": 0.8255226612091064
    },
    "50": {
        "score": 3.854548215866089,
        "runtime": 0.7619998455047607
    },
    "51": {
        "score": 3.6750454902648926,
        "runtime": 0.786001443862915
    },
    "52": {
        "score": 3.5809741020202637,
        "runtime": 0.7729992866516113
    },
    "53": {
        "score": 4.112093925476074,
        "runtime": 0.7790019512176514
    },
    "54": {
        "score": 3.9471774101257324,
        "runtime": 0.7799975872039795
    },
    "55": {
        "score": 3.6399409770965576,
        "runtime": 0.768512487411499
    },
    "56": {
        "score": 4.039519786834717,
        "runtime": 0.788996696472168
    },
    "57": {
        "score": 3.789414405822754,
        "runtime": 0.7819969654083252
    },
    "58": {
        "score": 3.9642252922058105,
        "runtime": 0.7864975929260254
    },
    "59": {
        "score": 3.9530375003814697,
        "runtime": 0.7765228748321533
    },
    "60": {
        "score": 3.8143482208251953,
        "runtime": 0.7870008945465088
    },
    "61": {
        "score": 3.1892988681793213,
        "runtime": 0.7745165824890137
    },
    "62": {
        "score": 4.03279972076416,
        "runtime": 0.778001070022583
    },
    "63": {
        "score": 4.115477561950684,
        "runtime": 0.8029990196228027
    },
    "64": {
        "score": 3.782482624053955,
        "runtime": 0.7624902725219727
    },
    "65": {
        "score": 3.998300313949585,
        "runtime": 0.7715153694152832
    },
    "66": {
        "score": 3.7593417167663574,
        "runtime": 0.764000415802002
    },
    "67": {
        "score": 3.7267768383026123,
        "runtime": 0.7810013294219971
    },
    "68": {
        "score": 3.981815814971924,
        "runtime": 0.8445665836334229
    },
    "69": {
        "score": 3.6501429080963135,
        "runtime": 0.7690017223358154
    },
    "70": {
        "score": 3.5717227458953857,
        "runtime": 0.7550010681152344
    },
    "71": {
        "score": 3.6524572372436523,
        "runtime": 0.8019719123840332
    },
    "72": {
        "score": 4.392879009246826,
        "runtime": 0.7829999923706055
    },
    "73": {
        "score": 3.780745029449463,
        "runtime": 0.7760009765625
    },
    "74": {
        "score": 3.9830660820007324,
        "runtime": 0.7749650478363037
    },
    "75": {
        "score": 4.153078079223633,
        "runtime": 0.8079988956451416
    },
    "76": {
        "score": 3.4614906311035156,
        "runtime": 0.7630023956298828
    },
    "77": {
        "score": 3.9464802742004395,
        "runtime": 0.7561967372894287
    },
    "78": {
        "score": 4.144110679626465,
        "runtime": 0.775001049041748
    },
    "79": {
        "score": 3.8339180946350098,
        "runtime": 0.7540016174316406
    },
    "80": {
        "score": 3.1857752799987793,
        "runtime": 0.8089995384216309
    },
    "81": {
        "score": 4.092862606048584,
        "runtime": 0.7600011825561523
    },
    "82": {
        "score": 3.7449755668640137,
        "runtime": 0.7909996509552002
    },
    "83": {
        "score": 3.441124200820923,
        "runtime": 0.7779998779296875
    },
    "84": {
        "score": 3.902392625808716,
        "runtime": 0.7670009136199951
    },
    "85": {
        "score": 3.948762893676758,