{
    "0": {
        "score": 5.523465156555176,
        "runtime": 11.15593147277832
    },
    "1": {
        "score": 5.849769592285156,
        "runtime": 11.044944763183594
    },
    "2": {
        "score": 6.058552265167236,
        "runtime": 11.210018396377563
    },
    "3": {
        "score": 6.259431838989258,
        "runtime": 11.113960266113281
    },
    "4": {
        "score": 5.68243932723999,
        "runtime": 10.993799448013306
    },
    "5": {
        "score": 5.793453693389893,
        "runtime": 11.160485982894897
    },
    "6": {
        "score": 6.109498500823975,
        "runtime": 11.025929927825928
    },
    "7": {
        "score": 6.123744010925293,
        "runtime": 10.929972171783447
    },
    "8": {
        "score": 5.77313756942749,
        "runtime": 11.036968231201172
    },
    "9": {
        "score": 6.159862041473389,
        "runtime": 11.41996693611145
    },
    "10": {
        "score": 5.496968746185303,
        "runtime": 10.788981914520264
    },
    "11": {
        "score": 5.0198140144348145,
        "runtime": 11.030484676361084
    },
    "12": {
        "score": 5.786998271942139,
        "runtime": 10.980369806289673
    },
    "13": {
        "score": 6.0087761878967285,
        "runtime": 10.912448406219482
    },
    "14": {
        "score": 5.978792667388916,
        "runtime": 11.061441898345947
    },
    "15": {
        "score": 6.600648403167725,
        "runtime": 10.79506230354309
    },
    "16": {
        "score": 5.6753363609313965,
        "runtime": 11.013476133346558
    },
    "17": {
        "score": 5.909020900726318,
        "runtime": 10.927907228469849
    },
    "18": {
        "score": 5.702567100524902,
        "runtime": 10.813868284225464
    },
    "19": {
        "score": 5.5648193359375,
        "runtime": 10.718729734420776
    },
    "20": {
        "score": 5.8585100173950195,
        "runtime": 10.766934871673584
    },
    "21": {
        "score": 5.944604873657227,
        "runtime": 10.783806085586548
    },
    "22": {
        "score": 5.717663764953613,
        "runtime": 10.636466264724731
    },
    "23": {
        "score": 5.74131441116333,
        "runtime": 10.872679471969604
    },
    "24": {
        "score": 5.787680625915527,
        "runtime": 11.034947872161865
    },
    "25": {
        "score": 6.335679531097412,
        "runtime": 10.906482219696045
    },
    "26": {
        "score": 7.058753490447998,
        "runtime": 10.941418886184692
    },
    "27": {
        "score": 5.793534755706787,
        "runtime": 10.745483875274658
    },
    "28": {
        "score": 5.554066181182861,
        "runtime": 10.872942924499512
    },
    "29": {
        "score": 5.986860752105713,
        "runtime": 10.792442560195923
    },
    "30": {
        "score": 5.999077320098877,
        "runtime": 10.91700267791748
    },
    "31": {
        "score": 5.973217964172363,
        "runtime": 10.840481519699097
    },
    "32": {
        "score": 5.904003143310547,
        "runtime": 11.002702951431274
    },
    "33": {
        "score": 5.603375434875488,
        "runtime": 11.113418579101562
    },
    "34": {
        "score": 5.692912578582764,
        "runtime": 10.89449691772461
    },
    "35": {
        "score": 5.756474018096924,
        "runtime": 11.046703338623047
    },
    "36": {
        "score": 5.67930793762207,
        "runtime": 10.91266918182373
    },
    "37": {
        "score": 6.282675743103027,
        "runtime": 10.67095160484314
    },
    "38": {
        "score": 5.593270301818848,
        "runtime": 11.167907953262329
    },
    "39": {
        "score": 5.9644622802734375,
        "runtime": 10.96968150138855
    },
    "40": {
        "score": 5.677767753601074,
        "runtime": 11.00746488571167
    },
    "41": {
        "score": 5.647577285766602,
        "runtime": 10.969951152801514
    },
    "42": {
        "score": 5.5833916664123535,
        "runtime": 11.036989450454712
    },
    "43": {
        "score": 6.498334884643555,
        "runtime": 10.854978322982788
    },
    "44": {
        "score": 5.712759494781494,
        "runtime": 11.08047604560852
    },
    "45": {
        "score": 5.692781925201416,
        "runtime": 10.760460138320923
    },
    "46": {
        "score": 5.961972713470459,
        "runtime": 10.880932807922363
    },
    "47": {
        "score": 5.716195583343506,
        "runtime": 10.695711374282837
    },
    "48": {
        "score": 5.555156230926514,
        "runtime": 10.889936208724976
    },
    "49": {
        "score": 6.098356246948242,
        "runtime": 10.81788444519043
    },
    "50": {
        "score": 5.957061767578125,
        "runtime": 11.032967567443848
    },
    "51": {
        "score": 6.277742862701416,
        "runtime": 11.035467863082886
    },
    "52": {
        "score": 6.717951774597168,
        "runtime": 11.150252103805542
    },
    "53": {
        "score": 5.331734657287598,
        "runtime": 11.087926149368286
    },
    "54": {
        "score": 5.608850955963135,
        "runtime": 10.999682903289795
    },
    "55": {
        "score": 5.923710346221924,
        "runtime": 11.03995680809021
    },
    "56": {
        "score": 5.946571350097656,
        "runtime": 11.150747776031494
    },
    "57": {
        "score": 5.6306633949279785,
        "runtime": 10.804178237915039
    },
    "58": {
        "score": 5.639342308044434,
        "runtime": 10.865963459014893
    },
    "59": {
        "score": 5.737766265869141,
        "runtime": 11.05899977684021
    },
    "60": {
        "score": 6.329811096191406,
        "runtime": 10.90345573425293
    },
    "61": {
        "score": 5.599362373352051,
        "runtime": 11.091949224472046
    },
    "62": {
        "score": 5.885218143463135,
        "runtime": 10.87389850616455
    },
    "63": {
        "score": 6.074415683746338,
        "runtime": 11.112958908081055
    },
    "64": {
        "score": 5.864574909210205,
        "runtime": 10.987959861755371
    },
    "65": {
        "score": 5.777326583862305,
        "runtime": 11.382521152496338
    },
    "66": {
        "score": 5.484908580780029,
        "runtime": 11.065413475036621
    },
    "67": {
        "score": 5.378158092498779,
        "runtime": 11.228420972824097
    },
    "68": {
        "score": 5.792696475982666,
        "runtime": 11.013941049575806
    },
    "69": {
        "score": 5.3585333824157715,
        "runtime": 10.994689464569092
    },
    "70": {
        "score": 5.82749080657959,
        "runtime": 11.114956617355347
    },
    "71": {
        "score": 5.362242221832275,
        "runtime": 10.912226915359497
    },
    "72": {
        "score": 5.911802291870117,
        "runtime": 10.801031112670898
    },
    "73": {
        "score": 5.717284202575684,
        "runtime": 11.090744018554688
    },
    "74": {
        "score": 5.64672327041626,
        "runtime": 10.74345588684082
    },
    "75": {
        "score": 5.748836040496826,
        "runtime": 10.8985276222229
    },
    "76": {
        "score": 6.069364547729492,
        "runtime": 11.04793667793274
    },
    "77": {
        "score": 5.809736728668213,
        "runtime": 10.96298098564148
    },
    "78": {
        "score": 5.768382549285889,
        "runtime": 11.116947174072266
    },
    "79": {
        "score": 5.115600109100342,
        "runtime": 11.125987529754639
    },
    "80": {
        "score": 5.849315643310547,
        "runtime": 11.066967725753784
    },
    "81": {
        "score": 5.329582214355469,
        "runtime": 11.019426822662354
    },
    "82": {
        "score": 5.815455436706543,
        "runtime": 10.850940465927124
    },
    "83": {
        "score": 6.343722820281982,
        "runtime": 10.99114727973938
    },
    "84": {
        "score": 6.695716381072998,
        "runtime": 11.002178430557251
    },
    "85": {
        "score": 5.838528156280518,
        "runtime": 10.842964172363281
    },