{
    "0": {
        "score": 3.6493992805480957,
        "runtime": 0.832000732421875
    },
    "1": {
        "score": 3.819108724594116,
        "runtime": 0.7920017242431641
    },
    "2": {
        "score": 3.7796688079833984,
        "runtime": 0.7539980411529541
    },
    "3": {
        "score": 4.122701644897461,
        "runtime": 0.7739999294281006
    },
    "4": {
        "score": 3.29445481300354,
        "runtime": 0.7807488441467285
    },
    "5": {
        "score": 3.8676135540008545,
        "runtime": 0.7489590644836426
    },
    "6": {
        "score": 3.8685250282287598,
        "runtime": 0.7599995136260986
    },
    "7": {
        "score": 3.9224014282226562,
        "runtime": 0.7860009670257568
    },
    "8": {
        "score": 4.128917694091797,
        "runtime": 0.7737040519714355
    },
    "9": {
        "score": 4.014928340911865,
        "runtime": 0.7649989128112793
    },
    "10": {
        "score": 3.778759717941284,
        "runtime": 0.7729997634887695
    },
    "11": {
        "score": 3.7717671394348145,
        "runtime": 0.7909059524536133
    },
    "12": {
        "score": 4.087907791137695,
        "runtime": 0.7690002918243408
    },
    "13": {
        "score": 3.8751707077026367,
        "runtime": 0.7769992351531982
    },
    "14": {
        "score": 4.372614860534668,
        "runtime": 0.783001184463501
    },
    "15": {
        "score": 3.9959187507629395,
        "runtime": 0.7910025119781494
    },
    "16": {
        "score": 4.209713935852051,
        "runtime": 0.7600007057189941
    },
    "17": {
        "score": 3.341622829437256,
        "runtime": 0.7749977111816406
    },
    "18": {
        "score": 3.7034003734588623,
        "runtime": 0.8190021514892578
    },
    "19": {
        "score": 3.863896369934082,
        "runtime": 0.7770030498504639
    },
    "20": {
        "score": 3.9067585468292236,
        "runtime": 0.7855184078216553
    },
    "21": {
        "score": 3.493420362472534,
        "runtime": 0.767519474029541
    },
    "22": {
        "score": 3.8590357303619385,
        "runtime": 0.8245260715484619
    },
    "23": {
        "score": 4.342337131500244,
        "runtime": 0.7830021381378174
    },
    "24": {
        "score": 4.07985782623291,
        "runtime": 0.7740015983581543
    },
    "25": {
        "score": 3.8711776733398438,
        "runtime": 0.7875158786773682
    },
    "26": {
        "score": 4.378434181213379,
        "runtime": 0.7705235481262207
    },
    "27": {
        "score": 3.715338945388794,
        "runtime": 0.7750003337860107
    },
    "28": {
        "score": 3.308074951171875,
        "runtime": 0.7664523124694824
    },
    "29": {
        "score": 3.9375288486480713,
        "runtime": 0.7809481620788574
    },
    "30": {
        "score": 3.8944716453552246,
        "runtime": 0.7890024185180664
    },
    "31": {
        "score": 3.209815263748169,
        "runtime": 0.780998706817627
    },
    "32": {
        "score": 4.040256500244141,
        "runtime": 0.7639989852905273
    },
    "33": {
        "score": 4.2170515060424805,
        "runtime": 0.7955191135406494
    },
    "34": {
        "score": 4.319533824920654,
        "runtime": 0.8159997463226318
    },
    "35": {
        "score": 4.260029315948486,
        "runtime": 0.7679994106292725
    },
    "36": {
        "score": 4.00954008102417,
        "runtime": 0.7720012664794922
    },
    "37": {
        "score": 3.717787742614746,
        "runtime": 0.7820003032684326
    },
    "38": {
        "score": 3.8522093296051025,
        "runtime": 0.7580015659332275
    },
    "39": {
        "score": 4.200603008270264,
        "runtime": 0.7599697113037109
    },
    "40": {
        "score": 3.923027992248535,
        "runtime": 0.7839984893798828
    },
    "41": {
        "score": 3.9975223541259766,
        "runtime": 0.7739994525909424
    },
    "42": {
        "score": 3.5343122482299805,
        "runtime": 0.7539985179901123
    },
    "43": {
        "score": 3.28609299659729,
        "runtime": 0.7820026874542236
    },
    "44": {
        "score": 3.952742338180542,
        "runtime": 0.7579998970031738
    },
    "45": {
        "score": 3.6989119052886963,
        "runtime": 0.7530014514923096
    },
    "46": {
        "score": 4.115407943725586,
        "runtime": 0.7899994850158691
    },
    "47": {
        "score": 3.7472667694091797,
        "runtime": 0.7329998016357422
    },
    "48": {
        "score": 3.925548553466797,
        "runtime": 0.7899997234344482
    },
    "49": {
        "score": 3.8162293434143066,
        "runtime": 0.7799999713897705
    },
    "50": {
        "score": 3.854548215866089,
        "runtime": 0.777998685836792
    },
    "51": {
        "score": 3.6750454902648926,
        "runtime": 0.7979979515075684
    },
    "52": {
        "score": 3.5350968837738037,
        "runtime": 0.7709991931915283
    },
    "53": {
        "score": 4.365810394287109,
        "runtime": 0.749000072479248
    },
    "54": {
        "score": 3.957245349884033,
        "runtime": 0.7940008640289307
    },
    "55": {
        "score": 3.6325266361236572,
        "runtime": 0.7779982089996338
    },
    "56": {
        "score": 4.023445129394531,
        "runtime": 0.7840023040771484
    },
    "57": {
        "score": 3.789414405822754,
        "runtime": 0.7789998054504395
    },
    "58": {
        "score": 3.992960214614868,
        "runtime": 0.7950003147125244
    },
    "59": {
        "score": 3.881514310836792,
        "runtime": 0.7780029773712158
    },
    "60": {
        "score": 3.8143482208251953,
        "runtime": 0.758000373840332
    },
    "61": {
        "score": 3.1906075477600098,
        "runtime": 0.796961784362793
    },
    "62": {
        "score": 4.063938617706299,
        "runtime": 0.7769553661346436
    },
    "63": {
        "score": 4.1233038902282715,
        "runtime": 0.7944900989532471
    },
    "64": {
        "score": 3.7814419269561768,
        "runtime": 0.7579662799835205
    },
    "65": {
        "score": 3.998300313949585,
        "runtime": 0.8149979114532471
    },
    "66": {
        "score": 3.8012726306915283,
        "runtime": 0.7744569778442383
    },
    "67": {
        "score": 3.7267768383026123,
        "runtime": 0.7579996585845947
    },
    "68": {
        "score": 3.981815814971924,
        "runtime": 0.7799990177154541
    },
    "69": {
        "score": 3.6501429080963135,
        "runtime": 0.7830002307891846
    },
    "70": {
        "score": 3.7055156230926514,
        "runtime": 0.8180012702941895
    },
    "71": {
        "score": 3.6954565048217773,
        "runtime": 0.7640023231506348
    },
    "72": {
        "score": 4.37349271774292,
        "runtime": 0.7599971294403076
    },
    "73": {
        "score": 3.8610615730285645,
        "runtime": 0.7609999179840088
    },
    "74": {
        "score": 3.975198745727539,
        "runtime": 0.7840020656585693
    },
    "75": {
        "score": 4.1968607902526855,
        "runtime": 0.8000001907348633
    },
    "76": {
        "score": 3.460819959640503,
        "runtime": 0.7610015869140625
    },
    "77": {
        "score": 3.9464802742004395,
        "runtime": 0.7649683952331543
    },
    "78": {
        "score": 4.144110679626465,
        "runtime": 0.7660014629364014
    },
    "79": {
        "score": 3.892446517944336,
        "runtime": 0.7810037136077881
    },
    "80": {
        "score": 3.175424575805664,
        "runtime": 0.7709994316101074
    },
    "81": {
        "score": 4.092862606048584,
        "runtime": 0.7710006237030029
    },
    "82": {
        "score": 3.753692626953125,
        "runtime": 0.7709977626800537
    },
    "83": {
        "score": 3.4393889904022217,
        "runtime": 0.7699997425079346
    },
    "84": {
        "score": 3.902392625808716,
        "runtime": 0.7750005722045898
    },
    "85": {
        "score": 3.9503417015075684,