{
    "0": {
        "score": 7.944765567779541,
        "runtime": 115.46614074707031
    },
    "1": {
        "score": 8.732147216796875,
        "runtime": 114.34769177436829
    },
    "2": {
        "score": 8.40085220336914,
        "runtime": 114.33658242225647
    },
    "3": {
        "score": 8.33874797821045,
        "runtime": 114.35205078125
    },
    "4": {
        "score": 8.635539054870605,
        "runtime": 114.65269827842712
    },
    "5": {
        "score": 8.08020305633545,
        "runtime": 115.37544536590576
    },
    "6": {
        "score": 8.399986267089844,
        "runtime": 114.2203438282013
    },
    "7": {
        "score": 8.503417015075684,
        "runtime": 114.96002316474915
    },
    "8": {
        "score": 7.834153652191162,
        "runtime": 114.41767144203186
    },
    "9": {
        "score": 7.928311347961426,
        "runtime": 115.51341938972473
    },
    "10": {
        "score": 8.653925895690918,
        "runtime": 115.65540981292725
    },
    "11": {
        "score": 8.052040100097656,
        "runtime": 114.80419421195984
    },
    "12": {
        "score": 8.56171703338623,
        "runtime": 116.26447415351868
    },
    "13": {
        "score": 7.749856948852539,
        "runtime": 116.85283374786377
    },
    "14": {
        "score": 8.230334281921387,
        "runtime": 117.14865493774414
    },
    "15": {
        "score": 8.201681137084961,
        "runtime": 116.46540427207947
    },
    "16": {
        "score": 8.091890335083008,
        "runtime": 115.66487383842468
    },
    "17": {
        "score": 8.235652923583984,
        "runtime": 114.9242103099823
    },
    "18": {
        "score": 8.22724437713623,
        "runtime": 115.93786883354187
    },
    "19": {
        "score": 8.821416854858398,
        "runtime": 116.09871006011963
    },
    "20": {
        "score": 8.960287094116211,
        "runtime": 115.07877159118652
    },
    "21": {
        "score": 8.321426391601562,
        "runtime": 116.8388307094574
    },
    "22": {
        "score": 7.980413436889648,
        "runtime": 115.81258463859558
    },
    "23": {
        "score": 8.399383544921875,
        "runtime": 116.12585139274597
    },
    "24": {
        "score": 7.467315196990967,
        "runtime": 116.0476450920105
    },
    "25": {
        "score": 8.298501968383789,
        "runtime": 116.55484223365784
    },
    "26": {
        "score": 8.392748832702637,
        "runtime": 116.23282504081726
    },
    "27": {
        "score": 8.05120849609375,
        "runtime": 116.53942465782166
    },
    "28": {
        "score": 8.630547523498535,
        "runtime": 114.65038967132568
    },
    "29": {
        "score": 7.614081382751465,
        "runtime": 115.30694937705994
    },
    "30": {
        "score": 8.306449890136719,
        "runtime": 116.55435490608215
    },
    "31": {
        "score": 8.660298347473145,
        "runtime": 115.86241388320923
    },
    "32": {
        "score": 7.8465352058410645,
        "runtime": 115.83062648773193
    },
    "33": {
        "score": 8.248701095581055,
        "runtime": 114.28002667427063
    },
    "34": {
        "score": 8.324006080627441,
        "runtime": 116.66317939758301
    },
    "35": {
        "score": 8.080724716186523,
        "runtime": 115.8144965171814
    },
    "36": {
        "score": 8.137417793273926,
        "runtime": 115.63136911392212
    },
    "37": {
        "score": 8.136590003967285,
        "runtime": 115.10875391960144
    },
    "38": {
        "score": 8.416383743286133,
        "runtime": 115.00071930885315
    },
    "39": {
        "score": 8.164041519165039,
        "runtime": 116.35256791114807
    },
    "40": {
        "score": 8.17490005493164,
        "runtime": 115.35625791549683
    },
    "41": {
        "score": 8.18655776977539,
        "runtime": 115.95182061195374
    },
    "42": {
        "score": 7.686914443969727,
        "runtime": 116.07133412361145
    },
    "43": {
        "score": 8.282118797302246,
        "runtime": 115.69359970092773
    },
    "44": {
        "score": 7.979546070098877,
        "runtime": 115.48074078559875
    },
    "45": {
        "score": 7.868320941925049,
        "runtime": 116.02704572677612
    },
    "46": {
        "score": 8.312250137329102,
        "runtime": 115.97899866104126
    },
    "47": {
        "score": 8.162089347839355,
        "runtime": 117.09931015968323
    },
    "48": {
        "score": 8.555051803588867,
        "runtime": 115.42728471755981
    },
    "49": {
        "score": 8.486948013305664,
        "runtime": 115.21941137313843
    },
    "50": {
        "score": 8.469797134399414,
        "runtime": 116.0656464099884
    },
    "51": {
        "score": 8.348381042480469,
        "runtime": 115.51560187339783
    },
    "52": {
        "score": 8.119529724121094,
        "runtime": 117.43442058563232
    },
    "53": {
        "score": 7.786435604095459,
        "runtime": 115.8585832118988
    },
    "54": {
        "score": 8.232708930969238,
        "runtime": 115.9107449054718
    },
    "55": {
        "score": 8.16097354888916,
        "runtime": 116.77621126174927
    },
    "56": {
        "score": 8.302189826965332,
        "runtime": 116.41509079933167
    },
    "57": {
        "score": 8.472482681274414,
        "runtime": 116.67363691329956
    },
    "58": {
        "score": 8.448275566101074,
        "runtime": 114.85263061523438
    },
    "59": {
        "score": 7.741668224334717,
        "runtime": 116.88594627380371
    },
    "60": {
        "score": 8.429125785827637,
        "runtime": 115.06382727622986
    },
    "61": {
        "score": 8.045953750610352,
        "runtime": 115.50024223327637
    },
    "62": {
        "score": 8.330310821533203,
        "runtime": 115.29722809791565
    },
    "63": {
        "score": 8.175804138183594,
        "runtime": 115.28287863731384
    },
    "64": {
        "score": 7.785459995269775,
        "runtime": 115.40733671188354
    },
    "65": {
        "score": 8.720247268676758,
        "runtime": 115.7889289855957
    },
    "66": {
        "score": 8.302227020263672,
        "runtime": 114.88185572624207
    },
    "67": {
        "score": 8.32352066040039,
        "runtime": 115.05349946022034
    },
    "68": {
        "score": 7.9792585372924805,
        "runtime": 116.58472990989685
    },
    "69": {
        "score": 7.800804615020752,
        "runtime": 115.7603611946106
    },
    "70": {
        "score": 8.63244342803955,
        "runtime": 115.46953463554382
    },
    "71": {
        "score": 7.607238292694092,
        "runtime": 114.98412418365479
    },
    "72": {
        "score": 8.563278198242188,
        "runtime": 115.82285118103027
    },
    "73": {
        "score": 8.244816780090332,
        "runtime": 116.71190810203552
    },
    "74": {
        "score": 8.056134223937988,
        "runtime": 114.19357776641846
    },
    "75": {
        "score": 8.130036354064941,
        "runtime": 114.29180407524109
    },
    "76": {
        "score": 8.216846466064453,
        "runtime": 114.73543524742126
    },
    "77": {
        "score": 8.22742748260498,
        "runtime": 113.99511885643005
    },
    "78": {
        "score": 8.343393325805664,
        "runtime": 114.9661316871643
    },
    "79": {
        "score": 8.4358549118042,
        "runtime": 122.97615361213684
    },
    "80": {
        "score": 7.890220642089844,
        "runtime": 115.77729201316833
    },
    "81": {
        "score": 8.050392150878906,
        "runtime": 116.6917896270752
    },
    "82": {
        "score": 7.690060615539551,
        "runtime": 122.40031433105469
    },
    "83": {
        "score": 7.547953128814697,
        "runtime": 127.83700060844421
    },
    "84": {
        "score": 8.067136764526367,
        "runtime": 130.0904450416565
    },
    "85": {
        "score": 8.060656547546387,
        "runtime": 115.05904078483582
    },