{
    "0": {
        "score": 8.016674995422363,
        "runtime": 114.2851493358612
    },
    "1": {
        "score": 8.7786865234375,
        "runtime": 113.89867234230042
    },
    "2": {
        "score": 8.339089393615723,
        "runtime": 114.58809041976929
    },
    "3": {
        "score": 8.316839218139648,
        "runtime": 114.98305368423462
    },
    "4": {
        "score": 8.572101593017578,
        "runtime": 115.76667380332947
    },
    "5": {
        "score": 8.135234832763672,
        "runtime": 114.94598841667175
    },
    "6": {
        "score": 7.98549747467041,
        "runtime": 115.36236310005188
    },
    "7": {
        "score": 8.586462020874023,
        "runtime": 113.85650181770325
    },
    "8": {
        "score": 7.897103786468506,
        "runtime": 114.3446695804596
    },
    "9": {
        "score": 8.056495666503906,
        "runtime": 114.84148001670837
    },
    "10": {
        "score": 8.221649169921875,
        "runtime": 114.50858640670776
    },
    "11": {
        "score": 7.916759014129639,
        "runtime": 115.69667840003967
    },
    "12": {
        "score": 8.487125396728516,
        "runtime": 116.56194281578064
    },
    "13": {
        "score": 7.8791422843933105,
        "runtime": 115.54333114624023
    },
    "14": {
        "score": 8.371135711669922,
        "runtime": 115.84576487541199
    },
    "15": {
        "score": 8.214753150939941,
        "runtime": 114.88149857521057
    },
    "16": {
        "score": 8.035697937011719,
        "runtime": 115.04652643203735
    },
    "17": {
        "score": 8.18976879119873,
        "runtime": 114.64502549171448
    },
    "18": {
        "score": 8.31474781036377,
        "runtime": 115.66790056228638
    },
    "19": {
        "score": 8.664907455444336,
        "runtime": 116.8670551776886
    },
    "20": {
        "score": 8.294219017028809,
        "runtime": 116.49202299118042
    },
    "21": {
        "score": 8.398764610290527,
        "runtime": 116.31735587120056
    },
    "22": {
        "score": 7.901274681091309,
        "runtime": 116.1065034866333
    },
    "23": {
        "score": 8.408809661865234,
        "runtime": 115.05963683128357
    },
    "24": {
        "score": 7.677054405212402,
        "runtime": 116.15320491790771
    },
    "25": {
        "score": 8.20647144317627,
        "runtime": 116.7613537311554
    },
    "26": {
        "score": 8.274090766906738,
        "runtime": 115.02091908454895
    },
    "27": {
        "score": 8.07104206085205,
        "runtime": 116.5390214920044
    },
    "28": {
        "score": 8.702169418334961,
        "runtime": 117.13965845108032
    },
    "29": {
        "score": 7.6261091232299805,
        "runtime": 115.3529462814331
    },
    "30": {
        "score": 8.26095962524414,
        "runtime": 115.74520111083984
    },
    "31": {
        "score": 8.18311882019043,
        "runtime": 115.57617354393005
    },
    "32": {
        "score": 8.01099681854248,
        "runtime": 114.64563250541687
    },
    "33": {
        "score": 8.396634101867676,
        "runtime": 115.66938614845276
    },
    "34": {
        "score": 8.51555347442627,
        "runtime": 115.8439290523529
    },
    "35": {
        "score": 8.046523094177246,
        "runtime": 116.98886561393738
    },
    "36": {
        "score": 8.211009979248047,
        "runtime": 116.5145046710968
    },
    "37": {
        "score": 8.091811180114746,
        "runtime": 114.54075193405151
    },
    "38": {
        "score": 8.128707885742188,
        "runtime": 115.47624659538269
    },
    "39": {
        "score": 7.962977886199951,
        "runtime": 115.78530526161194
    },
    "40": {
        "score": 8.03945255279541,
        "runtime": 115.11342310905457
    },
    "41": {
        "score": 8.116748809814453,
        "runtime": 115.48612594604492
    },
    "42": {
        "score": 7.714125156402588,
        "runtime": 116.33160495758057
    },
    "43": {
        "score": 8.22602367401123,
        "runtime": 116.32260060310364
    },
    "44": {
        "score": 7.871939659118652,
        "runtime": 115.49832439422607
    },
    "45": {
        "score": 7.849206924438477,
        "runtime": 116.00397992134094
    },
    "46": {
        "score": 8.278430938720703,
        "runtime": 115.25298833847046
    },
    "47": {
        "score": 8.152153968811035,
        "runtime": 116.54789519309998
    },
    "48": {
        "score": 8.374520301818848,
        "runtime": 116.90222096443176
    },
    "49": {
        "score": 8.451118469238281,
        "runtime": 116.62543535232544
    },
    "50": {
        "score": 8.57783317565918,
        "runtime": 116.30922245979309
    },
    "51": {
        "score": 8.268058776855469,
        "runtime": 114.74905776977539
    },
    "52": {
        "score": 8.074563026428223,
        "runtime": 117.52750253677368
    },
    "53": {
        "score": 7.989148139953613,
        "runtime": 116.37035202980042
    },
    "54": {
        "score": 8.223226547241211,
        "runtime": 115.00696921348572
    },
    "55": {
        "score": 8.112605094909668,
        "runtime": 116.60319828987122
    },
    "56": {
        "score": 8.433439254760742,
        "runtime": 117.45099687576294
    },
    "57": {
        "score": 8.265889167785645,
        "runtime": 115.34411454200745
    },
    "58": {
        "score": 8.287432670593262,
        "runtime": 114.48663473129272
    },
    "59": {
        "score": 7.864676475524902,
        "runtime": 115.25694179534912
    },
    "60": {
        "score": 8.481484413146973,
        "runtime": 115.21988940238953
    },
    "61": {
        "score": 8.114825248718262,
        "runtime": 116.93237066268921
    },
    "62": {
        "score": 8.305798530578613,
        "runtime": 115.0779550075531
    },
    "63": {
        "score": 8.10141372680664,
        "runtime": 115.17391109466553
    },
    "64": {
        "score": 7.813111782073975,
        "runtime": 115.32332420349121
    },
    "65": {
        "score": 8.900972366333008,
        "runtime": 115.85368180274963
    },
    "66": {
        "score": 8.340043067932129,
        "runtime": 115.52016091346741
    },
    "67": {
        "score": 8.12198257446289,
        "runtime": 116.0525016784668
    },
    "68": {
        "score": 8.032262802124023,
        "runtime": 115.32669687271118
    },
    "69": {
        "score": 7.842318058013916,
        "runtime": 114.76139521598816
    },
    "70": {
        "score": 8.431467056274414,
        "runtime": 114.41954493522644
    },
    "71": {
        "score": 7.569180965423584,
        "runtime": 114.87866401672363
    },
    "72": {
        "score": 8.75662899017334,
        "runtime": 115.75020051002502
    },
    "73": {
        "score": 8.185952186584473,
        "runtime": 115.13041830062866
    },
    "74": {
        "score": 8.143537521362305,
        "runtime": 116.8319993019104
    },
    "75": {
        "score": 7.927433490753174,
        "runtime": 113.5872712135315
    },
    "76": {
        "score": 8.368297576904297,
        "runtime": 115.65894913673401
    },
    "77": {
        "score": 8.232754707336426,
        "runtime": 114.57535481452942
    },
    "78": {
        "score": 8.339776039123535,
        "runtime": 116.44091582298279
    },
    "79": {
        "score": 8.230189323425293,
        "runtime": 124.06187796592712
    },
    "80": {
        "score": 7.9036760330200195,
        "runtime": 114.32842898368835
    },
    "81": {
        "score": 8.122878074645996,
        "runtime": 118.64073896408081
    },
    "82": {
        "score": 7.831759452819824,
        "runtime": 118.38080382347107
    },
    "83": {
        "score": 7.528299331665039,
        "runtime": 127.51400089263916
    },
    "84": {
        "score": 7.9892988204956055,
        "runtime": 131.46393823623657
    },
    "85": {
        "score": 8.223243713378906,
        "runtime": 115.50898337364197
    },