{
    "0": {
        "score": 3.6493992805480957,
        "runtime": 0.1829981803894043
    },
    "1": {
        "score": 3.763136625289917,
        "runtime": 0.10199880599975586
    },
    "2": {
        "score": 3.7796688079833984,
        "runtime": 0.10300040245056152
    },
    "3": {
        "score": 4.122701644897461,
        "runtime": 0.11300063133239746
    },
    "4": {
        "score": 3.2648539543151855,
        "runtime": 0.0709993839263916
    },
    "5": {
        "score": 3.860729932785034,
        "runtime": 0.11099982261657715
    },
    "6": {
        "score": 3.8794033527374268,
        "runtime": 0.08999967575073242
    },
    "7": {
        "score": 3.9224014282226562,
        "runtime": 0.095001220703125
    },
    "8": {
        "score": 4.128917694091797,
        "runtime": 0.10099983215332031
    },
    "9": {
        "score": 4.006816864013672,
        "runtime": 0.09600043296813965
    },
    "10": {
        "score": 3.7934024333953857,
        "runtime": 0.07800102233886719
    },
    "11": {
        "score": 3.770418167114258,
        "runtime": 0.07299971580505371
    },
    "12": {
        "score": 4.076560974121094,
        "runtime": 0.0970005989074707
    },
    "13": {
        "score": 3.693781614303589,
        "runtime": 0.10399937629699707
    },
    "14": {
        "score": 4.300230979919434,
        "runtime": 0.13300013542175293
    },
    "15": {
        "score": 3.9959187507629395,
        "runtime": 0.10799860954284668
    },
    "16": {
        "score": 4.157617568969727,
        "runtime": 0.10099911689758301
    },
    "17": {
        "score": 3.341622829437256,
        "runtime": 0.0989999771118164
    },
    "18": {
        "score": 3.7305448055267334,
        "runtime": 0.09900093078613281
    },
    "19": {
        "score": 3.8721656799316406,
        "runtime": 0.10799980163574219
    },
    "20": {
        "score": 3.877220869064331,
        "runtime": 0.09300065040588379
    },
    "21": {
        "score": 3.493420362472534,
        "runtime": 0.07799959182739258
    },
    "22": {
        "score": 3.8361217975616455,
        "runtime": 0.11599969863891602
    },
    "23": {
        "score": 4.350894927978516,
        "runtime": 0.08500027656555176
    },
    "24": {
        "score": 3.9885854721069336,
        "runtime": 0.10000014305114746
    },
    "25": {
        "score": 3.8711776733398438,
        "runtime": 0.10199999809265137
    },
    "26": {
        "score": 4.3942790031433105,
        "runtime": 0.0839991569519043
    },
    "27": {
        "score": 3.715338945388794,
        "runtime": 0.08700060844421387
    },
    "28": {
        "score": 3.308074951171875,
        "runtime": 0.08499932289123535
    },
    "29": {
        "score": 3.9138455390930176,
        "runtime": 0.09600090980529785
    },
    "30": {
        "score": 3.8944716453552246,
        "runtime": 0.10499930381774902
    },
    "31": {
        "score": 3.209815263748169,
        "runtime": 0.08800101280212402
    },
    "32": {
        "score": 4.06200647354126,
        "runtime": 0.11000227928161621
    },
    "33": {
        "score": 4.2240376472473145,
        "runtime": 0.08099865913391113
    },
    "34": {
        "score": 4.319533824920654,
        "runtime": 0.09500002861022949
    },
    "35": {
        "score": 4.260029315948486,
        "runtime": 0.0989997386932373
    },
    "36": {
        "score": 4.017929553985596,
        "runtime": 0.1099996566772461
    },
    "37": {
        "score": 3.717787742614746,
        "runtime": 0.09099817276000977
    },
    "38": {
        "score": 3.8522093296051025,
        "runtime": 0.10400032997131348
    },
    "39": {
        "score": 4.187337875366211,
        "runtime": 0.08799886703491211
    },
    "40": {
        "score": 3.923027992248535,
        "runtime": 0.0859994888305664
    },
    "41": {
        "score": 3.9975223541259766,
        "runtime": 0.0840003490447998
    },
    "42": {
        "score": 3.5343122482299805,
        "runtime": 0.09799838066101074
    },
    "43": {
        "score": 3.28609299659729,
        "runtime": 0.08600068092346191
    },
    "44": {
        "score": 3.92326021194458,
        "runtime": 0.10999941825866699
    },
    "45": {
        "score": 3.707735538482666,
        "runtime": 0.10600042343139648
    },
    "46": {
        "score": 4.052874565124512,
        "runtime": 0.09099960327148438
    },
    "47": {
        "score": 3.7245850563049316,
        "runtime": 0.06699967384338379
    },
    "48": {
        "score": 3.9390406608581543,
        "runtime": 0.08800101280212402
    },
    "49": {
        "score": 3.807023048400879,
        "runtime": 0.10399937629699707
    },
    "50": {
        "score": 3.854548215866089,
        "runtime": 0.08600115776062012
    },
    "51": {
        "score": 3.6899423599243164,
        "runtime": 0.10500001907348633
    },
    "52": {
        "score": 3.5809741020202637,
        "runtime": 0.07900023460388184
    },
    "53": {
        "score": 4.114580154418945,
        "runtime": 0.1119992733001709
    },
    "54": {
        "score": 3.9248223304748535,
        "runtime": 0.09400105476379395
    },
    "55": {
        "score": 3.6325266361236572,
        "runtime": 0.08699989318847656
    },
    "56": {
        "score": 4.039519786834717,
        "runtime": 0.0950007438659668
    },
    "57": {
        "score": 3.789414405822754,
        "runtime": 0.13099980354309082
    },
    "58": {
        "score": 3.965982437133789,
        "runtime": 0.08099961280822754
    },
    "59": {
        "score": 3.881514310836792,
        "runtime": 0.09900140762329102
    },
    "60": {
        "score": 3.8143482208251953,
        "runtime": 0.11699986457824707
    },
    "61": {
        "score": 3.1906075477600098,
        "runtime": 0.10700082778930664
    },
    "62": {
        "score": 4.033323764801025,
        "runtime": 0.0969998836517334
    },
    "63": {
        "score": 4.115477561950684,
        "runtime": 0.08299827575683594
    },
    "64": {
        "score": 3.782482624053955,
        "runtime": 0.09099960327148438
    },
    "65": {
        "score": 3.998300313949585,
        "runtime": 0.07900047302246094
    },
    "66": {
        "score": 3.7593417167663574,
        "runtime": 0.08900189399719238
    },
    "67": {
        "score": 3.7240097522735596,
        "runtime": 0.07899975776672363
    },
    "68": {
        "score": 3.981815814971924,
        "runtime": 0.0950002670288086
    },
    "69": {
        "score": 3.6501429080963135,
        "runtime": 0.08100008964538574
    },
    "70": {
        "score": 3.5717227458953857,
        "runtime": 0.09499931335449219
    },
    "71": {
        "score": 3.6524572372436523,
        "runtime": 0.09000015258789062
    },
    "72": {
        "score": 4.374373435974121,
        "runtime": 0.09799909591674805
    },
    "73": {
        "score": 3.780745029449463,
        "runtime": 0.082000732421875
    },
    "74": {
        "score": 3.9830660820007324,
        "runtime": 0.10799908638000488
    },
    "75": {
        "score": 4.1667585372924805,
        "runtime": 0.08499884605407715
    },
    "76": {
        "score": 3.4727978706359863,
        "runtime": 0.0989995002746582
    },
    "77": {
        "score": 3.9464802742004395,
        "runtime": 0.10400104522705078
    },
    "78": {
        "score": 4.144110679626465,
        "runtime": 0.11499953269958496
    },
    "79": {
        "score": 3.8339180946350098,
        "runtime": 0.08199906349182129
    },
    "80": {
        "score": 3.175424575805664,
        "runtime": 0.07500076293945312
    },
    "81": {
        "score": 4.09826135635376,
        "runtime": 0.10200023651123047
    },
    "82": {
        "score": 3.7449755668640137,
        "runtime": 0.09900021553039551
    },
    "83": {
        "score": 3.441124200820923,
        "runtime": 0.09900069236755371
    },
    "84": {
        "score": 3.971017599105835,
        "runtime": 0.08000016212463379
    },