{
    "0": {
        "score": 3.7002601623535156,
        "runtime": 0.194000244140625
    },
    "1": {
        "score": 3.763136625289917,
        "runtime": 0.10199904441833496
    },
    "2": {
        "score": 3.7796688079833984,
        "runtime": 0.0969996452331543
    },
    "3": {
        "score": 4.137923717498779,
        "runtime": 0.08799958229064941
    },
    "4": {
        "score": 3.3303475379943848,
        "runtime": 0.09199929237365723
    },
    "5": {
        "score": 3.8676135540008545,
        "runtime": 0.09699869155883789
    },
    "6": {
        "score": 3.960420608520508,
        "runtime": 0.09399914741516113
    },
    "7": {
        "score": 3.9224014282226562,
        "runtime": 0.08300018310546875
    },
    "8": {
        "score": 4.128917694091797,
        "runtime": 0.10300087928771973
    },
    "9": {
        "score": 4.006816864013672,
        "runtime": 0.0840001106262207
    },
    "10": {
        "score": 3.778759717941284,
        "runtime": 0.09799957275390625
    },
    "11": {
        "score": 3.770418167114258,
        "runtime": 0.08299970626831055
    },
    "12": {
        "score": 4.076560974121094,
        "runtime": 0.0710000991821289
    },
    "13": {
        "score": 3.7164480686187744,
        "runtime": 0.095001220703125
    },
    "14": {
        "score": 4.328239440917969,
        "runtime": 0.08700037002563477
    },
    "15": {
        "score": 3.9959187507629395,
        "runtime": 0.10500025749206543
    },
    "16": {
        "score": 4.157617568969727,
        "runtime": 0.09099936485290527
    },
    "17": {
        "score": 3.341622829437256,
        "runtime": 0.11200141906738281
    },
    "18": {
        "score": 3.8209474086761475,
        "runtime": 0.14899969100952148
    },
    "19": {
        "score": 3.8721656799316406,
        "runtime": 0.10700035095214844
    },
    "20": {
        "score": 3.8967044353485107,
        "runtime": 0.08199954032897949
    },
    "21": {
        "score": 3.4828333854675293,
        "runtime": 0.11500167846679688
    },
    "22": {
        "score": 3.868171215057373,
        "runtime": 0.12299966812133789
    },
    "23": {
        "score": 4.350894927978516,
        "runtime": 0.10500025749206543
    },
    "24": {
        "score": 4.07985782623291,
        "runtime": 0.08700108528137207
    },
    "25": {
        "score": 4.033725261688232,
        "runtime": 0.07600069046020508
    },
    "26": {
        "score": 4.378434181213379,
        "runtime": 0.10599994659423828
    },
    "27": {
        "score": 3.715338945388794,
        "runtime": 0.10900044441223145
    },
    "28": {
        "score": 3.308074951171875,
        "runtime": 0.09800171852111816
    },
    "29": {
        "score": 3.9375288486480713,
        "runtime": 0.10199999809265137
    },
    "30": {
        "score": 3.8944716453552246,
        "runtime": 0.10800051689147949
    },
    "31": {
        "score": 3.209815263748169,
        "runtime": 0.09399890899658203
    },
    "32": {
        "score": 4.134910583496094,
        "runtime": 0.08800053596496582
    },
    "33": {
        "score": 4.225244998931885,
        "runtime": 0.12099790573120117
    },
    "34": {
        "score": 4.319533824920654,
        "runtime": 0.10199880599975586
    },
    "35": {
        "score": 4.257804870605469,
        "runtime": 0.10299992561340332
    },
    "36": {
        "score": 4.1048126220703125,
        "runtime": 0.082000732421875
    },
    "37": {
        "score": 3.717787742614746,
        "runtime": 0.08999943733215332
    },
    "38": {
        "score": 4.0702924728393555,
        "runtime": 0.08300018310546875
    },
    "39": {
        "score": 4.40610933303833,
        "runtime": 0.11799883842468262
    },
    "40": {
        "score": 3.9946560859680176,
        "runtime": 0.0839989185333252
    },
    "41": {
        "score": 4.015934944152832,
        "runtime": 0.09000039100646973
    },
    "42": {
        "score": 3.5284109115600586,
        "runtime": 0.07900524139404297
    },
    "43": {
        "score": 3.28609299659729,
        "runtime": 0.09099960327148438
    },
    "44": {
        "score": 3.92326021194458,
        "runtime": 0.10899853706359863
    },
    "45": {
        "score": 3.6989119052886963,
        "runtime": 0.09100103378295898
    },
    "46": {
        "score": 4.066915512084961,
        "runtime": 0.10199952125549316
    },
    "47": {
        "score": 3.7258429527282715,
        "runtime": 0.11299991607666016
    },
    "48": {
        "score": 3.927215576171875,
        "runtime": 0.07499980926513672
    },
    "49": {
        "score": 3.8861753940582275,
        "runtime": 0.0839996337890625
    },
    "50": {
        "score": 3.978036642074585,
        "runtime": 0.0950014591217041
    },
    "51": {
        "score": 3.6750454902648926,
        "runtime": 0.09400057792663574
    },
    "52": {
        "score": 3.5350968837738037,
        "runtime": 0.0989997386932373
    },
    "53": {
        "score": 4.114580154418945,
        "runtime": 0.0820002555847168
    },
    "54": {
        "score": 4.077300548553467,
        "runtime": 0.10199928283691406
    },
    "55": {
        "score": 3.6399409770965576,
        "runtime": 0.09599947929382324
    },
    "56": {
        "score": 4.023445129394531,
        "runtime": 0.08100199699401855
    },
    "57": {
        "score": 3.789414405822754,
        "runtime": 0.0989997386932373
    },
    "58": {
        "score": 3.9642252922058105,
        "runtime": 0.10299944877624512
    },
    "59": {
        "score": 3.881514310836792,
        "runtime": 0.09000110626220703
    },
    "60": {
        "score": 3.8539376258850098,
        "runtime": 0.10899972915649414
    },
    "61": {
        "score": 3.1906075477600098,
        "runtime": 0.08299994468688965
    },
    "62": {
        "score": 4.063938617706299,
        "runtime": 0.09999918937683105
    },
    "63": {
        "score": 4.1281633377075195,
        "runtime": 0.07899999618530273
    },
    "64": {
        "score": 3.7814419269561768,
        "runtime": 0.09500002861022949
    },
    "65": {
        "score": 3.998300313949585,
        "runtime": 0.11100053787231445
    },
    "66": {
        "score": 3.765045404434204,
        "runtime": 0.11399984359741211
    },
    "67": {
        "score": 3.6951253414154053,
        "runtime": 0.10100150108337402
    },
    "68": {
        "score": 4.001073360443115,
        "runtime": 0.10300016403198242
    },
    "69": {
        "score": 3.6501429080963135,
        "runtime": 0.1099998950958252
    },
    "70": {
        "score": 3.5871407985687256,
        "runtime": 0.08699893951416016
    },
    "71": {
        "score": 3.6811037063598633,
        "runtime": 0.07700085639953613
    },
    "72": {
        "score": 4.425375938415527,
        "runtime": 0.09600043296813965
    },
    "73": {
        "score": 3.780745029449463,
        "runtime": 0.09599924087524414
    },
    "74": {
        "score": 3.9664053916931152,
        "runtime": 0.09300041198730469
    },
    "75": {
        "score": 4.1869940757751465,
        "runtime": 0.09799885749816895
    },
    "76": {
        "score": 3.460819959640503,
        "runtime": 0.08299994468688965
    },
    "77": {
        "score": 3.973170280456543,
        "runtime": 0.10199975967407227
    },
    "78": {
        "score": 4.144110679626465,
        "runtime": 0.10299968719482422
    },
    "79": {
        "score": 3.8339180946350098,
        "runtime": 0.08599305152893066
    },
    "80": {
        "score": 3.175424575805664,
        "runtime": 0.08300089836120605
    },
    "81": {
        "score": 4.092862606048584,
        "runtime": 0.08100032806396484
    },
    "82": {
        "score": 3.7792768478393555,
        "runtime": 0.09099984169006348
    },
    "83": {
        "score": 3.4393889904022217,
        "runtime": 0.09600090980529785
    },
    "84": {
        "score": 4.10386323928833,
        "runtime": 0.08899998664855957
    },