{
    "0": {
        "score": 6.857205867767334,
        "runtime": 1.8429996967315674
    },
    "1": {
        "score": 6.857205867767334,
        "runtime": 1.69099760055542
    },
    "2": {
        "score": 6.857205867767334,
        "runtime": 1.7169978618621826
    },
    "3": {
        "score": 6.857205867767334,
        "runtime": 1.7189998626708984
    },
    "4": {
        "score": 6.857205867767334,
        "runtime": 1.8400020599365234
    },
    "5": {
        "score": 6.857205867767334,
        "runtime": 1.6739976406097412
    },
    "6": {
        "score": 6.857205867767334,
        "runtime": 1.7420001029968262
    },
    "7": {
        "score": 6.857205867767334,
        "runtime": 1.7800023555755615
    },
    "8": {
        "score": 6.857205867767334,
        "runtime": 1.7219982147216797
    },
    "9": {
        "score": 6.787886142730713,
        "runtime": 1.7109997272491455
    },
    "10": {
        "score": 6.857205867767334,
        "runtime": 1.7459983825683594
    },
    "11": {
        "score": 6.857205867767334,
        "runtime": 1.7350029945373535
    },
    "12": {
        "score": 6.857205867767334,
        "runtime": 1.764000654220581
    },
    "13": {
        "score": 6.857205867767334,
        "runtime": 1.7540016174316406
    },
    "14": {
        "score": 6.857205867767334,
        "runtime": 1.7400009632110596
    },
    "15": {
        "score": 6.857205867767334,
        "runtime": 1.6699984073638916
    },
    "16": {
        "score": 6.787886142730713,
        "runtime": 1.7320005893707275
    },
    "17": {
        "score": 6.857205867767334,
        "runtime": 1.7290024757385254
    },
    "18": {
        "score": 6.857205867767334,
        "runtime": 1.7420005798339844
    },
    "19": {
        "score": 6.857205867767334,
        "runtime": 1.7110013961791992
    },
    "20": {
        "score": 6.857205867767334,
        "runtime": 1.8190019130706787
    },
    "21": {
        "score": 6.857205867767334,
        "runtime": 1.7389986515045166
    },
    "22": {
        "score": 6.857205867767334,
        "runtime": 1.7179996967315674
    },
    "23": {
        "score": 6.857205867767334,
        "runtime": 1.7920029163360596
    },
    "24": {
        "score": 6.857205867767334,
        "runtime": 1.7489993572235107
    },
    "25": {
        "score": 6.857205867767334,
        "runtime": 1.7719993591308594
    },
    "26": {
        "score": 6.857205867767334,
        "runtime": 1.7029995918273926
    },
    "27": {
        "score": 6.787886142730713,
        "runtime": 1.7940006256103516
    },
    "28": {
        "score": 6.857205867767334,
        "runtime": 1.7580020427703857
    },
    "29": {
        "score": 6.857205867767334,
        "runtime": 1.7249999046325684
    },
    "30": {
        "score": 6.857205867767334,
        "runtime": 1.6900010108947754
    },
    "31": {
        "score": 6.857205867767334,
        "runtime": 1.73699951171875
    },
    "32": {
        "score": 6.857205867767334,
        "runtime": 1.7469985485076904
    },
    "33": {
        "score": 6.857205867767334,
        "runtime": 1.7239990234375
    },
    "34": {
        "score": 6.857205867767334,
        "runtime": 1.74399995803833
    },
    "35": {
        "score": 6.857205867767334,
        "runtime": 1.71699857711792
    },
    "36": {
        "score": 6.857205867767334,
        "runtime": 1.7290005683898926
    },
    "37": {
        "score": 6.787886142730713,
        "runtime": 1.72999906539917
    },
    "38": {
        "score": 6.857205867767334,
        "runtime": 1.6699986457824707
    },
    "39": {
        "score": 6.857205867767334,
        "runtime": 1.8020009994506836
    },
    "40": {
        "score": 6.857205867767334,
        "runtime": 1.7150001525878906
    },
    "41": {
        "score": 6.857205867767334,
        "runtime": 1.7079999446868896
    },
    "42": {
        "score": 6.857205867767334,
        "runtime": 1.7719976902008057
    },
    "43": {
        "score": 6.857205867767334,
        "runtime": 1.746999979019165
    },
    "44": {
        "score": 6.857205867767334,
        "runtime": 1.7450006008148193
    },
    "45": {
        "score": 6.787886142730713,
        "runtime": 1.7749991416931152
    },
    "46": {
        "score": 6.857205867767334,
        "runtime": 1.7130019664764404
    },
    "47": {
        "score": 6.857205867767334,
        "runtime": 1.6990015506744385
    },
    "48": {
        "score": 6.857205867767334,
        "runtime": 1.844998836517334
    },
    "49": {
        "score": 6.857205867767334,
        "runtime": 1.7269973754882812
    },
    "50": {
        "score": 6.857205867767334,
        "runtime": 1.8029999732971191
    },
    "51": {
        "score": 6.787886142730713,
        "runtime": 1.6929996013641357
    },
    "52": {
        "score": 6.857205867767334,
        "runtime": 1.7549996376037598
    },
    "53": {
        "score": 6.857205867767334,
        "runtime": 1.674997329711914
    },
    "54": {
        "score": 6.857205867767334,
        "runtime": 1.712000846862793
    },
    "55": {
        "score": 6.857205867767334,
        "runtime": 1.7980010509490967
    },
    "56": {
        "score": 6.857205867767334,
        "runtime": 1.753998041152954
    },
    "57": {
        "score": 6.857205867767334,
        "runtime": 1.6829993724822998
    },
    "58": {
        "score": 6.857205867767334,
        "runtime": 1.7069988250732422
    },
    "59": {
        "score": 6.857205867767334,
        "runtime": 1.7449979782104492
    },
    "60": {
        "score": 6.857205867767334,
        "runtime": 1.7319996356964111
    },
    "61": {
        "score": 6.787886142730713,
        "runtime": 1.680999517440796
    },
    "62": {
        "score": 6.857205867767334,
        "runtime": 1.8039991855621338
    },
    "63": {
        "score": 6.857205867767334,
        "runtime": 1.7400000095367432
    },
    "64": {
        "score": 6.857205867767334,
        "runtime": 1.7210025787353516
    },
    "65": {
        "score": 6.857205867767334,
        "runtime": 1.7409989833831787
    },
    "66": {
        "score": 6.857205867767334,
        "runtime": 1.7389991283416748
    },
    "67": {
        "score": 6.787886142730713,
        "runtime": 1.7529995441436768
    },
    "68": {
        "score": 6.857205867767334,
        "runtime": 1.7400038242340088
    },
    "69": {
        "score": 6.857205867767334,
        "runtime": 1.7509989738464355
    },
    "70": {
        "score": 6.857205867767334,
        "runtime": 1.8309979438781738
    },
    "71": {
        "score": 6.787886142730713,
        "runtime": 1.7300024032592773
    },
    "72": {
        "score": 6.787886142730713,
        "runtime": 1.7840001583099365
    },
    "73": {
        "score": 6.857205867767334,
        "runtime": 1.742002010345459
    },
    "74": {
        "score": 6.857205867767334,
        "runtime": 1.6929998397827148
    },
    "75": {
        "score": 6.857205867767334,
        "runtime": 1.714001178741455
    },
    "76": {
        "score": 6.857205867767334,
        "runtime": 1.7189974784851074
    },
    "77": {
        "score": 6.857205867767334,
        "runtime": 1.7309999465942383
    },
    "78": {
        "score": 6.857205867767334,
        "runtime": 1.7219998836517334
    },
    "79": {
        "score": 6.857205867767334,
        "runtime": 1.7230007648468018
    },
    "80": {
        "score": 6.857205867767334,
        "runtime": 1.7159976959228516
    },
    "81": {
        "score": 6.857205867767334,
        "runtime": 1.676001787185669
    },
    "82": {
        "score": 6.787886142730713,
        "runtime": 1.7299981117248535
    },
    "83": {
        "score": 6.857205867767334,
        "runtime": 1.7729988098144531
    },
    "84": {
        "score": 6.857205867767334,
        "runtime": 1.7260019779205322
    },
    "85": {
        "score": 6.857205867767334,
        "runtime": 1.7290012836456299
    },