{
    "0": {
        "score": 6.917881011962891,
        "runtime": 1.878000259399414
    },
    "1": {
        "score": 6.917881011962891,
        "runtime": 1.7120018005371094
    },
    "2": {
        "score": 6.917881011962891,
        "runtime": 1.7320020198822021
    },
    "3": {
        "score": 6.917881011962891,
        "runtime": 1.733001947402954
    },
    "4": {
        "score": 6.917881011962891,
        "runtime": 1.8419992923736572
    },
    "5": {
        "score": 6.917881011962891,
        "runtime": 1.75
    },
    "6": {
        "score": 6.917881011962891,
        "runtime": 1.6960012912750244
    },
    "7": {
        "score": 6.917881011962891,
        "runtime": 1.7989976406097412
    },
    "8": {
        "score": 6.917881011962891,
        "runtime": 1.6149978637695312
    },
    "9": {
        "score": 6.917881011962891,
        "runtime": 1.705998420715332
    },
    "10": {
        "score": 6.917881011962891,
        "runtime": 1.7600023746490479
    },
    "11": {
        "score": 6.917881011962891,
        "runtime": 1.7010002136230469
    },
    "12": {
        "score": 6.917881011962891,
        "runtime": 1.777998685836792
    },
    "13": {
        "score": 6.917881011962891,
        "runtime": 1.7530009746551514
    },
    "14": {
        "score": 6.917881011962891,
        "runtime": 1.7570016384124756
    },
    "15": {
        "score": 6.917881011962891,
        "runtime": 1.7700016498565674
    },
    "16": {
        "score": 6.917881011962891,
        "runtime": 1.711003065109253
    },
    "17": {
        "score": 6.917881011962891,
        "runtime": 1.7529997825622559
    },
    "18": {
        "score": 6.917881011962891,
        "runtime": 1.6819982528686523
    },
    "19": {
        "score": 6.917881011962891,
        "runtime": 1.8029999732971191
    },
    "20": {
        "score": 6.917881011962891,
        "runtime": 1.8040034770965576
    },
    "21": {
        "score": 6.917881011962891,
        "runtime": 1.8289997577667236
    },
    "22": {
        "score": 6.917881011962891,
        "runtime": 1.703000545501709
    },
    "23": {
        "score": 6.917881011962891,
        "runtime": 1.7850005626678467
    },
    "24": {
        "score": 6.917881011962891,
        "runtime": 1.7750024795532227
    },
    "25": {
        "score": 6.917881011962891,
        "runtime": 1.6610002517700195
    },
    "26": {
        "score": 6.917881011962891,
        "runtime": 1.725001573562622
    },
    "27": {
        "score": 6.917881011962891,
        "runtime": 1.746999979019165
    },
    "28": {
        "score": 6.917881011962891,
        "runtime": 1.695000171661377
    },
    "29": {
        "score": 6.917881011962891,
        "runtime": 1.7180006504058838
    },
    "30": {
        "score": 6.917881011962891,
        "runtime": 1.6750004291534424
    },
    "31": {
        "score": 6.917881011962891,
        "runtime": 1.7579987049102783
    },
    "32": {
        "score": 6.917881011962891,
        "runtime": 1.7250008583068848
    },
    "33": {
        "score": 6.917881011962891,
        "runtime": 1.7750012874603271
    },
    "34": {
        "score": 6.917881011962891,
        "runtime": 1.7580008506774902
    },
    "35": {
        "score": 6.917881011962891,
        "runtime": 1.7780005931854248
    },
    "36": {
        "score": 6.917881011962891,
        "runtime": 1.804002285003662
    },
    "37": {
        "score": 6.917881011962891,
        "runtime": 1.7589993476867676
    },
    "38": {
        "score": 6.917881011962891,
        "runtime": 1.7310001850128174
    },
    "39": {
        "score": 6.917881011962891,
        "runtime": 1.7069990634918213
    },
    "40": {
        "score": 6.917881011962891,
        "runtime": 1.7390012741088867
    },
    "41": {
        "score": 6.917881011962891,
        "runtime": 1.7950000762939453
    },
    "42": {
        "score": 6.917881011962891,
        "runtime": 1.720001459121704
    },
    "43": {
        "score": 6.917881011962891,
        "runtime": 1.7060024738311768
    },
    "44": {
        "score": 6.917881011962891,
        "runtime": 1.8220014572143555
    },
    "45": {
        "score": 6.917881011962891,
        "runtime": 1.7369985580444336
    },
    "46": {
        "score": 6.917881011962891,
        "runtime": 1.759000301361084
    },
    "47": {
        "score": 6.917881011962891,
        "runtime": 1.7070000171661377
    },
    "48": {
        "score": 6.917881011962891,
        "runtime": 1.9630005359649658
    },
    "49": {
        "score": 6.917881011962891,
        "runtime": 1.6880028247833252
    },
    "50": {
        "score": 6.917881011962891,
        "runtime": 1.8369991779327393
    },
    "51": {
        "score": 6.917881011962891,
        "runtime": 1.7300000190734863
    },
    "52": {
        "score": 6.917881011962891,
        "runtime": 1.7649989128112793
    },
    "53": {
        "score": 6.917881011962891,
        "runtime": 1.7540004253387451
    },
    "54": {
        "score": 6.917881011962891,
        "runtime": 1.7169995307922363
    },
    "55": {
        "score": 6.917881011962891,
        "runtime": 1.6789991855621338
    },
    "56": {
        "score": 6.917881011962891,
        "runtime": 1.759002923965454
    },
    "57": {
        "score": 6.917881011962891,
        "runtime": 1.771000623703003
    },
    "58": {
        "score": 6.917881011962891,
        "runtime": 1.7379987239837646
    },
    "59": {
        "score": 6.917881011962891,
        "runtime": 1.692472219467163
    },
    "60": {
        "score": 6.917881011962891,
        "runtime": 1.7530028820037842
    },
    "61": {
        "score": 6.917881011962891,
        "runtime": 1.7260000705718994
    },
    "62": {
        "score": 6.917881011962891,
        "runtime": 1.7450010776519775
    },
    "63": {
        "score": 6.917881011962891,
        "runtime": 1.7459993362426758
    },
    "64": {
        "score": 6.917881011962891,
        "runtime": 1.7219998836517334
    },
    "65": {
        "score": 6.917881011962891,
        "runtime": 1.7149958610534668
    },
    "66": {
        "score": 6.917881011962891,
        "runtime": 1.7300002574920654
    },
    "67": {
        "score": 6.917881011962891,
        "runtime": 1.7750017642974854
    },
    "68": {
        "score": 6.917881011962891,
        "runtime": 1.7570009231567383
    },
    "69": {
        "score": 6.917881011962891,
        "runtime": 1.6499998569488525
    },
    "70": {
        "score": 6.917881011962891,
        "runtime": 1.7759981155395508
    },
    "71": {
        "score": 6.917881011962891,
        "runtime": 1.8150014877319336
    },
    "72": {
        "score": 6.917881011962891,
        "runtime": 1.7770006656646729
    },
    "73": {
        "score": 6.917881011962891,
        "runtime": 1.7170026302337646
    },
    "74": {
        "score": 6.917881011962891,
        "runtime": 1.7400012016296387
    },
    "75": {
        "score": 6.917881011962891,
        "runtime": 1.7059988975524902
    },
    "76": {
        "score": 6.917881011962891,
        "runtime": 1.7719993591308594
    },
    "77": {
        "score": 6.917881011962891,
        "runtime": 1.7439968585968018
    },
    "78": {
        "score": 6.917881011962891,
        "runtime": 1.692002296447754
    },
    "79": {
        "score": 6.917881011962891,
        "runtime": 1.7349998950958252
    },
    "80": {
        "score": 6.917881011962891,
        "runtime": 1.748002290725708
    },
    "81": {
        "score": 6.917881011962891,
        "runtime": 1.7060017585754395
    },
    "82": {
        "score": 6.917881011962891,
        "runtime": 1.7780022621154785
    },
    "83": {
        "score": 6.917881011962891,
        "runtime": 1.8139986991882324
    },
    "84": {
        "score": 6.917881011962891,
        "runtime": 1.7900002002716064
    },
    "85": {
        "score": 6.917881011962891,
        "runtime": 1.754997968673706
    },