{
    "epoch=193-train_score=5.65157": {
        "result_avg": {
            "score": 5.748518295288086,
            "runtime": 11.001537036895751
        },
        "result_std": {
            "score": 0.06673994875164461,
            "runtime": 0.029581372900001957
        }
    },
    "epoch=151-train_score=5.66746": {
        "result_avg": {
            "score": 5.77044225692749,
            "runtime": 10.99691459417343
        },
        "result_std": {
            "score": 0.07820087568560428,
            "runtime": 0.03271502826317676
        }
    },
    "epoch=195-train_score=5.66369": {
        "result_avg": {
            "score": 5.737653288841248,
            "runtime": 11.006941442489625
        },
        "result_std": {
            "score": 0.06808741147524533,
            "runtime": 0.035309560859191694
        }
    },
    "epoch=121-train_score=5.66849": {
        "result_avg": {
            "score": 5.764772491455078,
            "runtime": 11.03209316253662
        },
        "result_std": {
            "score": 0.07094016171853912,
            "runtime": 0.0322293308859224
        }
    },
    "epoch=125-train_score=5.66866": {
        "result_avg": {
            "score": 5.769313144683838,
            "runtime": 11.013556365966798
        },
        "result_std": {
            "score": 0.06170383621446037,
            "runtime": 0.03388438656065942
        }
    }
}