{
    "0": {
        "score": 5.493342876434326,
        "runtime": 11.12992787361145
    },
    "1": {
        "score": 5.637015342712402,
        "runtime": 11.12653136253357
    },
    "2": {
        "score": 6.112476825714111,
        "runtime": 11.398104190826416
    },
    "3": {
        "score": 6.009098052978516,
        "runtime": 11.19821834564209
    },
    "4": {
        "score": 5.697081089019775,
        "runtime": 11.042479753494263
    },
    "5": {
        "score": 5.812621116638184,
        "runtime": 11.268444776535034
    },
    "6": {
        "score": 6.083081245422363,
        "runtime": 11.149948358535767
    },
    "7": {
        "score": 6.0188889503479,
        "runtime": 11.060889959335327
    },
    "8": {
        "score": 5.761789798736572,
        "runtime": 11.008888006210327
    },
    "9": {
        "score": 6.152530670166016,
        "runtime": 11.93899941444397
    },
    "10": {
        "score": 5.496968746185303,
        "runtime": 10.973954677581787
    },
    "11": {
        "score": 5.015531539916992,
        "runtime": 11.012232780456543
    },
    "12": {
        "score": 5.991828441619873,
        "runtime": 11.1084725856781
    },
    "13": {
        "score": 5.869622707366943,
        "runtime": 11.035965204238892
    },
    "14": {
        "score": 5.931775093078613,
        "runtime": 10.970974683761597
    },
    "15": {
        "score": 5.955026626586914,
        "runtime": 11.032957553863525
    },
    "16": {
        "score": 5.603448867797852,
        "runtime": 10.88696002960205
    },
    "17": {
        "score": 5.6613383293151855,
        "runtime": 10.918372869491577
    },
    "18": {
        "score": 5.666976451873779,
        "runtime": 10.785951614379883
    },
    "19": {
        "score": 5.568150520324707,
        "runtime": 10.887229919433594
    },
    "20": {
        "score": 5.530035972595215,
        "runtime": 10.961444854736328
    },
    "21": {
        "score": 5.948036193847656,
        "runtime": 10.97350788116455
    },
    "22": {
        "score": 5.578288555145264,
        "runtime": 11.057172060012817
    },
    "23": {
        "score": 5.691412925720215,
        "runtime": 11.007947206497192
    },
    "24": {
        "score": 5.554319858551025,
        "runtime": 11.865262031555176
    },
    "25": {
        "score": 6.078736782073975,
        "runtime": 11.041478633880615
    },
    "26": {
        "score": 5.658926963806152,
        "runtime": 10.849242448806763
    },
    "27": {
        "score": 5.811557292938232,
        "runtime": 11.219939708709717
    },
    "28": {
        "score": 5.72407865524292,
        "runtime": 11.106170892715454
    },
    "29": {
        "score": 6.072971343994141,
        "runtime": 11.02747106552124
    },
    "30": {
        "score": 5.762416839599609,
        "runtime": 11.427735567092896
    },
    "31": {
        "score": 5.735320568084717,
        "runtime": 10.931942462921143
    },
    "32": {
        "score": 5.916238784790039,
        "runtime": 11.01894235610962
    },
    "33": {
        "score": 5.569371223449707,
        "runtime": 10.912463188171387
    },
    "34": {
        "score": 5.643514633178711,
        "runtime": 10.892411231994629
    },
    "35": {
        "score": 5.964761734008789,
        "runtime": 10.838409900665283
    },
    "36": {
        "score": 5.780726432800293,
        "runtime": 10.871898889541626
    },
    "37": {
        "score": 6.516188621520996,
        "runtime": 10.935943126678467
    },
    "38": {
        "score": 5.608667373657227,
        "runtime": 10.979966640472412
    },
    "39": {
        "score": 6.137964725494385,
        "runtime": 10.988009691238403
    },
    "40": {
        "score": 5.669599533081055,
        "runtime": 11.045946836471558
    },
    "41": {
        "score": 5.660446643829346,
        "runtime": 10.984282732009888
    },
    "42": {
        "score": 5.761118412017822,
        "runtime": 10.990694999694824
    },
    "43": {
        "score": 6.570940017700195,
        "runtime": 10.871478080749512
    },
    "44": {
        "score": 5.440320014953613,
        "runtime": 10.782236814498901
    },
    "45": {
        "score": 5.6657819747924805,
        "runtime": 10.798899173736572
    },
    "46": {
        "score": 5.898036003112793,
        "runtime": 10.831473588943481
    },
    "47": {
        "score": 5.659748554229736,
        "runtime": 11.019485473632812
    },
    "48": {
        "score": 5.584643363952637,
        "runtime": 11.254458904266357
    },
    "49": {
        "score": 6.189867973327637,
        "runtime": 10.844963073730469
    },
    "50": {
        "score": 6.025738716125488,
        "runtime": 11.030401945114136
    },
    "51": {
        "score": 5.8538360595703125,
        "runtime": 11.087772130966187
    },
    "52": {
        "score": 6.366627216339111,
        "runtime": 11.012467384338379
    },
    "53": {
        "score": 5.4982476234436035,
        "runtime": 10.974430322647095
    },
    "54": {
        "score": 5.603899955749512,
        "runtime": 10.890541791915894
    },
    "55": {
        "score": 5.841212272644043,
        "runtime": 11.068429708480835
    },
    "56": {
        "score": 6.090428352355957,
        "runtime": 10.890935897827148
    },
    "57": {
        "score": 5.648983001708984,
        "runtime": 11.072767972946167
    },
    "58": {
        "score": 5.681671619415283,
        "runtime": 11.098716020584106
    },
    "59": {
        "score": 5.800029754638672,
        "runtime": 10.908937692642212
    },
    "60": {
        "score": 6.270698547363281,
        "runtime": 11.060925722122192
    },
    "61": {
        "score": 5.599362373352051,
        "runtime": 11.200215101242065
    },
    "62": {
        "score": 5.8128814697265625,
        "runtime": 11.011943817138672
    },
    "63": {
        "score": 5.68129825592041,
        "runtime": 10.931430339813232
    },
    "64": {
        "score": 5.650214195251465,
        "runtime": 10.981352806091309
    },
    "65": {
        "score": 5.669130802154541,
        "runtime": 10.913496494293213
    },
    "66": {
        "score": 5.540892601013184,
        "runtime": 11.147883653640747
    },
    "67": {
        "score": 5.404693603515625,
        "runtime": 10.964458703994751
    },
    "68": {
        "score": 5.735893726348877,
        "runtime": 10.939706802368164
    },
    "69": {
        "score": 5.39748477935791,
        "runtime": 11.121428966522217
    },
    "70": {
        "score": 5.8357672691345215,
        "runtime": 10.89796233177185
    },
    "71": {
        "score": 5.307118892669678,
        "runtime": 11.136436700820923
    },
    "72": {
        "score": 5.944133758544922,
        "runtime": 10.90493106842041
    },
    "73": {
        "score": 5.627927780151367,
        "runtime": 10.881728649139404
    },
    "74": {
        "score": 5.679056644439697,
        "runtime": 11.099919080734253
    },
    "75": {
        "score": 5.792710304260254,
        "runtime": 10.913366556167603
    },
    "76": {
        "score": 6.117641448974609,
        "runtime": 11.164580345153809
    },
    "77": {
        "score": 5.752913951873779,
        "runtime": 11.122891187667847
    },
    "78": {
        "score": 5.907266139984131,
        "runtime": 10.90450382232666
    },
    "79": {
        "score": 5.16366720199585,
        "runtime": 10.986189365386963
    },
    "80": {
        "score": 5.697159767150879,
        "runtime": 10.923195123672485
    },
    "81": {
        "score": 5.329582214355469,
        "runtime": 11.037963390350342
    },
    "82": {
        "score": 5.511092185974121,
        "runtime": 10.813166618347168
    },
    "83": {
        "score": 6.167718410491943,
        "runtime": 10.95022964477539
    },
    "84": {
        "score": 5.801414489746094,
        "runtime": 11.28095030784607
    },
    "85": {
        "score": 5.796072959899902,
        "runtime": 11.108915090560913
    },