{
    "0": {
        "score": 5.521439552307129,
        "runtime": 11.094930171966553
    },
    "1": {
        "score": 5.66768741607666,
        "runtime": 11.136529445648193
    },
    "2": {
        "score": 6.308074951171875,
        "runtime": 11.288103580474854
    },
    "3": {
        "score": 6.043544769287109,
        "runtime": 11.050220012664795
    },
    "4": {
        "score": 5.68243932723999,
        "runtime": 11.004480361938477
    },
    "5": {
        "score": 5.793453693389893,
        "runtime": 11.147962808609009
    },
    "6": {
        "score": 6.112415790557861,
        "runtime": 11.207892417907715
    },
    "7": {
        "score": 5.979588985443115,
        "runtime": 11.028942584991455
    },
    "8": {
        "score": 5.7235541343688965,
        "runtime": 10.951382875442505
    },
    "9": {
        "score": 6.159862041473389,
        "runtime": 11.559000730514526
    },
    "10": {
        "score": 5.51644229888916,
        "runtime": 10.957951784133911
    },
    "11": {
        "score": 5.135019779205322,
        "runtime": 11.039000988006592
    },
    "12": {
        "score": 5.75886344909668,
        "runtime": 10.843473196029663
    },
    "13": {
        "score": 5.875051975250244,
        "runtime": 10.942964553833008
    },
    "14": {
        "score": 5.931210517883301,
        "runtime": 10.92991042137146
    },
    "15": {
        "score": 5.965519428253174,
        "runtime": 10.880968809127808
    },
    "16": {
        "score": 5.641268253326416,
        "runtime": 10.975979566574097
    },
    "17": {
        "score": 5.514554500579834,
        "runtime": 10.972885847091675
    },
    "18": {
        "score": 5.702567100524902,
        "runtime": 10.821954011917114
    },
    "19": {
        "score": 5.614080905914307,
        "runtime": 10.918659448623657
    },
    "20": {
        "score": 5.412862300872803,
        "runtime": 10.962445497512817
    },
    "21": {
        "score": 5.973437309265137,
        "runtime": 10.92750859260559
    },
    "22": {
        "score": 5.4906697273254395,
        "runtime": 10.928173780441284
    },
    "23": {
        "score": 5.625711917877197,
        "runtime": 10.847460269927979
    },
    "24": {
        "score": 5.54427433013916,
        "runtime": 11.833264350891113
    },
    "25": {
        "score": 6.110732555389404,
        "runtime": 11.113991022109985
    },
    "26": {
        "score": 5.6376543045043945,
        "runtime": 11.013240814208984
    },
    "27": {
        "score": 5.8210859298706055,
        "runtime": 11.008939027786255
    },
    "28": {
        "score": 5.681619167327881,
        "runtime": 11.138168334960938
    },
    "29": {
        "score": 5.997100830078125,
        "runtime": 11.028469324111938
    },
    "30": {
        "score": 5.819917678833008,
        "runtime": 11.515735864639282
    },
    "31": {
        "score": 5.85748291015625,
        "runtime": 10.826941728591919
    },
    "32": {
        "score": 5.853262901306152,
        "runtime": 10.799960374832153
    },
    "33": {
        "score": 5.569371223449707,
        "runtime": 10.935680150985718
    },
    "34": {
        "score": 5.6732401847839355,
        "runtime": 10.817943572998047
    },
    "35": {
        "score": 5.841835021972656,
        "runtime": 10.730698108673096
    },
    "36": {
        "score": 6.196372032165527,
        "runtime": 10.772955656051636
    },
    "37": {
        "score": 6.33024263381958,
        "runtime": 10.95994520187378
    },
    "38": {
        "score": 5.628223896026611,
        "runtime": 10.99396800994873
    },
    "39": {
        "score": 6.228005409240723,
        "runtime": 10.923490047454834
    },
    "40": {
        "score": 5.533389568328857,
        "runtime": 10.823436498641968
    },
    "41": {
        "score": 5.660446643829346,
        "runtime": 10.752754211425781
    },
    "42": {
        "score": 5.6238508224487305,
        "runtime": 10.743749380111694
    },
    "43": {
        "score": 6.6382975578308105,
        "runtime": 10.759907245635986
    },
    "44": {
        "score": 5.432969570159912,
        "runtime": 10.945997953414917
    },
    "45": {
        "score": 5.737718105316162,
        "runtime": 10.587969303131104
    },
    "46": {
        "score": 5.989776611328125,
        "runtime": 10.907938718795776
    },
    "47": {
        "score": 5.774568557739258,
        "runtime": 10.814432382583618
    },
    "48": {
        "score": 5.577902317047119,
        "runtime": 10.906018018722534
    },
    "49": {
        "score": 6.170073509216309,
        "runtime": 10.858988761901855
    },
    "50": {
        "score": 6.000397205352783,
        "runtime": 11.15038514137268
    },
    "51": {
        "score": 5.976812362670898,
        "runtime": 11.082807302474976
    },
    "52": {
        "score": 6.262559413909912,
        "runtime": 11.02990198135376
    },
    "53": {
        "score": 5.353240966796875,
        "runtime": 11.26147985458374
    },
    "54": {
        "score": 5.6696929931640625,
        "runtime": 11.109426021575928
    },
    "55": {
        "score": 5.911627292633057,
        "runtime": 11.142962455749512
    },
    "56": {
        "score": 6.013274669647217,
        "runtime": 10.848979473114014
    },
    "57": {
        "score": 5.654119968414307,
        "runtime": 11.009767532348633
    },
    "58": {
        "score": 5.662082195281982,
        "runtime": 10.955714225769043
    },
    "59": {
        "score": 5.853693008422852,
        "runtime": 11.008657217025757
    },
    "60": {
        "score": 6.351628303527832,
        "runtime": 10.96792221069336
    },
    "61": {
        "score": 5.573424339294434,
        "runtime": 11.020678997039795
    },
    "62": {
        "score": 5.8128814697265625,
        "runtime": 10.978455543518066
    },
    "63": {
        "score": 5.619351863861084,
        "runtime": 10.895430564880371
    },
    "64": {
        "score": 5.681549549102783,
        "runtime": 10.90435242652893
    },
    "65": {
        "score": 5.669130802154541,
        "runtime": 10.907491683959961
    },
    "66": {
        "score": 5.528189659118652,
        "runtime": 10.985924243927002
    },
    "67": {
        "score": 5.404693603515625,
        "runtime": 10.910457372665405
    },
    "68": {
        "score": 5.692628860473633,
        "runtime": 10.64571213722229
    },
    "69": {
        "score": 5.390874862670898,
        "runtime": 11.099949836730957
    },
    "70": {
        "score": 5.890204429626465,
        "runtime": 10.96591854095459
    },
    "71": {
        "score": 5.307118892669678,
        "runtime": 10.722437858581543
    },
    "72": {
        "score": 5.905274391174316,
        "runtime": 10.922933340072632
    },
    "73": {
        "score": 5.619150161743164,
        "runtime": 11.162737369537354
    },
    "74": {
        "score": 5.679056644439697,
        "runtime": 11.016969442367554
    },
    "75": {
        "score": 5.790480136871338,
        "runtime": 10.895935535430908
    },
    "76": {
        "score": 6.044333457946777,
        "runtime": 11.233945608139038
    },
    "77": {
        "score": 5.724874973297119,
        "runtime": 10.837949275970459
    },
    "78": {
        "score": 5.7778825759887695,
        "runtime": 11.066162109375
    },
    "79": {
        "score": 5.154660224914551,
        "runtime": 10.986918449401855
    },
    "80": {
        "score": 5.96373987197876,
        "runtime": 11.104942560195923
    },
    "81": {
        "score": 5.342565059661865,
        "runtime": 10.975970268249512
    },
    "82": {
        "score": 5.506518840789795,
        "runtime": 11.100993156433105
    },
    "83": {
        "score": 6.427419662475586,
        "runtime": 11.224688529968262
    },
    "84": {
        "score": 5.855646133422852,
        "runtime": 11.253954887390137
    },
    "85": {
        "score": 5.735667705535889,
        "runtime": 10.999385118484497
    },