{
    "0": {
        "score": 3.704458236694336,
        "runtime": 0.7680017948150635
    },
    "1": {
        "score": 3.763136863708496,
        "runtime": 0.787999153137207
    },
    "2": {
        "score": 3.799975633621216,
        "runtime": 0.7750012874603271
    },
    "3": {
        "score": 4.237422943115234,
        "runtime": 0.775000810623169
    },
    "4": {
        "score": 3.2947840690612793,
        "runtime": 0.822514533996582
    },
    "5": {
        "score": 3.8676135540008545,
        "runtime": 0.8545174598693848
    },
    "6": {
        "score": 4.033141613006592,
        "runtime": 0.7780020236968994
    },
    "7": {
        "score": 4.127736568450928,
        "runtime": 0.7859988212585449
    },
    "8": {
        "score": 4.128917694091797,
        "runtime": 0.8065197467803955
    },
    "9": {
        "score": 4.014928340911865,
        "runtime": 0.7650008201599121
    },
    "10": {
        "score": 3.778759479522705,
        "runtime": 0.8140008449554443
    },
    "11": {
        "score": 3.7704179286956787,
        "runtime": 0.8090012073516846
    },
    "12": {
        "score": 4.076560974121094,
        "runtime": 0.8119995594024658
    },
    "13": {
        "score": 3.7108867168426514,
        "runtime": 0.8210020065307617
    },
    "14": {
        "score": 4.300230503082275,
        "runtime": 0.8020000457763672
    },
    "15": {
        "score": 4.047923564910889,
        "runtime": 0.81697678565979
    },
    "16": {
        "score": 4.186491012573242,
        "runtime": 0.7910008430480957
    },
    "17": {
        "score": 3.341623067855835,
        "runtime": 0.8055164813995361
    },
    "18": {
        "score": 3.8848955631256104,
        "runtime": 0.8095221519470215
    },
    "19": {
        "score": 3.8638968467712402,
        "runtime": 0.8245558738708496
    },
    "20": {
        "score": 3.8967041969299316,
        "runtime": 0.8159699440002441
    },
    "21": {
        "score": 3.493420362472534,
        "runtime": 0.8130018711090088
    },
    "22": {
        "score": 3.8590354919433594,
        "runtime": 0.8019998073577881
    },
    "23": {
        "score": 4.342336654663086,
        "runtime": 0.7689995765686035
    },
    "24": {
        "score": 3.9885852336883545,
        "runtime": 0.7970030307769775
    },
    "25": {
        "score": 3.8711776733398438,
        "runtime": 0.766524076461792
    },
    "26": {
        "score": 4.330911159515381,
        "runtime": 0.7839999198913574
    },
    "27": {
        "score": 3.730915069580078,
        "runtime": 0.8100025653839111
    },
    "28": {
        "score": 3.308075189590454,
        "runtime": 0.8049986362457275
    },
    "29": {
        "score": 3.9138457775115967,
        "runtime": 0.7999534606933594
    },
    "30": {
        "score": 3.8944716453552246,
        "runtime": 0.8340013027191162
    },
    "31": {
        "score": 3.209815263748169,
        "runtime": 0.79351806640625
    },
    "32": {
        "score": 4.040256023406982,
        "runtime": 0.7899394035339355
    },
    "33": {
        "score": 4.553381443023682,
        "runtime": 0.8035140037536621
    },
    "34": {
        "score": 4.319533824920654,
        "runtime": 0.8259997367858887
    },
    "35": {
        "score": 4.422720909118652,
        "runtime": 0.804999828338623
    },
    "36": {
        "score": 4.017929553985596,
        "runtime": 0.7909996509552002
    },
    "37": {
        "score": 3.717787742614746,
        "runtime": 0.7850005626678467
    },
    "38": {
        "score": 4.0666961669921875,
        "runtime": 0.8110032081604004
    },
    "39": {
        "score": 4.3639020919799805,
        "runtime": 0.7850000858306885
    },
    "40": {
        "score": 3.9290759563446045,
        "runtime": 0.7799992561340332
    },
    "41": {
        "score": 4.0225324630737305,
        "runtime": 0.7780005931854248
    },
    "42": {
        "score": 3.5284109115600586,
        "runtime": 0.7680008411407471
    },
    "43": {
        "score": 3.2898268699645996,
        "runtime": 0.8130025863647461
    },
    "44": {
        "score": 3.9223580360412598,
        "runtime": 0.8099994659423828
    },
    "45": {
        "score": 3.6989119052886963,
        "runtime": 0.8070011138916016
    },
    "46": {
        "score": 4.05287504196167,
        "runtime": 0.7989985942840576
    },
    "47": {
        "score": 3.7959790229797363,
        "runtime": 0.7980031967163086
    },
    "48": {
        "score": 3.9390408992767334,
        "runtime": 0.7980005741119385
    },
    "49": {
        "score": 3.8861756324768066,
        "runtime": 0.8160021305084229
    },
    "50": {
        "score": 3.90041446685791,
        "runtime": 0.8000009059906006
    },
    "51": {
        "score": 3.6685421466827393,
        "runtime": 0.8009390830993652
    },
    "52": {
        "score": 3.7014217376708984,
        "runtime": 0.7699997425079346
    },
    "53": {
        "score": 4.11683988571167,
        "runtime": 0.797001838684082
    },
    "54": {
        "score": 3.9248223304748535,
        "runtime": 0.8150014877319336
    },
    "55": {
        "score": 3.6817665100097656,
        "runtime": 0.8069980144500732
    },
    "56": {
        "score": 4.036168098449707,
        "runtime": 0.8189988136291504
    },
    "57": {
        "score": 3.789414405822754,
        "runtime": 0.8030002117156982
    },
    "58": {
        "score": 4.077564239501953,
        "runtime": 0.8169741630554199
    },
    "59": {
        "score": 3.908747911453247,
        "runtime": 0.783456563949585
    },
    "60": {
        "score": 3.8143486976623535,
        "runtime": 0.7950000762939453
    },
    "61": {
        "score": 3.190607786178589,
        "runtime": 0.8010027408599854
    },
    "62": {
        "score": 4.063938617706299,
        "runtime": 0.7930014133453369
    },
    "63": {
        "score": 4.14190673828125,
        "runtime": 0.8040010929107666
    },
    "64": {
        "score": 3.797248601913452,
        "runtime": 0.7830002307891846
    },
    "65": {
        "score": 3.998300075531006,
        "runtime": 0.8199963569641113
    },
    "66": {
        "score": 3.7870137691497803,
        "runtime": 0.8040010929107666
    },
    "67": {
        "score": 3.7624094486236572,
        "runtime": 0.7819998264312744
    },
    "68": {
        "score": 3.981815814971924,
        "runtime": 0.8190023899078369
    },
    "69": {
        "score": 3.6501429080963135,
        "runtime": 0.8420000076293945
    },
    "70": {
        "score": 3.6207680702209473,
        "runtime": 0.7739975452423096
    },
    "71": {
        "score": 3.6524572372436523,
        "runtime": 0.803999662399292
    },
    "72": {
        "score": 4.327773571014404,
        "runtime": 0.8000001907348633
    },
    "73": {
        "score": 3.852264165878296,
        "runtime": 0.8080008029937744
    },
    "74": {
        "score": 4.032074451446533,
        "runtime": 0.788999080657959
    },
    "75": {
        "score": 4.193187713623047,
        "runtime": 0.7910003662109375
    },
    "76": {
        "score": 3.4614906311035156,
        "runtime": 0.7969996929168701
    },
    "77": {
        "score": 3.9464800357818604,
        "runtime": 0.8120017051696777
    },
    "78": {
        "score": 4.169132232666016,
        "runtime": 0.8320024013519287
    },
    "79": {
        "score": 3.8809099197387695,
        "runtime": 0.7950007915496826
    },
    "80": {
        "score": 3.2235188484191895,
        "runtime": 0.775529146194458
    },
    "81": {
        "score": 4.09826135635376,
        "runtime": 0.7970008850097656
    },
    "82": {
        "score": 3.7449758052825928,
        "runtime": 0.7659585475921631
    },
    "83": {
        "score": 3.4393889904022217,
        "runtime": 0.7890019416809082
    },
    "84": {
        "score": 4.039593696594238,
        "runtime": 0.8040018081665039
    },
    "85": {
        "score": 3.9503414630889893,