{
    "0": {
        "score": 3.6493992805480957,
        "runtime": 0.78999924659729
    },
    "1": {
        "score": 3.763136863708496,
        "runtime": 0.7840003967285156
    },
    "2": {
        "score": 3.799975633621216,
        "runtime": 0.8029999732971191
    },
    "3": {
        "score": 4.595308780670166,
        "runtime": 0.7850010395050049
    },
    "4": {
        "score": 3.2648541927337646,
        "runtime": 0.7639617919921875
    },
    "5": {
        "score": 3.860729455947876,
        "runtime": 0.7729623317718506
    },
    "6": {
        "score": 3.8685247898101807,
        "runtime": 0.7859997749328613
    },
    "7": {
        "score": 3.951625347137451,
        "runtime": 0.8260021209716797
    },
    "8": {
        "score": 4.128917694091797,
        "runtime": 0.7630009651184082
    },
    "9": {
        "score": 4.014928340911865,
        "runtime": 0.8019378185272217
    },
    "10": {
        "score": 3.791715145111084,
        "runtime": 0.7930002212524414
    },
    "11": {
        "score": 3.7704179286956787,
        "runtime": 0.8009974956512451
    },
    "12": {
        "score": 4.076560974121094,
        "runtime": 0.8590002059936523
    },
    "13": {
        "score": 3.7108867168426514,
        "runtime": 0.7979996204376221
    },
    "14": {
        "score": 4.300230503082275,
        "runtime": 0.7670016288757324
    },
    "15": {
        "score": 3.9959185123443604,
        "runtime": 0.8150017261505127
    },
    "16": {
        "score": 4.157617568969727,
        "runtime": 0.800999641418457
    },
    "17": {
        "score": 3.341623067855835,
        "runtime": 0.7990021705627441
    },
    "18": {
        "score": 3.703400135040283,
        "runtime": 0.7919976711273193
    },
    "19": {
        "score": 3.8638968467712402,
        "runtime": 0.7879490852355957
    },
    "20": {
        "score": 3.8967041969299316,
        "runtime": 0.7980022430419922
    },
    "21": {
        "score": 3.4828336238861084,
        "runtime": 0.7949991226196289
    },
    "22": {
        "score": 3.8590354919433594,
        "runtime": 0.7770016193389893
    },
    "23": {
        "score": 4.350894927978516,
        "runtime": 0.8489987850189209
    },
    "24": {
        "score": 3.990177631378174,
        "runtime": 0.8079996109008789
    },
    "25": {
        "score": 3.8711776733398438,
        "runtime": 0.8329989910125732
    },
    "26": {
        "score": 4.316011428833008,
        "runtime": 0.7960007190704346
    },
    "27": {
        "score": 3.730915069580078,
        "runtime": 0.8160004615783691
    },
    "28": {
        "score": 3.308075189590454,
        "runtime": 0.7909994125366211
    },
    "29": {
        "score": 3.9138457775115967,
        "runtime": 0.7930011749267578
    },
    "30": {
        "score": 3.8944716453552246,
        "runtime": 0.7607080936431885
    },
    "31": {
        "score": 3.209815263748169,
        "runtime": 0.8049542903900146
    },
    "32": {
        "score": 4.040256023406982,
        "runtime": 0.8049411773681641
    },
    "33": {
        "score": 4.225244998931885,
        "runtime": 0.7949998378753662
    },
    "34": {
        "score": 4.319533824920654,
        "runtime": 0.7800016403198242
    },
    "35": {
        "score": 4.263957500457764,
        "runtime": 0.8149974346160889
    },
    "36": {
        "score": 4.027777671813965,
        "runtime": 0.7940008640289307
    },
    "37": {
        "score": 3.717787742614746,
        "runtime": 0.7659986019134521
    },
    "38": {
        "score": 3.8522095680236816,
        "runtime": 0.7990016937255859
    },
    "39": {
        "score": 4.264479637145996,
        "runtime": 0.7810020446777344
    },
    "40": {
        "score": 3.923027992248535,
        "runtime": 0.7989978790283203
    },
    "41": {
        "score": 3.9975218772888184,
        "runtime": 0.7810008525848389
    },
    "42": {
        "score": 3.5284109115600586,
        "runtime": 0.7599484920501709
    },
    "43": {
        "score": 3.28609299659729,
        "runtime": 0.8195228576660156
    },
    "44": {
        "score": 3.9143929481506348,
        "runtime": 0.8019981384277344
    },
    "45": {
        "score": 3.707735300064087,
        "runtime": 0.7855157852172852
    },
    "46": {
        "score": 4.05287504196167,
        "runtime": 0.786001443862915
    },
    "47": {
        "score": 3.7258424758911133,
        "runtime": 0.8170022964477539
    },
    "48": {
        "score": 3.9390408992767334,
        "runtime": 0.7930004596710205
    },
    "49": {
        "score": 3.807023048400879,
        "runtime": 0.8055140972137451
    },
    "50": {
        "score": 3.8545479774475098,
        "runtime": 0.798999547958374
    },
    "51": {
        "score": 3.6685421466827393,
        "runtime": 0.7800002098083496
    },
    "52": {
        "score": 3.5137431621551514,
        "runtime": 0.7869997024536133
    },
    "53": {
        "score": 4.114580154418945,
        "runtime": 0.7949988842010498
    },
    "54": {
        "score": 3.939969301223755,
        "runtime": 0.8090000152587891
    },
    "55": {
        "score": 3.632526397705078,
        "runtime": 0.7929995059967041
    },
    "56": {
        "score": 4.050745010375977,
        "runtime": 0.7849993705749512
    },
    "57": {
        "score": 3.811187744140625,
        "runtime": 0.8035187721252441
    },
    "58": {
        "score": 3.965982437133789,
        "runtime": 0.7590022087097168
    },
    "59": {
        "score": 3.9408223628997803,
        "runtime": 0.8119978904724121
    },
    "60": {
        "score": 3.8143486976623535,
        "runtime": 0.7749977111816406
    },
    "61": {
        "score": 3.1791799068450928,
        "runtime": 0.8029987812042236
    },
    "62": {
        "score": 4.033547878265381,
        "runtime": 0.7749979496002197
    },
    "63": {
        "score": 4.123303413391113,
        "runtime": 0.7659974098205566
    },
    "64": {
        "score": 3.763899564743042,
        "runtime": 0.7959978580474854
    },
    "65": {
        "score": 3.998300075531006,
        "runtime": 0.7960011959075928
    },
    "66": {
        "score": 3.7813100814819336,
        "runtime": 0.8019993305206299
    },
    "67": {
        "score": 3.726776599884033,
        "runtime": 0.7905199527740479
    },
    "68": {
        "score": 3.957408905029297,
        "runtime": 0.7930002212524414
    },
    "69": {
        "score": 3.6501429080963135,
        "runtime": 0.7979977130889893
    },
    "70": {
        "score": 3.6207680702209473,
        "runtime": 0.8330020904541016
    },
    "71": {
        "score": 3.6524572372436523,
        "runtime": 0.8225123882293701
    },
    "72": {
        "score": 4.327773571014404,
        "runtime": 0.8050024509429932
    },
    "73": {
        "score": 3.852264165878296,
        "runtime": 0.8210031986236572
    },
    "74": {
        "score": 4.001102447509766,
        "runtime": 0.8229982852935791
    },
    "75": {
        "score": 4.156336307525635,
        "runtime": 0.8075144290924072
    },
    "76": {
        "score": 3.4614906311035156,
        "runtime": 0.8070018291473389
    },
    "77": {
        "score": 3.9464800357818604,
        "runtime": 0.7790026664733887
    },
    "78": {
        "score": 4.157724380493164,
        "runtime": 0.80899977684021
    },
    "79": {
        "score": 3.845454692840576,
        "runtime": 0.7789978981018066
    },
    "80": {
        "score": 3.185774803161621,
        "runtime": 0.80899977684021
    },
    "81": {
        "score": 4.09826135635376,
        "runtime": 0.8185269832611084
    },
    "82": {
        "score": 3.7449758052825928,
        "runtime": 0.794999361038208
    },
    "83": {
        "score": 3.441124677658081,
        "runtime": 0.7929990291595459
    },
    "84": {
        "score": 3.9712026119232178,
        "runtime": 0.7669978141784668
    },
    "85": {
        "score": 3.9487624168395996,