{
    "epoch=13-train_score=3.75413": {
        "result_avg": {
            "score": 3.8930540609359743,
            "runtime": 0.7838434553146363
        },
        "result_std": {
            "score": 0.09630214794669488,
            "runtime": 0.0003422357133781816
        }
    },
    "epoch=79-train_score=3.76020": {
        "result_avg": {
            "score": 3.8609961915016173,
            "runtime": 0.7814825820922852
        },
        "result_std": {
            "score": 0.08792048615248273,
            "runtime": 0.00038021431761817436
        }
    },
    "epoch=165-train_score=3.76186": {
        "result_avg": {
            "score": 3.8545246529579162,
            "runtime": 0.7832495856285095
        },
        "result_std": {
            "score": 0.08547980687338741,
            "runtime": 0.0003948980571142954
        }
    },
    "epoch=137-train_score=3.76633": {
        "result_avg": {
            "score": 3.8540568113327027,
            "runtime": 0.7845247125625611
        },
        "result_std": {
            "score": 0.08670605462022137,
            "runtime": 0.00029819286689191797
        }
    },
    "epoch=23-train_score=3.76809": {
        "result_avg": {
            "score": 3.8755631637573242,
            "runtime": 0.7846130704879761
        },
        "result_std": {
            "score": 0.0903276651347718,
            "runtime": 0.0004938104470416191
        }
    }
}