{
    "0": {
        "score": 3.7002601623535156,
        "runtime": 0.82900071144104
    },
    "1": {
        "score": 3.800880193710327,
        "runtime": 0.8009991645812988
    },
    "2": {
        "score": 3.7796688079833984,
        "runtime": 0.7462368011474609
    },
    "3": {
        "score": 4.137923717498779,
        "runtime": 0.7999999523162842
    },
    "4": {
        "score": 3.3303475379943848,
        "runtime": 0.7825140953063965
    },
    "5": {
        "score": 3.8676135540008545,
        "runtime": 0.7490017414093018
    },
    "6": {
        "score": 3.960420608520508,
        "runtime": 0.8040006160736084
    },
    "7": {
        "score": 3.9224014282226562,
        "runtime": 0.7859621047973633
    },
    "8": {
        "score": 4.128917694091797,
        "runtime": 0.7499995231628418
    },
    "9": {
        "score": 4.006816864013672,
        "runtime": 0.7889997959136963
    },
    "10": {
        "score": 3.778759717941284,
        "runtime": 0.7839996814727783
    },
    "11": {
        "score": 3.770418167114258,
        "runtime": 0.8199999332427979
    },
    "12": {
        "score": 4.076560974121094,
        "runtime": 0.7915210723876953
    },
    "13": {
        "score": 3.7164480686187744,
        "runtime": 0.7649974822998047
    },
    "14": {
        "score": 4.328239440917969,
        "runtime": 0.7739996910095215
    },
    "15": {
        "score": 3.9959187507629395,
        "runtime": 0.8295152187347412
    },
    "16": {
        "score": 4.157617568969727,
        "runtime": 0.8030016422271729
    },
    "17": {
        "score": 3.341622829437256,
        "runtime": 0.775000810623169
    },
    "18": {
        "score": 3.8209474086761475,
        "runtime": 0.7689998149871826
    },
    "19": {
        "score": 3.8721656799316406,
        "runtime": 0.773003101348877
    },
    "20": {
        "score": 3.8967044353485107,
        "runtime": 0.7780008316040039
    },
    "21": {
        "score": 3.4828333854675293,
        "runtime": 0.7799994945526123
    },
    "22": {
        "score": 3.868171215057373,
        "runtime": 0.759998083114624
    },
    "23": {
        "score": 4.350894927978516,
        "runtime": 0.7719821929931641
    },
    "24": {
        "score": 4.07985782623291,
        "runtime": 0.7889997959136963
    },
    "25": {
        "score": 4.09261417388916,
        "runtime": 0.7809996604919434
    },
    "26": {
        "score": 4.330911159515381,
        "runtime": 0.7719626426696777
    },
    "27": {
        "score": 3.715338945388794,
        "runtime": 0.8059790134429932
    },
    "28": {
        "score": 3.4394006729125977,
        "runtime": 0.7864751815795898
    },
    "29": {
        "score": 3.9375288486480713,
        "runtime": 0.7909979820251465
    },
    "30": {
        "score": 3.8944716453552246,
        "runtime": 0.7570037841796875
    },
    "31": {
        "score": 3.209815263748169,
        "runtime": 0.7900021076202393
    },
    "32": {
        "score": 4.216905117034912,
        "runtime": 0.7550017833709717
    },
    "33": {
        "score": 4.225244998931885,
        "runtime": 0.7899434566497803
    },
    "34": {
        "score": 4.319533824920654,
        "runtime": 0.7540013790130615
    },
    "35": {
        "score": 4.257804870605469,
        "runtime": 0.76300048828125
    },
    "36": {
        "score": 4.0964226722717285,
        "runtime": 0.831000566482544
    },
    "37": {
        "score": 3.717787742614746,
        "runtime": 0.781998872756958
    },
    "38": {
        "score": 4.0702924728393555,
        "runtime": 0.7899999618530273
    },
    "39": {
        "score": 4.40610933303833,
        "runtime": 0.7860004901885986
    },
    "40": {
        "score": 3.9946560859680176,
        "runtime": 0.7800002098083496
    },
    "41": {
        "score": 4.015934944152832,
        "runtime": 0.810999870300293
    },
    "42": {
        "score": 3.5284109115600586,
        "runtime": 0.7739729881286621
    },
    "43": {
        "score": 3.28609299659729,
        "runtime": 0.7739999294281006
    },
    "44": {
        "score": 3.92326021194458,
        "runtime": 0.791999101638794
    },
    "45": {
        "score": 3.6989119052886963,
        "runtime": 0.7850010395050049
    },
    "46": {
        "score": 4.052874565124512,
        "runtime": 0.7490036487579346
    },
    "47": {
        "score": 3.7258429527282715,
        "runtime": 0.7919521331787109
    },
    "48": {
        "score": 3.927215576171875,
        "runtime": 0.797001838684082
    },
    "49": {
        "score": 3.8861753940582275,
        "runtime": 0.7829854488372803
    },
    "50": {
        "score": 3.978036642074585,
        "runtime": 0.8159999847412109
    },
    "51": {
        "score": 3.6750454902648926,
        "runtime": 0.7739999294281006
    },
    "52": {
        "score": 3.5137431621551514,
        "runtime": 0.738518476486206
    },
    "53": {
        "score": 4.114580154418945,
        "runtime": 0.7609996795654297
    },
    "54": {
        "score": 4.077300548553467,
        "runtime": 0.7889413833618164
    },
    "55": {
        "score": 3.6399409770965576,
        "runtime": 0.8359498977661133
    },
    "56": {
        "score": 4.023445129394531,
        "runtime": 0.747999906539917
    },
    "57": {
        "score": 3.789414405822754,
        "runtime": 0.7499978542327881
    },
    "58": {
        "score": 3.9642252922058105,
        "runtime": 0.7669498920440674
    },
    "59": {
        "score": 3.881514310836792,
        "runtime": 0.7730014324188232
    },
    "60": {
        "score": 3.8539376258850098,
        "runtime": 0.7969996929168701
    },
    "61": {
        "score": 3.1906075477600098,
        "runtime": 0.8125247955322266
    },
    "62": {
        "score": 4.063938617706299,
        "runtime": 0.7779979705810547
    },
    "63": {
        "score": 4.135989665985107,
        "runtime": 0.7590005397796631
    },
    "64": {
        "score": 3.7814419269561768,
        "runtime": 0.7770025730133057
    },
    "65": {
        "score": 3.998300313949585,
        "runtime": 0.8139996528625488
    },
    "66": {
        "score": 3.765045404434204,
        "runtime": 0.7719564437866211
    },
    "67": {
        "score": 3.6951253414154053,
        "runtime": 0.7949998378753662
    },
    "68": {
        "score": 4.001073360443115,
        "runtime": 0.7660002708435059
    },
    "69": {
        "score": 3.6501429080963135,
        "runtime": 0.8130025863647461
    },
    "70": {
        "score": 3.7058937549591064,
        "runtime": 0.8489975929260254
    },
    "71": {
        "score": 3.6811037063598633,
        "runtime": 0.7769997119903564
    },
    "72": {
        "score": 4.425375938415527,
        "runtime": 0.7889649868011475
    },
    "73": {
        "score": 3.780745029449463,
        "runtime": 0.8099985122680664
    },
    "74": {
        "score": 3.9664053916931152,
        "runtime": 0.7825195789337158
    },
    "75": {
        "score": 4.1869940757751465,
        "runtime": 0.7870018482208252
    },
    "76": {
        "score": 3.460819959640503,
        "runtime": 0.8010284900665283
    },
    "77": {
        "score": 3.973170280456543,
        "runtime": 0.7727038860321045
    },
    "78": {
        "score": 4.144110679626465,
        "runtime": 0.7665181159973145
    },
    "79": {
        "score": 3.8339180946350098,
        "runtime": 0.8300023078918457
    },
    "80": {
        "score": 3.175424575805664,
        "runtime": 0.7920031547546387
    },
    "81": {
        "score": 4.092862606048584,
        "runtime": 0.782001256942749
    },
    "82": {
        "score": 3.7792768478393555,
        "runtime": 0.7940001487731934
    },
    "83": {
        "score": 3.4393889904022217,
        "runtime": 0.7610001564025879
    },
    "84": {
        "score": 4.10386323928833,
        "runtime": 0.8180019855499268
    },
    "85": {
        "score": 4.02569580078125,