{
    "0": {
        "score": 3.6493992805480957,
        "runtime": 0.7730007171630859
    },
    "1": {
        "score": 3.800880193710327,
        "runtime": 0.805999755859375
    },
    "2": {
        "score": 3.7796688079833984,
        "runtime": 0.7912366390228271
    },
    "3": {
        "score": 4.122701644897461,
        "runtime": 0.7689993381500244
    },
    "4": {
        "score": 3.2648539543151855,
        "runtime": 0.7915153503417969
    },
    "5": {
        "score": 3.860729932785034,
        "runtime": 0.7700002193450928
    },
    "6": {
        "score": 3.8794033527374268,
        "runtime": 0.790996789932251
    },
    "7": {
        "score": 3.9224014282226562,
        "runtime": 0.7689604759216309
    },
    "8": {
        "score": 4.128917694091797,
        "runtime": 0.8240005970001221
    },
    "9": {
        "score": 4.006816864013672,
        "runtime": 0.7765212059020996
    },
    "10": {
        "score": 3.7934024333953857,
        "runtime": 0.797999382019043
    },
    "11": {
        "score": 3.770418167114258,
        "runtime": 0.8550014495849609
    },
    "12": {
        "score": 4.076560974121094,
        "runtime": 0.7944631576538086
    },
    "13": {
        "score": 3.7108864784240723,
        "runtime": 0.7970025539398193
    },
    "14": {
        "score": 4.300230979919434,
        "runtime": 0.8150026798248291
    },
    "15": {
        "score": 3.9959187507629395,
        "runtime": 0.8169996738433838
    },
    "16": {
        "score": 4.157617568969727,
        "runtime": 0.7760019302368164
    },
    "17": {
        "score": 3.341622829437256,
        "runtime": 0.7679972648620605
    },
    "18": {
        "score": 3.7305448055267334,
        "runtime": 0.7800016403198242
    },
    "19": {
        "score": 3.8721656799316406,
        "runtime": 0.8059992790222168
    },
    "20": {
        "score": 3.877220869064331,
        "runtime": 0.7879998683929443
    },
    "21": {
        "score": 3.493420362472534,
        "runtime": 0.7630007266998291
    },
    "22": {
        "score": 3.8361217975616455,
        "runtime": 0.7830007076263428
    },
    "23": {
        "score": 4.350894927978516,
        "runtime": 0.7669832706451416
    },
    "24": {
        "score": 4.07985782623291,
        "runtime": 0.7445263862609863
    },
    "25": {
        "score": 3.8711776733398438,
        "runtime": 0.7680010795593262
    },
    "26": {
        "score": 4.435245037078857,
        "runtime": 0.7790014743804932
    },
    "27": {
        "score": 3.715338945388794,
        "runtime": 0.76297926902771
    },
    "28": {
        "score": 3.308074951171875,
        "runtime": 0.7739567756652832
    },
    "29": {
        "score": 3.9138455390930176,
        "runtime": 0.7605183124542236
    },
    "30": {
        "score": 3.8944716453552246,
        "runtime": 0.7910006046295166
    },
    "31": {
        "score": 3.209815263748169,
        "runtime": 0.8200006484985352
    },
    "32": {
        "score": 4.06200647354126,
        "runtime": 0.7440004348754883
    },
    "33": {
        "score": 4.2240376472473145,
        "runtime": 0.757000207901001
    },
    "34": {
        "score": 4.319533824920654,
        "runtime": 0.7690024375915527
    },
    "35": {
        "score": 4.260029315948486,
        "runtime": 0.8059971332550049
    },
    "36": {
        "score": 4.00954008102417,
        "runtime": 0.7859988212585449
    },
    "37": {
        "score": 3.717787742614746,
        "runtime": 0.7770006656646729
    },
    "38": {
        "score": 3.8522093296051025,
        "runtime": 0.7799990177154541
    },
    "39": {
        "score": 4.187337875366211,
        "runtime": 0.7679996490478516
    },
    "40": {
        "score": 3.923027992248535,
        "runtime": 0.7839999198913574
    },
    "41": {
        "score": 3.9975223541259766,
        "runtime": 0.8180017471313477
    },
    "42": {
        "score": 3.5343122482299805,
        "runtime": 0.7829999923706055
    },
    "43": {
        "score": 3.28609299659729,
        "runtime": 0.7969744205474854
    },
    "44": {
        "score": 3.92326021194458,
        "runtime": 0.7845215797424316
    },
    "45": {
        "score": 3.707735538482666,
        "runtime": 0.7990007400512695
    },
    "46": {
        "score": 4.115407943725586,
        "runtime": 0.7769999504089355
    },
    "47": {
        "score": 3.7245850563049316,
        "runtime": 0.7569999694824219
    },
    "48": {
        "score": 3.9390406608581543,
        "runtime": 0.7799994945526123
    },
    "49": {
        "score": 3.807023048400879,
        "runtime": 0.7989828586578369
    },
    "50": {
        "score": 3.854548215866089,
        "runtime": 0.7779979705810547
    },
    "51": {
        "score": 3.6899423599243164,
        "runtime": 0.7749974727630615
    },
    "52": {
        "score": 3.5809741020202637,
        "runtime": 0.7725183963775635
    },
    "53": {
        "score": 4.114580154418945,
        "runtime": 0.7600033283233643
    },
    "54": {
        "score": 3.9248223304748535,
        "runtime": 0.7839405536651611
    },
    "55": {
        "score": 3.6325266361236572,
        "runtime": 0.8169496059417725
    },
    "56": {
        "score": 4.039519786834717,
        "runtime": 0.7565195560455322
    },
    "57": {
        "score": 3.789414405822754,
        "runtime": 0.7880010604858398
    },
    "58": {
        "score": 3.965982437133789,
        "runtime": 0.7709999084472656
    },
    "59": {
        "score": 3.881514310836792,
        "runtime": 0.7569997310638428
    },
    "60": {
        "score": 3.8143482208251953,
        "runtime": 0.812960147857666
    },
    "61": {
        "score": 3.1906075477600098,
        "runtime": 0.7749998569488525
    },
    "62": {
        "score": 4.033323764801025,
        "runtime": 0.7950003147125244
    },
    "63": {
        "score": 4.115477561950684,
        "runtime": 0.7630021572113037
    },
    "64": {
        "score": 3.782482624053955,
        "runtime": 0.7740013599395752
    },
    "65": {
        "score": 3.998300313949585,
        "runtime": 0.7919998168945312
    },
    "66": {
        "score": 3.855938673019409,
        "runtime": 0.7559981346130371
    },
    "67": {
        "score": 3.7240097522735596,
        "runtime": 0.8160006999969482
    },
    "68": {
        "score": 3.981815814971924,
        "runtime": 0.7599992752075195
    },
    "69": {
        "score": 3.6501429080963135,
        "runtime": 0.7645249366760254
    },
    "70": {
        "score": 3.6904757022857666,
        "runtime": 0.7749989032745361
    },
    "71": {
        "score": 3.6524572372436523,
        "runtime": 0.7909560203552246
    },
    "72": {
        "score": 4.374373435974121,
        "runtime": 0.7959973812103271
    },
    "73": {
        "score": 3.780745029449463,
        "runtime": 0.7982368469238281
    },
    "74": {
        "score": 3.9830660820007324,
        "runtime": 0.7715203762054443
    },
    "75": {
        "score": 4.1667585372924805,
        "runtime": 0.767000675201416
    },
    "76": {
        "score": 3.4727978706359863,
        "runtime": 0.7760281562805176
    },
    "77": {
        "score": 3.9464802742004395,
        "runtime": 0.7627027034759521
    },
    "78": {
        "score": 4.144110679626465,
        "runtime": 0.7864723205566406
    },
    "79": {
        "score": 3.8339180946350098,
        "runtime": 0.8030006885528564
    },
    "80": {
        "score": 3.175424575805664,
        "runtime": 0.7599990367889404
    },
    "81": {
        "score": 4.09826135635376,
        "runtime": 0.8229968547821045
    },
    "82": {
        "score": 3.7449755668640137,
        "runtime": 0.764000415802002
    },
    "83": {
        "score": 3.441124200820923,
        "runtime": 0.7915172576904297
    },
    "84": {
        "score": 3.971017599105835,
        "runtime": 0.7850017547607422
    },
    "85": {
        "score": 3.948762893676758,