{
    "0": {
        "score": 3.713305950164795,
        "runtime": 0.8199996948242188
    },
    "1": {
        "score": 3.800880193710327,
        "runtime": 0.7780013084411621
    },
    "2": {
        "score": 3.7796688079833984,
        "runtime": 0.8067159652709961
    },
    "3": {
        "score": 4.279148101806641,
        "runtime": 0.7785172462463379
    },
    "4": {
        "score": 3.316133975982666,
        "runtime": 0.7870004177093506
    },
    "5": {
        "score": 3.8676135540008545,
        "runtime": 0.7850022315979004
    },
    "6": {
        "score": 3.9635746479034424,
        "runtime": 0.7620007991790771
    },
    "7": {
        "score": 4.106985092163086,
        "runtime": 0.7959988117218018
    },
    "8": {
        "score": 4.128917694091797,
        "runtime": 0.7919998168945312
    },
    "9": {
        "score": 4.044587135314941,
        "runtime": 0.7775099277496338
    },
    "10": {
        "score": 3.778759717941284,
        "runtime": 0.781001091003418
    },
    "11": {
        "score": 3.770418167114258,
        "runtime": 0.7809996604919434
    },
    "12": {
        "score": 4.087907791137695,
        "runtime": 0.7579460144042969
    },
    "13": {
        "score": 3.693781614303589,
        "runtime": 0.789520263671875
    },
    "14": {
        "score": 4.395007133483887,
        "runtime": 0.821469783782959
    },
    "15": {
        "score": 4.027010440826416,
        "runtime": 0.8289988040924072
    },
    "16": {
        "score": 4.233205318450928,
        "runtime": 0.7544939517974854
    },
    "17": {
        "score": 3.341622829437256,
        "runtime": 0.7860002517700195
    },
    "18": {
        "score": 3.7619688510894775,
        "runtime": 0.7769992351531982
    },
    "19": {
        "score": 3.8721656799316406,
        "runtime": 0.8080003261566162
    },
    "20": {
        "score": 4.016630172729492,
        "runtime": 0.7749998569488525
    },
    "21": {
        "score": 3.493420362472534,
        "runtime": 0.7719991207122803
    },
    "22": {
        "score": 3.9563896656036377,
        "runtime": 0.7640025615692139
    },
    "23": {
        "score": 4.342337131500244,
        "runtime": 0.7920026779174805
    },
    "24": {
        "score": 3.9901773929595947,
        "runtime": 0.7775254249572754
    },
    "25": {
        "score": 3.8711776733398438,
        "runtime": 0.7819974422454834
    },
    "26": {
        "score": 4.435245037078857,
        "runtime": 0.7720003128051758
    },
    "27": {
        "score": 3.715338945388794,
        "runtime": 0.8179788589477539
    },
    "28": {
        "score": 3.4394006729125977,
        "runtime": 0.7949995994567871
    },
    "29": {
        "score": 4.006136894226074,
        "runtime": 0.7695162296295166
    },
    "30": {
        "score": 3.8944716453552246,
        "runtime": 0.7870004177093506
    },
    "31": {
        "score": 3.332949638366699,
        "runtime": 0.7829999923706055
    },
    "32": {
        "score": 4.248229503631592,
        "runtime": 0.787001371383667
    },
    "33": {
        "score": 4.225244998931885,
        "runtime": 0.7759990692138672
    },
    "34": {
        "score": 4.319533824920654,
        "runtime": 0.7899978160858154
    },
    "35": {
        "score": 4.372929096221924,
        "runtime": 0.8075273036956787
    },
    "36": {
        "score": 4.017929553985596,
        "runtime": 0.8179991245269775
    },
    "37": {
        "score": 3.993717670440674,
        "runtime": 0.7569994926452637
    },
    "38": {
        "score": 3.973473310470581,
        "runtime": 0.7719998359680176
    },
    "39": {
        "score": 4.299163818359375,
        "runtime": 0.8120005130767822
    },
    "40": {
        "score": 3.984245777130127,
        "runtime": 0.7510008811950684
    },
    "41": {
        "score": 3.9975223541259766,
        "runtime": 0.7577207088470459
    },
    "42": {
        "score": 3.5343122482299805,
        "runtime": 0.7779998779296875
    },
    "43": {
        "score": 3.28609299659729,
        "runtime": 0.767998456954956
    },
    "44": {
        "score": 3.9743971824645996,
        "runtime": 0.8025195598602295
    },
    "45": {
        "score": 3.712710380554199,
        "runtime": 0.7750005722045898
    },
    "46": {
        "score": 4.052874565124512,
        "runtime": 0.7849981784820557
    },
    "47": {
        "score": 3.7563424110412598,
        "runtime": 0.7819993495941162
    },
    "48": {
        "score": 4.042860984802246,
        "runtime": 0.7499995231628418
    },
    "49": {
        "score": 3.8861753940582275,
        "runtime": 0.7679991722106934
    },
    "50": {
        "score": 3.923682928085327,
        "runtime": 0.7720000743865967
    },
    "51": {
        "score": 3.6899423599243164,
        "runtime": 0.7830007076263428
    },
    "52": {
        "score": 3.5950989723205566,
        "runtime": 0.7635178565979004
    },
    "53": {
        "score": 4.204624652862549,
        "runtime": 0.7690005302429199
    },
    "54": {
        "score": 4.186046123504639,
        "runtime": 0.8039412498474121
    },
    "55": {
        "score": 3.6399409770965576,
        "runtime": 0.7849991321563721
    },
    "56": {
        "score": 4.023445129394531,
        "runtime": 0.765521764755249
    },
    "57": {
        "score": 3.789414405822754,
        "runtime": 0.7895233631134033
    },
    "58": {
        "score": 4.073307037353516,
        "runtime": 0.8069987297058105
    },
    "59": {
        "score": 3.881514310836792,
        "runtime": 0.7920007705688477
    },
    "60": {
        "score": 3.8539376258850098,
        "runtime": 0.8109607696533203
    },
    "61": {
        "score": 3.1906075477600098,
        "runtime": 0.847001314163208
    },
    "62": {
        "score": 4.063938617706299,
        "runtime": 0.7829983234405518
    },
    "63": {
        "score": 4.169948101043701,
        "runtime": 0.7615201473236084
    },
    "64": {
        "score": 3.892544746398926,
        "runtime": 0.7850005626678467
    },
    "65": {
        "score": 3.998300313949585,
        "runtime": 0.7809996604919434
    },
    "66": {
        "score": 3.7593417167663574,
        "runtime": 0.7580006122589111
    },
    "67": {
        "score": 3.736154079437256,
        "runtime": 0.7570013999938965
    },
    "68": {
        "score": 3.9826464653015137,
        "runtime": 0.7729997634887695
    },
    "69": {
        "score": 3.6501429080963135,
        "runtime": 0.7895200252532959
    },
    "70": {
        "score": 3.5725555419921875,
        "runtime": 0.7779989242553711
    },
    "71": {
        "score": 3.657021999359131,
        "runtime": 0.7819550037384033
    },
    "72": {
        "score": 4.536928176879883,
        "runtime": 0.816997766494751
    },
    "73": {
        "score": 3.780745029449463,
        "runtime": 0.806239128112793
    },
    "74": {
        "score": 3.9830660820007324,
        "runtime": 0.775519609451294
    },
    "75": {
        "score": 4.1869940757751465,
        "runtime": 0.7960019111633301
    },
    "76": {
        "score": 3.460819959640503,
        "runtime": 0.7830266952514648
    },
    "77": {
        "score": 4.004118919372559,
        "runtime": 0.776702880859375
    },
    "78": {
        "score": 4.177013397216797,
        "runtime": 0.778956413269043
    },
    "79": {
        "score": 3.8339180946350098,
        "runtime": 0.7969996929168701
    },
    "80": {
        "score": 3.1857752799987793,
        "runtime": 0.7810001373291016
    },
    "81": {
        "score": 4.187379360198975,
        "runtime": 0.790999174118042
    },
    "82": {
        "score": 3.7449755668640137,
        "runtime": 0.7790002822875977
    },
    "83": {
        "score": 3.4393889904022217,
        "runtime": 0.7905175685882568
    },
    "84": {
        "score": 4.045407295227051,
        "runtime": 0.7829973697662354
    },
    "85": {
        "score": 4.02569580078125,