{
    "0": {
        "score": 6.5390729904174805,
        "runtime": 1.7609996795654297
    },
    "1": {
        "score": 6.5390729904174805,
        "runtime": 1.6829993724822998
    },
    "2": {
        "score": 6.5390729904174805,
        "runtime": 1.6759998798370361
    },
    "3": {
        "score": 6.5390729904174805,
        "runtime": 1.6269996166229248
    },
    "4": {
        "score": 6.5390729904174805,
        "runtime": 1.727001667022705
    },
    "5": {
        "score": 6.5390729904174805,
        "runtime": 1.7329976558685303
    },
    "6": {
        "score": 6.5390729904174805,
        "runtime": 1.7449965476989746
    },
    "7": {
        "score": 6.5390729904174805,
        "runtime": 1.7039999961853027
    },
    "8": {
        "score": 6.5390729904174805,
        "runtime": 1.6700005531311035
    },
    "9": {
        "score": 6.5390729904174805,
        "runtime": 1.676997184753418
    },
    "10": {
        "score": 6.5390729904174805,
        "runtime": 1.7239995002746582
    },
    "11": {
        "score": 6.5390729904174805,
        "runtime": 1.700002670288086
    },
    "12": {
        "score": 6.5390729904174805,
        "runtime": 1.6789979934692383
    },
    "13": {
        "score": 6.5390729904174805,
        "runtime": 1.7229993343353271
    },
    "14": {
        "score": 6.5390729904174805,
        "runtime": 1.6509990692138672
    },
    "15": {
        "score": 6.5390729904174805,
        "runtime": 1.74299955368042
    },
    "16": {
        "score": 6.5390729904174805,
        "runtime": 1.686997652053833
    },
    "17": {
        "score": 6.5390729904174805,
        "runtime": 1.6859970092773438
    },
    "18": {
        "score": 6.5390729904174805,
        "runtime": 1.8029999732971191
    },
    "19": {
        "score": 6.5390729904174805,
        "runtime": 1.7339999675750732
    },
    "20": {
        "score": 6.5390729904174805,
        "runtime": 1.7500019073486328
    },
    "21": {
        "score": 6.5390729904174805,
        "runtime": 1.7920000553131104
    },
    "22": {
        "score": 6.5390729904174805,
        "runtime": 1.7230000495910645
    },
    "23": {
        "score": 6.5390729904174805,
        "runtime": 1.6370024681091309
    },
    "24": {
        "score": 6.5390729904174805,
        "runtime": 1.7190003395080566
    },
    "25": {
        "score": 6.5390729904174805,
        "runtime": 1.6889984607696533
    },
    "26": {
        "score": 6.5390729904174805,
        "runtime": 1.7159979343414307
    },
    "27": {
        "score": 6.5390729904174805,
        "runtime": 1.6240029335021973
    },
    "28": {
        "score": 6.5390729904174805,
        "runtime": 1.7179996967315674
    },
    "29": {
        "score": 6.5390729904174805,
        "runtime": 1.692000150680542
    },
    "30": {
        "score": 6.5390729904174805,
        "runtime": 1.7000021934509277
    },
    "31": {
        "score": 6.5390729904174805,
        "runtime": 1.7260010242462158
    },
    "32": {
        "score": 6.5390729904174805,
        "runtime": 1.7060000896453857
    },
    "33": {
        "score": 6.5390729904174805,
        "runtime": 1.7279999256134033
    },
    "34": {
        "score": 6.5390729904174805,
        "runtime": 1.6749992370605469
    },
    "35": {
        "score": 6.5390729904174805,
        "runtime": 1.7049992084503174
    },
    "36": {
        "score": 6.5390729904174805,
        "runtime": 1.6919989585876465
    },
    "37": {
        "score": 6.5390729904174805,
        "runtime": 1.7570016384124756
    },
    "38": {
        "score": 6.5390729904174805,
        "runtime": 1.690000057220459
    },
    "39": {
        "score": 6.5390729904174805,
        "runtime": 1.6709997653961182
    },
    "40": {
        "score": 6.5390729904174805,
        "runtime": 1.6849994659423828
    },
    "41": {
        "score": 6.5390729904174805,
        "runtime": 1.7830026149749756
    },
    "42": {
        "score": 6.5390729904174805,
        "runtime": 1.6640005111694336
    },
    "43": {
        "score": 6.5390729904174805,
        "runtime": 1.698997974395752
    },
    "44": {
        "score": 6.5390729904174805,
        "runtime": 1.7420008182525635
    },
    "45": {
        "score": 6.5390729904174805,
        "runtime": 1.7589983940124512
    },
    "46": {
        "score": 6.5390729904174805,
        "runtime": 1.7410011291503906
    },
    "47": {
        "score": 6.5390729904174805,
        "runtime": 1.737997055053711
    },
    "48": {
        "score": 6.5390729904174805,
        "runtime": 1.7479991912841797
    },
    "49": {
        "score": 6.5390729904174805,
        "runtime": 1.707998275756836
    },
    "50": {
        "score": 6.5390729904174805,
        "runtime": 1.746999740600586
    },
    "51": {
        "score": 6.5390729904174805,
        "runtime": 1.737001895904541
    },
    "52": {
        "score": 6.5390729904174805,
        "runtime": 1.6650018692016602
    },
    "53": {
        "score": 6.5390729904174805,
        "runtime": 1.6300008296966553
    },
    "54": {
        "score": 6.5390729904174805,
        "runtime": 1.734999179840088
    },
    "55": {
        "score": 6.5390729904174805,
        "runtime": 1.7150013446807861
    },
    "56": {
        "score": 6.5390729904174805,
        "runtime": 1.7629988193511963
    },
    "57": {
        "score": 6.5390729904174805,
        "runtime": 1.6910014152526855
    },
    "58": {
        "score": 6.5390729904174805,
        "runtime": 1.7160024642944336
    },
    "59": {
        "score": 6.5390729904174805,
        "runtime": 1.7520008087158203
    },
    "60": {
        "score": 6.5390729904174805,
        "runtime": 1.6800000667572021
    },
    "61": {
        "score": 6.5390729904174805,
        "runtime": 1.766000509262085
    },
    "62": {
        "score": 6.5390729904174805,
        "runtime": 1.6669986248016357
    },
    "63": {
        "score": 6.5390729904174805,
        "runtime": 1.7129979133605957
    },
    "64": {
        "score": 6.5390729904174805,
        "runtime": 1.7189996242523193
    },
    "65": {
        "score": 6.5390729904174805,
        "runtime": 1.7190003395080566
    },
    "66": {
        "score": 6.5390729904174805,
        "runtime": 1.7069981098175049
    },
    "67": {
        "score": 6.5390729904174805,
        "runtime": 1.6969993114471436
    },
    "68": {
        "score": 6.5390729904174805,
        "runtime": 1.7349982261657715
    },
    "69": {
        "score": 6.5390729904174805,
        "runtime": 1.687000036239624
    },
    "70": {
        "score": 6.5390729904174805,
        "runtime": 1.705998182296753
    },
    "71": {
        "score": 6.5390729904174805,
        "runtime": 1.63100266456604
    },
    "72": {
        "score": 6.5390729904174805,
        "runtime": 1.7079994678497314
    },
    "73": {
        "score": 6.5390729904174805,
        "runtime": 1.6869988441467285
    },
    "74": {
        "score": 6.5390729904174805,
        "runtime": 1.685999870300293
    },
    "75": {
        "score": 6.5390729904174805,
        "runtime": 1.6980020999908447
    },
    "76": {
        "score": 6.5390729904174805,
        "runtime": 1.6940007209777832
    },
    "77": {
        "score": 6.5390729904174805,
        "runtime": 1.6589984893798828
    },
    "78": {
        "score": 6.5390729904174805,
        "runtime": 1.7489993572235107
    },
    "79": {
        "score": 6.5390729904174805,
        "runtime": 1.7459988594055176
    },
    "80": {
        "score": 6.5390729904174805,
        "runtime": 1.7099967002868652
    },
    "81": {
        "score": 6.5390729904174805,
        "runtime": 1.6999990940093994
    },
    "82": {
        "score": 6.5390729904174805,
        "runtime": 1.736999750137329
    },
    "83": {
        "score": 6.5390729904174805,
        "runtime": 1.7219996452331543
    },
    "84": {
        "score": 6.5390729904174805,
        "runtime": 1.7240018844604492
    },