{
    "0": {
        "score": 6.75044584274292,
        "runtime": 1.7340002059936523
    },
    "1": {
        "score": 6.7435622215271,
        "runtime": 1.81500244140625
    },
    "2": {
        "score": 6.960389137268066,
        "runtime": 1.7819983959197998
    },
    "3": {
        "score": 6.75044584274292,
        "runtime": 1.7959978580474854
    },
    "4": {
        "score": 6.75044584274292,
        "runtime": 1.801997423171997
    },
    "5": {
        "score": 6.75044584274292,
        "runtime": 1.7509984970092773
    },
    "6": {
        "score": 6.960389137268066,
        "runtime": 1.724998950958252
    },
    "7": {
        "score": 6.75044584274292,
        "runtime": 1.7680003643035889
    },
    "8": {
        "score": 6.75044584274292,
        "runtime": 1.7150030136108398
    },
    "9": {
        "score": 6.75044584274292,
        "runtime": 1.7509973049163818
    },
    "10": {
        "score": 6.75044584274292,
        "runtime": 1.7560019493103027
    },
    "11": {
        "score": 6.75044584274292,
        "runtime": 1.8030009269714355
    },
    "12": {
        "score": 6.7435622215271,
        "runtime": 1.7689979076385498
    },
    "13": {
        "score": 6.75044584274292,
        "runtime": 1.771998405456543
    },
    "14": {
        "score": 6.960389137268066,
        "runtime": 1.775000810623169
    },
    "15": {
        "score": 6.75044584274292,
        "runtime": 1.7670001983642578
    },
    "16": {
        "score": 6.75044584274292,
        "runtime": 1.7589995861053467
    },
    "17": {
        "score": 6.75044584274292,
        "runtime": 1.7789976596832275
    },
    "18": {
        "score": 6.75044584274292,
        "runtime": 1.7799997329711914
    },
    "19": {
        "score": 6.7435622215271,
        "runtime": 1.790001630783081
    },
    "20": {
        "score": 6.75044584274292,
        "runtime": 1.676999568939209
    },
    "21": {
        "score": 6.960389137268066,
        "runtime": 1.7660026550292969
    },
    "22": {
        "score": 6.75044584274292,
        "runtime": 1.749999761581421
    },
    "23": {
        "score": 6.75044584274292,
        "runtime": 1.7799992561340332
    },
    "24": {
        "score": 6.75044584274292,
        "runtime": 1.6750004291534424
    },
    "25": {
        "score": 6.75044584274292,
        "runtime": 1.8050003051757812
    },
    "26": {
        "score": 6.75044584274292,
        "runtime": 1.7230017185211182
    },
    "27": {
        "score": 6.75044584274292,
        "runtime": 1.7700002193450928
    },
    "28": {
        "score": 6.75044584274292,
        "runtime": 1.705000877380371
    },
    "29": {
        "score": 6.75044584274292,
        "runtime": 1.6869990825653076
    },
    "30": {
        "score": 6.75044584274292,
        "runtime": 1.7099988460540771
    },
    "31": {
        "score": 6.960389137268066,
        "runtime": 1.7430026531219482
    },
    "32": {
        "score": 6.75044584274292,
        "runtime": 1.7529990673065186
    },
    "33": {
        "score": 6.75044584274292,
        "runtime": 1.7399985790252686
    },
    "34": {
        "score": 6.960389137268066,
        "runtime": 1.8040008544921875
    },
    "35": {
        "score": 6.75044584274292,
        "runtime": 1.79599928855896
    },
    "36": {
        "score": 6.75044584274292,
        "runtime": 1.744999647140503
    },
    "37": {
        "score": 6.75044584274292,
        "runtime": 1.682002305984497
    },
    "38": {
        "score": 6.75044584274292,
        "runtime": 1.7330024242401123
    },
    "39": {
        "score": 6.75044584274292,
        "runtime": 1.7250008583068848
    },
    "40": {
        "score": 6.75044584274292,
        "runtime": 1.7360010147094727
    },
    "41": {
        "score": 6.75044584274292,
        "runtime": 1.7209994792938232
    },
    "42": {
        "score": 6.75044584274292,
        "runtime": 1.701998233795166
    },
    "43": {
        "score": 6.75044584274292,
        "runtime": 1.7209992408752441
    },
    "44": {
        "score": 6.75044584274292,
        "runtime": 1.7679991722106934
    },
    "45": {
        "score": 6.75044584274292,
        "runtime": 1.803001880645752
    },
    "46": {
        "score": 6.75044584274292,
        "runtime": 1.722001075744629
    },
    "47": {
        "score": 6.75044584274292,
        "runtime": 1.8669989109039307
    },
    "48": {
        "score": 6.960389137268066,
        "runtime": 1.8600008487701416
    },
    "49": {
        "score": 6.75044584274292,
        "runtime": 1.721999168395996
    },
    "50": {
        "score": 6.75044584274292,
        "runtime": 1.7519996166229248
    },
    "51": {
        "score": 6.75044584274292,
        "runtime": 1.76999831199646
    },
    "52": {
        "score": 6.960389137268066,
        "runtime": 1.7370004653930664
    },
    "53": {
        "score": 6.75044584274292,
        "runtime": 1.7440006732940674
    },
    "54": {
        "score": 6.75044584274292,
        "runtime": 1.7670016288757324
    },
    "55": {
        "score": 6.75044584274292,
        "runtime": 1.7620015144348145
    },
    "56": {
        "score": 6.75044584274292,
        "runtime": 1.7649989128112793
    },
    "57": {
        "score": 6.75044584274292,
        "runtime": 1.757000207901001
    },
    "58": {
        "score": 6.960389137268066,
        "runtime": 1.8040013313293457
    },
    "59": {
        "score": 6.960389137268066,
        "runtime": 1.7450001239776611
    },
    "60": {
        "score": 6.75044584274292,
        "runtime": 1.7659993171691895
    },
    "61": {
        "score": 6.75044584274292,
        "runtime": 1.748002290725708
    },
    "62": {
        "score": 6.960389137268066,
        "runtime": 1.7870020866394043
    },
    "63": {
        "score": 6.75044584274292,
        "runtime": 1.7480003833770752
    },
    "64": {
        "score": 6.75044584274292,
        "runtime": 1.7820003032684326
    },
    "65": {
        "score": 6.75044584274292,
        "runtime": 1.8390040397644043
    },
    "66": {
        "score": 6.75044584274292,
        "runtime": 1.737999677658081
    },
    "67": {
        "score": 6.75044584274292,
        "runtime": 1.805997610092163
    },
    "68": {
        "score": 6.960389137268066,
        "runtime": 1.8390004634857178
    },
    "69": {
        "score": 6.75044584274292,
        "runtime": 1.763002872467041
    },
    "70": {
        "score": 6.75044584274292,
        "runtime": 1.7439978122711182
    },
    "71": {
        "score": 6.7435622215271,
        "runtime": 1.7961173057556152
    },
    "72": {
        "score": 6.75044584274292,
        "runtime": 1.7210025787353516
    },
    "73": {
        "score": 6.75044584274292,
        "runtime": 1.6869988441467285
    },
    "74": {
        "score": 6.75044584274292,
        "runtime": 1.719999074935913
    },
    "75": {
        "score": 6.75044584274292,
        "runtime": 1.7590010166168213
    },
    "76": {
        "score": 6.960389137268066,
        "runtime": 1.821000576019287
    },
    "77": {
        "score": 6.75044584274292,
        "runtime": 1.7769975662231445
    },
    "78": {
        "score": 6.960389137268066,
        "runtime": 1.7680001258850098
    },
    "79": {
        "score": 6.960389137268066,
        "runtime": 1.6960029602050781
    },
    "80": {
        "score": 6.75044584274292,
        "runtime": 1.7739996910095215
    },
    "81": {
        "score": 6.75044584274292,
        "runtime": 1.8029987812042236
    },
    "82": {
        "score": 6.75044584274292,
        "runtime": 1.711000919342041
    },
    "83": {
        "score": 6.75044584274292,
        "runtime": 1.736999273300171
    },
    "84": {
        "score": 6.75044584274292,
        "runtime": 1.7359967231750488
    },
    "85": {
        "score": 6.75044584274292,
        "runtime": 1.8019981384277344
    },
    "86": {
        "score": 6.75044584274292,
        "runtime": 1.7280011177062988
    },