{
    "0": {
        "score": 8.845429420471191,
        "runtime": 0.36100149154663086
    },
    "1": {
        "score": 9.227167129516602,
        "runtime": 0.3139984607696533
    },
    "average": {
        "score": 9.036298274993896,
        "runtime": 0.3374999761581421
    },
    "std": {
        "score": 0.036430919626809555,
        "runtime": 0.0005523212255553744
    }
}