{
    "0": {
        "score": 8.200090408325195,
        "runtime": 116.03085780143738
    },
    "1": {
        "score": 8.641722679138184,
        "runtime": 116.34226584434509
    },
    "2": {
        "score": 8.246964454650879,
        "runtime": 116.02481603622437
    },
    "3": {
        "score": 9.105273246765137,
        "runtime": 114.60110306739807
    },
    "4": {
        "score": 8.779759407043457,
        "runtime": 114.3707172870636
    },
    "5": {
        "score": 7.945027828216553,
        "runtime": 115.24326014518738
    },
    "6": {
        "score": 8.106715202331543,
        "runtime": 115.4068238735199
    },
    "7": {
        "score": 8.444657325744629,
        "runtime": 114.41955327987671
    },
    "8": {
        "score": 8.147361755371094,
        "runtime": 114.83527708053589
    },
    "9": {
        "score": 8.093536376953125,
        "runtime": 115.43254327774048
    },
    "10": {
        "score": 8.566970825195312,
        "runtime": 115.69502377510071
    },
    "11": {
        "score": 7.914993762969971,
        "runtime": 115.9680187702179
    },
    "12": {
        "score": 8.460432052612305,
        "runtime": 114.90842819213867
    },
    "13": {
        "score": 7.8221025466918945,
        "runtime": 116.47607159614563
    },
    "14": {
        "score": 8.028618812561035,
        "runtime": 115.72048211097717
    },
    "15": {
        "score": 8.30870246887207,
        "runtime": 114.63521337509155
    },
    "16": {
        "score": 8.144886016845703,
        "runtime": 115.4210410118103
    },
    "17": {
        "score": 8.24700927734375,
        "runtime": 116.39604187011719
    },
    "18": {
        "score": 8.498895645141602,
        "runtime": 114.85400438308716
    },
    "19": {
        "score": 9.271162986755371,
        "runtime": 115.31020498275757
    },
    "20": {
        "score": 8.640913963317871,
        "runtime": 116.72364735603333
    },
    "21": {
        "score": 8.426751136779785,
        "runtime": 114.98685073852539
    },
    "22": {
        "score": 8.046055793762207,
        "runtime": 115.73903179168701
    },
    "23": {
        "score": 8.34197998046875,
        "runtime": 116.23683881759644
    },
    "24": {
        "score": 7.390817642211914,
        "runtime": 117.22851467132568
    },
    "25": {
        "score": 8.46908950805664,
        "runtime": 115.42140579223633
    },
    "26": {
        "score": 8.536916732788086,
        "runtime": 115.63130760192871
    },
    "27": {
        "score": 8.13869857788086,
        "runtime": 116.59300756454468
    },
    "28": {
        "score": 8.714447975158691,
        "runtime": 116.22615122795105
    },
    "29": {
        "score": 7.602509498596191,
        "runtime": 115.35256838798523
    },
    "30": {
        "score": 8.467477798461914,
        "runtime": 117.01418089866638
    },
    "31": {
        "score": 8.153321266174316,
        "runtime": 114.70549297332764
    },
    "32": {
        "score": 7.995390892028809,
        "runtime": 116.4647889137268
    },
    "33": {
        "score": 8.497474670410156,
        "runtime": 115.61846256256104
    },
    "34": {
        "score": 8.415818214416504,
        "runtime": 116.34967589378357
    },
    "35": {
        "score": 8.185002326965332,
        "runtime": 116.74362254142761
    },
    "36": {
        "score": 9.479578018188477,
        "runtime": 116.14734053611755
    },
    "37": {
        "score": 8.159333229064941,
        "runtime": 115.69383907318115
    },
    "38": {
        "score": 8.396204948425293,
        "runtime": 116.76110696792603
    },
    "39": {
        "score": 7.776126384735107,
        "runtime": 115.80191731452942
    },
    "40": {
        "score": 8.14749813079834,
        "runtime": 115.4828770160675
    },
    "41": {
        "score": 8.153412818908691,
        "runtime": 114.7217926979065
    },
    "42": {
        "score": 7.8506269454956055,
        "runtime": 114.91122341156006
    },
    "43": {
        "score": 8.470175743103027,
        "runtime": 116.02215242385864
    },
    "44": {
        "score": 8.023920059204102,
        "runtime": 115.69253993034363
    },
    "45": {
        "score": 7.989498615264893,
        "runtime": 115.4989128112793
    },
    "46": {
        "score": 8.350982666015625,
        "runtime": 115.24516701698303
    },
    "47": {
        "score": 8.178874015808105,
        "runtime": 116.733314037323
    },
    "48": {
        "score": 8.334259986877441,
        "runtime": 115.50865316390991
    },
    "49": {
        "score": 8.510622024536133,
        "runtime": 115.31541013717651
    },
    "50": {
        "score": 8.538857460021973,
        "runtime": 115.12273931503296
    },
    "51": {
        "score": 8.39718246459961,
        "runtime": 116.16149067878723
    },
    "52": {
        "score": 8.075607299804688,
        "runtime": 115.41178917884827
    },
    "53": {
        "score": 8.15132999420166,
        "runtime": 116.00974440574646
    },
    "54": {
        "score": 8.340150833129883,
        "runtime": 116.36296463012695
    },
    "55": {
        "score": 8.60582447052002,
        "runtime": 115.80883622169495
    },
    "56": {
        "score": 8.403687477111816,
        "runtime": 116.75425791740417
    },
    "57": {
        "score": 8.183356285095215,
        "runtime": 114.2649040222168
    },
    "58": {
        "score": 8.64090633392334,
        "runtime": 115.64570474624634
    },
    "59": {
        "score": 7.863572120666504,
        "runtime": 115.91361808776855
    },
    "60": {
        "score": 8.578298568725586,
        "runtime": 116.09069728851318
    },
    "61": {
        "score": 8.191327095031738,
        "runtime": 115.18702507019043
    },
    "62": {
        "score": 8.330416679382324,
        "runtime": 115.492755651474
    },
    "63": {
        "score": 7.9746904373168945,
        "runtime": 115.68200421333313
    },
    "64": {
        "score": 7.745280742645264,
        "runtime": 115.89886903762817
    },
    "65": {
        "score": 8.700587272644043,
        "runtime": 114.4791624546051
    },
    "66": {
        "score": 8.450486183166504,
        "runtime": 114.87296390533447
    },
    "67": {
        "score": 8.292235374450684,
        "runtime": 123.7840576171875
    },
    "68": {
        "score": 7.969085216522217,
        "runtime": 116.43450212478638
    },
    "69": {
        "score": 8.030681610107422,
        "runtime": 115.62711071968079
    },
    "70": {
        "score": 8.78060245513916,
        "runtime": 115.62361598014832
    },
    "71": {
        "score": 7.616889953613281,
        "runtime": 116.37039184570312
    },
    "72": {
        "score": 8.816295623779297,
        "runtime": 114.98394823074341
    },
    "73": {
        "score": 8.313700675964355,
        "runtime": 115.3738272190094
    },
    "74": {
        "score": 8.127745628356934,
        "runtime": 114.61713695526123
    },
    "75": {
        "score": 8.035726547241211,
        "runtime": 114.4802131652832
    },
    "76": {
        "score": 8.257198333740234,
        "runtime": 115.39016914367676
    },
    "77": {
        "score": 8.323166847229004,
        "runtime": 115.7239420413971
    },
    "78": {
        "score": 7.949729919433594,
        "runtime": 117.92366242408752
    },
    "79": {
        "score": 8.278297424316406,
        "runtime": 118.15063047409058
    },
    "80": {
        "score": 7.815316677093506,
        "runtime": 115.88804507255554
    },
    "81": {
        "score": 8.0669527053833,
        "runtime": 117.54066276550293
    },
    "82": {
        "score": 7.711816787719727,
        "runtime": 116.19751334190369
    },
    "83": {
        "score": 7.4266676902771,
        "runtime": 115.93600010871887
    },
    "84": {
        "score": 7.9122185707092285,
        "runtime": 141.285391330719
    },
    "85": {
        "score": 8.252976417541504,
        "runtime": 114.11920881271362
    },