{
    "0": {
        "score": 8.559163093566895,
        "runtime": 115.5410726070404
    },
    "1": {
        "score": 8.68110179901123,
        "runtime": 114.87392807006836
    },
    "2": {
        "score": 8.351348876953125,
        "runtime": 114.85235667228699
    },
    "3": {
        "score": 8.453001022338867,
        "runtime": 115.53151249885559
    },
    "4": {
        "score": 8.589695930480957,
        "runtime": 115.50437808036804
    },
    "5": {
        "score": 8.060763359069824,
        "runtime": 115.61744356155396
    },
    "6": {
        "score": 8.082138061523438,
        "runtime": 116.05737972259521
    },
    "7": {
        "score": 8.784547805786133,
        "runtime": 115.62503576278687
    },
    "8": {
        "score": 7.914336204528809,
        "runtime": 115.84049606323242
    },
    "9": {
        "score": 7.999508380889893,
        "runtime": 115.52826833724976
    },
    "10": {
        "score": 8.38449764251709,
        "runtime": 116.08922004699707
    },
    "11": {
        "score": 8.270633697509766,
        "runtime": 116.53855156898499
    },
    "12": {
        "score": 8.69989013671875,
        "runtime": 115.19811964035034
    },
    "13": {
        "score": 7.815332889556885,
        "runtime": 116.94255137443542
    },
    "14": {
        "score": 8.272457122802734,
        "runtime": 115.68696713447571
    },
    "15": {
        "score": 8.711919784545898,
        "runtime": 115.34447050094604
    },
    "16": {
        "score": 8.591917991638184,
        "runtime": 116.45503211021423
    },
    "17": {
        "score": 8.259587287902832,
        "runtime": 116.188560962677
    },
    "18": {
        "score": 8.217184066772461,
        "runtime": 114.70998811721802
    },
    "19": {
        "score": 8.658594131469727,
        "runtime": 114.97242760658264
    },
    "20": {
        "score": 8.34990119934082,
        "runtime": 115.68583369255066
    },
    "21": {
        "score": 8.334479331970215,
        "runtime": 116.25253677368164
    },
    "22": {
        "score": 8.030647277832031,
        "runtime": 116.77997660636902
    },
    "23": {
        "score": 8.878166198730469,
        "runtime": 115.47087097167969
    },
    "24": {
        "score": 7.551689147949219,
        "runtime": 116.48402428627014
    },
    "25": {
        "score": 8.355426788330078,
        "runtime": 116.20534753799438
    },
    "26": {
        "score": 8.484119415283203,
        "runtime": 116.1052725315094
    },
    "27": {
        "score": 8.188312530517578,
        "runtime": 115.72804570198059
    },
    "28": {
        "score": 8.638602256774902,
        "runtime": 115.2086808681488
    },
    "29": {
        "score": 7.637599945068359,
        "runtime": 115.57504320144653
    },
    "30": {
        "score": 8.369189262390137,
        "runtime": 116.8178493976593
    },
    "31": {
        "score": 8.598307609558105,
        "runtime": 116.32822489738464
    },
    "32": {
        "score": 8.02532958984375,
        "runtime": 115.13333177566528
    },
    "33": {
        "score": 8.119770050048828,
        "runtime": 115.29066300392151
    },
    "34": {
        "score": 8.012011528015137,
        "runtime": 116.20869255065918
    },
    "35": {
        "score": 8.079452514648438,
        "runtime": 114.31485748291016
    },
    "36": {
        "score": 8.18734359741211,
        "runtime": 116.55729413032532
    },
    "37": {
        "score": 8.06467342376709,
        "runtime": 115.74909543991089
    },
    "38": {
        "score": 8.080575942993164,
        "runtime": 116.16109991073608
    },
    "39": {
        "score": 8.024462699890137,
        "runtime": 115.140949010849
    },
    "40": {
        "score": 8.063343048095703,
        "runtime": 115.24738097190857
    },
    "41": {
        "score": 8.021894454956055,
        "runtime": 115.06673622131348
    },
    "42": {
        "score": 8.114822387695312,
        "runtime": 115.19470477104187
    },
    "43": {
        "score": 8.235422134399414,
        "runtime": 115.0656406879425
    },
    "44": {
        "score": 7.9106669425964355,
        "runtime": 115.68708491325378
    },
    "45": {
        "score": 7.902304172515869,
        "runtime": 115.96591424942017
    },
    "46": {
        "score": 8.277847290039062,
        "runtime": 116.46667766571045
    },
    "47": {
        "score": 8.179302215576172,
        "runtime": 114.71130418777466
    },
    "48": {
        "score": 8.649203300476074,
        "runtime": 116.01022100448608
    },
    "49": {
        "score": 8.465350151062012,
        "runtime": 116.06870317459106
    },
    "50": {
        "score": 8.445602416992188,
        "runtime": 115.33575820922852
    },
    "51": {
        "score": 8.201302528381348,
        "runtime": 115.44893145561218
    },
    "52": {
        "score": 8.303913116455078,
        "runtime": 116.5441906452179
    },
    "53": {
        "score": 7.981309413909912,
        "runtime": 116.17545223236084
    },
    "54": {
        "score": 8.267587661743164,
        "runtime": 116.04927659034729
    },
    "55": {
        "score": 8.293333053588867,
        "runtime": 114.08983588218689
    },
    "56": {
        "score": 8.381919860839844,
        "runtime": 114.96999192237854
    },
    "57": {
        "score": 8.139359474182129,
        "runtime": 114.95494079589844
    },
    "58": {
        "score": 8.326393127441406,
        "runtime": 115.52224850654602
    },
    "59": {
        "score": 7.899014472961426,
        "runtime": 115.68460655212402
    },
    "60": {
        "score": 8.44743537902832,
        "runtime": 115.42269730567932
    },
    "61": {
        "score": 7.9743571281433105,
        "runtime": 114.16599678993225
    },
    "62": {
        "score": 8.307002067565918,
        "runtime": 116.11279058456421
    },
    "63": {
        "score": 8.066887855529785,
        "runtime": 115.33087825775146
    },
    "64": {
        "score": 7.906954765319824,
        "runtime": 116.14830255508423
    },
    "65": {
        "score": 8.755599021911621,
        "runtime": 115.89145922660828
    },
    "66": {
        "score": 8.26702880859375,
        "runtime": 113.65892481803894
    },
    "67": {
        "score": 8.414610862731934,
        "runtime": 123.27082133293152
    },
    "68": {
        "score": 8.026552200317383,
        "runtime": 116.86445260047913
    },
    "69": {
        "score": 7.809177875518799,
        "runtime": 115.8236026763916
    },
    "70": {
        "score": 8.55363941192627,
        "runtime": 116.79561996459961
    },
    "71": {
        "score": 7.5818610191345215,
        "runtime": 115.83193755149841
    },
    "72": {
        "score": 8.947057723999023,
        "runtime": 114.1636950969696
    },
    "73": {
        "score": 8.298775672912598,
        "runtime": 117.04109382629395
    },
    "74": {
        "score": 8.140942573547363,
        "runtime": 114.24120616912842
    },
    "75": {
        "score": 8.177714347839355,
        "runtime": 115.16763520240784
    },
    "76": {
        "score": 8.197965621948242,
        "runtime": 115.97407531738281
    },
    "77": {
        "score": 8.375166893005371,
        "runtime": 114.72482466697693
    },
    "78": {
        "score": 8.289728164672852,
        "runtime": 117.8572289943695
    },
    "79": {
        "score": 8.389988899230957,
        "runtime": 117.20852160453796
    },
    "80": {
        "score": 7.998863697052002,
        "runtime": 115.32347750663757
    },
    "81": {
        "score": 8.099745750427246,
        "runtime": 116.5539321899414
    },
    "82": {
        "score": 7.754788398742676,
        "runtime": 117.86097884178162
    },
    "83": {
        "score": 8.055468559265137,
        "runtime": 116.30999946594238
    },
    "84": {
        "score": 7.87974214553833,
        "runtime": 140.22739028930664
    },
    "85": {
        "score": 8.132935523986816,
        "runtime": 115.28387331962585
    },