{
    "0": {
        "score": 8.177694320678711,
        "runtime": 114.92508006095886
    },
    "1": {
        "score": 8.764021873474121,
        "runtime": 114.55657911300659
    },
    "2": {
        "score": 8.339089393615723,
        "runtime": 114.83752727508545
    },
    "3": {
        "score": 8.730432510375977,
        "runtime": 115.20782375335693
    },
    "4": {
        "score": 8.572101593017578,
        "runtime": 116.25098919868469
    },
    "5": {
        "score": 8.455020904541016,
        "runtime": 115.15796566009521
    },
    "6": {
        "score": 8.247249603271484,
        "runtime": 115.07896637916565
    },
    "7": {
        "score": 8.631017684936523,
        "runtime": 115.10832476615906
    },
    "8": {
        "score": 7.897103786468506,
        "runtime": 114.79087924957275
    },
    "9": {
        "score": 8.022296905517578,
        "runtime": 115.00294947624207
    },
    "10": {
        "score": 8.221649169921875,
        "runtime": 114.41694235801697
    },
    "11": {
        "score": 8.004590034484863,
        "runtime": 115.70065689086914
    },
    "12": {
        "score": 8.487125396728516,
        "runtime": 115.98054957389832
    },
    "13": {
        "score": 7.8791422843933105,
        "runtime": 115.74779987335205
    },
    "14": {
        "score": 8.190065383911133,
        "runtime": 115.26154971122742
    },
    "15": {
        "score": 8.389745712280273,
        "runtime": 114.14806938171387
    },
    "16": {
        "score": 7.997704029083252,
        "runtime": 116.04168844223022
    },
    "17": {
        "score": 8.207002639770508,
        "runtime": 115.100506067276
    },
    "18": {
        "score": 8.402376174926758,
        "runtime": 115.69521808624268
    },
    "19": {
        "score": 8.743673324584961,
        "runtime": 116.7799232006073
    },
    "20": {
        "score": 8.546167373657227,
        "runtime": 117.09001469612122
    },
    "21": {
        "score": 8.398764610290527,
        "runtime": 116.67457509040833
    },
    "22": {
        "score": 7.901274681091309,
        "runtime": 117.02696204185486
    },
    "23": {
        "score": 8.90285873413086,
        "runtime": 115.75240397453308
    },
    "24": {
        "score": 7.677054405212402,
        "runtime": 115.90702056884766
    },
    "25": {
        "score": 8.20647144317627,
        "runtime": 116.24358916282654
    },
    "26": {
        "score": 8.380326271057129,
        "runtime": 115.48728895187378
    },
    "27": {
        "score": 8.165968894958496,
        "runtime": 115.76074814796448
    },
    "28": {
        "score": 8.707048416137695,
        "runtime": 115.85283350944519
    },
    "29": {
        "score": 7.741701126098633,
        "runtime": 116.65503430366516
    },
    "30": {
        "score": 8.26095962524414,
        "runtime": 116.181800365448
    },
    "31": {
        "score": 8.18311882019043,
        "runtime": 115.83502507209778
    },
    "32": {
        "score": 8.01099681854248,
        "runtime": 114.73711109161377
    },
    "33": {
        "score": 8.53359603881836,
        "runtime": 115.73122119903564
    },
    "34": {
        "score": 8.651517868041992,
        "runtime": 115.38347125053406
    },
    "35": {
        "score": 8.389708518981934,
        "runtime": 115.23011136054993
    },
    "36": {
        "score": 8.211009979248047,
        "runtime": 116.85115504264832
    },
    "37": {
        "score": 8.091811180114746,
        "runtime": 115.2738344669342
    },
    "38": {
        "score": 8.128707885742188,
        "runtime": 116.48302721977234
    },
    "39": {
        "score": 7.909221649169922,
        "runtime": 115.03622055053711
    },
    "40": {
        "score": 8.076601028442383,
        "runtime": 115.25134634971619
    },
    "41": {
        "score": 8.092947006225586,
        "runtime": 115.2990243434906
    },
    "42": {
        "score": 7.821634769439697,
        "runtime": 115.92918133735657
    },
    "43": {
        "score": 8.22602367401123,
        "runtime": 115.52348923683167
    },
    "44": {
        "score": 8.181131362915039,
        "runtime": 115.59495329856873
    },
    "45": {
        "score": 7.950333118438721,
        "runtime": 116.52599048614502
    },
    "46": {
        "score": 8.53955364227295,
        "runtime": 115.09445762634277
    },
    "47": {
        "score": 8.152153968811035,
        "runtime": 116.27339601516724
    },
    "48": {
        "score": 8.407002449035645,
        "runtime": 116.63223481178284
    },
    "49": {
        "score": 8.59380054473877,
        "runtime": 115.65766453742981
    },
    "50": {
        "score": 8.635912895202637,
        "runtime": 115.93454027175903
    },
    "51": {
        "score": 8.423022270202637,
        "runtime": 115.25116109848022
    },
    "52": {
        "score": 8.074563026428223,
        "runtime": 115.95419931411743
    },
    "53": {
        "score": 8.093110084533691,
        "runtime": 115.68492078781128
    },
    "54": {
        "score": 8.396202087402344,
        "runtime": 115.63947772979736
    },
    "55": {
        "score": 8.112605094909668,
        "runtime": 116.87791228294373
    },
    "56": {
        "score": 8.397563934326172,
        "runtime": 117.5412425994873
    },
    "57": {
        "score": 8.265889167785645,
        "runtime": 116.1134774684906
    },
    "58": {
        "score": 8.306002616882324,
        "runtime": 115.63741374015808
    },
    "59": {
        "score": 7.864676475524902,
        "runtime": 116.50712943077087
    },
    "60": {
        "score": 8.370733261108398,
        "runtime": 113.89107608795166
    },
    "61": {
        "score": 8.067538261413574,
        "runtime": 116.59192252159119
    },
    "62": {
        "score": 8.437044143676758,
        "runtime": 115.04593253135681
    },
    "63": {
        "score": 8.10141372680664,
        "runtime": 115.24865055084229
    },
    "64": {
        "score": 7.797420024871826,
        "runtime": 115.30087208747864
    },
    "65": {
        "score": 8.902504920959473,
        "runtime": 114.41045045852661
    },
    "66": {
        "score": 8.318648338317871,
        "runtime": 116.22893953323364
    },
    "67": {
        "score": 8.18094539642334,
        "runtime": 122.25584363937378
    },
    "68": {
        "score": 8.032262802124023,
        "runtime": 116.87263131141663
    },
    "69": {
        "score": 7.840548992156982,
        "runtime": 115.01419162750244
    },
    "70": {
        "score": 8.431467056274414,
        "runtime": 115.0762791633606
    },
    "71": {
        "score": 7.569180965423584,
        "runtime": 114.43373966217041
    },
    "72": {
        "score": 8.773895263671875,
        "runtime": 116.37216234207153
    },
    "73": {
        "score": 8.185952186584473,
        "runtime": 115.90261936187744
    },
    "74": {
        "score": 8.240113258361816,
        "runtime": 116.03791522979736
    },
    "75": {
        "score": 8.066120147705078,
        "runtime": 113.6841070652008
    },
    "76": {
        "score": 8.268791198730469,
        "runtime": 115.12939143180847
    },
    "77": {
        "score": 8.69913101196289,
        "runtime": 115.08566045761108
    },
    "78": {
        "score": 8.339776039123535,
        "runtime": 117.84346771240234
    },
    "79": {
        "score": 8.27221393585205,
        "runtime": 120.82109355926514
    },
    "80": {
        "score": 7.909393310546875,
        "runtime": 115.14094519615173
    },
    "81": {
        "score": 8.211015701293945,
        "runtime": 119.4893856048584
    },
    "82": {
        "score": 7.843428134918213,
        "runtime": 115.64501094818115
    },
    "83": {
        "score": 7.4955363273620605,
        "runtime": 115.7482054233551
    },
    "84": {
        "score": 8.185232162475586,
        "runtime": 130.74816870689392
    },
    "85": {
        "score": 8.266871452331543,
        "runtime": 115.54292225837708
    },