{
    "epoch=117-train_score=10.39672": {
        "result_avg": {
            "score": 11.121048202514649,
            "runtime": 20.597896418571473
        },
        "result_std": {
            "score": 0.008571489112093713,
            "runtime": 0.1482729265246669
        }
    },
    "epoch=171-train_score=10.41639": {
        "result_avg": {
            "score": 11.097779073715209,
            "runtime": 20.504330444335938
        },
        "result_std": {
            "score": 0.023343777222458707,
            "runtime": 0.0804344575108166
        }
    },
    "epoch=125-train_score=10.40668": {
        "result_avg": {
            "score": 11.063720321655273,
            "runtime": 20.68319615125656
        },
        "result_std": {
            "score": 0.004407539827461743,
            "runtime": 0.10560670771408627
        }
    },
    "epoch=195-train_score=10.45409": {
        "result_avg": {
            "score": 11.087929124832153,
            "runtime": 20.518374998569488
        },
        "result_std": {
            "score": 0.012968586499148935,
            "runtime": 0.09648373526481015
        }
    },
    "epoch=37-train_score=10.43144": {
        "result_avg": {
            "score": 10.912552528381347,
            "runtime": 20.488430285453795
        },
        "result_std": {
            "score": 0.006558935928221758,
            "runtime": 0.09238955296775261
        }
    }
}