{
    "0": {
        "score": 11.03852653503418,
        "runtime": 20.27145767211914
    },
    "1": {
        "score": 11.088879585266113,
        "runtime": 20.641998767852783
    },
    "2": {
        "score": 11.088879585266113,
        "runtime": 21.162996292114258
    },
    "3": {
        "score": 11.138436317443848,
        "runtime": 20.533998489379883
    },
    "4": {
        "score": 11.106294631958008,
        "runtime": 20.44300079345703
    },
    "5": {
        "score": 11.03852653503418,
        "runtime": 20.6170015335083
    },
    "6": {
        "score": 11.051926612854004,
        "runtime": 20.442001342773438
    },
    "7": {
        "score": 11.03852653503418,
        "runtime": 20.62000012397766
    },
    "8": {
        "score": 11.03852653503418,
        "runtime": 20.388998985290527
    },
    "9": {
        "score": 11.03852653503418,
        "runtime": 20.543999910354614
    },
    "10": {
        "score": 11.03852653503418,
        "runtime": 20.55899930000305
    },
    "11": {
        "score": 11.03852653503418,
        "runtime": 20.368998289108276
    },
    "12": {
        "score": 11.088879585266113,
        "runtime": 20.323002099990845
    },
    "13": {
        "score": 11.088879585266113,
        "runtime": 20.56446671485901
    },
    "14": {
        "score": 11.13272762298584,
        "runtime": 20.499998807907104
    },
    "15": {
        "score": 11.03852653503418,
        "runtime": 21.076998472213745
    },
    "16": {
        "score": 11.03852653503418,
        "runtime": 20.355998277664185
    },
    "17": {
        "score": 11.03852653503418,
        "runtime": 20.68099880218506
    },
    "18": {
        "score": 11.03852653503418,
        "runtime": 20.48300004005432
    },
    "19": {
        "score": 11.03852653503418,
        "runtime": 20.849001169204712
    },
    "20": {
        "score": 11.088879585266113,
        "runtime": 20.167997360229492
    },
    "21": {
        "score": 11.088879585266113,
        "runtime": 20.760010957717896
    },
    "22": {
        "score": 11.03852653503418,
        "runtime": 20.354001760482788
    },
    "23": {
        "score": 11.03852653503418,
        "runtime": 21.28799843788147
    },
    "24": {
        "score": 11.03852653503418,
        "runtime": 20.47599959373474
    },
    "25": {
        "score": 11.03852653503418,
        "runtime": 20.659998893737793
    },
    "26": {
        "score": 11.03852653503418,
        "runtime": 20.559999704360962
    },
    "27": {
        "score": 11.03852653503418,
        "runtime": 20.638997554779053
    },
    "28": {
        "score": 11.03852653503418,
        "runtime": 21.195000410079956
    },
    "29": {
        "score": 10.99634838104248,
        "runtime": 20.786003589630127
    },
    "30": {
        "score": 11.088879585266113,
        "runtime": 20.24402928352356
    },
    "31": {
        "score": 11.03852653503418,
        "runtime": 20.823997735977173
    },
    "32": {
        "score": 11.03852653503418,
        "runtime": 20.418999671936035
    },
    "33": {
        "score": 11.03852653503418,
        "runtime": 20.696000337600708
    },
    "34": {
        "score": 11.041388511657715,
        "runtime": 20.643002033233643
    },
    "35": {
        "score": 11.03852653503418,
        "runtime": 21.131001710891724
    },
    "36": {
        "score": 11.03852653503418,
        "runtime": 20.68600034713745
    },
    "37": {
        "score": 11.03852653503418,
        "runtime": 20.55453133583069
    },
    "38": {
        "score": 11.03852653503418,
        "runtime": 21.196999311447144
    },
    "39": {
        "score": 11.03852653503418,
        "runtime": 20.559000253677368
    },
    "40": {
        "score": 11.03852653503418,
        "runtime": 20.445998668670654
    },
    "41": {
        "score": 11.456567764282227,
        "runtime": 20.71000075340271
    },
    "42": {
        "score": 11.03852653503418,
        "runtime": 20.356026649475098
    },
    "43": {
        "score": 11.407010078430176,
        "runtime": 21.09899878501892
    },
    "44": {
        "score": 11.088879585266113,
        "runtime": 20.4689998626709
    },
    "45": {
        "score": 11.03852653503418,
        "runtime": 20.05199956893921
    },
    "46": {
        "score": 11.088879585266113,
        "runtime": 20.78100085258484
    },
    "47": {
        "score": 11.088879585266113,
        "runtime": 20.42099905014038
    },
    "48": {
        "score": 11.088879585266113,
        "runtime": 21.3290011882782
    },
    "49": {
        "score": 11.088879585266113,
        "runtime": 20.390000820159912
    },
    "50": {
        "score": 11.03852653503418,
        "runtime": 21.08099937438965
    },
    "51": {
        "score": 11.088879585266113,
        "runtime": 20.426016569137573
    },
    "52": {
        "score": 11.03852653503418,
        "runtime": 20.923998832702637
    },
    "53": {
        "score": 11.03852653503418,
        "runtime": 20.640000343322754
    },
    "54": {
        "score": 11.03852653503418,
        "runtime": 20.54999876022339
    },
    "55": {
        "score": 10.99634838104248,
        "runtime": 22.076001405715942
    },
    "56": {
        "score": 11.03852653503418,
        "runtime": 20.327001094818115
    },
    "57": {
        "score": 11.088879585266113,
        "runtime": 20.73600125312805
    },
    "58": {
        "score": 10.99634838104248,
        "runtime": 20.746001482009888
    },
    "59": {
        "score": 11.03852653503418,
        "runtime": 21.078999280929565
    },
    "60": {
        "score": 11.03852653503418,
        "runtime": 20.736013412475586
    },
    "61": {
        "score": 11.03852653503418,
        "runtime": 21.159998893737793
    },
    "62": {
        "score": 11.03852653503418,
        "runtime": 20.803001165390015
    },
    "63": {
        "score": 11.088879585266113,
        "runtime": 21.046000480651855
    },
    "64": {
        "score": 11.03852653503418,
        "runtime": 20.384998559951782
    },
    "65": {
        "score": 11.03852653503418,
        "runtime": 21.131471633911133
    },
    "66": {
        "score": 11.03852653503418,
        "runtime": 20.465001583099365
    },
    "67": {
        "score": 11.03852653503418,
        "runtime": 21.06401300430298
    },
    "68": {
        "score": 11.03852653503418,
        "runtime": 20.492000341415405
    },
    "69": {
        "score": 11.03852653503418,
        "runtime": 20.999000310897827
    },
    "70": {
        "score": 11.088879585266113,
        "runtime": 20.514000415802002
    },
    "71": {
        "score": 11.03852653503418,
        "runtime": 20.474000215530396
    },
    "72": {
        "score": 11.03852653503418,
        "runtime": 20.586998224258423
    },
    "73": {
        "score": 11.328717231750488,
        "runtime": 21.175999402999878
    },
    "74": {
        "score": 11.088879585266113,
        "runtime": 20.315999269485474
    },
    "75": {
        "score": 11.03852653503418,
        "runtime": 21.141000509262085
    },
    "76": {
        "score": 11.03852653503418,
        "runtime": 20.46299982070923
    },
    "77": {
        "score": 11.088879585266113,
        "runtime": 20.478001356124878
    },
    "78": {
        "score": 11.03852653503418,
        "runtime": 20.438000202178955
    },
    "79": {
        "score": 11.088879585266113,
        "runtime": 20.680997371673584
    },
    "80": {
        "score": 11.13272762298584,
        "runtime": 20.800999879837036
    },
    "81": {
        "score": 11.03852653503418,
        "runtime": 20.637000799179077
    },
    "82": {
        "score": 11.03852653503418,
        "runtime": 20.487001180648804
    },
    "83": {
        "score": 11.088879585266113,
        "runtime": 20.866002559661865
    },
    "84": {
        "score": 11.088879585266113,
        "runtime": 20.867000102996826
    },
    "85": {
        "score": 11.03852653503418,
        "runtime": 21.053000926971436
    },