{
    "0": {
        "score": 5.550823211669922,
        "runtime": 11.000429153442383
    },
    "1": {
        "score": 5.75333833694458,
        "runtime": 11.000004053115845
    },
    "2": {
        "score": 6.067154884338379,
        "runtime": 11.144485473632812
    },
    "3": {
        "score": 6.014745712280273,
        "runtime": 11.036988496780396
    },
    "4": {
        "score": 5.68243932723999,
        "runtime": 10.964944839477539
    },
    "5": {
        "score": 5.884577751159668,
        "runtime": 11.077445030212402
    },
    "6": {
        "score": 6.235356330871582,
        "runtime": 10.8984854221344
    },
    "7": {
        "score": 5.986680030822754,
        "runtime": 10.89996886253357
    },
    "8": {
        "score": 5.787635326385498,
        "runtime": 10.966491222381592
    },
    "9": {
        "score": 6.312767505645752,
        "runtime": 11.248486757278442
    },
    "10": {
        "score": 5.496968746185303,
        "runtime": 11.059938669204712
    },
    "11": {
        "score": 5.017271041870117,
        "runtime": 10.853955745697021
    },
    "12": {
        "score": 5.834573745727539,
        "runtime": 10.963390111923218
    },
    "13": {
        "score": 5.810717582702637,
        "runtime": 11.150491714477539
    },
    "14": {
        "score": 5.931210517883301,
        "runtime": 11.045694351196289
    },
    "15": {
        "score": 5.981767654418945,
        "runtime": 10.923986196517944
    },
    "16": {
        "score": 5.968650817871094,
        "runtime": 11.120790719985962
    },
    "17": {
        "score": 5.455490589141846,
        "runtime": 11.074983596801758
    },
    "18": {
        "score": 5.688399314880371,
        "runtime": 11.062439680099487
    },
    "19": {
        "score": 5.567831039428711,
        "runtime": 10.981489658355713
    },
    "20": {
        "score": 5.497847557067871,
        "runtime": 10.855410814285278
    },
    "21": {
        "score": 5.972946643829346,
        "runtime": 11.255264520645142
    },
    "22": {
        "score": 5.675457954406738,
        "runtime": 10.996483564376831
    },
    "23": {
        "score": 5.660329818725586,
        "runtime": 10.904919624328613
    },
    "24": {
        "score": 5.5615715980529785,
        "runtime": 10.801951169967651
    },
    "25": {
        "score": 6.379358768463135,
        "runtime": 10.825409173965454
    },
    "26": {
        "score": 5.650582790374756,
        "runtime": 11.026932716369629
    },
    "27": {
        "score": 5.697777271270752,
        "runtime": 11.097945213317871
    },
    "28": {
        "score": 5.678664207458496,
        "runtime": 10.993462800979614
    },
    "29": {
        "score": 6.49547815322876,
        "runtime": 10.946922540664673
    },
    "30": {
        "score": 5.765804290771484,
        "runtime": 10.93446683883667
    },
    "31": {
        "score": 5.735320568084717,
        "runtime": 10.78996753692627
    },
    "32": {
        "score": 5.951061725616455,
        "runtime": 11.023677349090576
    },
    "33": {
        "score": 5.569371223449707,
        "runtime": 10.944492101669312
    },
    "34": {
        "score": 6.063995838165283,
        "runtime": 11.113710880279541
    },
    "35": {
        "score": 5.883525848388672,
        "runtime": 10.931931257247925
    },
    "36": {
        "score": 5.7252349853515625,
        "runtime": 10.93888783454895
    },
    "37": {
        "score": 6.289466857910156,
        "runtime": 11.098993301391602
    },
    "38": {
        "score": 5.616074562072754,
        "runtime": 11.074979543685913
    },
    "39": {
        "score": 5.985223770141602,
        "runtime": 10.980922937393188
    },
    "40": {
        "score": 5.650407314300537,
        "runtime": 10.949926614761353
    },
    "41": {
        "score": 5.655930042266846,
        "runtime": 11.147932052612305
    },
    "42": {
        "score": 5.787065029144287,
        "runtime": 11.07491660118103
    },
    "43": {
        "score": 6.447896480560303,
        "runtime": 10.886987686157227
    },
    "44": {
        "score": 5.690376281738281,
        "runtime": 10.839929103851318
    },
    "45": {
        "score": 5.71101713180542,
        "runtime": 10.879405498504639
    },
    "46": {
        "score": 5.8954386711120605,
        "runtime": 10.826903820037842
    },
    "47": {
        "score": 5.659748554229736,
        "runtime": 10.883938550949097
    },
    "48": {
        "score": 5.582249164581299,
        "runtime": 10.847491264343262
    },
    "49": {
        "score": 6.578222274780273,
        "runtime": 11.065495729446411
    },
    "50": {
        "score": 6.3618998527526855,
        "runtime": 11.121925354003906
    },
    "51": {
        "score": 5.869499206542969,
        "runtime": 11.1236732006073
    },
    "52": {
        "score": 6.36383056640625,
        "runtime": 11.322739124298096
    },
    "53": {
        "score": 5.474046230316162,
        "runtime": 10.885951280593872
    },
    "54": {
        "score": 5.643754482269287,
        "runtime": 10.969234943389893
    },
    "55": {
        "score": 5.853294849395752,
        "runtime": 11.031434774398804
    },
    "56": {
        "score": 6.238031387329102,
        "runtime": 11.024985790252686
    },
    "57": {
        "score": 5.680014610290527,
        "runtime": 10.914489507675171
    },
    "58": {
        "score": 5.6215949058532715,
        "runtime": 10.859968900680542
    },
    "59": {
        "score": 5.746726036071777,
        "runtime": 10.800938844680786
    },
    "60": {
        "score": 6.337512493133545,
        "runtime": 11.102249145507812
    },
    "61": {
        "score": 5.595675945281982,
        "runtime": 11.147001266479492
    },
    "62": {
        "score": 5.843436241149902,
        "runtime": 11.113699913024902
    },
    "63": {
        "score": 5.662187099456787,
        "runtime": 11.082476615905762
    },
    "64": {
        "score": 5.667531967163086,
        "runtime": 11.130927562713623
    },
    "65": {
        "score": 5.884523391723633,
        "runtime": 11.023446559906006
    },
    "66": {
        "score": 5.53464937210083,
        "runtime": 11.090983152389526
    },
    "67": {
        "score": 5.382549285888672,
        "runtime": 10.985892295837402
    },
    "68": {
        "score": 6.412537097930908,
        "runtime": 10.75194501876831
    },
    "69": {
        "score": 5.372134208679199,
        "runtime": 10.756965160369873
    },
    "70": {
        "score": 5.975478649139404,
        "runtime": 11.178977012634277
    },
    "71": {
        "score": 5.76854944229126,
        "runtime": 11.038654327392578
    },
    "72": {
        "score": 5.957275390625,
        "runtime": 10.996920347213745
    },
    "73": {
        "score": 5.532195568084717,
        "runtime": 10.878963470458984
    },
    "74": {
        "score": 5.663001537322998,
        "runtime": 10.866447448730469
    },
    "75": {
        "score": 5.788858890533447,
        "runtime": 10.877447128295898
    },
    "76": {
        "score": 6.112189292907715,
        "runtime": 10.95185899734497
    },
    "77": {
        "score": 5.738405704498291,
        "runtime": 10.805707454681396
    },
    "78": {
        "score": 5.867053031921387,
        "runtime": 10.97893762588501
    },
    "79": {
        "score": 5.151299953460693,
        "runtime": 10.860878705978394
    },
    "80": {
        "score": 5.693075656890869,
        "runtime": 10.881925821304321
    },
    "81": {
        "score": 5.33355712890625,
        "runtime": 11.20369553565979
    },
    "82": {
        "score": 5.653486251831055,
        "runtime": 11.129485130310059
    },
    "83": {
        "score": 6.287125587463379,
        "runtime": 11.060927152633667
    },
    "84": {
        "score": 6.047636985778809,
        "runtime": 11.276439905166626
    },
    "85": {
        "score": 5.749253749847412,
        "runtime": 11.001953125
    },