{
    "0": {
        "score": 3.663829803466797,
        "runtime": 0.9320008754730225
    },
    "1": {
        "score": 3.819108724594116,
        "runtime": 0.7760024070739746
    },
    "2": {
        "score": 3.7796688079833984,
        "runtime": 0.7680020332336426
    },
    "3": {
        "score": 4.1494598388671875,
        "runtime": 0.7779996395111084
    },
    "4": {
        "score": 3.3146445751190186,
        "runtime": 0.8097500801086426
    },
    "5": {
        "score": 3.860729932785034,
        "runtime": 0.7860021591186523
    },
    "6": {
        "score": 3.942577362060547,
        "runtime": 0.8139998912811279
    },
    "7": {
        "score": 3.951625108718872,
        "runtime": 0.7839994430541992
    },
    "8": {
        "score": 4.128917694091797,
        "runtime": 0.8017053604125977
    },
    "9": {
        "score": 4.014928340911865,
        "runtime": 0.7590029239654541
    },
    "10": {
        "score": 3.778759717941284,
        "runtime": 0.801999568939209
    },
    "11": {
        "score": 3.7717671394348145,
        "runtime": 0.8000011444091797
    },
    "12": {
        "score": 4.076560974121094,
        "runtime": 0.7630031108856201
    },
    "13": {
        "score": 3.8751707077026367,
        "runtime": 0.8149998188018799
    },
    "14": {
        "score": 4.376522064208984,
        "runtime": 0.7690000534057617
    },
    "15": {
        "score": 3.9959187507629395,
        "runtime": 0.7710001468658447
    },
    "16": {
        "score": 4.157617568969727,
        "runtime": 0.7900028228759766
    },
    "17": {
        "score": 3.341622829437256,
        "runtime": 0.8359994888305664
    },
    "18": {
        "score": 3.7034003734588623,
        "runtime": 0.7610006332397461
    },
    "19": {
        "score": 3.863896369934082,
        "runtime": 0.7685253620147705
    },
    "20": {
        "score": 3.9067585468292236,
        "runtime": 0.804002046585083
    },
    "21": {
        "score": 3.493420362472534,
        "runtime": 0.7965185642242432
    },
    "22": {
        "score": 3.8361217975616455,
        "runtime": 0.8010027408599854
    },
    "23": {
        "score": 4.320151329040527,
        "runtime": 0.7870006561279297
    },
    "24": {
        "score": 4.007285118103027,
        "runtime": 0.7910001277923584
    },
    "25": {
        "score": 3.8711776733398438,
        "runtime": 0.7747156620025635
    },
    "26": {
        "score": 4.435245037078857,
        "runtime": 0.7830009460449219
    },
    "27": {
        "score": 3.715338945388794,
        "runtime": 0.8089993000030518
    },
    "28": {
        "score": 3.308074951171875,
        "runtime": 0.747999906539917
    },
    "29": {
        "score": 3.9138455390930176,
        "runtime": 0.7620022296905518
    },
    "30": {
        "score": 3.8944716453552246,
        "runtime": 0.752997875213623
    },
    "31": {
        "score": 3.209815263748169,
        "runtime": 0.8695259094238281
    },
    "32": {
        "score": 4.040256500244141,
        "runtime": 0.8080008029937744
    },
    "33": {
        "score": 4.2170515060424805,
        "runtime": 0.7820005416870117
    },
    "34": {
        "score": 4.4655351638793945,
        "runtime": 0.7599968910217285
    },
    "35": {
        "score": 4.263957500457764,
        "runtime": 0.7959997653961182
    },
    "36": {
        "score": 4.017929553985596,
        "runtime": 0.80899977684021
    },
    "37": {
        "score": 3.717787742614746,
        "runtime": 0.7529659271240234
    },
    "38": {
        "score": 3.8553543090820312,
        "runtime": 0.7979977130889893
    },
    "39": {
        "score": 4.187337875366211,
        "runtime": 0.793968915939331
    },
    "40": {
        "score": 3.923027992248535,
        "runtime": 0.7890002727508545
    },
    "41": {
        "score": 3.9975223541259766,
        "runtime": 0.778001070022583
    },
    "42": {
        "score": 3.5284109115600586,
        "runtime": 0.7645254135131836
    },
    "43": {
        "score": 3.3074891567230225,
        "runtime": 0.7775156497955322
    },
    "44": {
        "score": 3.999903678894043,
        "runtime": 0.8000001907348633
    },
    "45": {
        "score": 3.6989119052886963,
        "runtime": 0.7869994640350342
    },
    "46": {
        "score": 4.112080097198486,
        "runtime": 0.7990000247955322
    },
    "47": {
        "score": 3.7536251544952393,
        "runtime": 0.8159999847412109
    },
    "48": {
        "score": 3.925548553466797,
        "runtime": 0.7630031108856201
    },
    "49": {
        "score": 3.807023048400879,
        "runtime": 0.8169980049133301
    },
    "50": {
        "score": 3.854548215866089,
        "runtime": 0.7619988918304443
    },
    "51": {
        "score": 3.6750454902648926,
        "runtime": 0.7750000953674316
    },
    "52": {
        "score": 3.5809741020202637,
        "runtime": 0.7710013389587402
    },
    "53": {
        "score": 4.112093925476074,
        "runtime": 0.7910003662109375
    },
    "54": {
        "score": 3.948397159576416,
        "runtime": 0.7749998569488525
    },
    "55": {
        "score": 3.6399409770965576,
        "runtime": 0.8139991760253906
    },
    "56": {
        "score": 4.039519786834717,
        "runtime": 0.7790012359619141
    },
    "57": {
        "score": 3.789414405822754,
        "runtime": 0.7749991416931152
    },
    "58": {
        "score": 3.9642252922058105,
        "runtime": 0.7880008220672607
    },
    "59": {
        "score": 3.9530375003814697,
        "runtime": 0.7765190601348877
    },
    "60": {
        "score": 3.8143482208251953,
        "runtime": 0.7929983139038086
    },
    "61": {
        "score": 3.1892988681793213,
        "runtime": 0.7860009670257568
    },
    "62": {
        "score": 4.03279972076416,
        "runtime": 0.7760000228881836
    },
    "63": {
        "score": 4.115477561950684,
        "runtime": 0.7689681053161621
    },
    "64": {
        "score": 3.782482624053955,
        "runtime": 0.7989654541015625
    },
    "65": {
        "score": 3.998300313949585,
        "runtime": 0.7880005836486816
    },
    "66": {
        "score": 3.8012726306915283,
        "runtime": 0.8164582252502441
    },
    "67": {
        "score": 3.7267768383026123,
        "runtime": 0.7880027294158936
    },
    "68": {
        "score": 3.981815814971924,
        "runtime": 0.7655041217803955
    },
    "69": {
        "score": 3.6501429080963135,
        "runtime": 0.767998218536377
    },
    "70": {
        "score": 3.5717227458953857,
        "runtime": 0.7699987888336182
    },
    "71": {
        "score": 3.6524572372436523,
        "runtime": 0.7705173492431641
    },
    "72": {
        "score": 4.392879009246826,
        "runtime": 0.7909996509552002
    },
    "73": {
        "score": 3.780745029449463,
        "runtime": 0.7819993495941162
    },
    "74": {
        "score": 3.9830660820007324,
        "runtime": 0.8129632472991943
    },
    "75": {
        "score": 4.153078079223633,
        "runtime": 0.8059999942779541
    },
    "76": {
        "score": 3.4614906311035156,
        "runtime": 0.7599976062774658
    },
    "77": {
        "score": 3.9464802742004395,
        "runtime": 0.7819972038269043
    },
    "78": {
        "score": 4.144110679626465,
        "runtime": 0.7970016002655029
    },
    "79": {
        "score": 3.8809096813201904,
        "runtime": 0.7859997749328613
    },
    "80": {
        "score": 3.1857752799987793,
        "runtime": 0.7629978656768799
    },
    "81": {
        "score": 4.092862606048584,
        "runtime": 0.7670004367828369
    },
    "82": {
        "score": 3.7449755668640137,
        "runtime": 0.7660000324249268
    },
    "83": {
        "score": 3.441124200820923,
        "runtime": 0.755000114440918
    },
    "84": {
        "score": 3.902392625808716,
        "runtime": 0.7649993896484375
    },
    "85": {
        "score": 3.948762893676758,