{
    "0": {
        "score": 10.994057655334473,
        "runtime": 20.632001876831055
    },
    "1": {
        "score": 10.994057655334473,
        "runtime": 21.20599865913391
    },
    "2": {
        "score": 10.994057655334473,
        "runtime": 20.265997648239136
    },
    "3": {
        "score": 10.994057655334473,
        "runtime": 20.48105502128601
    },
    "4": {
        "score": 10.994057655334473,
        "runtime": 20.789000749588013
    },
    "5": {
        "score": 11.17595386505127,
        "runtime": 20.350001573562622
    },
    "6": {
        "score": 11.17595386505127,
        "runtime": 21.065998554229736
    },
    "7": {
        "score": 10.994057655334473,
        "runtime": 20.753000259399414
    },
    "8": {
        "score": 10.994057655334473,
        "runtime": 20.737001419067383
    },
    "9": {
        "score": 10.994057655334473,
        "runtime": 20.41299819946289
    },
    "10": {
        "score": 11.17595386505127,
        "runtime": 20.451456308364868
    },
    "11": {
        "score": 10.994057655334473,
        "runtime": 20.743306636810303
    },
    "12": {
        "score": 11.17595386505127,
        "runtime": 21.048001527786255
    },
    "13": {
        "score": 11.17595386505127,
        "runtime": 20.21600079536438
    },
    "14": {
        "score": 11.17595386505127,
        "runtime": 20.35899806022644
    },
    "15": {
        "score": 11.17595386505127,
        "runtime": 20.659998655319214
    },
    "16": {
        "score": 10.994057655334473,
        "runtime": 20.874001264572144
    },
    "17": {
        "score": 11.17595386505127,
        "runtime": 20.630998849868774
    },
    "18": {
        "score": 11.17595386505127,
        "runtime": 20.870999336242676
    },
    "19": {
        "score": 10.994057655334473,
        "runtime": 20.011000156402588
    },
    "20": {
        "score": 10.994057655334473,
        "runtime": 20.728002786636353
    },
    "21": {
        "score": 10.994057655334473,
        "runtime": 20.650659799575806
    },
    "22": {
        "score": 10.994057655334473,
        "runtime": 20.3129985332489
    },
    "23": {
        "score": 11.17595386505127,
        "runtime": 20.380999326705933
    },
    "24": {
        "score": 10.994057655334473,
        "runtime": 20.60100221633911
    },
    "25": {
        "score": 10.994057655334473,
        "runtime": 20.26199746131897
    },
    "26": {
        "score": 11.17595386505127,
        "runtime": 20.66200017929077
    },
    "27": {
        "score": 11.17595386505127,
        "runtime": 20.53599977493286
    },
    "28": {
        "score": 10.994057655334473,
        "runtime": 20.662999629974365
    },
    "29": {
        "score": 10.994057655334473,
        "runtime": 20.401002168655396
    },
    "30": {
        "score": 10.994057655334473,
        "runtime": 20.580999851226807
    },
    "31": {
        "score": 10.994057655334473,
        "runtime": 21.228001832962036
    },
    "32": {
        "score": 10.994057655334473,
        "runtime": 20.31300187110901
    },
    "33": {
        "score": 10.994057655334473,
        "runtime": 21.09499764442444
    },
    "34": {
        "score": 10.994057655334473,
        "runtime": 20.25004529953003
    },
    "35": {
        "score": 10.994057655334473,
        "runtime": 20.4239981174469
    },
    "36": {
        "score": 10.994057655334473,
        "runtime": 20.508002281188965
    },
    "37": {
        "score": 11.17595386505127,
        "runtime": 20.533997535705566
    },
    "38": {
        "score": 11.17595386505127,
        "runtime": 20.476460933685303
    },
    "39": {
        "score": 11.17595386505127,
        "runtime": 20.552998781204224
    },
    "40": {
        "score": 11.17595386505127,
        "runtime": 20.642999410629272
    },
    "41": {
        "score": 10.994057655334473,
        "runtime": 20.373000383377075
    },
    "42": {
        "score": 10.994057655334473,
        "runtime": 20.762001991271973
    },
    "43": {
        "score": 10.994057655334473,
        "runtime": 20.968000411987305
    },
    "44": {
        "score": 11.17595386505127,
        "runtime": 20.47400164604187
    },
    "45": {
        "score": 10.996694564819336,
        "runtime": 20.539000272750854
    },
    "46": {
        "score": 10.994057655334473,
        "runtime": 20.54099750518799
    },
    "47": {
        "score": 10.994057655334473,
        "runtime": 20.840001821517944
    },
    "48": {
        "score": 10.994057655334473,
        "runtime": 20.367000102996826
    },
    "49": {
        "score": 11.17595386505127,
        "runtime": 21.119001865386963
    },
    "50": {
        "score": 11.17595386505127,
        "runtime": 20.676002025604248
    },
    "51": {
        "score": 10.994057655334473,
        "runtime": 20.282999992370605
    },
    "52": {
        "score": 10.994057655334473,
        "runtime": 20.253000497817993
    },
    "53": {
        "score": 10.994057655334473,
        "runtime": 21.040000677108765
    },
    "54": {
        "score": 10.994057655334473,
        "runtime": 20.546001195907593
    },
    "55": {
        "score": 10.994057655334473,
        "runtime": 20.879000186920166
    },
    "56": {
        "score": 11.17595386505127,
        "runtime": 21.269997119903564
    },
    "57": {
        "score": 10.994057655334473,
        "runtime": 20.644002437591553
    },
    "58": {
        "score": 10.994057655334473,
        "runtime": 20.443998098373413
    },
    "59": {
        "score": 11.17595386505127,
        "runtime": 20.383463382720947
    },
    "60": {
        "score": 11.17595386505127,
        "runtime": 20.729000329971313
    },
    "61": {
        "score": 10.994057655334473,
        "runtime": 20.473049879074097
    },
    "62": {
        "score": 11.17595386505127,
        "runtime": 21.10400152206421
    },
    "63": {
        "score": 10.994057655334473,
        "runtime": 20.284001350402832
    },
    "64": {
        "score": 10.994057655334473,
        "runtime": 20.537999868392944
    },
    "65": {
        "score": 11.17595386505127,
        "runtime": 20.710997819900513
    },
    "66": {
        "score": 10.994057655334473,
        "runtime": 20.688002109527588
    },
    "67": {
        "score": 11.17595386505127,
        "runtime": 20.555999517440796
    },
    "68": {
        "score": 10.994057655334473,
        "runtime": 20.32100248336792
    },
    "69": {
        "score": 10.994057655334473,
        "runtime": 20.21899938583374
    },
    "70": {
        "score": 11.17595386505127,
        "runtime": 21.072515726089478
    },
    "71": {
        "score": 10.994057655334473,
        "runtime": 20.381999254226685
    },
    "72": {
        "score": 10.994057655334473,
        "runtime": 21.037999629974365
    },
    "73": {
        "score": 11.17595386505127,
        "runtime": 20.837998628616333
    },
    "74": {
        "score": 11.17595386505127,
        "runtime": 20.376999378204346
    },
    "75": {
        "score": 11.17595386505127,
        "runtime": 20.772473096847534
    },
    "76": {
        "score": 10.994057655334473,
        "runtime": 20.36799645423889
    },
    "77": {
        "score": 10.994057655334473,
        "runtime": 20.76400136947632
    },
    "78": {
        "score": 10.994057655334473,
        "runtime": 20.878999948501587
    },
    "79": {
        "score": 10.994057655334473,
        "runtime": 20.257999658584595
    },
    "80": {
        "score": 11.17595386505127,
        "runtime": 20.596998929977417
    },
    "81": {
        "score": 11.17595386505127,
        "runtime": 20.41400146484375
    },
    "82": {
        "score": 10.994057655334473,
        "runtime": 21.04300308227539
    },
    "83": {
        "score": 11.17595386505127,
        "runtime": 20.596000909805298
    },
    "84": {
        "score": 10.994057655334473,
        "runtime": 20.480000019073486
    },
    "85": {
        "score": 10.994057655334473,