{
    "0": {
        "score": 11.062344551086426,
        "runtime": 20.670999765396118
    },
    "1": {
        "score": 11.062344551086426,
        "runtime": 20.643001079559326
    },
    "2": {
        "score": 11.062344551086426,
        "runtime": 21.15399980545044
    },
    "3": {
        "score": 11.062344551086426,
        "runtime": 20.212001085281372
    },
    "4": {
        "score": 11.062344551086426,
        "runtime": 20.33700180053711
    },
    "5": {
        "score": 11.062344551086426,
        "runtime": 20.309000730514526
    },
    "6": {
        "score": 11.062344551086426,
        "runtime": 20.77700114250183
    },
    "7": {
        "score": 11.062344551086426,
        "runtime": 20.392001152038574
    },
    "8": {
        "score": 11.062344551086426,
        "runtime": 20.500999450683594
    },
    "9": {
        "score": 11.166703224182129,
        "runtime": 20.84500217437744
    },
    "10": {
        "score": 11.062344551086426,
        "runtime": 20.306453943252563
    },
    "11": {
        "score": 11.062344551086426,
        "runtime": 20.859306573867798
    },
    "12": {
        "score": 11.062344551086426,
        "runtime": 20.46300220489502
    },
    "13": {
        "score": 11.062344551086426,
        "runtime": 21.13099980354309
    },
    "14": {
        "score": 11.062344551086426,
        "runtime": 20.76400065422058
    },
    "15": {
        "score": 11.018239974975586,
        "runtime": 20.693999528884888
    },
    "16": {
        "score": 11.062344551086426,
        "runtime": 20.14300036430359
    },
    "17": {
        "score": 11.062344551086426,
        "runtime": 20.907000064849854
    },
    "18": {
        "score": 11.062344551086426,
        "runtime": 20.59999918937683
    },
    "19": {
        "score": 11.062344551086426,
        "runtime": 21.135000228881836
    },
    "20": {
        "score": 11.062344551086426,
        "runtime": 20.681999683380127
    },
    "21": {
        "score": 11.062344551086426,
        "runtime": 21.05565619468689
    },
    "22": {
        "score": 11.062344551086426,
        "runtime": 20.312000036239624
    },
    "23": {
        "score": 11.062344551086426,
        "runtime": 21.19399857521057
    },
    "24": {
        "score": 11.062344551086426,
        "runtime": 20.18900203704834
    },
    "25": {
        "score": 11.062344551086426,
        "runtime": 20.672001361846924
    },
    "26": {
        "score": 11.062344551086426,
        "runtime": 20.184000253677368
    },
    "27": {
        "score": 11.062344551086426,
        "runtime": 20.881000995635986
    },
    "28": {
        "score": 11.062344551086426,
        "runtime": 20.574000120162964
    },
    "29": {
        "score": 11.062344551086426,
        "runtime": 20.67900037765503
    },
    "30": {
        "score": 11.062344551086426,
        "runtime": 20.50899839401245
    },
    "31": {
        "score": 11.062344551086426,
        "runtime": 20.66499972343445
    },
    "32": {
        "score": 11.062344551086426,
        "runtime": 20.355000019073486
    },
    "33": {
        "score": 11.062344551086426,
        "runtime": 20.355000495910645
    },
    "34": {
        "score": 11.062344551086426,
        "runtime": 20.755045175552368
    },
    "35": {
        "score": 11.062344551086426,
        "runtime": 20.353002548217773
    },
    "36": {
        "score": 11.062344551086426,
        "runtime": 20.599000215530396
    },
    "37": {
        "score": 11.062344551086426,
        "runtime": 20.658998727798462
    },
    "38": {
        "score": 11.062344551086426,
        "runtime": 20.737999200820923
    },
    "39": {
        "score": 11.062344551086426,
        "runtime": 20.226001739501953
    },
    "40": {
        "score": 11.062344551086426,
        "runtime": 20.69399881362915
    },
    "41": {
        "score": 11.062344551086426,
        "runtime": 20.380000591278076
    },
    "42": {
        "score": 11.062344551086426,
        "runtime": 20.34999966621399
    },
    "43": {
        "score": 11.062344551086426,
        "runtime": 20.197999000549316
    },
    "44": {
        "score": 11.062344551086426,
        "runtime": 20.812998294830322
    },
    "45": {
        "score": 11.062344551086426,
        "runtime": 20.60699987411499
    },
    "46": {
        "score": 11.062344551086426,
        "runtime": 21.248002290725708
    },
    "47": {
        "score": 11.062344551086426,
        "runtime": 20.830001831054688
    },
    "48": {
        "score": 11.226298332214355,
        "runtime": 20.51300024986267
    },
    "49": {
        "score": 11.062344551086426,
        "runtime": 20.699000597000122
    },
    "50": {
        "score": 11.062344551086426,
        "runtime": 20.294999361038208
    },
    "51": {
        "score": 11.062344551086426,
        "runtime": 20.721999883651733
    },
    "52": {
        "score": 11.062344551086426,
        "runtime": 20.540000915527344
    },
    "53": {
        "score": 11.226298332214355,
        "runtime": 20.678014516830444
    },
    "54": {
        "score": 11.018239974975586,
        "runtime": 20.449996948242188
    },
    "55": {
        "score": 11.062344551086426,
        "runtime": 20.6860249042511
    },
    "56": {
        "score": 11.062344551086426,
        "runtime": 20.511999130249023
    },
    "57": {
        "score": 11.062344551086426,
        "runtime": 20.433000087738037
    },
    "58": {
        "score": 11.062344551086426,
        "runtime": 20.516998529434204
    },
    "59": {
        "score": 11.062344551086426,
        "runtime": 20.28846287727356
    },
    "60": {
        "score": 11.062344551086426,
        "runtime": 20.641997814178467
    },
    "61": {
        "score": 11.062344551086426,
        "runtime": 21.252000093460083
    },
    "62": {
        "score": 11.062344551086426,
        "runtime": 21.036999940872192
    },
    "63": {
        "score": 11.062344551086426,
        "runtime": 20.314998388290405
    },
    "64": {
        "score": 11.062344551086426,
        "runtime": 20.274999856948853
    },
    "65": {
        "score": 11.062344551086426,
        "runtime": 20.341000080108643
    },
    "66": {
        "score": 11.062344551086426,
        "runtime": 20.256998300552368
    },
    "67": {
        "score": 11.062344551086426,
        "runtime": 20.92400097846985
    },
    "68": {
        "score": 11.018239974975586,
        "runtime": 20.417002201080322
    },
    "69": {
        "score": 11.062344551086426,
        "runtime": 20.75199818611145
    },
    "70": {
        "score": 11.062344551086426,
        "runtime": 20.807483196258545
    },
    "71": {
        "score": 11.062344551086426,
        "runtime": 20.77700161933899
    },
    "72": {
        "score": 11.062344551086426,
        "runtime": 20.317000150680542
    },
    "73": {
        "score": 11.062344551086426,
        "runtime": 21.259000539779663
    },
    "74": {
        "score": 11.062344551086426,
        "runtime": 20.793001651763916
    },
    "75": {
        "score": 11.062344551086426,
        "runtime": 21.376471519470215
    },
    "76": {
        "score": 11.062344551086426,
        "runtime": 20.465001821517944
    },
    "77": {
        "score": 11.062344551086426,
        "runtime": 20.297998905181885
    },
    "78": {
        "score": 11.062344551086426,
        "runtime": 20.606000900268555
    },
    "79": {
        "score": 11.062344551086426,
        "runtime": 20.89599919319153
    },
    "80": {
        "score": 11.062344551086426,
        "runtime": 20.152000904083252
    },
    "81": {
        "score": 11.062344551086426,
        "runtime": 21.2749981880188
    },
    "82": {
        "score": 11.062344551086426,
        "runtime": 20.4049973487854
    },
    "83": {
        "score": 11.062344551086426,
        "runtime": 20.776000261306763
    },
    "84": {
        "score": 11.062344551086426,
        "runtime": 21.046001195907593
    },
    "85": {
        "score": 11.062344551086426,