{
    "3": {
        "score": 4.25,
        "runtime": 0.45941948890686035
    },
    "2": {
        "score": 3.779296875,
        "runtime": 0.472454309463501
    },
    "0": {
        "score": 3.6640625,
        "runtime": 0.4534764289855957
    },
    "1": {
        "score": 3.76171875,
        "runtime": 0.4649851322174072
    },
    "4": {
        "score": 3.294921875,
        "runtime": 0.3912365436553955
    },
    "5": {
        "score": 3.86328125,
        "runtime": 0.39413928985595703
    },
    "6": {
        "score": 3.869140625,
        "runtime": 0.39714479446411133
    },
    "7": {
        "score": 3.951171875,
        "runtime": 0.38060927391052246
    },
    "8": {
        "score": 4.12890625,
        "runtime": 0.3923933506011963
    },
    "10": {
        "score": 3.779296875,
        "runtime": 0.403928279876709
    },
    "11": {
        "score": 3.76953125,
        "runtime": 0.389906644821167
    },
    "9": {
        "score": 4.0078125,
        "runtime": 0.4149317741394043
    },
    "12": {
        "score": 4.078125,
        "runtime": 0.41305088996887207
    },
    "13": {
        "score": 3.7109375,
        "runtime": 0.3815147876739502
    },
    "15": {
        "score": 4.0859375,
        "runtime": 0.39452600479125977
    },
    "14": {
        "score": 4.3828125,
        "runtime": 0.40705418586730957
    },
    "16": {
        "score": 4.15625,
        "runtime": 0.40448856353759766
    },
    "17": {
        "score": 3.341796875,
        "runtime": 0.38829731941223145
    },
    "18": {
        "score": 3.703125,
        "runtime": 0.4093344211578369
    },
    "19": {
        "score": 3.86328125,
        "runtime": 0.40082216262817383
    },
    "20": {
        "score": 3.876953125,
        "runtime": 0.39655375480651855
    },
    "21": {
        "score": 3.482421875,
        "runtime": 0.3920426368713379
    },
    "22": {
        "score": 3.859375,
        "runtime": 0.38701605796813965
    },
    "23": {
        "score": 4.3203125,
        "runtime": 0.4060487747192383
    },
    "24": {
        "score": 3.98828125,
        "runtime": 0.4098377227783203
    },
    "25": {
        "score": 3.87109375,
        "runtime": 0.38431334495544434
    },
    "26": {
        "score": 4.33203125,
        "runtime": 0.38379669189453125
    },
    "27": {
        "score": 3.73046875,
        "runtime": 0.396822452545166
    },
    "28": {
        "score": 3.30859375,
        "runtime": 0.4001953601837158
    },
    "29": {
        "score": 3.9375,
        "runtime": 0.40570759773254395
    },
    "30": {
        "score": 3.89453125,
        "runtime": 0.41571521759033203
    },
    "31": {
        "score": 3.208984375,
        "runtime": 0.38668322563171387
    },
    "32": {
        "score": 4.1328125,
        "runtime": 0.39771461486816406
    },
    "33": {
        "score": 4.22265625,
        "runtime": 0.3957180976867676
    },
    "34": {
        "score": 4.3203125,
        "runtime": 0.38068246841430664
    },
    "35": {
        "score": 4.2578125,
        "runtime": 0.3993551731109619
    },
    "36": {
        "score": 4.09375,
        "runtime": 0.3995194435119629
    },
    "37": {
        "score": 3.71875,
        "runtime": 0.39101243019104004
    },
    "38": {
        "score": 3.85546875,
        "runtime": 0.39322400093078613
    },
    "39": {
        "score": 4.43359375,
        "runtime": 0.3997321128845215
    },
    "40": {
        "score": 3.9296875,
        "runtime": 0.38975048065185547
    },
    "41": {
        "score": 3.998046875,
        "runtime": 0.39621710777282715
    },
    "42": {
        "score": 3.53515625,
        "runtime": 0.39621591567993164
    },
    "43": {
        "score": 3.28515625,
        "runtime": 0.39672350883483887
    },
    "44": {
        "score": 3.9140625,
        "runtime": 0.39017224311828613
    },
    "45": {
        "score": 3.712890625,
        "runtime": 0.38965868949890137
    },
    "46": {
        "score": 4.06640625,
        "runtime": 0.38616490364074707
    },
    "47": {
        "score": 3.73046875,
        "runtime": 0.4197225570678711
    },
    "48": {
        "score": 3.939453125,
        "runtime": 0.41215991973876953
    },
    "49": {
        "score": 3.8671875,
        "runtime": 0.39263415336608887
    },
    "50": {
        "score": 3.85546875,
        "runtime": 0.4064500331878662
    },
    "51": {
        "score": 3.685546875,
        "runtime": 0.3914632797241211
    },
    "52": {
        "score": 3.513671875,
        "runtime": 0.3834097385406494
    },
    "53": {
        "score": 4.1171875,
        "runtime": 0.4039332866668701
    },
    "54": {
        "score": 3.92578125,
        "runtime": 0.40453362464904785
    },
    "55": {
        "score": 3.6328125,
        "runtime": 0.39605164527893066
    },
    "56": {
        "score": 4.0390625,
        "runtime": 0.39933180809020996
    },
    "57": {
        "score": 3.7890625,
        "runtime": 0.39887380599975586
    },
    "58": {
        "score": 3.98046875,
        "runtime": 0.40225911140441895
    },
    "59": {
        "score": 3.880859375,
        "runtime": 0.39824438095092773
    },
    "60": {
        "score": 3.814453125,
        "runtime": 0.39000940322875977
    },
    "61": {
        "score": 3.1796875,
        "runtime": 0.40514445304870605
    },
    "62": {
        "score": 4.03515625,
        "runtime": 0.3961141109466553
    },
    "63": {
        "score": 4.1171875,
        "runtime": 0.40813541412353516
    },
    "64": {
        "score": 3.763671875,
        "runtime": 0.4230623245239258
    },
    "65": {
        "score": 3.998046875,
        "runtime": 0.40053486824035645
    },
    "66": {
        "score": 4.13671875,
        "runtime": 0.39003682136535645
    },
    "67": {
        "score": 3.7265625,
        "runtime": 0.4025857448577881
    },
    "68": {
        "score": 3.95703125,
        "runtime": 0.3973710536956787
    },
    "69": {
        "score": 3.650390625,
        "runtime": 0.40888047218322754
    },
    "70": {
        "score": 3.572265625,
        "runtime": 0.3821146488189697
    },
    "71": {
        "score": 3.71484375,
        "runtime": 0.39435553550720215
    },
    "72": {
        "score": 4.328125,
        "runtime": 0.3889741897583008
    },
    "73": {
        "score": 3.78125,
        "runtime": 0.3784036636352539
    },
    "74": {
        "score": 3.951171875,
        "runtime": 0.4159433841705322
    },
    "75": {
        "score": 4.1953125,
        "runtime": 0.4140739440917969
    },
    "76": {
        "score": 3.4609375,
        "runtime": 0.3775460720062256
    },
    "77": {
        "score": 4.015625,
        "runtime": 0.3915998935699463
    },
    "78": {
        "score": 4.14453125,
        "runtime": 0.39812397956848145
    },
    "79": {
        "score": 3.833984375,
        "runtime": 0.4080965518951416
    },
    "80": {
        "score": 3.185546875,
        "runtime": 0.40311145782470703
    },
    "81": {
        "score": 4.09375,
        "runtime": 0.41539788246154785
    },
    "82": {
        "score": 3.75390625,
        "runtime": 0.4074516296386719
    },
    "83": {
        "score": 3.44140625,
        "runtime": 0.40546536445617676
    },
    "84": {
        "score": 3.970703125,
        "runtime": 0.3999648094177246
    },
    "85": {
        "score": 3.951171875,
        "runtime": 0.41126036643981934
    },
    "86": {
        "score": 4.203125,
        "runtime": 0.40424203872680664
    },
    "87": {
        "score": 4.09375,
        "runtime": 0.3999459743499756
    },
    "88": {
        "score": 4.1484375,
        "runtime": 0.4125382900238037
    },
    "89": {
        "score": 3.44140625,
        "runtime": 0.414060115814209
    },
    "90": {
        "score": 4.03515625,
        "runtime": 0.3985421657562256
    },
    "91": {
        "score": 4.421875,
        "runtime": 0.39692139625549316
    },
    "92": {
        "score": 2.822265625,
        "runtime": 0.4133923053741455
    },