{
    "0": {
        "score": 3.6640625,
        "runtime": 0.4231271743774414
    },
    "1": {
        "score": 3.76171875,
        "runtime": 0.4521472454071045
    },
    "2": {
        "score": 3.779296875,
        "runtime": 0.449965238571167
    },
    "3": {
        "score": 4.25,
        "runtime": 0.4347078800201416
    },
    "4": {
        "score": 3.294921875,
        "runtime": 0.40557003021240234
    },
    "5": {
        "score": 3.86328125,
        "runtime": 0.40186357498168945
    },
    "7": {
        "score": 3.951171875,
        "runtime": 0.3737306594848633
    },
    "6": {
        "score": 3.87890625,
        "runtime": 0.40426206588745117
    },
    "8": {
        "score": 4.12890625,
        "runtime": 0.37591052055358887
    },
    "10": {
        "score": 3.791015625,
        "runtime": 0.39268064498901367
    },
    "9": {
        "score": 4.0078125,
        "runtime": 0.4021899700164795
    },
    "11": {
        "score": 3.76953125,
        "runtime": 0.37567806243896484
    },
    "12": {
        "score": 4.078125,
        "runtime": 0.39055824279785156
    },
    "13": {
        "score": 3.7109375,
        "runtime": 0.38037896156311035
    },
    "14": {
        "score": 4.3828125,
        "runtime": 0.3918931484222412
    },
    "15": {
        "score": 4.0859375,
        "runtime": 0.4104030132293701
    },
    "16": {
        "score": 4.2109375,
        "runtime": 0.38779425621032715
    },
    "17": {
        "score": 3.341796875,
        "runtime": 0.3993797302246094
    },
    "18": {
        "score": 3.703125,
        "runtime": 0.3948545455932617
    },
    "19": {
        "score": 3.86328125,
        "runtime": 0.39736104011535645
    },
    "20": {
        "score": 3.876953125,
        "runtime": 0.3980238437652588
    },
    "21": {
        "score": 3.482421875,
        "runtime": 0.40978240966796875
    },
    "22": {
        "score": 3.859375,
        "runtime": 0.3957023620605469
    },
    "23": {
        "score": 4.3203125,
        "runtime": 0.3778247833251953
    },
    "24": {
        "score": 3.98828125,
        "runtime": 0.3871760368347168
    },
    "25": {
        "score": 3.87109375,
        "runtime": 0.38791823387145996
    },
    "27": {
        "score": 3.73046875,
        "runtime": 0.4053959846496582
    },
    "26": {
        "score": 4.33203125,
        "runtime": 0.4199709892272949
    },
    "28": {
        "score": 3.30859375,
        "runtime": 0.3787095546722412
    },
    "29": {
        "score": 3.9375,
        "runtime": 0.40138936042785645
    },
    "30": {
        "score": 3.89453125,
        "runtime": 0.38932347297668457
    },
    "31": {
        "score": 3.208984375,
        "runtime": 0.391890287399292
    },
    "32": {
        "score": 4.15234375,
        "runtime": 0.38877296447753906
    },
    "33": {
        "score": 4.22265625,
        "runtime": 0.37995290756225586
    },
    "34": {
        "score": 4.3203125,
        "runtime": 0.38440632820129395
    },
    "35": {
        "score": 4.2578125,
        "runtime": 0.39295029640197754
    },
    "36": {
        "score": 4.09375,
        "runtime": 0.39894676208496094
    },
    "37": {
        "score": 3.71875,
        "runtime": 0.3941049575805664
    },
    "38": {
        "score": 3.85546875,
        "runtime": 0.40841245651245117
    },
    "39": {
        "score": 4.43359375,
        "runtime": 0.38083624839782715
    },
    "40": {
        "score": 3.9296875,
        "runtime": 0.3981189727783203
    },
    "41": {
        "score": 3.998046875,
        "runtime": 0.3884096145629883
    },
    "42": {
        "score": 3.53515625,
        "runtime": 0.3870556354522705
    },
    "43": {
        "score": 3.28515625,
        "runtime": 0.3980891704559326
    },
    "44": {
        "score": 3.9140625,
        "runtime": 0.38666510581970215
    },
    "45": {
        "score": 3.712890625,
        "runtime": 0.4124014377593994
    },
    "46": {
        "score": 4.06640625,
        "runtime": 0.3964974880218506
    },
    "47": {
        "score": 3.720703125,
        "runtime": 0.3774731159210205
    },
    "48": {
        "score": 3.939453125,
        "runtime": 0.39911389350891113
    },
    "49": {
        "score": 3.8671875,
        "runtime": 0.383164644241333
    },
    "51": {
        "score": 3.6796875,
        "runtime": 0.38771820068359375
    },
    "50": {
        "score": 3.85546875,
        "runtime": 0.40827512741088867
    },
    "52": {
        "score": 3.513671875,
        "runtime": 0.39679384231567383
    },
    "53": {
        "score": 4.1171875,
        "runtime": 0.4112541675567627
    },
    "54": {
        "score": 3.92578125,
        "runtime": 0.3930637836456299
    },
    "55": {
        "score": 3.6328125,
        "runtime": 0.3965456485748291
    },
    "56": {
        "score": 4.0234375,
        "runtime": 0.41916704177856445
    },
    "57": {
        "score": 3.7890625,
        "runtime": 0.40012621879577637
    },
    "58": {
        "score": 3.96484375,
        "runtime": 0.40068602561950684
    },
    "59": {
        "score": 3.880859375,
        "runtime": 0.3931286334991455
    },
    "60": {
        "score": 3.814453125,
        "runtime": 0.39963746070861816
    },
    "61": {
        "score": 3.1796875,
        "runtime": 0.39958977699279785
    },
    "62": {
        "score": 4.03515625,
        "runtime": 0.3919665813446045
    },
    "63": {
        "score": 4.1171875,
        "runtime": 0.38144969940185547
    },
    "64": {
        "score": 3.763671875,
        "runtime": 0.41960811614990234
    },
    "65": {
        "score": 3.998046875,
        "runtime": 0.400623083114624
    },
    "67": {
        "score": 3.7265625,
        "runtime": 0.39007091522216797
    },
    "66": {
        "score": 3.759765625,
        "runtime": 0.4005861282348633
    },
    "68": {
        "score": 3.95703125,
        "runtime": 0.4086344242095947
    },
    "69": {
        "score": 3.650390625,
        "runtime": 0.3996727466583252
    },
    "70": {
        "score": 3.572265625,
        "runtime": 0.389232873916626
    },
    "71": {
        "score": 3.681640625,
        "runtime": 0.4094693660736084
    },
    "72": {
        "score": 4.33203125,
        "runtime": 0.3809170722961426
    },
    "73": {
        "score": 3.78125,
        "runtime": 0.3856320381164551
    },
    "74": {
        "score": 3.951171875,
        "runtime": 0.4035062789916992
    },
    "75": {
        "score": 4.1953125,
        "runtime": 0.4086153507232666
    },
    "76": {
        "score": 3.4609375,
        "runtime": 0.41597843170166016
    },
    "77": {
        "score": 4.00390625,
        "runtime": 0.4052917957305908
    },
    "78": {
        "score": 4.14453125,
        "runtime": 0.395186185836792
    },
    "79": {
        "score": 3.880859375,
        "runtime": 0.3915877342224121
    },
    "80": {
        "score": 3.185546875,
        "runtime": 0.3770160675048828
    },
    "81": {
        "score": 4.09375,
        "runtime": 0.3967599868774414
    },
    "82": {
        "score": 3.779296875,
        "runtime": 0.40027499198913574
    },
    "83": {
        "score": 3.439453125,
        "runtime": 0.39470624923706055
    },
    "84": {
        "score": 3.970703125,
        "runtime": 0.40199828147888184
    },
    "85": {
        "score": 3.951171875,
        "runtime": 0.3987143039703369
    },
    "86": {
        "score": 4.203125,
        "runtime": 0.39467692375183105
    },
    "87": {
        "score": 4.05078125,
        "runtime": 0.38770508766174316
    },
    "88": {
        "score": 4.1484375,
        "runtime": 0.400285005569458
    },
    "89": {
        "score": 3.44140625,
        "runtime": 0.39598822593688965
    },
    "90": {
        "score": 4.03515625,
        "runtime": 0.4034254550933838
    },
    "91": {
        "score": 4.421875,
        "runtime": 0.38152050971984863
    },
    "92": {
        "score": 2.822265625,
        "runtime": 0.3911144733428955
    },