{
    "2": {
        "score": 3.779296875,
        "runtime": 0.464444637298584
    },
    "3": {
        "score": 4.25,
        "runtime": 0.4644145965576172
    },
    "0": {
        "score": 3.6640625,
        "runtime": 0.4559011459350586
    },
    "1": {
        "score": 3.76171875,
        "runtime": 0.4504048824310303
    },
    "4": {
        "score": 3.294921875,
        "runtime": 0.40007805824279785
    },
    "5": {
        "score": 3.861328125,
        "runtime": 0.37003064155578613
    },
    "6": {
        "score": 3.869140625,
        "runtime": 0.37203097343444824
    },
    "7": {
        "score": 3.951171875,
        "runtime": 0.3760986328125
    },
    "8": {
        "score": 4.12890625,
        "runtime": 0.38925600051879883
    },
    "9": {
        "score": 4.0078125,
        "runtime": 0.39577150344848633
    },
    "10": {
        "score": 3.779296875,
        "runtime": 0.3802220821380615
    },
    "11": {
        "score": 3.76953125,
        "runtime": 0.38778114318847656
    },
    "14": {
        "score": 4.3828125,
        "runtime": 0.39405226707458496
    },
    "12": {
        "score": 4.078125,
        "runtime": 0.41837573051452637
    },
    "13": {
        "score": 3.7109375,
        "runtime": 0.40136051177978516
    },
    "15": {
        "score": 4.0859375,
        "runtime": 0.40297913551330566
    },
    "16": {
        "score": 4.15625,
        "runtime": 0.38717031478881836
    },
    "17": {
        "score": 3.341796875,
        "runtime": 0.389676570892334
    },
    "18": {
        "score": 3.703125,
        "runtime": 0.39869117736816406
    },
    "19": {
        "score": 3.86328125,
        "runtime": 0.3886702060699463
    },
    "21": {
        "score": 3.482421875,
        "runtime": 0.4012322425842285
    },
    "20": {
        "score": 3.876953125,
        "runtime": 0.4122586250305176
    },
    "22": {
        "score": 3.859375,
        "runtime": 0.3956618309020996
    },
    "23": {
        "score": 4.3203125,
        "runtime": 0.37663912773132324
    },
    "24": {
        "score": 3.98828125,
        "runtime": 0.38723134994506836
    },
    "25": {
        "score": 3.87109375,
        "runtime": 0.3992493152618408
    },
    "27": {
        "score": 3.73046875,
        "runtime": 0.39627575874328613
    },
    "26": {
        "score": 4.33203125,
        "runtime": 0.4042775630950928
    },
    "28": {
        "score": 3.30859375,
        "runtime": 0.39107847213745117
    },
    "29": {
        "score": 3.9375,
        "runtime": 0.397172212600708
    },
    "30": {
        "score": 3.89453125,
        "runtime": 0.3926661014556885
    },
    "31": {
        "score": 3.208984375,
        "runtime": 0.4126911163330078
    },
    "32": {
        "score": 4.15234375,
        "runtime": 0.40125393867492676
    },
    "33": {
        "score": 4.22265625,
        "runtime": 0.37898874282836914
    },
    "34": {
        "score": 4.3203125,
        "runtime": 0.3782927989959717
    },
    "35": {
        "score": 4.2578125,
        "runtime": 0.40111589431762695
    },
    "37": {
        "score": 3.71875,
        "runtime": 0.38657712936401367
    },
    "38": {
        "score": 3.85546875,
        "runtime": 0.37610816955566406
    },
    "36": {
        "score": 4.09375,
        "runtime": 0.4086470603942871
    },
    "39": {
        "score": 4.43359375,
        "runtime": 0.3845329284667969
    },
    "41": {
        "score": 3.998046875,
        "runtime": 0.3929626941680908
    },
    "42": {
        "score": 3.53515625,
        "runtime": 0.40107154846191406
    },
    "40": {
        "score": 3.9296875,
        "runtime": 0.4286048412322998
    },
    "43": {
        "score": 3.28515625,
        "runtime": 0.39503931999206543
    },
    "44": {
        "score": 3.9140625,
        "runtime": 0.3898181915283203
    },
    "46": {
        "score": 4.06640625,
        "runtime": 0.3842744827270508
    },
    "45": {
        "score": 3.69921875,
        "runtime": 0.40786075592041016
    },
    "47": {
        "score": 3.7265625,
        "runtime": 0.3832533359527588
    },
    "48": {
        "score": 3.939453125,
        "runtime": 0.38712191581726074
    },
    "49": {
        "score": 3.876953125,
        "runtime": 0.38092970848083496
    },
    "50": {
        "score": 3.85546875,
        "runtime": 0.39795899391174316
    },
    "51": {
        "score": 3.6796875,
        "runtime": 0.40802001953125
    },
    "52": {
        "score": 3.513671875,
        "runtime": 0.38309693336486816
    },
    "53": {
        "score": 4.1171875,
        "runtime": 0.39857912063598633
    },
    "54": {
        "score": 3.92578125,
        "runtime": 0.4085581302642822
    },
    "55": {
        "score": 3.6328125,
        "runtime": 0.3855130672454834
    },
    "56": {
        "score": 4.03515625,
        "runtime": 0.40025758743286133
    },
    "57": {
        "score": 3.7890625,
        "runtime": 0.40276145935058594
    },
    "58": {
        "score": 3.96484375,
        "runtime": 0.37514495849609375
    },
    "59": {
        "score": 3.94140625,
        "runtime": 0.40674710273742676
    },
    "60": {
        "score": 3.814453125,
        "runtime": 0.40365123748779297
    },
    "61": {
        "score": 3.1796875,
        "runtime": 0.3936643600463867
    },
    "62": {
        "score": 4.03515625,
        "runtime": 0.38864612579345703
    },
    "63": {
        "score": 4.1171875,
        "runtime": 0.3886244297027588
    },
    "64": {
        "score": 3.763671875,
        "runtime": 0.3991231918334961
    },
    "65": {
        "score": 3.998046875,
        "runtime": 0.39513707160949707
    },
    "66": {
        "score": 4.13671875,
        "runtime": 0.3956410884857178
    },
    "67": {
        "score": 3.7265625,
        "runtime": 0.4026508331298828
    },
    "68": {
        "score": 3.95703125,
        "runtime": 0.3863372802734375
    },
    "69": {
        "score": 3.650390625,
        "runtime": 0.38984155654907227
    },
    "70": {
        "score": 3.572265625,
        "runtime": 0.3793370723724365
    },
    "71": {
        "score": 3.65234375,
        "runtime": 0.40036797523498535
    },
    "72": {
        "score": 4.33203125,
        "runtime": 0.3876338005065918
    },
    "73": {
        "score": 3.78125,
        "runtime": 0.39208078384399414
    },
    "74": {
        "score": 3.951171875,
        "runtime": 0.38908934593200684
    },
    "75": {
        "score": 4.1953125,
        "runtime": 0.4031038284301758
    },
    "76": {
        "score": 3.4609375,
        "runtime": 0.38454437255859375
    },
    "77": {
        "score": 4.00390625,
        "runtime": 0.3845643997192383
    },
    "78": {
        "score": 4.14453125,
        "runtime": 0.4051351547241211
    },
    "79": {
        "score": 3.880859375,
        "runtime": 0.3755965232849121
    },
    "80": {
        "score": 3.185546875,
        "runtime": 0.3976109027862549
    },
    "81": {
        "score": 4.09375,
        "runtime": 0.3865470886230469
    },
    "82": {
        "score": 3.779296875,
        "runtime": 0.3955507278442383
    },
    "83": {
        "score": 3.439453125,
        "runtime": 0.40306591987609863
    },
    "84": {
        "score": 3.970703125,
        "runtime": 0.38504695892333984
    },
    "85": {
        "score": 3.951171875,
        "runtime": 0.3980591297149658
    },
    "86": {
        "score": 4.203125,
        "runtime": 0.39307093620300293
    },
    "87": {
        "score": 4.05078125,
        "runtime": 0.389554500579834
    },
    "88": {
        "score": 4.1484375,
        "runtime": 0.38407397270202637
    },
    "89": {
        "score": 3.44140625,
        "runtime": 0.3956174850463867
    },
    "90": {
        "score": 4.03515625,
        "runtime": 0.388136625289917
    },
    "91": {
        "score": 4.421875,
        "runtime": 0.40113067626953125
    },
    "92": {
        "score": 2.822265625,
        "runtime": 0.38495564460754395
    },