{
    "0": {
        "score": 3.6640625,
        "runtime": 0.4267292022705078
    },
    "3": {
        "score": 4.25,
        "runtime": 0.47200655937194824
    },
    "1": {
        "score": 3.76171875,
        "runtime": 0.46041178703308105
    },
    "2": {
        "score": 3.779296875,
        "runtime": 0.4596433639526367
    },
    "4": {
        "score": 3.294921875,
        "runtime": 0.40481090545654297
    },
    "5": {
        "score": 3.86328125,
        "runtime": 0.396099328994751
    },
    "6": {
        "score": 3.869140625,
        "runtime": 0.3905932903289795
    },
    "7": {
        "score": 3.951171875,
        "runtime": 0.37506580352783203
    },
    "8": {
        "score": 4.12890625,
        "runtime": 0.3767130374908447
    },
    "11": {
        "score": 3.76953125,
        "runtime": 0.3925750255584717
    },
    "10": {
        "score": 3.779296875,
        "runtime": 0.40508556365966797
    },
    "9": {
        "score": 4.0078125,
        "runtime": 0.41359710693359375
    },
    "12": {
        "score": 4.078125,
        "runtime": 0.39145874977111816
    },
    "13": {
        "score": 3.7109375,
        "runtime": 0.3885164260864258
    },
    "14": {
        "score": 4.3828125,
        "runtime": 0.3941798210144043
    },
    "15": {
        "score": 4.0859375,
        "runtime": 0.4147639274597168
    },
    "16": {
        "score": 4.15625,
        "runtime": 0.39241480827331543
    },
    "17": {
        "score": 3.34375,
        "runtime": 0.3966696262359619
    },
    "18": {
        "score": 3.703125,
        "runtime": 0.3801610469818115
    },
    "19": {
        "score": 3.86328125,
        "runtime": 0.3632175922393799
    },
    "20": {
        "score": 3.876953125,
        "runtime": 0.39780116081237793
    },
    "22": {
        "score": 3.859375,
        "runtime": 0.3796236515045166
    },
    "21": {
        "score": 3.482421875,
        "runtime": 0.4157416820526123
    },
    "23": {
        "score": 4.3203125,
        "runtime": 0.39013195037841797
    },
    "24": {
        "score": 3.98828125,
        "runtime": 0.39316725730895996
    },
    "25": {
        "score": 3.87109375,
        "runtime": 0.38658952713012695
    },
    "26": {
        "score": 4.33203125,
        "runtime": 0.3880941867828369
    },
    "27": {
        "score": 3.73046875,
        "runtime": 0.368072509765625
    },
    "28": {
        "score": 3.30859375,
        "runtime": 0.4153897762298584
    },
    "29": {
        "score": 3.9375,
        "runtime": 0.3799479007720947
    },
    "31": {
        "score": 3.208984375,
        "runtime": 0.388866662979126
    },
    "30": {
        "score": 3.89453125,
        "runtime": 0.3933720588684082
    },
    "32": {
        "score": 4.1328125,
        "runtime": 0.3727414608001709
    },
    "33": {
        "score": 4.22265625,
        "runtime": 0.4157063961029053
    },
    "35": {
        "score": 4.2578125,
        "runtime": 0.383167028427124
    },
    "34": {
        "score": 4.3203125,
        "runtime": 0.3941798210144043
    },
    "36": {
        "score": 4.09375,
        "runtime": 0.3847165107727051
    },
    "37": {
        "score": 3.71875,
        "runtime": 0.38385868072509766
    },
    "38": {
        "score": 3.85546875,
        "runtime": 0.4178943634033203
    },
    "39": {
        "score": 4.43359375,
        "runtime": 0.4038732051849365
    },
    "40": {
        "score": 3.9296875,
        "runtime": 0.40642499923706055
    },
    "41": {
        "score": 3.998046875,
        "runtime": 0.4080369472503662
    },
    "43": {
        "score": 3.28515625,
        "runtime": 0.38179683685302734
    },
    "42": {
        "score": 3.53515625,
        "runtime": 0.40381407737731934
    },
    "44": {
        "score": 3.9140625,
        "runtime": 0.38425207138061523
    },
    "45": {
        "score": 3.712890625,
        "runtime": 0.39911937713623047
    },
    "46": {
        "score": 4.06640625,
        "runtime": 0.39119982719421387
    },
    "47": {
        "score": 3.7265625,
        "runtime": 0.3861961364746094
    },
    "48": {
        "score": 3.939453125,
        "runtime": 0.39781618118286133
    },
    "49": {
        "score": 3.876953125,
        "runtime": 0.3894383907318115
    },
    "50": {
        "score": 3.85546875,
        "runtime": 0.38155245780944824
    },
    "51": {
        "score": 3.6796875,
        "runtime": 0.3880620002746582
    },
    "52": {
        "score": 3.513671875,
        "runtime": 0.4031829833984375
    },
    "53": {
        "score": 4.1171875,
        "runtime": 0.39259839057922363
    },
    "55": {
        "score": 3.6328125,
        "runtime": 0.38118529319763184
    },
    "54": {
        "score": 3.92578125,
        "runtime": 0.4012024402618408
    },
    "56": {
        "score": 4.0390625,
        "runtime": 0.392963171005249
    },
    "57": {
        "score": 3.7890625,
        "runtime": 0.409501314163208
    },
    "58": {
        "score": 3.96484375,
        "runtime": 0.3676333427429199
    },
    "59": {
        "score": 3.880859375,
        "runtime": 0.39037418365478516
    },
    "60": {
        "score": 3.814453125,
        "runtime": 0.3904590606689453
    },
    "61": {
        "score": 3.1796875,
        "runtime": 0.39105844497680664
    },
    "62": {
        "score": 4.03515625,
        "runtime": 0.37806153297424316
    },
    "63": {
        "score": 4.1171875,
        "runtime": 0.3903324604034424
    },
    "64": {
        "score": 3.763671875,
        "runtime": 0.3979525566101074
    },
    "65": {
        "score": 3.998046875,
        "runtime": 0.37679481506347656
    },
    "66": {
        "score": 4.13671875,
        "runtime": 0.3968384265899658
    },
    "67": {
        "score": 3.7265625,
        "runtime": 0.40290260314941406
    },
    "68": {
        "score": 3.95703125,
        "runtime": 0.3780336380004883
    },
    "69": {
        "score": 3.650390625,
        "runtime": 0.3858633041381836
    },
    "70": {
        "score": 3.572265625,
        "runtime": 0.3887207508087158
    },
    "71": {
        "score": 3.65234375,
        "runtime": 0.3927912712097168
    },
    "72": {
        "score": 4.33203125,
        "runtime": 0.3955068588256836
    },
    "73": {
        "score": 3.78125,
        "runtime": 0.40457677841186523
    },
    "74": {
        "score": 3.951171875,
        "runtime": 0.4010181427001953
    },
    "75": {
        "score": 4.1953125,
        "runtime": 0.37648653984069824
    },
    "76": {
        "score": 3.4609375,
        "runtime": 0.3943142890930176
    },
    "77": {
        "score": 4.015625,
        "runtime": 0.3948192596435547
    },
    "79": {
        "score": 3.833984375,
        "runtime": 0.37441587448120117
    },
    "78": {
        "score": 4.14453125,
        "runtime": 0.407930850982666
    },
    "80": {
        "score": 3.185546875,
        "runtime": 0.3715682029724121
    },
    "81": {
        "score": 4.09765625,
        "runtime": 0.37857627868652344
    },
    "82": {
        "score": 3.779296875,
        "runtime": 0.40637826919555664
    },
    "83": {
        "score": 3.439453125,
        "runtime": 0.3986082077026367
    },
    "84": {
        "score": 3.970703125,
        "runtime": 0.38048338890075684
    },
    "85": {
        "score": 3.951171875,
        "runtime": 0.3760526180267334
    },
    "86": {
        "score": 4.203125,
        "runtime": 0.3850822448730469
    },
    "87": {
        "score": 4.09375,
        "runtime": 0.40109825134277344
    },
    "88": {
        "score": 4.1484375,
        "runtime": 0.38899803161621094
    },
    "89": {
        "score": 3.44140625,
        "runtime": 0.39357519149780273
    },
    "90": {
        "score": 4.03515625,
        "runtime": 0.3935585021972656
    },
    "91": {
        "score": 4.421875,
        "runtime": 0.39968371391296387
    },
    "92": {
        "score": 2.822265625,
        "runtime": 0.39767026901245117
    },