{
    "3": {
        "score": 4.25,
        "runtime": 0.4577815532684326
    },
    "2": {
        "score": 3.779296875,
        "runtime": 0.46229028701782227
    },
    "1": {
        "score": 3.76171875,
        "runtime": 0.44694972038269043
    },
    "0": {
        "score": 3.6640625,
        "runtime": 0.4670133590698242
    },
    "4": {
        "score": 3.294921875,
        "runtime": 0.38995885848999023
    },
    "7": {
        "score": 3.951171875,
        "runtime": 0.36754727363586426
    },
    "5": {
        "score": 3.86328125,
        "runtime": 0.4045829772949219
    },
    "6": {
        "score": 3.87890625,
        "runtime": 0.3910958766937256
    },
    "8": {
        "score": 4.12890625,
        "runtime": 0.4044938087463379
    },
    "10": {
        "score": 3.779296875,
        "runtime": 0.38093018531799316
    },
    "9": {
        "score": 4.0078125,
        "runtime": 0.39394426345825195
    },
    "11": {
        "score": 3.76953125,
        "runtime": 0.3799281120300293
    },
    "12": {
        "score": 4.078125,
        "runtime": 0.3990805149078369
    },
    "13": {
        "score": 3.7109375,
        "runtime": 0.4010894298553467
    },
    "15": {
        "score": 4.0859375,
        "runtime": 0.3900609016418457
    },
    "14": {
        "score": 4.3828125,
        "runtime": 0.4086019992828369
    },
    "16": {
        "score": 4.15625,
        "runtime": 0.3777027130126953
    },
    "19": {
        "score": 3.86328125,
        "runtime": 0.391308069229126
    },
    "18": {
        "score": 3.703125,
        "runtime": 0.39931535720825195
    },
    "17": {
        "score": 3.341796875,
        "runtime": 0.41382288932800293
    },
    "20": {
        "score": 3.876953125,
        "runtime": 0.3847675323486328
    },
    "21": {
        "score": 3.482421875,
        "runtime": 0.3948557376861572
    },
    "22": {
        "score": 3.859375,
        "runtime": 0.3867921829223633
    },
    "23": {
        "score": 4.3203125,
        "runtime": 0.3753013610839844
    },
    "24": {
        "score": 3.98828125,
        "runtime": 0.40157556533813477
    },
    "25": {
        "score": 3.87109375,
        "runtime": 0.3695557117462158
    },
    "27": {
        "score": 3.73046875,
        "runtime": 0.3762400150299072
    },
    "26": {
        "score": 4.33203125,
        "runtime": 0.3953077793121338
    },
    "28": {
        "score": 3.30859375,
        "runtime": 0.3983907699584961
    },
    "29": {
        "score": 3.9140625,
        "runtime": 0.3926379680633545
    },
    "30": {
        "score": 3.89453125,
        "runtime": 0.38205790519714355
    },
    "31": {
        "score": 3.208984375,
        "runtime": 0.3895745277404785
    },
    "32": {
        "score": 4.15234375,
        "runtime": 0.3860962390899658
    },
    "33": {
        "score": 4.22265625,
        "runtime": 0.39663171768188477
    },
    "34": {
        "score": 4.3203125,
        "runtime": 0.40520787239074707
    },
    "35": {
        "score": 4.2578125,
        "runtime": 0.38921689987182617
    },
    "36": {
        "score": 4.09375,
        "runtime": 0.40451765060424805
    },
    "37": {
        "score": 3.71875,
        "runtime": 0.3798828125
    },
    "38": {
        "score": 3.85546875,
        "runtime": 0.3848912715911865
    },
    "39": {
        "score": 4.43359375,
        "runtime": 0.40187835693359375
    },
    "40": {
        "score": 3.9296875,
        "runtime": 0.3868529796600342
    },
    "41": {
        "score": 3.998046875,
        "runtime": 0.387876033782959
    },
    "42": {
        "score": 3.53515625,
        "runtime": 0.3880600929260254
    },
    "43": {
        "score": 3.28515625,
        "runtime": 0.38854217529296875
    },
    "44": {
        "score": 3.9140625,
        "runtime": 0.4298279285430908
    },
    "45": {
        "score": 3.69921875,
        "runtime": 0.3958454132080078
    },
    "46": {
        "score": 4.06640625,
        "runtime": 0.3803215026855469
    },
    "47": {
        "score": 3.7265625,
        "runtime": 0.38233089447021484
    },
    "48": {
        "score": 3.939453125,
        "runtime": 0.3881840705871582
    },
    "49": {
        "score": 3.876953125,
        "runtime": 0.38782167434692383
    },
    "50": {
        "score": 3.85546875,
        "runtime": 0.4018723964691162
    },
    "51": {
        "score": 3.6796875,
        "runtime": 0.37499046325683594
    },
    "52": {
        "score": 3.513671875,
        "runtime": 0.3889434337615967
    },
    "53": {
        "score": 4.1171875,
        "runtime": 0.40090417861938477
    },
    "54": {
        "score": 3.92578125,
        "runtime": 0.3868844509124756
    },
    "55": {
        "score": 3.6328125,
        "runtime": 0.41040849685668945
    },
    "56": {
        "score": 4.0390625,
        "runtime": 0.3854985237121582
    },
    "57": {
        "score": 3.7890625,
        "runtime": 0.4096684455871582
    },
    "58": {
        "score": 3.96484375,
        "runtime": 0.39778947830200195
    },
    "59": {
        "score": 3.880859375,
        "runtime": 0.40629005432128906
    },
    "60": {
        "score": 3.814453125,
        "runtime": 0.3929007053375244
    },
    "61": {
        "score": 3.1796875,
        "runtime": 0.3927464485168457
    },
    "62": {
        "score": 4.03515625,
        "runtime": 0.3923070430755615
    },
    "63": {
        "score": 4.1171875,
        "runtime": 0.3916010856628418
    },
    "64": {
        "score": 3.763671875,
        "runtime": 0.38711118698120117
    },
    "65": {
        "score": 3.998046875,
        "runtime": 0.39165687561035156
    },
    "66": {
        "score": 4.13671875,
        "runtime": 0.39847850799560547
    },
    "67": {
        "score": 3.818359375,
        "runtime": 0.3935506343841553
    },
    "68": {
        "score": 3.95703125,
        "runtime": 0.40860724449157715
    },
    "69": {
        "score": 3.650390625,
        "runtime": 0.3907482624053955
    },
    "70": {
        "score": 3.572265625,
        "runtime": 0.3812403678894043
    },
    "71": {
        "score": 3.65234375,
        "runtime": 0.402179479598999
    },
    "72": {
        "score": 4.33203125,
        "runtime": 0.38904547691345215
    },
    "74": {
        "score": 3.951171875,
        "runtime": 0.39268946647644043
    },
    "73": {
        "score": 3.78125,
        "runtime": 0.42021632194519043
    },
    "75": {
        "score": 4.1953125,
        "runtime": 0.3861567974090576
    },
    "76": {
        "score": 3.4609375,
        "runtime": 0.3800010681152344
    },
    "78": {
        "score": 4.14453125,
        "runtime": 0.4010295867919922
    },
    "77": {
        "score": 4.015625,
        "runtime": 0.42211174964904785
    },
    "79": {
        "score": 3.833984375,
        "runtime": 0.4016566276550293
    },
    "80": {
        "score": 3.185546875,
        "runtime": 0.3723785877227783
    },
    "81": {
        "score": 4.09765625,
        "runtime": 0.3804802894592285
    },
    "82": {
        "score": 3.779296875,
        "runtime": 0.37907958030700684
    },
    "83": {
        "score": 3.439453125,
        "runtime": 0.41083717346191406
    },
    "84": {
        "score": 3.970703125,
        "runtime": 0.41141700744628906
    },
    "85": {
        "score": 3.951171875,
        "runtime": 0.3788013458251953
    },
    "86": {
        "score": 4.203125,
        "runtime": 0.38928651809692383
    },
    "87": {
        "score": 4.05078125,
        "runtime": 0.39046144485473633
    },
    "88": {
        "score": 4.1484375,
        "runtime": 0.38292407989501953
    },
    "89": {
        "score": 3.44140625,
        "runtime": 0.4055922031402588
    },
    "90": {
        "score": 4.03515625,
        "runtime": 0.3804028034210205
    },
    "91": {
        "score": 4.421875,
        "runtime": 0.3938589096069336
    },
    "92": {
        "score": 2.822265625,
        "runtime": 0.38203883171081543
    },