{
    "1": {
        "score": 3.76171875,
        "runtime": 0.45067453384399414
    },
    "3": {
        "score": 4.25,
        "runtime": 0.45229458808898926
    },
    "2": {
        "score": 3.779296875,
        "runtime": 0.4678499698638916
    },
    "0": {
        "score": 3.6640625,
        "runtime": 0.46133947372436523
    },
    "4": {
        "score": 3.294921875,
        "runtime": 0.3921549320220947
    },
    "5": {
        "score": 3.86328125,
        "runtime": 0.38915157318115234
    },
    "6": {
        "score": 3.87890625,
        "runtime": 0.3753809928894043
    },
    "7": {
        "score": 3.951171875,
        "runtime": 0.39740681648254395
    },
    "8": {
        "score": 4.12890625,
        "runtime": 0.38346266746520996
    },
    "9": {
        "score": 4.0078125,
        "runtime": 0.3855326175689697
    },
    "10": {
        "score": 3.779296875,
        "runtime": 0.4070613384246826
    },
    "11": {
        "score": 3.76953125,
        "runtime": 0.384044885635376
    },
    "12": {
        "score": 4.078125,
        "runtime": 0.4078969955444336
    },
    "13": {
        "score": 3.7109375,
        "runtime": 0.4073491096496582
    },
    "14": {
        "score": 4.3828125,
        "runtime": 0.42542314529418945
    },
    "15": {
        "score": 4.0859375,
        "runtime": 0.4174184799194336
    },
    "16": {
        "score": 4.15625,
        "runtime": 0.3911259174346924
    },
    "17": {
        "score": 3.34375,
        "runtime": 0.3871457576751709
    },
    "18": {
        "score": 3.703125,
        "runtime": 0.38621068000793457
    },
    "19": {
        "score": 3.86328125,
        "runtime": 0.39822912216186523
    },
    "20": {
        "score": 3.876953125,
        "runtime": 0.393033504486084
    },
    "21": {
        "score": 3.482421875,
        "runtime": 0.3843822479248047
    },
    "22": {
        "score": 3.859375,
        "runtime": 0.39958715438842773
    },
    "23": {
        "score": 4.3203125,
        "runtime": 0.40255045890808105
    },
    "24": {
        "score": 3.98828125,
        "runtime": 0.38972020149230957
    },
    "25": {
        "score": 3.87109375,
        "runtime": 0.3687012195587158
    },
    "26": {
        "score": 4.33203125,
        "runtime": 0.3825094699859619
    },
    "27": {
        "score": 3.73046875,
        "runtime": 0.40766239166259766
    },
    "28": {
        "score": 3.30859375,
        "runtime": 0.3847236633300781
    },
    "29": {
        "score": 3.9375,
        "runtime": 0.3917264938354492
    },
    "30": {
        "score": 3.89453125,
        "runtime": 0.38475632667541504
    },
    "31": {
        "score": 3.208984375,
        "runtime": 0.40222787857055664
    },
    "32": {
        "score": 4.15234375,
        "runtime": 0.3902621269226074
    },
    "33": {
        "score": 4.22265625,
        "runtime": 0.3787562847137451
    },
    "34": {
        "score": 4.3203125,
        "runtime": 0.3938252925872803
    },
    "35": {
        "score": 4.2578125,
        "runtime": 0.40518712997436523
    },
    "37": {
        "score": 3.71875,
        "runtime": 0.3779454231262207
    },
    "36": {
        "score": 4.09375,
        "runtime": 0.39266324043273926
    },
    "38": {
        "score": 3.85546875,
        "runtime": 0.39913392066955566
    },
    "39": {
        "score": 4.43359375,
        "runtime": 0.41359424591064453
    },
    "40": {
        "score": 3.9296875,
        "runtime": 0.3920309543609619
    },
    "41": {
        "score": 3.998046875,
        "runtime": 0.37500715255737305
    },
    "42": {
        "score": 3.53515625,
        "runtime": 0.3933999538421631
    },
    "43": {
        "score": 3.28515625,
        "runtime": 0.39095640182495117
    },
    "44": {
        "score": 3.9140625,
        "runtime": 0.38573408126831055
    },
    "45": {
        "score": 3.69921875,
        "runtime": 0.39423561096191406
    },
    "46": {
        "score": 4.06640625,
        "runtime": 0.41321730613708496
    },
    "47": {
        "score": 3.7265625,
        "runtime": 0.39252710342407227
    },
    "48": {
        "score": 3.939453125,
        "runtime": 0.39300036430358887
    },
    "49": {
        "score": 3.876953125,
        "runtime": 0.4090123176574707
    },
    "50": {
        "score": 3.85546875,
        "runtime": 0.3759274482727051
    },
    "51": {
        "score": 3.6796875,
        "runtime": 0.38616085052490234
    },
    "52": {
        "score": 3.513671875,
        "runtime": 0.39116930961608887
    },
    "53": {
        "score": 4.1171875,
        "runtime": 0.4046804904937744
    },
    "54": {
        "score": 3.92578125,
        "runtime": 0.3751339912414551
    },
    "55": {
        "score": 3.6328125,
        "runtime": 0.39121007919311523
    },
    "56": {
        "score": 4.0390625,
        "runtime": 0.4089066982269287
    },
    "57": {
        "score": 3.7890625,
        "runtime": 0.373868465423584
    },
    "58": {
        "score": 3.96484375,
        "runtime": 0.38683223724365234
    },
    "59": {
        "score": 3.880859375,
        "runtime": 0.37806153297424316
    },
    "60": {
        "score": 3.814453125,
        "runtime": 0.3980255126953125
    },
    "61": {
        "score": 3.1796875,
        "runtime": 0.38548707962036133
    },
    "62": {
        "score": 4.03515625,
        "runtime": 0.3781619071960449
    },
    "63": {
        "score": 4.1171875,
        "runtime": 0.3912239074707031
    },
    "64": {
        "score": 3.763671875,
        "runtime": 0.38598060607910156
    },
    "65": {
        "score": 3.998046875,
        "runtime": 0.3943805694580078
    },
    "66": {
        "score": 4.13671875,
        "runtime": 0.3903038501739502
    },
    "67": {
        "score": 3.7265625,
        "runtime": 0.404665470123291
    },
    "68": {
        "score": 3.95703125,
        "runtime": 0.4014577865600586
    },
    "69": {
        "score": 3.650390625,
        "runtime": 0.3874983787536621
    },
    "70": {
        "score": 3.572265625,
        "runtime": 0.37386560440063477
    },
    "71": {
        "score": 3.65234375,
        "runtime": 0.38362860679626465
    },
    "72": {
        "score": 4.33203125,
        "runtime": 0.38721728324890137
    },
    "74": {
        "score": 3.951171875,
        "runtime": 0.38082051277160645
    },
    "73": {
        "score": 3.78125,
        "runtime": 0.40283823013305664
    },
    "75": {
        "score": 4.1953125,
        "runtime": 0.40180039405822754
    },
    "76": {
        "score": 3.4609375,
        "runtime": 0.40197205543518066
    },
    "78": {
        "score": 4.14453125,
        "runtime": 0.38902926445007324
    },
    "77": {
        "score": 4.015625,
        "runtime": 0.3975343704223633
    },
    "79": {
        "score": 3.880859375,
        "runtime": 0.383502721786499
    },
    "80": {
        "score": 3.185546875,
        "runtime": 0.3977088928222656
    },
    "82": {
        "score": 3.779296875,
        "runtime": 0.38945960998535156
    },
    "81": {
        "score": 4.09765625,
        "runtime": 0.39996814727783203
    },
    "83": {
        "score": 3.439453125,
        "runtime": 0.402374267578125
    },
    "84": {
        "score": 3.970703125,
        "runtime": 0.38755154609680176
    },
    "86": {
        "score": 4.203125,
        "runtime": 0.3815596103668213
    },
    "85": {
        "score": 3.951171875,
        "runtime": 0.40410876274108887
    },
    "87": {
        "score": 4.05078125,
        "runtime": 0.40932297706604004
    },
    "88": {
        "score": 4.1484375,
        "runtime": 0.40480566024780273
    },
    "89": {
        "score": 3.44140625,
        "runtime": 0.3741772174835205
    },
    "90": {
        "score": 4.03515625,
        "runtime": 0.390594482421875
    },
    "91": {
        "score": 4.421875,
        "runtime": 0.3942582607269287
    },
    "92": {
        "score": 2.822265625,
        "runtime": 0.3772776126861572
    },