{
    "0": {
        "score": 3.6640625,
        "runtime": 0.4467921257019043
    },
    "3": {
        "score": 4.25,
        "runtime": 0.46120452880859375
    },
    "1": {
        "score": 3.76171875,
        "runtime": 0.4547085762023926
    },
    "2": {
        "score": 3.779296875,
        "runtime": 0.48374366760253906
    },
    "4": {
        "score": 3.294921875,
        "runtime": 0.39167237281799316
    },
    "5": {
        "score": 3.86328125,
        "runtime": 0.38815927505493164
    },
    "6": {
        "score": 3.869140625,
        "runtime": 0.39867329597473145
    },
    "7": {
        "score": 3.951171875,
        "runtime": 0.4042198657989502
    },
    "8": {
        "score": 4.12890625,
        "runtime": 0.40117764472961426
    },
    "9": {
        "score": 4.0078125,
        "runtime": 0.3962893486022949
    },
    "10": {
        "score": 3.779296875,
        "runtime": 0.392733097076416
    },
    "11": {
        "score": 3.76953125,
        "runtime": 0.3837912082672119
    },
    "12": {
        "score": 4.078125,
        "runtime": 0.42574095726013184
    },
    "13": {
        "score": 3.7109375,
        "runtime": 0.38949155807495117
    },
    "14": {
        "score": 4.3828125,
        "runtime": 0.40354490280151367
    },
    "15": {
        "score": 4.0859375,
        "runtime": 0.3859684467315674
    },
    "16": {
        "score": 4.15625,
        "runtime": 0.4055914878845215
    },
    "17": {
        "score": 3.34375,
        "runtime": 0.40053272247314453
    },
    "18": {
        "score": 3.703125,
        "runtime": 0.38757991790771484
    },
    "19": {
        "score": 3.86328125,
        "runtime": 0.36956143379211426
    },
    "20": {
        "score": 3.876953125,
        "runtime": 0.4051032066345215
    },
    "21": {
        "score": 3.482421875,
        "runtime": 0.3901374340057373
    },
    "23": {
        "score": 4.3203125,
        "runtime": 0.38887810707092285
    },
    "22": {
        "score": 3.859375,
        "runtime": 0.4169654846191406
    },
    "24": {
        "score": 3.98828125,
        "runtime": 0.38620901107788086
    },
    "25": {
        "score": 3.87109375,
        "runtime": 0.37663745880126953
    },
    "26": {
        "score": 4.33203125,
        "runtime": 0.40566015243530273
    },
    "27": {
        "score": 3.73046875,
        "runtime": 0.40417933464050293
    },
    "28": {
        "score": 3.30859375,
        "runtime": 0.3947727680206299
    },
    "29": {
        "score": 3.9375,
        "runtime": 0.3852415084838867
    },
    "30": {
        "score": 3.89453125,
        "runtime": 0.38277554512023926
    },
    "31": {
        "score": 3.208984375,
        "runtime": 0.3752443790435791
    },
    "32": {
        "score": 4.15234375,
        "runtime": 0.39232754707336426
    },
    "33": {
        "score": 4.22265625,
        "runtime": 0.4003298282623291
    },
    "34": {
        "score": 4.3203125,
        "runtime": 0.3963508605957031
    },
    "35": {
        "score": 4.2578125,
        "runtime": 0.40633201599121094
    },
    "36": {
        "score": 4.09375,
        "runtime": 0.41103577613830566
    },
    "37": {
        "score": 3.71875,
        "runtime": 0.41603779792785645
    },
    "38": {
        "score": 3.85546875,
        "runtime": 0.38802075386047363
    },
    "39": {
        "score": 4.43359375,
        "runtime": 0.3985121250152588
    },
    "41": {
        "score": 3.998046875,
        "runtime": 0.379549503326416
    },
    "40": {
        "score": 3.9296875,
        "runtime": 0.39357447624206543
    },
    "42": {
        "score": 3.53515625,
        "runtime": 0.4070913791656494
    },
    "43": {
        "score": 3.28515625,
        "runtime": 0.39658212661743164
    },
    "44": {
        "score": 3.9140625,
        "runtime": 0.4040374755859375
    },
    "45": {
        "score": 3.712890625,
        "runtime": 0.3975181579589844
    },
    "46": {
        "score": 4.06640625,
        "runtime": 0.3975183963775635
    },
    "47": {
        "score": 3.7265625,
        "runtime": 0.3789787292480469
    },
    "49": {
        "score": 3.876953125,
        "runtime": 0.40155863761901855
    },
    "48": {
        "score": 3.939453125,
        "runtime": 0.4300856590270996
    },
    "51": {
        "score": 3.6796875,
        "runtime": 0.40053796768188477
    },
    "50": {
        "score": 3.85546875,
        "runtime": 0.41005539894104004
    },
    "52": {
        "score": 3.513671875,
        "runtime": 0.40891098976135254
    },
    "53": {
        "score": 4.1171875,
        "runtime": 0.39640188217163086
    },
    "54": {
        "score": 3.92578125,
        "runtime": 0.3798646926879883
    },
    "55": {
        "score": 3.6328125,
        "runtime": 0.3948836326599121
    },
    "56": {
        "score": 4.0390625,
        "runtime": 0.4106121063232422
    },
    "58": {
        "score": 3.96484375,
        "runtime": 0.3765702247619629
    },
    "57": {
        "score": 3.7890625,
        "runtime": 0.40010809898376465
    },
    "59": {
        "score": 3.880859375,
        "runtime": 0.3805723190307617
    },
    "60": {
        "score": 3.814453125,
        "runtime": 0.3878173828125
    },
    "61": {
        "score": 3.1796875,
        "runtime": 0.3838181495666504
    },
    "62": {
        "score": 4.03515625,
        "runtime": 0.40283846855163574
    },
    "63": {
        "score": 4.1171875,
        "runtime": 0.3968343734741211
    },
    "64": {
        "score": 3.763671875,
        "runtime": 0.4201226234436035
    },
    "65": {
        "score": 3.998046875,
        "runtime": 0.39460086822509766
    },
    "67": {
        "score": 3.7265625,
        "runtime": 0.3880748748779297
    },
    "66": {
        "score": 4.13671875,
        "runtime": 0.40358686447143555
    },
    "68": {
        "score": 3.95703125,
        "runtime": 0.3860340118408203
    },
    "69": {
        "score": 3.650390625,
        "runtime": 0.4090590476989746
    },
    "70": {
        "score": 3.572265625,
        "runtime": 0.39603281021118164
    },
    "71": {
        "score": 3.65234375,
        "runtime": 0.39554381370544434
    },
    "72": {
        "score": 4.33203125,
        "runtime": 0.4042510986328125
    },
    "73": {
        "score": 3.78125,
        "runtime": 0.40174102783203125
    },
    "74": {
        "score": 3.951171875,
        "runtime": 0.3797028064727783
    },
    "75": {
        "score": 4.1953125,
        "runtime": 0.406721830368042
    },
    "76": {
        "score": 3.4609375,
        "runtime": 0.3970816135406494
    },
    "77": {
        "score": 4.015625,
        "runtime": 0.40311217308044434
    },
    "78": {
        "score": 4.14453125,
        "runtime": 0.3966093063354492
    },
    "79": {
        "score": 3.880859375,
        "runtime": 0.3735635280609131
    },
    "80": {
        "score": 3.185546875,
        "runtime": 0.4056267738342285
    },
    "81": {
        "score": 4.09765625,
        "runtime": 0.3825693130493164
    },
    "83": {
        "score": 3.439453125,
        "runtime": 0.37505459785461426
    },
    "82": {
        "score": 3.779296875,
        "runtime": 0.39859557151794434
    },
    "84": {
        "score": 3.970703125,
        "runtime": 0.4053466320037842
    },
    "85": {
        "score": 3.951171875,
        "runtime": 0.4148695468902588
    },
    "87": {
        "score": 4.09375,
        "runtime": 0.3853342533111572
    },
    "86": {
        "score": 4.203125,
        "runtime": 0.39937281608581543
    },
    "88": {
        "score": 4.1484375,
        "runtime": 0.4026601314544678
    },
    "89": {
        "score": 3.44140625,
        "runtime": 0.40366554260253906
    },
    "90": {
        "score": 4.03515625,
        "runtime": 0.3721349239349365
    },
    "91": {
        "score": 4.421875,
        "runtime": 0.38765573501586914
    },
    "92": {
        "score": 2.822265625,
        "runtime": 0.3901057243347168
    },