{
    "0": {
        "score": 8.108538627624512,
        "runtime": 0.46900105476379395
    },
    "1": {
        "score": 8.828169822692871,
        "runtime": 0.44899964332580566
    },
    "2": {
        "score": 8.202359199523926,
        "runtime": 0.4379994869232178
    },
    "3": {
        "score": 8.376154899597168,
        "runtime": 0.4739971160888672
    },
    "4": {
        "score": 8.570442199707031,
        "runtime": 0.4490020275115967
    },
    "5": {
        "score": 8.043407440185547,
        "runtime": 0.41499972343444824
    },
    "6": {
        "score": 8.423349380493164,
        "runtime": 0.450000524520874
    },
    "7": {
        "score": 8.452943801879883,
        "runtime": 0.44900083541870117
    },
    "8": {
        "score": 7.863097667694092,
        "runtime": 0.43599963188171387
    },
    "9": {
        "score": 8.018819808959961,
        "runtime": 0.4369997978210449
    },
    "10": {
        "score": 8.35274600982666,
        "runtime": 0.4199988842010498
    },
    "11": {
        "score": 7.970144748687744,
        "runtime": 0.4459986686706543
    },
    "12": {
        "score": 8.71422290802002,
        "runtime": 0.44899940490722656
    },
    "13": {
        "score": 7.820357322692871,
        "runtime": 0.4369995594024658
    },
    "14": {
        "score": 8.282245635986328,
        "runtime": 0.4479992389678955
    },
    "15": {
        "score": 8.12299633026123,
        "runtime": 0.41899919509887695
    },
    "16": {
        "score": 8.060272216796875,
        "runtime": 0.4270002841949463
    },
    "17": {
        "score": 8.194246292114258,
        "runtime": 0.49699950218200684
    },
    "18": {
        "score": 8.243354797363281,
        "runtime": 0.44899821281433105
    },
    "19": {
        "score": 8.889100074768066,
        "runtime": 0.45799970626831055
    },
    "20": {
        "score": 8.801444053649902,
        "runtime": 0.4610004425048828
    },
    "21": {
        "score": 8.443328857421875,
        "runtime": 0.4720003604888916
    },
    "22": {
        "score": 7.986782550811768,
        "runtime": 0.5319991111755371
    },
    "23": {
        "score": 8.266106605529785,
        "runtime": 0.4120011329650879
    },
    "24": {
        "score": 7.749292373657227,
        "runtime": 0.4320042133331299
    },
    "25": {
        "score": 8.323476791381836,
        "runtime": 0.44100117683410645
    },
    "26": {
        "score": 8.467617988586426,
        "runtime": 0.43799901008605957
    },
    "27": {
        "score": 8.0819730758667,
        "runtime": 0.48800182342529297
    },
    "28": {
        "score": 8.674867630004883,
        "runtime": 0.47499895095825195
    },
    "29": {
        "score": 7.614592552185059,
        "runtime": 0.3919992446899414
    },
    "30": {
        "score": 8.286592483520508,
        "runtime": 0.451998233795166
    },
    "31": {
        "score": 8.51457691192627,
        "runtime": 0.46900057792663574
    },
    "32": {
        "score": 8.00489616394043,
        "runtime": 0.4569997787475586
    },
    "33": {
        "score": 8.207892417907715,
        "runtime": 0.446000337600708
    },
    "34": {
        "score": 8.56164836883545,
        "runtime": 0.42999768257141113
    },
    "35": {
        "score": 8.14741325378418,
        "runtime": 0.43400001525878906
    },
    "36": {
        "score": 8.147223472595215,
        "runtime": 0.4799988269805908
    },
    "37": {
        "score": 8.020939826965332,
        "runtime": 0.4719991683959961
    },
    "38": {
        "score": 8.164243698120117,
        "runtime": 0.44099926948547363
    },
    "39": {
        "score": 8.259406089782715,
        "runtime": 0.4340016841888428
    },
    "40": {
        "score": 8.132347106933594,
        "runtime": 0.4459989070892334
    },
    "41": {
        "score": 8.13020133972168,
        "runtime": 0.45099925994873047
    },
    "42": {
        "score": 7.873524188995361,
        "runtime": 0.4419999122619629
    },
    "43": {
        "score": 8.223989486694336,
        "runtime": 0.4349973201751709
    },
    "44": {
        "score": 8.149595260620117,
        "runtime": 0.4289989471435547
    },
    "45": {
        "score": 7.910695552825928,
        "runtime": 0.42799949645996094
    },
    "46": {
        "score": 8.379469871520996,
        "runtime": 0.48400187492370605
    },
    "47": {
        "score": 8.084921836853027,
        "runtime": 0.44899988174438477
    },
    "48": {
        "score": 8.54185676574707,
        "runtime": 0.44499993324279785
    },
    "49": {
        "score": 8.541022300720215,
        "runtime": 0.4380013942718506
    },
    "50": {
        "score": 8.5597562789917,
        "runtime": 0.3989996910095215
    },
    "51": {
        "score": 8.209240913391113,
        "runtime": 0.3749995231628418
    },
    "52": {
        "score": 8.10159969329834,
        "runtime": 0.40799832344055176
    },
    "53": {
        "score": 7.8111138343811035,
        "runtime": 0.44299888610839844
    },
    "54": {
        "score": 8.285247802734375,
        "runtime": 0.4529995918273926
    },
    "55": {
        "score": 8.18908405303955,
        "runtime": 0.4519991874694824
    },
    "56": {
        "score": 8.423117637634277,
        "runtime": 0.43400025367736816
    },
    "57": {
        "score": 8.635396957397461,
        "runtime": 0.453000545501709
    },
    "58": {
        "score": 8.385078430175781,
        "runtime": 0.4700016975402832
    },
    "59": {
        "score": 7.765596866607666,
        "runtime": 0.45600032806396484
    },
    "60": {
        "score": 8.225764274597168,
        "runtime": 0.4529993534088135
    },
    "61": {
        "score": 8.256903648376465,
        "runtime": 0.46000003814697266
    },
    "62": {
        "score": 8.342170715332031,
        "runtime": 0.44900059700012207
    },
    "63": {
        "score": 8.140201568603516,
        "runtime": 0.45000171661376953
    },
    "64": {
        "score": 7.733547687530518,
        "runtime": 0.4350008964538574
    },
    "65": {
        "score": 8.732085227966309,
        "runtime": 0.4810013771057129
    },
    "66": {
        "score": 8.359298706054688,
        "runtime": 0.45800161361694336
    },
    "67": {
        "score": 8.540448188781738,
        "runtime": 0.4329984188079834
    },
    "68": {
        "score": 8.057634353637695,
        "runtime": 0.4310007095336914
    },
    "69": {
        "score": 7.885931015014648,
        "runtime": 0.39099884033203125
    },
    "70": {
        "score": 8.464841842651367,
        "runtime": 0.4349982738494873
    },
    "71": {
        "score": 7.582375526428223,
        "runtime": 0.42400026321411133
    },
    "72": {
        "score": 8.743128776550293,
        "runtime": 0.42100024223327637
    },
    "73": {
        "score": 8.206852912902832,
        "runtime": 0.4909987449645996
    },
    "74": {
        "score": 8.098684310913086,
        "runtime": 0.48599934577941895
    },
    "75": {
        "score": 7.83992862701416,
        "runtime": 0.4399993419647217
    },
    "76": {
        "score": 8.29344654083252,
        "runtime": 0.4289991855621338
    },
    "77": {
        "score": 8.246837615966797,
        "runtime": 0.43000054359436035
    },
    "78": {
        "score": 8.601017951965332,
        "runtime": 0.45200014114379883
    },
    "79": {
        "score": 8.281253814697266,
        "runtime": 0.4830000400543213
    },
    "80": {
        "score": 7.923377990722656,
        "runtime": 0.4389994144439697
    },
    "81": {
        "score": 8.127373695373535,
        "runtime": 0.4399983882904053
    },
    "82": {
        "score": 7.842996597290039,
        "runtime": 0.4499990940093994
    },
    "83": {
        "score": 7.5918073654174805,
        "runtime": 0.43600010871887207
    },
    "84": {
        "score": 7.982332706451416,
        "runtime": 0.46599817276000977
    },
    "85": {
        "score": 8.130804061889648,