{
    "0": {
        "score": 8.028374671936035,
        "runtime": 0.4420003890991211
    },
    "1": {
        "score": 8.63697338104248,
        "runtime": 0.44099974632263184
    },
    "2": {
        "score": 8.285285949707031,
        "runtime": 0.4460010528564453
    },
    "3": {
        "score": 8.508707046508789,
        "runtime": 0.4480009078979492
    },
    "4": {
        "score": 8.65803337097168,
        "runtime": 0.4550004005432129
    },
    "5": {
        "score": 7.931325912475586,
        "runtime": 0.4510014057159424
    },
    "6": {
        "score": 8.106715202331543,
        "runtime": 0.4549992084503174
    },
    "7": {
        "score": 8.421083450317383,
        "runtime": 0.46599912643432617
    },
    "8": {
        "score": 7.891631126403809,
        "runtime": 0.4829995632171631
    },
    "9": {
        "score": 8.08609390258789,
        "runtime": 0.4239983558654785
    },
    "10": {
        "score": 8.240089416503906,
        "runtime": 0.4139997959136963
    },
    "11": {
        "score": 7.817521095275879,
        "runtime": 0.4459996223449707
    },
    "12": {
        "score": 8.467425346374512,
        "runtime": 0.44899964332580566
    },
    "13": {
        "score": 7.8221025466918945,
        "runtime": 0.446000337600708
    },
    "14": {
        "score": 8.028618812561035,
        "runtime": 0.4240000247955322
    },
    "15": {
        "score": 8.20844554901123,
        "runtime": 0.4479999542236328
    },
    "16": {
        "score": 8.178804397583008,
        "runtime": 0.44100093841552734
    },
    "17": {
        "score": 8.287641525268555,
        "runtime": 0.43599939346313477
    },
    "18": {
        "score": 8.19443416595459,
        "runtime": 0.455000638961792
    },
    "19": {
        "score": 8.740063667297363,
        "runtime": 0.466001033782959
    },
    "20": {
        "score": 8.361470222473145,
        "runtime": 0.46500062942504883
    },
    "21": {
        "score": 8.426751136779785,
        "runtime": 0.4519989490509033
    },
    "22": {
        "score": 7.932200908660889,
        "runtime": 0.42799901962280273
    },
    "23": {
        "score": 8.34197998046875,
        "runtime": 0.3990006446838379
    },
    "24": {
        "score": 7.371689319610596,
        "runtime": 0.42599916458129883
    },
    "25": {
        "score": 8.173152923583984,
        "runtime": 0.4249992370605469
    },
    "26": {
        "score": 8.523062705993652,
        "runtime": 0.4640011787414551
    },
    "27": {
        "score": 8.018842697143555,
        "runtime": 0.3959996700286865
    },
    "28": {
        "score": 8.714447975158691,
        "runtime": 0.4790008068084717
    },
    "29": {
        "score": 7.602509498596191,
        "runtime": 0.4460000991821289
    },
    "30": {
        "score": 8.407339096069336,
        "runtime": 0.4479992389678955
    },
    "31": {
        "score": 8.11650276184082,
        "runtime": 0.42499876022338867
    },
    "32": {
        "score": 7.802247047424316,
        "runtime": 0.4420003890991211
    },
    "33": {
        "score": 8.22578239440918,
        "runtime": 0.45999860763549805
    },
    "34": {
        "score": 7.927759170532227,
        "runtime": 0.45999836921691895
    },
    "35": {
        "score": 8.199552536010742,
        "runtime": 0.4720001220703125
    },
    "36": {
        "score": 8.152351379394531,
        "runtime": 0.4440011978149414
    },
    "37": {
        "score": 8.13576602935791,
        "runtime": 0.3969998359680176
    },
    "38": {
        "score": 8.127745628356934,
        "runtime": 0.4380006790161133
    },
    "39": {
        "score": 7.776126384735107,
        "runtime": 0.47300219535827637
    },
    "40": {
        "score": 8.083762168884277,
        "runtime": 0.4329986572265625
    },
    "41": {
        "score": 8.153412818908691,
        "runtime": 0.48399901390075684
    },
    "42": {
        "score": 7.808923721313477,
        "runtime": 0.4759995937347412
    },
    "43": {
        "score": 8.216050148010254,
        "runtime": 0.5009996891021729
    },
    "44": {
        "score": 8.004610061645508,
        "runtime": 0.46900105476379395
    },
    "45": {
        "score": 7.8438401222229,
        "runtime": 0.4440007209777832
    },
    "46": {
        "score": 8.350982666015625,
        "runtime": 0.44500017166137695
    },
    "47": {
        "score": 8.178874015808105,
        "runtime": 0.43703150749206543
    },
    "48": {
        "score": 8.334259986877441,
        "runtime": 0.45400047302246094
    },
    "49": {
        "score": 8.426179885864258,
        "runtime": 0.44100069999694824
    },
    "50": {
        "score": 8.47789478302002,
        "runtime": 0.40999770164489746
    },
    "51": {
        "score": 8.190314292907715,
        "runtime": 0.4270009994506836
    },
    "52": {
        "score": 8.075607299804688,
        "runtime": 0.4399983882904053
    },
    "53": {
        "score": 7.773454189300537,
        "runtime": 0.4199986457824707
    },
    "54": {
        "score": 8.340150833129883,
        "runtime": 0.47499823570251465
    },
    "55": {
        "score": 8.494115829467773,
        "runtime": 0.4519979953765869
    },
    "56": {
        "score": 8.403687477111816,
        "runtime": 0.4570012092590332
    },
    "57": {
        "score": 8.183356285095215,
        "runtime": 0.43599987030029297
    },
    "58": {
        "score": 8.425661087036133,
        "runtime": 0.4830012321472168
    },
    "59": {
        "score": 7.751863956451416,
        "runtime": 0.4199986457824707
    },
    "60": {
        "score": 8.270182609558105,
        "runtime": 0.4399991035461426
    },
    "61": {
        "score": 8.058770179748535,
        "runtime": 0.44099879264831543
    },
    "62": {
        "score": 8.330416679382324,
        "runtime": 0.41500043869018555
    },
    "63": {
        "score": 7.9746904373168945,
        "runtime": 0.45999884605407715
    },
    "64": {
        "score": 7.745280742645264,
        "runtime": 0.43199872970581055
    },
    "65": {
        "score": 8.726794242858887,
        "runtime": 0.4519994258880615
    },
    "66": {
        "score": 8.35384750366211,
        "runtime": 0.4369993209838867
    },
    "67": {
        "score": 8.339900016784668,
        "runtime": 0.4939994812011719
    },
    "68": {
        "score": 7.973072528839111,
        "runtime": 0.44900083541870117
    },
    "69": {
        "score": 7.81613302230835,
        "runtime": 0.40599942207336426
    },
    "70": {
        "score": 8.490681648254395,
        "runtime": 0.421999454498291
    },
    "71": {
        "score": 7.465003967285156,
        "runtime": 0.43599891662597656
    },
    "72": {
        "score": 8.480693817138672,
        "runtime": 0.467998743057251
    },
    "73": {
        "score": 8.306124687194824,
        "runtime": 0.4480016231536865
    },
    "74": {
        "score": 7.855606555938721,
        "runtime": 0.4509999752044678
    },
    "75": {
        "score": 7.875400066375732,
        "runtime": 0.4569995403289795
    },
    "76": {
        "score": 8.257198333740234,
        "runtime": 0.43899989128112793
    },
    "77": {
        "score": 8.323166847229004,
        "runtime": 0.4419987201690674
    },
    "78": {
        "score": 7.949729919433594,
        "runtime": 0.4499995708465576
    },
    "79": {
        "score": 8.268380165100098,
        "runtime": 0.4459998607635498
    },
    "80": {
        "score": 7.87689733505249,
        "runtime": 0.48099827766418457
    },
    "81": {
        "score": 8.067193984985352,
        "runtime": 0.4649994373321533
    },
    "82": {
        "score": 7.711816787719727,
        "runtime": 0.45299816131591797
    },
    "83": {
        "score": 7.4266676902771,
        "runtime": 0.46399998664855957
    },
    "84": {
        "score": 7.9122185707092285,
        "runtime": 0.43400144577026367
    },
    "85": {
        "score": 8.103629112243652,