{
    "epoch=23-train_score=10.66132": {
        "result_avg": {
            "score": 11.085194778442382,
            "runtime": 20.59308084011078
        },
        "result_std": {
            "score": 0.002068869552895195,
            "runtime": 0.12470404837561117
        }
    },
    "epoch=53-train_score=10.54552": {
        "result_avg": {
            "score": 11.03266318321228,
            "runtime": 20.574777755737305
        },
        "result_std": {
            "score": 0.003180583570102587,
            "runtime": 0.08894908931066935
        }
    },
    "epoch=31-train_score=10.66726": {
        "result_avg": {
            "score": 11.068557605743408,
            "runtime": 20.57848582983017
        },
        "result_std": {
            "score": 0.0009261836156842056,
            "runtime": 0.0802254211564994
        }
    },
    "epoch=21-train_score=10.67117": {
        "result_avg": {
            "score": 11.338350296020508,
            "runtime": 20.654875988960267
        },
        "result_std": {
            "score": 0.050923251574058664,
            "runtime": 0.09582277212126991
        }
    },
    "epoch=37-train_score=10.68746": {
        "result_avg": {
            "score": 11.044755935668945,
            "runtime": 20.59492654323578
        },
        "result_std": {
            "score": 0.00342108698494485,
            "runtime": 0.10291996024558964
        }
    }
}