{
    "0": {
        "score": 6.5390729904174805,
        "runtime": 1.6569979190826416
    },
    "1": {
        "score": 6.5390729904174805,
        "runtime": 1.6919996738433838
    },
    "2": {
        "score": 6.5390729904174805,
        "runtime": 1.679002285003662
    },
    "3": {
        "score": 6.5390729904174805,
        "runtime": 1.6269989013671875
    },
    "4": {
        "score": 6.5390729904174805,
        "runtime": 1.7050013542175293
    },
    "5": {
        "score": 6.5390729904174805,
        "runtime": 1.7210021018981934
    },
    "6": {
        "score": 6.5390729904174805,
        "runtime": 1.7080013751983643
    },
    "7": {
        "score": 6.5390729904174805,
        "runtime": 1.671997308731079
    },
    "8": {
        "score": 6.5390729904174805,
        "runtime": 1.817000389099121
    },
    "9": {
        "score": 6.5390729904174805,
        "runtime": 1.7340011596679688
    },
    "10": {
        "score": 6.5390729904174805,
        "runtime": 1.7170031070709229
    },
    "11": {
        "score": 6.5390729904174805,
        "runtime": 1.7769975662231445
    },
    "12": {
        "score": 6.5390729904174805,
        "runtime": 1.6890006065368652
    },
    "13": {
        "score": 6.5390729904174805,
        "runtime": 1.7030019760131836
    },
    "14": {
        "score": 6.5390729904174805,
        "runtime": 1.743999719619751
    },
    "15": {
        "score": 6.5390729904174805,
        "runtime": 1.7490003108978271
    },
    "16": {
        "score": 6.5390729904174805,
        "runtime": 1.7209992408752441
    },
    "17": {
        "score": 6.5390729904174805,
        "runtime": 1.709998369216919
    },
    "18": {
        "score": 6.5390729904174805,
        "runtime": 1.7070016860961914
    },
    "19": {
        "score": 6.5390729904174805,
        "runtime": 1.6580007076263428
    },
    "20": {
        "score": 6.5390729904174805,
        "runtime": 1.6629974842071533
    },
    "21": {
        "score": 6.5390729904174805,
        "runtime": 1.7030024528503418
    },
    "22": {
        "score": 6.5390729904174805,
        "runtime": 1.8050014972686768
    },
    "23": {
        "score": 6.5390729904174805,
        "runtime": 1.7080011367797852
    },
    "24": {
        "score": 6.5390729904174805,
        "runtime": 1.665998935699463
    },
    "25": {
        "score": 6.5390729904174805,
        "runtime": 1.7090017795562744
    },
    "26": {
        "score": 6.5390729904174805,
        "runtime": 1.712998867034912
    },
    "27": {
        "score": 6.5390729904174805,
        "runtime": 1.6739976406097412
    },
    "28": {
        "score": 6.5390729904174805,
        "runtime": 1.6630010604858398
    },
    "29": {
        "score": 6.5390729904174805,
        "runtime": 1.6100003719329834
    },
    "30": {
        "score": 6.5390729904174805,
        "runtime": 1.7030014991760254
    },
    "31": {
        "score": 6.5390729904174805,
        "runtime": 1.6799983978271484
    },
    "32": {
        "score": 6.5390729904174805,
        "runtime": 1.7020018100738525
    },
    "33": {
        "score": 6.5390729904174805,
        "runtime": 1.7410004138946533
    },
    "34": {
        "score": 6.5390729904174805,
        "runtime": 1.6639995574951172
    },
    "35": {
        "score": 6.5390729904174805,
        "runtime": 1.6900007724761963
    },
    "36": {
        "score": 6.5390729904174805,
        "runtime": 1.6339993476867676
    },
    "37": {
        "score": 6.5390729904174805,
        "runtime": 1.6809980869293213
    },
    "38": {
        "score": 6.5390729904174805,
        "runtime": 1.7459967136383057
    },
    "39": {
        "score": 6.5390729904174805,
        "runtime": 1.6910028457641602
    },
    "40": {
        "score": 6.5390729904174805,
        "runtime": 1.7289998531341553
    },
    "41": {
        "score": 6.5390729904174805,
        "runtime": 1.6740028858184814
    },
    "42": {
        "score": 6.5390729904174805,
        "runtime": 1.6480011940002441
    },
    "43": {
        "score": 6.5390729904174805,
        "runtime": 1.6849989891052246
    },
    "44": {
        "score": 6.5390729904174805,
        "runtime": 1.6979994773864746
    },
    "45": {
        "score": 6.5390729904174805,
        "runtime": 1.6529982089996338
    },
    "46": {
        "score": 6.5390729904174805,
        "runtime": 1.7069976329803467
    },
    "47": {
        "score": 6.5390729904174805,
        "runtime": 1.6120011806488037
    },
    "48": {
        "score": 6.5390729904174805,
        "runtime": 1.6959993839263916
    },
    "49": {
        "score": 6.5390729904174805,
        "runtime": 1.6520028114318848
    },
    "50": {
        "score": 6.5390729904174805,
        "runtime": 1.721999168395996
    },
    "51": {
        "score": 6.5390729904174805,
        "runtime": 1.6600008010864258
    },
    "52": {
        "score": 6.5390729904174805,
        "runtime": 1.690000295639038
    },
    "53": {
        "score": 6.5390729904174805,
        "runtime": 1.7029998302459717
    },
    "54": {
        "score": 6.5390729904174805,
        "runtime": 1.7049989700317383
    },
    "55": {
        "score": 6.5390729904174805,
        "runtime": 1.694998025894165
    },
    "56": {
        "score": 6.5390729904174805,
        "runtime": 1.6820013523101807
    },
    "57": {
        "score": 6.5390729904174805,
        "runtime": 1.6509990692138672
    },
    "58": {
        "score": 6.5390729904174805,
        "runtime": 1.682997703552246
    },
    "59": {
        "score": 6.5390729904174805,
        "runtime": 1.665001630783081
    },
    "60": {
        "score": 6.5390729904174805,
        "runtime": 1.6540014743804932
    },
    "61": {
        "score": 6.5390729904174805,
        "runtime": 1.6889982223510742
    },
    "62": {
        "score": 6.5390729904174805,
        "runtime": 1.7129971981048584
    },
    "63": {
        "score": 6.5390729904174805,
        "runtime": 1.736999750137329
    },
    "64": {
        "score": 6.5390729904174805,
        "runtime": 1.7179994583129883
    },
    "65": {
        "score": 6.5390729904174805,
        "runtime": 1.6949992179870605
    },
    "66": {
        "score": 6.5390729904174805,
        "runtime": 1.6930012702941895
    },
    "67": {
        "score": 6.5390729904174805,
        "runtime": 1.6819992065429688
    },
    "68": {
        "score": 6.5390729904174805,
        "runtime": 1.672999620437622
    },
    "69": {
        "score": 6.5390729904174805,
        "runtime": 1.7800006866455078
    },
    "70": {
        "score": 6.5390729904174805,
        "runtime": 1.6570014953613281
    },
    "71": {
        "score": 6.5390729904174805,
        "runtime": 1.6899995803833008
    },
    "72": {
        "score": 6.5390729904174805,
        "runtime": 1.6889991760253906
    },
    "73": {
        "score": 6.5390729904174805,
        "runtime": 1.6930031776428223
    },
    "74": {
        "score": 6.5390729904174805,
        "runtime": 1.751999855041504
    },
    "75": {
        "score": 6.5390729904174805,
        "runtime": 1.720998764038086
    },
    "76": {
        "score": 6.5390729904174805,
        "runtime": 1.6580018997192383
    },
    "77": {
        "score": 6.5390729904174805,
        "runtime": 1.6409990787506104
    },
    "78": {
        "score": 6.5390729904174805,
        "runtime": 1.7229971885681152
    },
    "79": {
        "score": 6.5390729904174805,
        "runtime": 1.6660001277923584
    },
    "80": {
        "score": 6.5390729904174805,
        "runtime": 1.6729977130889893
    },
    "81": {
        "score": 6.5390729904174805,
        "runtime": 1.6709997653961182
    },
    "82": {
        "score": 6.5390729904174805,
        "runtime": 1.6610026359558105
    },
    "83": {
        "score": 6.5390729904174805,
        "runtime": 1.7459995746612549
    },
    "84": {
        "score": 6.5390729904174805,
        "runtime": 1.6530005931854248
    },