{
    "0": {
        "score": 8.214903831481934,
        "runtime": 116.24203968048096
    },
    "1": {
        "score": 8.904017448425293,
        "runtime": 115.64497113227844
    },
    "2": {
        "score": 8.220939636230469,
        "runtime": 116.19614434242249
    },
    "3": {
        "score": 8.520668029785156,
        "runtime": 115.45824432373047
    },
    "4": {
        "score": 8.660856246948242,
        "runtime": 114.70833373069763
    },
    "5": {
        "score": 7.81923246383667,
        "runtime": 115.31934094429016
    },
    "6": {
        "score": 8.025359153747559,
        "runtime": 115.37515830993652
    },
    "7": {
        "score": 8.514680862426758,
        "runtime": 115.14506697654724
    },
    "8": {
        "score": 8.291694641113281,
        "runtime": 115.25573825836182
    },
    "9": {
        "score": 7.985448837280273,
        "runtime": 116.39756727218628
    },
    "10": {
        "score": 8.026214599609375,
        "runtime": 115.80628871917725
    },
    "11": {
        "score": 7.9489521980285645,
        "runtime": 115.49741339683533
    },
    "12": {
        "score": 8.302778244018555,
        "runtime": 114.37467384338379
    },
    "13": {
        "score": 7.763658046722412,
        "runtime": 115.58306407928467
    },
    "14": {
        "score": 8.11589527130127,
        "runtime": 115.85923933982849
    },
    "15": {
        "score": 8.282544136047363,
        "runtime": 115.10448288917542
    },
    "16": {
        "score": 7.994510173797607,
        "runtime": 114.6404640674591
    },
    "17": {
        "score": 7.996421813964844,
        "runtime": 115.72753190994263
    },
    "18": {
        "score": 8.182332038879395,
        "runtime": 116.47636198997498
    },
    "19": {
        "score": 8.645308494567871,
        "runtime": 116.5048394203186
    },
    "20": {
        "score": 8.305538177490234,
        "runtime": 114.87750005722046
    },
    "21": {
        "score": 9.117212295532227,
        "runtime": 114.94654655456543
    },
    "22": {
        "score": 8.448700904846191,
        "runtime": 114.98428225517273
    },
    "23": {
        "score": 8.103702545166016,
        "runtime": 116.52190709114075
    },
    "24": {
        "score": 8.503353118896484,
        "runtime": 116.13164782524109
    },
    "25": {
        "score": 8.215470314025879,
        "runtime": 116.58791708946228
    },
    "26": {
        "score": 8.037484169006348,
        "runtime": 116.15019655227661
    },
    "27": {
        "score": 8.888446807861328,
        "runtime": 117.49152755737305
    },
    "28": {
        "score": 8.692105293273926,
        "runtime": 115.74020719528198
    },
    "29": {
        "score": 8.0516996383667,
        "runtime": 115.05932354927063
    },
    "30": {
        "score": 7.98649787902832,
        "runtime": 115.61763215065002
    },
    "31": {
        "score": 9.696805000305176,
        "runtime": 116.2614164352417
    },
    "32": {
        "score": 8.13577938079834,
        "runtime": 115.05831146240234
    },
    "33": {
        "score": 7.865747928619385,
        "runtime": 115.39612460136414
    },
    "34": {
        "score": 8.136290550231934,
        "runtime": 115.37614607810974
    },
    "35": {
        "score": 8.042447090148926,
        "runtime": 116.30061364173889
    },
    "36": {
        "score": 8.680156707763672,
        "runtime": 115.55466651916504
    },
    "37": {
        "score": 8.026859283447266,
        "runtime": 115.70440864562988
    },
    "38": {
        "score": 8.437860488891602,
        "runtime": 115.88151478767395
    },
    "39": {
        "score": 8.083023071289062,
        "runtime": 115.18821167945862
    },
    "40": {
        "score": 8.539583206176758,
        "runtime": 115.69186019897461
    },
    "41": {
        "score": 7.843848705291748,
        "runtime": 115.14124536514282
    },
    "42": {
        "score": 7.968998908996582,
        "runtime": 114.52617645263672
    },
    "43": {
        "score": 7.983578205108643,
        "runtime": 116.66654658317566
    },
    "44": {
        "score": 7.953554153442383,
        "runtime": 115.31483769416809
    },
    "45": {
        "score": 8.432415962219238,
        "runtime": 116.6223931312561
    },
    "46": {
        "score": 8.511824607849121,
        "runtime": 115.90321516990662
    },
    "47": {
        "score": 7.980550289154053,
        "runtime": 115.97728991508484
    },
    "48": {
        "score": 8.243066787719727,
        "runtime": 115.17179918289185
    },
    "49": {
        "score": 8.38422966003418,
        "runtime": 116.45130777359009
    },
    "50": {
        "score": 8.459478378295898,
        "runtime": 116.28195977210999
    },
    "51": {
        "score": 8.205620765686035,
        "runtime": 114.75951027870178
    },
    "52": {
        "score": 8.211583137512207,
        "runtime": 116.10273814201355
    },
    "53": {
        "score": 7.853241443634033,
        "runtime": 115.44099068641663
    },
    "54": {
        "score": 8.363396644592285,
        "runtime": 115.71796107292175
    },
    "55": {
        "score": 7.884303569793701,
        "runtime": 114.50508522987366
    },
    "56": {
        "score": 8.726757049560547,
        "runtime": 116.72577381134033
    },
    "57": {
        "score": 8.108321189880371,
        "runtime": 114.89522886276245
    },
    "58": {
        "score": 8.297612190246582,
        "runtime": 114.64108061790466
    },
    "59": {
        "score": 7.605370998382568,
        "runtime": 115.42448019981384
    },
    "60": {
        "score": 8.888915061950684,
        "runtime": 115.58465886116028
    },
    "61": {
        "score": 9.118276596069336,
        "runtime": 117.26715874671936
    },
    "62": {
        "score": 8.665488243103027,
        "runtime": 115.80378532409668
    },
    "63": {
        "score": 8.41991138458252,
        "runtime": 115.67333936691284
    },
    "64": {
        "score": 7.938990116119385,
        "runtime": 115.77569699287415
    },
    "65": {
        "score": 8.52956485748291,
        "runtime": 115.52459478378296
    },
    "66": {
        "score": 8.397621154785156,
        "runtime": 114.83043098449707
    },
    "67": {
        "score": 8.536221504211426,
        "runtime": 115.23734331130981
    },
    "68": {
        "score": 7.7686920166015625,
        "runtime": 114.96320009231567
    },
    "69": {
        "score": 7.807629585266113,
        "runtime": 115.8166720867157
    },
    "70": {
        "score": 8.56421184539795,
        "runtime": 114.9132010936737
    },
    "71": {
        "score": 7.491137504577637,
        "runtime": 116.02248859405518
    },
    "72": {
        "score": 8.073274612426758,
        "runtime": 117.00881671905518
    },
    "73": {
        "score": 8.411276817321777,
        "runtime": 114.4110038280487
    },
    "74": {
        "score": 7.856207847595215,
        "runtime": 114.61258006095886
    },
    "75": {
        "score": 7.673420429229736,
        "runtime": 115.88332557678223
    },
    "76": {
        "score": 8.087153434753418,
        "runtime": 115.20668840408325
    },
    "77": {
        "score": 8.325837135314941,
        "runtime": 116.3039653301239
    },
    "78": {
        "score": 10.546443939208984,
        "runtime": 116.12960839271545
    },
    "79": {
        "score": 8.233259201049805,
        "runtime": 114.58604073524475
    },
    "80": {
        "score": 8.076772689819336,
        "runtime": 114.19245100021362
    },
    "81": {
        "score": 8.063909530639648,
        "runtime": 120.71854782104492
    },
    "82": {
        "score": 7.7153520584106445,
        "runtime": 120.12842035293579
    },
    "83": {
        "score": 7.714564323425293,
        "runtime": 115.67694044113159
    },
    "84": {
        "score": 7.89449405670166,
        "runtime": 114.62748885154724
    },
    "85": {
        "score": 7.943789482116699,
        "runtime": 116.20665216445923
    },