{
    "0": {
        "score": 7.64309549331665,
        "runtime": 121.72584509849548
    },
    "1": {
        "score": 8.556059837341309,
        "runtime": 122.24418473243713
    },
    "2": {
        "score": 8.544649124145508,
        "runtime": 122.17350697517395
    },
    "3": {
        "score": 8.254342079162598,
        "runtime": 122.94458556175232
    },
    "4": {
        "score": 8.564093589782715,
        "runtime": 122.87276148796082
    },
    "5": {
        "score": 8.23000431060791,
        "runtime": 123.20728135108948
    },
    "6": {
        "score": 8.500470161437988,
        "runtime": 123.43579316139221
    },
    "7": {
        "score": 8.358881950378418,
        "runtime": 122.98067045211792
    },
    "8": {
        "score": 8.118040084838867,
        "runtime": 123.93162751197815
    },
    "9": {
        "score": 8.064023971557617,
        "runtime": 122.29059314727783
    },
    "10": {
        "score": 8.033093452453613,
        "runtime": 121.88093829154968
    },
    "11": {
        "score": 7.8569135665893555,
        "runtime": 123.32724452018738
    },
    "12": {
        "score": 8.380670547485352,
        "runtime": 122.69319701194763
    },
    "13": {
        "score": 7.859522342681885,
        "runtime": 123.5295135974884
    },
    "14": {
        "score": 8.09583854675293,
        "runtime": 123.52310395240784
    },
    "15": {
        "score": 8.03181266784668,
        "runtime": 123.74494767189026
    },
    "16": {
        "score": 7.926122188568115,
        "runtime": 122.65497612953186
    },
    "17": {
        "score": 8.030613899230957,
        "runtime": 123.26570892333984
    },
    "18": {
        "score": 8.206787109375,
        "runtime": 123.38585114479065
    },
    "19": {
        "score": 8.338469505310059,
        "runtime": 124.30998229980469
    },
    "20": {
        "score": 8.485076904296875,
        "runtime": 124.53380179405212
    },
    "21": {
        "score": 8.142616271972656,
        "runtime": 124.31725430488586
    },
    "22": {
        "score": 7.819118976593018,
        "runtime": 123.04489064216614
    },
    "23": {
        "score": 8.162723541259766,
        "runtime": 123.13388347625732
    },
    "24": {
        "score": 7.906258583068848,
        "runtime": 124.15888357162476
    },
    "25": {
        "score": 8.087400436401367,
        "runtime": 123.33605408668518
    },
    "26": {
        "score": 8.164024353027344,
        "runtime": 122.46887564659119
    },
    "27": {
        "score": 7.850829124450684,
        "runtime": 123.03083443641663
    },
    "28": {
        "score": 8.423304557800293,
        "runtime": 123.73910307884216
    },
    "29": {
        "score": 7.5734052658081055,
        "runtime": 124.35711312294006
    },
    "30": {
        "score": 8.059956550598145,
        "runtime": 124.00549626350403
    },
    "31": {
        "score": 8.177912712097168,
        "runtime": 123.33788752555847
    },
    "32": {
        "score": 7.933290481567383,
        "runtime": 122.21183180809021
    },
    "33": {
        "score": 8.182902336120605,
        "runtime": 122.25286769866943
    },
    "34": {
        "score": 8.345462799072266,
        "runtime": 124.00095081329346
    },
    "35": {
        "score": 8.083270072937012,
        "runtime": 123.88943219184875
    },
    "36": {
        "score": 8.016473770141602,
        "runtime": 124.93083453178406
    },
    "37": {
        "score": 7.823561191558838,
        "runtime": 121.71688675880432
    },
    "38": {
        "score": 8.22938060760498,
        "runtime": 122.77935075759888
    },
    "39": {
        "score": 8.0404052734375,
        "runtime": 123.36689639091492
    },
    "40": {
        "score": 7.950016021728516,
        "runtime": 124.15041494369507
    },
    "41": {
        "score": 7.783380508422852,
        "runtime": 122.76069855690002
    },
    "42": {
        "score": 7.921402454376221,
        "runtime": 123.71426105499268
    },
    "43": {
        "score": 8.131867408752441,
        "runtime": 123.37536859512329
    },
    "44": {
        "score": 7.7052812576293945,
        "runtime": 123.42833304405212
    },
    "45": {
        "score": 8.020660400390625,
        "runtime": 124.03398776054382
    },
    "46": {
        "score": 8.416502952575684,
        "runtime": 122.81226897239685
    },
    "47": {
        "score": 8.10439682006836,
        "runtime": 122.47006916999817
    },
    "48": {
        "score": 8.093840599060059,
        "runtime": 125.03133869171143
    },
    "49": {
        "score": 8.430929183959961,
        "runtime": 122.9624617099762
    },
    "50": {
        "score": 8.30926513671875,
        "runtime": 123.99717354774475
    },
    "51": {
        "score": 8.031554222106934,
        "runtime": 121.70642685890198
    },
    "52": {
        "score": 7.963535785675049,
        "runtime": 123.09275984764099
    },
    "53": {
        "score": 7.620865345001221,
        "runtime": 122.80362868309021
    },
    "54": {
        "score": 8.168161392211914,
        "runtime": 122.23043394088745
    },
    "55": {
        "score": 7.805422306060791,
        "runtime": 124.54822778701782
    },
    "56": {
        "score": 8.830124855041504,
        "runtime": 124.52396392822266
    },
    "57": {
        "score": 8.091533660888672,
        "runtime": 123.51637125015259
    },
    "58": {
        "score": 8.53992748260498,
        "runtime": 123.37498211860657
    },
    "59": {
        "score": 8.05969524383545,
        "runtime": 123.17322421073914
    },
    "60": {
        "score": 8.411456108093262,
        "runtime": 122.25001192092896
    },
    "61": {
        "score": 7.822603702545166,
        "runtime": 124.53658032417297
    },
    "62": {
        "score": 8.701794624328613,
        "runtime": 123.40048623085022
    },
    "63": {
        "score": 8.091489791870117,
        "runtime": 122.78397727012634
    },
    "64": {
        "score": 7.640597820281982,
        "runtime": 122.47540831565857
    },
    "65": {
        "score": 8.504749298095703,
        "runtime": 122.3744809627533
    },
    "66": {
        "score": 8.209047317504883,
        "runtime": 124.18242239952087
    },
    "67": {
        "score": 8.215187072753906,
        "runtime": 122.43414878845215
    },
    "68": {
        "score": 7.797870635986328,
        "runtime": 124.75668168067932
    },
    "69": {
        "score": 7.839963436126709,
        "runtime": 123.13377928733826
    },
    "70": {
        "score": 8.425832748413086,
        "runtime": 122.9660587310791
    },
    "71": {
        "score": 7.4130635261535645,
        "runtime": 121.92393183708191
    },
    "72": {
        "score": 8.682291030883789,
        "runtime": 124.52016115188599
    },
    "73": {
        "score": 8.100427627563477,
        "runtime": 124.32542490959167
    },
    "74": {
        "score": 7.94507360458374,
        "runtime": 124.02740335464478
    },
    "75": {
        "score": 7.944140911102295,
        "runtime": 121.92523789405823
    },
    "76": {
        "score": 7.958098888397217,
        "runtime": 122.21668887138367
    },
    "77": {
        "score": 8.17679500579834,
        "runtime": 122.15224361419678
    },
    "78": {
        "score": 8.049869537353516,
        "runtime": 124.25230813026428
    },
    "79": {
        "score": 8.462491989135742,
        "runtime": 129.28160977363586
    },
    "80": {
        "score": 7.797005653381348,
        "runtime": 123.11673474311829
    },
    "81": {
        "score": 8.49384880065918,
        "runtime": 126.47329115867615
    },
    "82": {
        "score": 7.440883636474609,
        "runtime": 122.36750268936157
    },
    "83": {
        "score": 7.304198265075684,
        "runtime": 123.29200863838196
    },
    "84": {
        "score": 8.097423553466797,
        "runtime": 136.80604338645935
    },
    "85": {
        "score": 8.084653854370117,
        "runtime": 123.07834887504578
    },