{
    "0": {
        "score": 7.7942657470703125,
        "runtime": 122.24537134170532
    },
    "1": {
        "score": 8.546782493591309,
        "runtime": 123.6446635723114
    },
    "2": {
        "score": 8.310343742370605,
        "runtime": 123.16381597518921
    },
    "3": {
        "score": 8.219817161560059,
        "runtime": 123.52901291847229
    },
    "4": {
        "score": 8.442009925842285,
        "runtime": 122.01776552200317
    },
    "5": {
        "score": 8.134358406066895,
        "runtime": 122.74575233459473
    },
    "6": {
        "score": 8.451786994934082,
        "runtime": 123.28084588050842
    },
    "7": {
        "score": 8.370288848876953,
        "runtime": 122.79365348815918
    },
    "8": {
        "score": 8.201078414916992,
        "runtime": 122.2334291934967
    },
    "9": {
        "score": 8.077788352966309,
        "runtime": 123.26869630813599
    },
    "10": {
        "score": 8.039334297180176,
        "runtime": 123.26442623138428
    },
    "11": {
        "score": 7.864779472351074,
        "runtime": 122.07165479660034
    },
    "12": {
        "score": 8.4395170211792,
        "runtime": 122.71013402938843
    },
    "13": {
        "score": 7.7733659744262695,
        "runtime": 124.2676637172699
    },
    "14": {
        "score": 8.249991416931152,
        "runtime": 122.9101915359497
    },
    "15": {
        "score": 8.038969993591309,
        "runtime": 122.11186003684998
    },
    "16": {
        "score": 8.150189399719238,
        "runtime": 122.17642283439636
    },
    "17": {
        "score": 8.044825553894043,
        "runtime": 123.08929204940796
    },
    "18": {
        "score": 8.134634971618652,
        "runtime": 125.2982931137085
    },
    "19": {
        "score": 8.260066986083984,
        "runtime": 123.54913306236267
    },
    "20": {
        "score": 8.713385581970215,
        "runtime": 122.97485947608948
    },
    "21": {
        "score": 8.243840217590332,
        "runtime": 123.31132173538208
    },
    "22": {
        "score": 7.7907185554504395,
        "runtime": 122.32769060134888
    },
    "23": {
        "score": 8.126986503601074,
        "runtime": 124.0616283416748
    },
    "24": {
        "score": 7.9048638343811035,
        "runtime": 123.78775715827942
    },
    "25": {
        "score": 8.15287971496582,
        "runtime": 122.2030086517334
    },
    "26": {
        "score": 8.064238548278809,
        "runtime": 123.3678183555603
    },
    "27": {
        "score": 7.909008979797363,
        "runtime": 123.31809401512146
    },
    "28": {
        "score": 8.499039649963379,
        "runtime": 123.72085332870483
    },
    "29": {
        "score": 7.583447456359863,
        "runtime": 123.63882732391357
    },
    "30": {
        "score": 8.042743682861328,
        "runtime": 125.60285210609436
    },
    "31": {
        "score": 8.181099891662598,
        "runtime": 123.31338477134705
    },
    "32": {
        "score": 7.961421966552734,
        "runtime": 123.674551486969
    },
    "33": {
        "score": 8.211124420166016,
        "runtime": 123.37201809883118
    },
    "34": {
        "score": 8.515851020812988,
        "runtime": 124.48914337158203
    },
    "35": {
        "score": 8.136627197265625,
        "runtime": 123.98838758468628
    },
    "36": {
        "score": 8.0299711227417,
        "runtime": 121.98611044883728
    },
    "37": {
        "score": 7.892526149749756,
        "runtime": 122.08107352256775
    },
    "38": {
        "score": 8.271303176879883,
        "runtime": 122.65394282341003
    },
    "39": {
        "score": 7.916054725646973,
        "runtime": 124.7216215133667
    },
    "40": {
        "score": 7.907264709472656,
        "runtime": 122.50865149497986
    },
    "41": {
        "score": 7.978023529052734,
        "runtime": 122.46803188323975
    },
    "42": {
        "score": 8.028803825378418,
        "runtime": 125.969881772995
    },
    "43": {
        "score": 8.209419250488281,
        "runtime": 122.3524169921875
    },
    "44": {
        "score": 7.91143274307251,
        "runtime": 123.26292061805725
    },
    "45": {
        "score": 7.996062755584717,
        "runtime": 123.7231662273407
    },
    "46": {
        "score": 8.326069831848145,
        "runtime": 123.84607744216919
    },
    "47": {
        "score": 8.260750770568848,
        "runtime": 123.47687196731567
    },
    "48": {
        "score": 8.041465759277344,
        "runtime": 123.37390351295471
    },
    "49": {
        "score": 8.506865501403809,
        "runtime": 123.25282979011536
    },
    "50": {
        "score": 9.053351402282715,
        "runtime": 124.59281063079834
    },
    "51": {
        "score": 8.031797409057617,
        "runtime": 123.6095700263977
    },
    "52": {
        "score": 7.924966812133789,
        "runtime": 122.64772629737854
    },
    "53": {
        "score": 7.583394527435303,
        "runtime": 123.24367380142212
    },
    "54": {
        "score": 8.140557289123535,
        "runtime": 123.68244171142578
    },
    "55": {
        "score": 7.743189334869385,
        "runtime": 122.61816096305847
    },
    "56": {
        "score": 8.693471908569336,
        "runtime": 124.59563994407654
    },
    "57": {
        "score": 8.083134651184082,
        "runtime": 122.59784197807312
    },
    "58": {
        "score": 8.292878150939941,
        "runtime": 123.75381469726562
    },
    "59": {
        "score": 8.123205184936523,
        "runtime": 124.07222056388855
    },
    "60": {
        "score": 8.304984092712402,
        "runtime": 123.19238305091858
    },
    "61": {
        "score": 7.979050159454346,
        "runtime": 122.44942879676819
    },
    "62": {
        "score": 8.797202110290527,
        "runtime": 123.26423645019531
    },
    "63": {
        "score": 8.065691947937012,
        "runtime": 123.84261441230774
    },
    "64": {
        "score": 7.732998847961426,
        "runtime": 124.62626028060913
    },
    "65": {
        "score": 8.690605163574219,
        "runtime": 122.96226954460144
    },
    "66": {
        "score": 8.377861022949219,
        "runtime": 122.96821451187134
    },
    "67": {
        "score": 8.13395881652832,
        "runtime": 122.84066987037659
    },
    "68": {
        "score": 7.803745746612549,
        "runtime": 124.84905886650085
    },
    "69": {
        "score": 7.787865161895752,
        "runtime": 122.99805283546448
    },
    "70": {
        "score": 8.44382095336914,
        "runtime": 123.68872046470642
    },
    "71": {
        "score": 7.448675632476807,
        "runtime": 122.98979687690735
    },
    "72": {
        "score": 8.64151668548584,
        "runtime": 123.06397557258606
    },
    "73": {
        "score": 8.10534954071045,
        "runtime": 124.2759256362915
    },
    "74": {
        "score": 8.030962944030762,
        "runtime": 123.12316226959229
    },
    "75": {
        "score": 7.935169219970703,
        "runtime": 121.81202578544617
    },
    "76": {
        "score": 8.068489074707031,
        "runtime": 122.11337757110596
    },
    "77": {
        "score": 8.14060115814209,
        "runtime": 122.36265683174133
    },
    "78": {
        "score": 7.979449272155762,
        "runtime": 122.18700385093689
    },
    "79": {
        "score": 8.4628324508667,
        "runtime": 126.17302417755127
    },
    "80": {
        "score": 7.687395095825195,
        "runtime": 122.89504528045654
    },
    "81": {
        "score": 8.532769203186035,
        "runtime": 123.97712588310242
    },
    "82": {
        "score": 7.420082092285156,
        "runtime": 126.41259098052979
    },
    "83": {
        "score": 7.331422328948975,
        "runtime": 122.98100924491882
    },
    "84": {
        "score": 8.448564529418945,
        "runtime": 137.95401406288147
    },
    "85": {
        "score": 8.186578750610352,
        "runtime": 123.78402853012085
    },