{
    "0": {
        "score": 6.624468803405762,
        "runtime": 1.71700119972229
    },
    "1": {
        "score": 6.624468803405762,
        "runtime": 1.7249996662139893
    },
    "2": {
        "score": 6.624468803405762,
        "runtime": 1.6940007209777832
    },
    "3": {
        "score": 6.624468803405762,
        "runtime": 1.7270021438598633
    },
    "4": {
        "score": 6.624468803405762,
        "runtime": 1.7180001735687256
    },
    "5": {
        "score": 6.624468803405762,
        "runtime": 1.7169997692108154
    },
    "6": {
        "score": 6.624468803405762,
        "runtime": 1.7649996280670166
    },
    "7": {
        "score": 6.624468803405762,
        "runtime": 1.7119977474212646
    },
    "8": {
        "score": 6.624468803405762,
        "runtime": 1.6660020351409912
    },
    "9": {
        "score": 6.624468803405762,
        "runtime": 1.6520013809204102
    },
    "10": {
        "score": 6.624468803405762,
        "runtime": 1.734001636505127
    },
    "11": {
        "score": 6.624468803405762,
        "runtime": 1.732997179031372
    },
    "12": {
        "score": 6.624468803405762,
        "runtime": 1.7010009288787842
    },
    "13": {
        "score": 6.624468803405762,
        "runtime": 1.677002191543579
    },
    "14": {
        "score": 6.624468803405762,
        "runtime": 1.6710002422332764
    },
    "15": {
        "score": 6.624468803405762,
        "runtime": 1.7420010566711426
    },
    "16": {
        "score": 6.624468803405762,
        "runtime": 1.7360012531280518
    },
    "17": {
        "score": 6.624468803405762,
        "runtime": 1.6879990100860596
    },
    "18": {
        "score": 6.624468803405762,
        "runtime": 1.657001256942749
    },
    "19": {
        "score": 6.624468803405762,
        "runtime": 1.6940009593963623
    },
    "20": {
        "score": 6.624468803405762,
        "runtime": 1.663001298904419
    },
    "21": {
        "score": 6.624468803405762,
        "runtime": 1.6519997119903564
    },
    "22": {
        "score": 6.624468803405762,
        "runtime": 1.638998031616211
    },
    "23": {
        "score": 6.624468803405762,
        "runtime": 1.6760010719299316
    },
    "24": {
        "score": 6.624468803405762,
        "runtime": 1.668996810913086
    },
    "25": {
        "score": 6.624468803405762,
        "runtime": 1.7379975318908691
    },
    "26": {
        "score": 6.624468803405762,
        "runtime": 1.7390010356903076
    },
    "27": {
        "score": 6.624468803405762,
        "runtime": 1.689997673034668
    },
    "28": {
        "score": 6.624468803405762,
        "runtime": 1.7270028591156006
    },
    "29": {
        "score": 6.624468803405762,
        "runtime": 1.7520015239715576
    },
    "30": {
        "score": 6.624468803405762,
        "runtime": 1.7259998321533203
    },
    "31": {
        "score": 6.624468803405762,
        "runtime": 1.7390005588531494
    },
    "32": {
        "score": 6.624468803405762,
        "runtime": 1.7679986953735352
    },
    "33": {
        "score": 6.624468803405762,
        "runtime": 1.6730000972747803
    },
    "34": {
        "score": 6.624468803405762,
        "runtime": 1.6510014533996582
    },
    "35": {
        "score": 6.624468803405762,
        "runtime": 1.6850032806396484
    },
    "36": {
        "score": 6.624468803405762,
        "runtime": 1.6649999618530273
    },
    "37": {
        "score": 6.624468803405762,
        "runtime": 1.7019991874694824
    },
    "38": {
        "score": 6.624468803405762,
        "runtime": 1.7290031909942627
    },
    "39": {
        "score": 6.624468803405762,
        "runtime": 1.673999547958374
    },
    "40": {
        "score": 6.624468803405762,
        "runtime": 1.6740007400512695
    },
    "41": {
        "score": 6.624468803405762,
        "runtime": 1.6469995975494385
    },
    "42": {
        "score": 6.624468803405762,
        "runtime": 1.6670010089874268
    },
    "43": {
        "score": 6.624468803405762,
        "runtime": 1.6800000667572021
    },
    "44": {
        "score": 6.624468803405762,
        "runtime": 1.681999683380127
    },
    "45": {
        "score": 6.624468803405762,
        "runtime": 1.6600000858306885
    },
    "46": {
        "score": 6.624468803405762,
        "runtime": 1.636000394821167
    },
    "47": {
        "score": 6.624468803405762,
        "runtime": 1.6549999713897705
    },
    "48": {
        "score": 6.624468803405762,
        "runtime": 1.740997076034546
    },
    "49": {
        "score": 6.624468803405762,
        "runtime": 1.7430009841918945
    },
    "50": {
        "score": 6.624468803405762,
        "runtime": 1.6340000629425049
    },
    "51": {
        "score": 6.624468803405762,
        "runtime": 1.7679979801177979
    },
    "52": {
        "score": 6.624468803405762,
        "runtime": 1.7180018424987793
    },
    "53": {
        "score": 6.624468803405762,
        "runtime": 1.7229998111724854
    },
    "54": {
        "score": 6.624468803405762,
        "runtime": 1.7789983749389648
    },
    "55": {
        "score": 6.624468803405762,
        "runtime": 1.69099760055542
    },
    "56": {
        "score": 6.624468803405762,
        "runtime": 1.7629997730255127
    },
    "57": {
        "score": 6.624468803405762,
        "runtime": 1.6860036849975586
    },
    "58": {
        "score": 6.624468803405762,
        "runtime": 1.7099995613098145
    },
    "59": {
        "score": 6.624468803405762,
        "runtime": 1.7000010013580322
    },
    "60": {
        "score": 6.624468803405762,
        "runtime": 1.694000244140625
    },
    "61": {
        "score": 6.624468803405762,
        "runtime": 1.698998212814331
    },
    "62": {
        "score": 6.624468803405762,
        "runtime": 1.7280004024505615
    },
    "63": {
        "score": 6.624468803405762,
        "runtime": 1.7230010032653809
    },
    "64": {
        "score": 6.624468803405762,
        "runtime": 1.6870005130767822
    },
    "65": {
        "score": 6.624468803405762,
        "runtime": 1.715003252029419
    },
    "66": {
        "score": 6.624468803405762,
        "runtime": 1.757997989654541
    },
    "67": {
        "score": 6.624468803405762,
        "runtime": 1.7200000286102295
    },
    "68": {
        "score": 6.624468803405762,
        "runtime": 1.7050011157989502
    },
    "69": {
        "score": 6.624468803405762,
        "runtime": 1.6319971084594727
    },
    "70": {
        "score": 6.624468803405762,
        "runtime": 1.8720014095306396
    },
    "71": {
        "score": 6.624468803405762,
        "runtime": 1.6430017948150635
    },
    "72": {
        "score": 6.624468803405762,
        "runtime": 1.7770004272460938
    },
    "73": {
        "score": 6.624468803405762,
        "runtime": 1.7060003280639648
    },
    "74": {
        "score": 6.624468803405762,
        "runtime": 1.6589999198913574
    },
    "75": {
        "score": 6.624468803405762,
        "runtime": 1.6570000648498535
    },
    "76": {
        "score": 6.624468803405762,
        "runtime": 1.7219977378845215
    },
    "77": {
        "score": 6.624468803405762,
        "runtime": 1.6770012378692627
    },
    "78": {
        "score": 6.624468803405762,
        "runtime": 1.651000738143921
    },
    "79": {
        "score": 6.624468803405762,
        "runtime": 1.7299973964691162
    },
    "80": {
        "score": 6.624468803405762,
        "runtime": 1.7289984226226807
    },
    "81": {
        "score": 6.624468803405762,
        "runtime": 1.6369996070861816
    },
    "82": {
        "score": 6.624468803405762,
        "runtime": 1.7279987335205078
    },
    "83": {
        "score": 6.624468803405762,
        "runtime": 1.6789982318878174
    },
    "84": {
        "score": 6.624468803405762,
        "runtime": 1.677001953125
    },
    "85": {
        "score": 6.624468803405762,
        "runtime": 1.635000228881836
    },