{
    "epoch=167-train_score=10.24002": {
        "result_avg": {
            "score": 11.100590505599975,
            "runtime": 20.472465136051177
        },
        "result_std": {
            "score": 0.04146569082384843,
            "runtime": 0.08504292215373432
        }
    },
    "epoch=111-train_score=10.31228": {
        "result_avg": {
            "score": 11.0177716255188,
            "runtime": 20.438905832767485
        },
        "result_std": {
            "score": 0.0012117817966191063,
            "runtime": 0.0814906910369865
        }
    },
    "epoch=293-train_score=10.27933": {
        "result_avg": {
            "score": 10.704016942977905,
            "runtime": 20.3756854057312
        },
        "result_std": {
            "score": 0.0021474097165238236,
            "runtime": 0.09651526085275694
        }
    },
    "epoch=265-train_score=10.33301": {
        "result_avg": {
            "score": 11.006325969696045,
            "runtime": 20.54355534315109
        },
        "result_std": {
            "score": 0.002256572010039607,
            "runtime": 0.07870052624760479
        }
    },
    "epoch=247-train_score=10.36349": {
        "result_avg": {
            "score": 11.196333303451539,
            "runtime": 20.545010595321656
        },
        "result_std": {
            "score": 0.16347223576632872,
            "runtime": 0.13222319710764657
        }
    }
}