{
    "0": {
        "score": 3.663829803466797,
        "runtime": 0.7850003242492676
    },
    "1": {
        "score": 3.761995553970337,
        "runtime": 0.7670001983642578
    },
    "2": {
        "score": 3.7796685695648193,
        "runtime": 0.7870016098022461
    },
    "3": {
        "score": 4.1494598388671875,
        "runtime": 0.7995121479034424
    },
    "4": {
        "score": 3.2645254135131836,
        "runtime": 0.7709994316101074
    },
    "5": {
        "score": 3.860729455947876,
        "runtime": 0.7730004787445068
    },
    "6": {
        "score": 3.8685247898101807,
        "runtime": 0.7749984264373779
    },
    "7": {
        "score": 3.951625347137451,
        "runtime": 0.7800002098083496
    },
    "8": {
        "score": 4.128917694091797,
        "runtime": 0.7959988117218018
    },
    "9": {
        "score": 4.014928340911865,
        "runtime": 0.7855198383331299
    },
    "10": {
        "score": 3.8120546340942383,
        "runtime": 0.7979977130889893
    },
    "11": {
        "score": 3.7717669010162354,
        "runtime": 0.7839984893798828
    },
    "12": {
        "score": 4.076560974121094,
        "runtime": 0.7705254554748535
    },
    "13": {
        "score": 3.7108867168426514,
        "runtime": 0.7714769840240479
    },
    "14": {
        "score": 4.338846206665039,
        "runtime": 0.7979998588562012
    },
    "15": {
        "score": 3.9959185123443604,
        "runtime": 0.793999433517456
    },
    "16": {
        "score": 4.157617568969727,
        "runtime": 0.7560014724731445
    },
    "17": {
        "score": 3.341623067855835,
        "runtime": 0.7970023155212402
    },
    "18": {
        "score": 3.703400135040283,
        "runtime": 0.772000789642334
    },
    "19": {
        "score": 3.8638968467712402,
        "runtime": 0.7999973297119141
    },
    "20": {
        "score": 3.877220630645752,
        "runtime": 0.7809998989105225
    },
    "21": {
        "score": 3.4828336238861084,
        "runtime": 0.7695174217224121
    },
    "22": {
        "score": 3.868171215057373,
        "runtime": 0.7659993171691895
    },
    "23": {
        "score": 4.410032272338867,
        "runtime": 0.8040001392364502
    },
    "24": {
        "score": 3.9885852336883545,
        "runtime": 0.8080005645751953
    },
    "25": {
        "score": 3.8711776733398438,
        "runtime": 0.7960002422332764
    },
    "26": {
        "score": 4.393781661987305,
        "runtime": 0.7770001888275146
    },
    "27": {
        "score": 3.715338945388794,
        "runtime": 0.804997444152832
    },
    "28": {
        "score": 3.308075189590454,
        "runtime": 0.7889478206634521
    },
    "29": {
        "score": 3.9138457775115967,
        "runtime": 0.7985155582427979
    },
    "30": {
        "score": 3.8944716453552246,
        "runtime": 0.7695174217224121
    },
    "31": {
        "score": 3.209815263748169,
        "runtime": 0.7849993705749512
    },
    "32": {
        "score": 4.040256023406982,
        "runtime": 0.7999980449676514
    },
    "33": {
        "score": 4.224037170410156,
        "runtime": 0.8050003051757812
    },
    "34": {
        "score": 4.319533824920654,
        "runtime": 0.7620017528533936
    },
    "35": {
        "score": 4.260029315948486,
        "runtime": 0.7925221920013428
    },
    "36": {
        "score": 4.094963550567627,
        "runtime": 0.80299973487854
    },
    "37": {
        "score": 3.717787742614746,
        "runtime": 0.7750015258789062
    },
    "38": {
        "score": 3.8522095680236816,
        "runtime": 0.8008582592010498
    },
    "39": {
        "score": 4.306560516357422,
        "runtime": 0.798999547958374
    },
    "40": {
        "score": 3.9870688915252686,
        "runtime": 0.7779548168182373
    },
    "41": {
        "score": 4.015934467315674,
        "runtime": 0.792999267578125
    },
    "42": {
        "score": 3.5284109115600586,
        "runtime": 0.7869994640350342
    },
    "43": {
        "score": 3.2898268699645996,
        "runtime": 0.7650001049041748
    },
    "44": {
        "score": 3.919325113296509,
        "runtime": 0.7685251235961914
    },
    "45": {
        "score": 3.6989119052886963,
        "runtime": 0.7890009880065918
    },
    "46": {
        "score": 4.148586750030518,
        "runtime": 0.8239991664886475
    },
    "47": {
        "score": 3.7258424758911133,
        "runtime": 0.7909972667694092
    },
    "48": {
        "score": 3.927215337753296,
        "runtime": 0.8189990520477295
    },
    "49": {
        "score": 3.853579044342041,
        "runtime": 0.7859981060028076
    },
    "50": {
        "score": 3.8545479774475098,
        "runtime": 0.8649992942810059
    },
    "51": {
        "score": 3.6685421466827393,
        "runtime": 0.7699997425079346
    },
    "52": {
        "score": 3.5350968837738037,
        "runtime": 0.810516357421875
    },
    "53": {
        "score": 4.114353656768799,
        "runtime": 0.7840003967285156
    },
    "54": {
        "score": 3.939969301223755,
        "runtime": 0.7790007591247559
    },
    "55": {
        "score": 3.632526397705078,
        "runtime": 0.8500001430511475
    },
    "56": {
        "score": 4.023445129394531,
        "runtime": 0.7860000133514404
    },
    "57": {
        "score": 3.789414405822754,
        "runtime": 0.7729983329772949
    },
    "58": {
        "score": 3.979959487915039,
        "runtime": 0.7929997444152832
    },
    "59": {
        "score": 3.909616470336914,
        "runtime": 0.7610015869140625
    },
    "60": {
        "score": 3.8441123962402344,
        "runtime": 0.7479996681213379
    },
    "61": {
        "score": 3.1804888248443604,
        "runtime": 0.8079698085784912
    },
    "62": {
        "score": 4.034071922302246,
        "runtime": 0.775998592376709
    },
    "63": {
        "score": 4.115477085113525,
        "runtime": 0.7770016193389893
    },
    "64": {
        "score": 3.763899564743042,
        "runtime": 0.7810027599334717
    },
    "65": {
        "score": 3.998300075531006,
        "runtime": 0.76399827003479
    },
    "66": {
        "score": 3.7593417167663574,
        "runtime": 0.8040006160736084
    },
    "67": {
        "score": 3.6951253414154053,
        "runtime": 0.7539994716644287
    },
    "68": {
        "score": 4.000242233276367,
        "runtime": 0.7960019111633301
    },
    "69": {
        "score": 3.6501429080963135,
        "runtime": 0.7829983234405518
    },
    "70": {
        "score": 3.571722984313965,
        "runtime": 0.7749998569488525
    },
    "71": {
        "score": 3.762113571166992,
        "runtime": 0.791999101638794
    },
    "72": {
        "score": 4.327773571014404,
        "runtime": 0.7675213813781738
    },
    "73": {
        "score": 3.780745267868042,
        "runtime": 0.7870001792907715
    },
    "74": {
        "score": 3.9664056301116943,
        "runtime": 0.7569999694824219
    },
    "75": {
        "score": 4.166758060455322,
        "runtime": 0.862001895904541
    },
    "76": {
        "score": 3.6901931762695312,
        "runtime": 0.7739646434783936
    },
    "77": {
        "score": 4.025908470153809,
        "runtime": 0.7919609546661377
    },
    "78": {
        "score": 4.144110679626465,
        "runtime": 0.8097000122070312
    },
    "79": {
        "score": 3.8339178562164307,
        "runtime": 0.7940001487731934
    },
    "80": {
        "score": 3.175424575805664,
        "runtime": 0.8480005264282227
    },
    "81": {
        "score": 4.092862606048584,
        "runtime": 0.7490017414093018
    },
    "82": {
        "score": 3.7449758052825928,
        "runtime": 0.777001142501831
    },
    "83": {
        "score": 3.47387957572937,
        "runtime": 0.7669603824615479
    },
    "84": {
        "score": 3.977057695388794,
        "runtime": 0.7759993076324463
    },
    "85": {
        "score": 3.9608030319213867,