{
    "0": {
        "score": 11.018959045410156,
        "runtime": 21.053000688552856
    },
    "1": {
        "score": 11.131300926208496,
        "runtime": 20.20099973678589
    },
    "2": {
        "score": 11.018959045410156,
        "runtime": 20.937001705169678
    },
    "3": {
        "score": 11.018959045410156,
        "runtime": 20.337000370025635
    },
    "4": {
        "score": 11.018959045410156,
        "runtime": 20.829999685287476
    },
    "5": {
        "score": 11.018959045410156,
        "runtime": 20.433000087738037
    },
    "6": {
        "score": 11.131300926208496,
        "runtime": 20.70600175857544
    },
    "7": {
        "score": 11.018959045410156,
        "runtime": 20.634474277496338
    },
    "8": {
        "score": 11.018959045410156,
        "runtime": 20.560999870300293
    },
    "9": {
        "score": 11.018959045410156,
        "runtime": 20.828001260757446
    },
    "10": {
        "score": 11.018959045410156,
        "runtime": 20.65400004386902
    },
    "11": {
        "score": 11.131300926208496,
        "runtime": 20.41401720046997
    },
    "12": {
        "score": 11.018959045410156,
        "runtime": 20.976001977920532
    },
    "13": {
        "score": 11.018959045410156,
        "runtime": 20.58399987220764
    },
    "14": {
        "score": 11.018959045410156,
        "runtime": 20.954000234603882
    },
    "15": {
        "score": 11.018959045410156,
        "runtime": 20.148002862930298
    },
    "16": {
        "score": 11.131300926208496,
        "runtime": 20.27300000190735
    },
    "17": {
        "score": 11.100238800048828,
        "runtime": 20.159507036209106
    },
    "18": {
        "score": 11.018959045410156,
        "runtime": 20.638001203536987
    },
    "19": {
        "score": 10.863372802734375,
        "runtime": 20.136000156402588
    },
    "20": {
        "score": 11.018959045410156,
        "runtime": 20.708001613616943
    },
    "21": {
        "score": 11.018959045410156,
        "runtime": 20.48900008201599
    },
    "22": {
        "score": 11.018959045410156,
        "runtime": 20.939016580581665
    },
    "23": {
        "score": 11.018959045410156,
        "runtime": 20.531001091003418
    },
    "24": {
        "score": 11.018959045410156,
        "runtime": 20.61699938774109
    },
    "25": {
        "score": 11.131300926208496,
        "runtime": 20.427001476287842
    },
    "26": {
        "score": 11.018959045410156,
        "runtime": 20.555001974105835
    },
    "27": {
        "score": 11.151459693908691,
        "runtime": 20.645000219345093
    },
    "28": {
        "score": 11.131300926208496,
        "runtime": 20.70099973678589
    },
    "29": {
        "score": 11.039117813110352,
        "runtime": 20.520999670028687
    },
    "30": {
        "score": 11.018959045410156,
        "runtime": 20.666000604629517
    },
    "31": {
        "score": 11.131300926208496,
        "runtime": 20.332998275756836
    },
    "32": {
        "score": 11.018959045410156,
        "runtime": 20.605000019073486
    },
    "33": {
        "score": 11.118843078613281,
        "runtime": 20.453999996185303
    },
    "34": {
        "score": 11.018959045410156,
        "runtime": 20.734999895095825
    },
    "35": {
        "score": 11.131300926208496,
        "runtime": 20.412001848220825
    },
    "36": {
        "score": 11.018959045410156,
        "runtime": 20.716997623443604
    },
    "37": {
        "score": 11.018959045410156,
        "runtime": 20.78500199317932
    },
    "38": {
        "score": 11.131300926208496,
        "runtime": 20.419000387191772
    },
    "39": {
        "score": 11.018959045410156,
        "runtime": 20.4520001411438
    },
    "40": {
        "score": 10.863372802734375,
        "runtime": 20.30199909210205
    },
    "41": {
        "score": 11.502044677734375,
        "runtime": 20.157999753952026
    },
    "42": {
        "score": 11.018959045410156,
        "runtime": 20.375999450683594
    },
    "43": {
        "score": 11.018959045410156,
        "runtime": 20.64200210571289
    },
    "44": {
        "score": 11.018959045410156,
        "runtime": 20.609997510910034
    },
    "45": {
        "score": 11.018959045410156,
        "runtime": 20.420000076293945
    },
    "46": {
        "score": 11.100238800048828,
        "runtime": 20.60200309753418
    },
    "47": {
        "score": 11.018959045410156,
        "runtime": 20.551002740859985
    },
    "48": {
        "score": 11.039117813110352,
        "runtime": 20.581000089645386
    },
    "49": {
        "score": 11.018959045410156,
        "runtime": 21.059001684188843
    },
    "50": {
        "score": 11.131300926208496,
        "runtime": 20.40700054168701
    },
    "51": {
        "score": 11.131300926208496,
        "runtime": 20.512001276016235
    },
    "52": {
        "score": 11.131300926208496,
        "runtime": 21.258000373840332
    },
    "53": {
        "score": 11.131300926208496,
        "runtime": 20.606000423431396
    },
    "54": {
        "score": 11.018959045410156,
        "runtime": 20.548999071121216
    },
    "55": {
        "score": 11.131300926208496,
        "runtime": 20.387999773025513
    },
    "56": {
        "score": 11.018959045410156,
        "runtime": 20.939000844955444
    },
    "57": {
        "score": 11.018959045410156,
        "runtime": 20.632001161575317
    },
    "58": {
        "score": 11.131300926208496,
        "runtime": 20.118014335632324
    },
    "59": {
        "score": 11.131300926208496,
        "runtime": 20.31999921798706
    },
    "60": {
        "score": 11.131300926208496,
        "runtime": 20.95699906349182
    },
    "61": {
        "score": 11.018959045410156,
        "runtime": 20.624998807907104
    },
    "62": {
        "score": 11.131300926208496,
        "runtime": 20.269001007080078
    },
    "63": {
        "score": 11.018959045410156,
        "runtime": 20.803999662399292
    },
    "64": {
        "score": 11.018959045410156,
        "runtime": 20.87500023841858
    },
    "65": {
        "score": 11.018959045410156,
        "runtime": 20.614997148513794
    },
    "66": {
        "score": 11.131300926208496,
        "runtime": 20.26500153541565
    },
    "67": {
        "score": 11.018959045410156,
        "runtime": 20.76099944114685
    },
    "68": {
        "score": 11.018959045410156,
        "runtime": 20.657997608184814
    },
    "69": {
        "score": 11.018959045410156,
        "runtime": 20.569999933242798
    },
    "70": {
        "score": 11.018959045410156,
        "runtime": 20.59599995613098
    },
    "71": {
        "score": 11.039117813110352,
        "runtime": 20.5930016040802
    },
    "72": {
        "score": 10.83230972290039,
        "runtime": 20.242000341415405
    },
    "73": {
        "score": 11.018959045410156,
        "runtime": 20.401000261306763
    },
    "74": {
        "score": 11.018959045410156,
        "runtime": 20.938000202178955
    },
    "75": {
        "score": 11.138784408569336,
        "runtime": 20.321998357772827
    },
    "76": {
        "score": 11.018959045410156,
        "runtime": 20.543002128601074
    },
    "77": {
        "score": 11.018959045410156,
        "runtime": 20.4520001411438
    },
    "78": {
        "score": 11.018959045410156,
        "runtime": 20.447999954223633
    },
    "79": {
        "score": 11.039117813110352,
        "runtime": 20.96000385284424
    },
    "80": {
        "score": 11.039117813110352,
        "runtime": 20.465003490447998
    },
    "81": {
        "score": 11.151459693908691,
        "runtime": 20.41800022125244
    },
    "82": {
        "score": 11.131300926208496,
        "runtime": 20.564462184906006
    },
    "83": {
        "score": 11.018959045410156,
        "runtime": 20.529001474380493
    },
    "84": {
        "score": 11.131300926208496,
        "runtime": 20.865997552871704
    },