{
    "0": {
        "score": 5.5300469398498535,
        "runtime": 0.22299981117248535
    },
    "1": {
        "score": 5.9200239181518555,
        "runtime": 0.21599888801574707
    },
    "2": {
        "score": 6.260612964630127,
        "runtime": 0.24500203132629395
    },
    "3": {
        "score": 5.985764503479004,
        "runtime": 0.21199917793273926
    },
    "4": {
        "score": 5.7333173751831055,
        "runtime": 0.2559995651245117
    },
    "5": {
        "score": 5.840554714202881,
        "runtime": 0.22999954223632812
    },
    "6": {
        "score": 6.178398132324219,
        "runtime": 0.18199944496154785
    },
    "7": {
        "score": 6.05481481552124,
        "runtime": 0.19800162315368652
    },
    "8": {
        "score": 5.758062839508057,
        "runtime": 0.22999882698059082
    },
    "9": {
        "score": 6.159329891204834,
        "runtime": 0.20199894905090332
    },
    "10": {
        "score": 5.541236400604248,
        "runtime": 0.2180008888244629
    },
    "11": {
        "score": 5.015531539916992,
        "runtime": 0.28300046920776367
    },
    "12": {
        "score": 5.761824131011963,
        "runtime": 0.22799968719482422
    },
    "13": {
        "score": 5.7537336349487305,
        "runtime": 0.18599867820739746
    },
    "14": {
        "score": 5.9782280921936035,
        "runtime": 0.21000027656555176
    },
    "15": {
        "score": 5.967011451721191,
        "runtime": 0.23699951171875
    },
    "16": {
        "score": 5.591575622558594,
        "runtime": 0.21300172805786133
    },
    "17": {
        "score": 5.42086124420166,
        "runtime": 0.21700024604797363
    },
    "18": {
        "score": 5.7994303703308105,
        "runtime": 0.19399738311767578
    },
    "19": {
        "score": 5.620327472686768,
        "runtime": 0.21199941635131836
    },
    "20": {
        "score": 5.4540629386901855,
        "runtime": 0.21799993515014648
    },
    "21": {
        "score": 6.050093650817871,
        "runtime": 0.23600006103515625
    },
    "22": {
        "score": 5.63731575012207,
        "runtime": 0.2250080108642578
    },
    "23": {
        "score": 5.67860746383667,
        "runtime": 0.21900033950805664
    },
    "24": {
        "score": 5.91417932510376,
        "runtime": 0.22099995613098145
    },
    "25": {
        "score": 6.141809940338135,
        "runtime": 0.21200060844421387
    },
    "26": {
        "score": 5.743160724639893,
        "runtime": 0.24700117111206055
    },
    "27": {
        "score": 5.843569755554199,
        "runtime": 0.23999953269958496
    },
    "28": {
        "score": 5.642683982849121,
        "runtime": 0.21899962425231934
    },
    "29": {
        "score": 6.260650634765625,
        "runtime": 0.2050001621246338
    },
    "30": {
        "score": 5.880276679992676,
        "runtime": 0.19800066947937012
    },
    "31": {
        "score": 5.657261371612549,
        "runtime": 0.23700165748596191
    },
    "32": {
        "score": 6.0271382331848145,
        "runtime": 0.24200057983398438
    },
    "33": {
        "score": 5.600203514099121,
        "runtime": 0.2239983081817627
    },
    "34": {
        "score": 5.673521518707275,
        "runtime": 0.22500014305114746
    },
    "35": {
        "score": 5.811681747436523,
        "runtime": 0.23299837112426758
    },
    "36": {
        "score": 5.761853218078613,
        "runtime": 0.21700024604797363
    },
    "37": {
        "score": 6.342751979827881,
        "runtime": 0.21500015258789062
    },
    "38": {
        "score": 5.785482883453369,
        "runtime": 0.19700026512145996
    },
    "39": {
        "score": 6.113160133361816,
        "runtime": 0.21499943733215332
    },
    "40": {
        "score": 5.53599739074707,
        "runtime": 0.24299907684326172
    },
    "41": {
        "score": 5.730392932891846,
        "runtime": 0.221998929977417
    },
    "42": {
        "score": 5.822061538696289,
        "runtime": 0.2259993553161621
    },
    "43": {
        "score": 6.491611003875732,
        "runtime": 0.23999977111816406
    },
    "44": {
        "score": 5.6065778732299805,
        "runtime": 0.2870006561279297
    },
    "45": {
        "score": 5.759480953216553,
        "runtime": 0.22300052642822266
    },
    "46": {
        "score": 6.116273880004883,
        "runtime": 0.22899889945983887
    },
    "47": {
        "score": 5.73004674911499,
        "runtime": 0.2259998321533203
    },
    "48": {
        "score": 5.591424465179443,
        "runtime": 0.23599958419799805
    },
    "49": {
        "score": 6.152585029602051,
        "runtime": 0.21200108528137207
    },
    "50": {
        "score": 5.957938194274902,
        "runtime": 0.21799945831298828
    },
    "51": {
        "score": 5.852341651916504,
        "runtime": 0.23100042343139648
    },
    "52": {
        "score": 6.284963607788086,
        "runtime": 0.24300026893615723
    },
    "53": {
        "score": 5.438981056213379,
        "runtime": 0.20299863815307617
    },
    "54": {
        "score": 5.6296305656433105,
        "runtime": 0.21500110626220703
    },
    "55": {
        "score": 6.075608253479004,
        "runtime": 0.18399977684020996
    },
    "56": {
        "score": 6.1150665283203125,
        "runtime": 0.21299982070922852
    },
    "57": {
        "score": 5.948593616485596,
        "runtime": 0.2299973964691162
    },
    "58": {
        "score": 5.795512676239014,
        "runtime": 0.20599913597106934
    },
    "59": {
        "score": 5.735616683959961,
        "runtime": 0.23099946975708008
    },
    "60": {
        "score": 6.475722312927246,
        "runtime": 0.23200106620788574
    },
    "61": {
        "score": 5.615568161010742,
        "runtime": 0.22699952125549316
    },
    "62": {
        "score": 5.8128814697265625,
        "runtime": 0.25800132751464844
    },
    "63": {
        "score": 5.582336902618408,
        "runtime": 0.2149982452392578
    },
    "64": {
        "score": 5.7067952156066895,
        "runtime": 0.22899913787841797
    },
    "65": {
        "score": 5.729552745819092,
        "runtime": 0.22699880599975586
    },
    "66": {
        "score": 5.531118392944336,
        "runtime": 0.23099994659423828
    },
    "67": {
        "score": 5.384851932525635,
        "runtime": 0.23900079727172852
    },
    "68": {
        "score": 5.692628860473633,
        "runtime": 0.22299957275390625
    },
    "69": {
        "score": 5.383883953094482,
        "runtime": 0.21699857711791992
    },
    "70": {
        "score": 5.936954021453857,
        "runtime": 0.23400092124938965
    },
    "71": {
        "score": 5.482124328613281,
        "runtime": 0.24500083923339844
    },
    "72": {
        "score": 5.980818271636963,
        "runtime": 0.20999860763549805
    },
    "73": {
        "score": 5.613287448883057,
        "runtime": 0.21199917793273926
    },
    "74": {
        "score": 5.630668640136719,
        "runtime": 0.20399975776672363
    },
    "75": {
        "score": 5.929213047027588,
        "runtime": 0.24900078773498535
    },
    "76": {
        "score": 6.093181610107422,
        "runtime": 0.21899938583374023
    },
    "77": {
        "score": 5.732614994049072,
        "runtime": 0.23100066184997559
    },
    "78": {
        "score": 5.8886637687683105,
        "runtime": 0.21600055694580078
    },
    "79": {
        "score": 5.139204978942871,
        "runtime": 0.24899935722351074
    },
    "80": {
        "score": 5.737931251525879,
        "runtime": 0.23000049591064453
    },
    "81": {
        "score": 5.348573684692383,
        "runtime": 0.24300003051757812
    },
    "82": {
        "score": 5.57737398147583,
        "runtime": 0.2199997901916504
    },
    "83": {
        "score": 6.2571892738342285,
        "runtime": 0.2350003719329834
    },
    "84": {
        "score": 5.893861770629883,
        "runtime": 0.23200058937072754
    },