{
    "0": {
        "score": 3.6493992805480957,
        "runtime": 0.8279988765716553
    },
    "1": {
        "score": 3.819108724594116,
        "runtime": 0.8179962635040283
    },
    "2": {
        "score": 3.7796688079833984,
        "runtime": 0.8000004291534424
    },
    "3": {
        "score": 4.122701644897461,
        "runtime": 0.7760000228881836
    },
    "4": {
        "score": 3.29445481300354,
        "runtime": 0.7820003032684326
    },
    "5": {
        "score": 3.8676135540008545,
        "runtime": 0.7775235176086426
    },
    "6": {
        "score": 3.8685250282287598,
        "runtime": 0.7739982604980469
    },
    "7": {
        "score": 3.9224014282226562,
        "runtime": 0.7670004367828369
    },
    "8": {
        "score": 4.128917694091797,
        "runtime": 0.787001371383667
    },
    "9": {
        "score": 4.028439998626709,
        "runtime": 0.7560005187988281
    },
    "10": {
        "score": 3.778759717941284,
        "runtime": 0.7960000038146973
    },
    "11": {
        "score": 3.7717671394348145,
        "runtime": 0.80899977684021
    },
    "12": {
        "score": 4.087907791137695,
        "runtime": 0.8099751472473145
    },
    "13": {
        "score": 3.7108864784240723,
        "runtime": 0.7599995136260986
    },
    "14": {
        "score": 4.372614860534668,
        "runtime": 0.7965238094329834
    },
    "15": {
        "score": 3.9959187507629395,
        "runtime": 0.7690038681030273
    },
    "16": {
        "score": 4.209713935852051,
        "runtime": 0.8015120029449463
    },
    "17": {
        "score": 3.341622829437256,
        "runtime": 0.808002233505249
    },
    "18": {
        "score": 3.7034003734588623,
        "runtime": 0.7750029563903809
    },
    "19": {
        "score": 3.863896369934082,
        "runtime": 0.8030006885528564
    },
    "20": {
        "score": 3.9067585468292236,
        "runtime": 0.7969992160797119
    },
    "21": {
        "score": 3.493420362472534,
        "runtime": 0.7659995555877686
    },
    "22": {
        "score": 3.8590357303619385,
        "runtime": 0.7779996395111084
    },
    "23": {
        "score": 4.342337131500244,
        "runtime": 0.7879765033721924
    },
    "24": {
        "score": 4.07985782623291,
        "runtime": 0.7729499340057373
    },
    "25": {
        "score": 3.8711776733398438,
        "runtime": 0.7630019187927246
    },
    "26": {
        "score": 4.330911159515381,
        "runtime": 0.786998987197876
    },
    "27": {
        "score": 3.715338945388794,
        "runtime": 0.8229994773864746
    },
    "28": {
        "score": 3.308074951171875,
        "runtime": 0.7740004062652588
    },
    "29": {
        "score": 3.9375288486480713,
        "runtime": 0.8145170211791992
    },
    "30": {
        "score": 3.8944716453552246,
        "runtime": 0.7970020771026611
    },
    "31": {
        "score": 3.209815263748169,
        "runtime": 0.7739989757537842
    },
    "32": {
        "score": 4.040256500244141,
        "runtime": 0.7899987697601318
    },
    "33": {
        "score": 4.2170515060424805,
        "runtime": 0.8230016231536865
    },
    "34": {
        "score": 4.319533824920654,
        "runtime": 0.8189985752105713
    },
    "35": {
        "score": 4.260029315948486,
        "runtime": 0.7649996280670166
    },
    "36": {
        "score": 4.00954008102417,
        "runtime": 0.7709994316101074
    },
    "37": {
        "score": 3.717787742614746,
        "runtime": 0.7840023040771484
    },
    "38": {
        "score": 3.8522093296051025,
        "runtime": 0.7549993991851807
    },
    "39": {
        "score": 4.200603008270264,
        "runtime": 0.7650001049041748
    },
    "40": {
        "score": 3.923027992248535,
        "runtime": 0.7769792079925537
    },
    "41": {
        "score": 3.9975223541259766,
        "runtime": 0.7700002193450928
    },
    "42": {
        "score": 3.5343122482299805,
        "runtime": 0.7599971294403076
    },
    "43": {
        "score": 3.28609299659729,
        "runtime": 0.7500009536743164
    },
    "44": {
        "score": 3.952742338180542,
        "runtime": 0.7935290336608887
    },
    "45": {
        "score": 3.6989119052886963,
        "runtime": 0.7700002193450928
    },
    "46": {
        "score": 4.115407943725586,
        "runtime": 0.7970001697540283
    },
    "47": {
        "score": 3.7472667694091797,
        "runtime": 0.7880008220672607
    },
    "48": {
        "score": 3.925548553466797,
        "runtime": 0.8079404830932617
    },
    "49": {
        "score": 3.8162293434143066,
        "runtime": 0.7959964275360107
    },
    "50": {
        "score": 3.854548215866089,
        "runtime": 0.803952693939209
    },
    "51": {
        "score": 3.6750454902648926,
        "runtime": 0.7999448776245117
    },
    "52": {
        "score": 3.5137431621551514,
        "runtime": 0.7855274677276611
    },
    "53": {
        "score": 4.114580154418945,
        "runtime": 0.7869987487792969
    },
    "54": {
        "score": 3.9248223304748535,
        "runtime": 0.7829973697662354
    },
    "55": {
        "score": 3.6325266361236572,
        "runtime": 0.7779371738433838
    },
    "56": {
        "score": 4.023445129394531,
        "runtime": 0.7870020866394043
    },
    "57": {
        "score": 3.789414405822754,
        "runtime": 0.7819945812225342
    },
    "58": {
        "score": 3.992960214614868,
        "runtime": 0.7712180614471436
    },
    "59": {
        "score": 3.881514310836792,
        "runtime": 0.8120026588439941
    },
    "60": {
        "score": 3.8143482208251953,
        "runtime": 0.8159980773925781
    },
    "61": {
        "score": 3.1906075477600098,
        "runtime": 0.8050003051757812
    },
    "62": {
        "score": 4.063938617706299,
        "runtime": 0.7720003128051758
    },
    "63": {
        "score": 4.1233038902282715,
        "runtime": 0.7720012664794922
    },
    "64": {
        "score": 3.7814419269561768,
        "runtime": 0.7885167598724365
    },
    "65": {
        "score": 3.998300313949585,
        "runtime": 0.7899997234344482
    },
    "66": {
        "score": 3.8012726306915283,
        "runtime": 0.7530009746551514
    },
    "67": {
        "score": 3.7267768383026123,
        "runtime": 0.7727315425872803
    },
    "68": {
        "score": 3.981815814971924,
        "runtime": 0.7639997005462646
    },
    "69": {
        "score": 3.6501429080963135,
        "runtime": 0.783515214920044
    },
    "70": {
        "score": 3.5717227458953857,
        "runtime": 0.771998405456543
    },
    "71": {
        "score": 3.6954565048217773,
        "runtime": 0.7740020751953125
    },
    "72": {
        "score": 4.37349271774292,
        "runtime": 0.7789983749389648
    },
    "73": {
        "score": 3.8610615730285645,
        "runtime": 0.8070015907287598
    },
    "74": {
        "score": 3.975198745727539,
        "runtime": 0.7455267906188965
    },
    "75": {
        "score": 4.1968607902526855,
        "runtime": 0.7650010585784912
    },
    "76": {
        "score": 3.460819959640503,
        "runtime": 0.7889983654022217
    },
    "77": {
        "score": 3.9464802742004395,
        "runtime": 0.7679975032806396
    },
    "78": {
        "score": 4.144110679626465,
        "runtime": 0.8059988021850586
    },
    "79": {
        "score": 3.8454549312591553,
        "runtime": 0.7819993495941162
    },
    "80": {
        "score": 3.175424575805664,
        "runtime": 0.8139994144439697
    },
    "81": {
        "score": 4.092862606048584,
        "runtime": 0.793001651763916
    },
    "82": {
        "score": 3.753692626953125,
        "runtime": 0.8080017566680908
    },
    "83": {
        "score": 3.4393889904022217,
        "runtime": 0.7709996700286865
    },
    "84": {
        "score": 3.902392625808716,
        "runtime": 0.8040006160736084
    },
    "85": {
        "score": 3.9503417015075684,