{
    "0": {
        "score": 3.663829803466797,
        "runtime": 0.8469986915588379
    },
    "1": {
        "score": 3.819108724594116,
        "runtime": 0.782001256942749
    },
    "2": {
        "score": 3.799975872039795,
        "runtime": 0.7939999103546143
    },
    "3": {
        "score": 4.122701644897461,
        "runtime": 0.7570011615753174
    },
    "4": {
        "score": 3.294783592224121,
        "runtime": 0.7675290107727051
    },
    "5": {
        "score": 3.8676135540008545,
        "runtime": 0.7619972229003906
    },
    "6": {
        "score": 3.9112212657928467,
        "runtime": 0.7709994316101074
    },
    "7": {
        "score": 4.078092098236084,
        "runtime": 0.7639789581298828
    },
    "8": {
        "score": 4.128917694091797,
        "runtime": 0.797999382019043
    },
    "9": {
        "score": 4.014928340911865,
        "runtime": 0.7565195560455322
    },
    "10": {
        "score": 3.778759717941284,
        "runtime": 0.7689990997314453
    },
    "11": {
        "score": 3.7717671394348145,
        "runtime": 0.7740128040313721
    },
    "12": {
        "score": 4.076560974121094,
        "runtime": 0.7989985942840576
    },
    "13": {
        "score": 3.693781614303589,
        "runtime": 0.7409987449645996
    },
    "14": {
        "score": 4.328239440917969,
        "runtime": 0.7830007076263428
    },
    "15": {
        "score": 3.9959187507629395,
        "runtime": 0.8005166053771973
    },
    "16": {
        "score": 4.182433605194092,
        "runtime": 0.7770006656646729
    },
    "17": {
        "score": 3.341622829437256,
        "runtime": 0.7929999828338623
    },
    "18": {
        "score": 3.7305448055267334,
        "runtime": 0.7639992237091064
    },
    "19": {
        "score": 3.863896369934082,
        "runtime": 0.8060019016265869
    },
    "20": {
        "score": 3.877220869064331,
        "runtime": 0.8139994144439697
    },
    "21": {
        "score": 3.493420362472534,
        "runtime": 0.7830016613006592
    },
    "22": {
        "score": 3.8361217975616455,
        "runtime": 0.8139982223510742
    },
    "23": {
        "score": 4.320151329040527,
        "runtime": 0.7929742336273193
    },
    "24": {
        "score": 4.096965312957764,
        "runtime": 0.779470682144165
    },
    "25": {
        "score": 3.8711776733398438,
        "runtime": 0.8140017986297607
    },
    "26": {
        "score": 4.378434181213379,
        "runtime": 0.7690033912658691
    },
    "27": {
        "score": 3.715338945388794,
        "runtime": 0.7769510746002197
    },
    "28": {
        "score": 3.308074951171875,
        "runtime": 0.7730011940002441
    },
    "29": {
        "score": 3.9138455390930176,
        "runtime": 0.7959983348846436
    },
    "30": {
        "score": 3.8944716453552246,
        "runtime": 0.7970004081726074
    },
    "31": {
        "score": 3.209815263748169,
        "runtime": 0.7520008087158203
    },
    "32": {
        "score": 4.040256500244141,
        "runtime": 0.7835135459899902
    },
    "33": {
        "score": 4.2170515060424805,
        "runtime": 0.791001558303833
    },
    "34": {
        "score": 4.319533824920654,
        "runtime": 0.7670004367828369
    },
    "35": {
        "score": 4.257804870605469,
        "runtime": 0.8000011444091797
    },
    "36": {
        "score": 4.027778148651123,
        "runtime": 0.7949988842010498
    },
    "37": {
        "score": 3.89005708694458,
        "runtime": 0.7920019626617432
    },
    "38": {
        "score": 3.8553543090820312,
        "runtime": 0.7684767246246338
    },
    "39": {
        "score": 4.187337875366211,
        "runtime": 0.7815146446228027
    },
    "40": {
        "score": 3.923027992248535,
        "runtime": 0.7629776000976562
    },
    "41": {
        "score": 3.9975223541259766,
        "runtime": 0.7829992771148682
    },
    "42": {
        "score": 3.5284109115600586,
        "runtime": 0.8180010318756104
    },
    "43": {
        "score": 3.3074891567230225,
        "runtime": 0.7989561557769775
    },
    "44": {
        "score": 3.92326021194458,
        "runtime": 0.7980000972747803
    },
    "45": {
        "score": 3.6989119052886963,
        "runtime": 0.7659976482391357
    },
    "46": {
        "score": 4.112080097198486,
        "runtime": 0.812999963760376
    },
    "47": {
        "score": 3.721055746078491,
        "runtime": 0.7669990062713623
    },
    "48": {
        "score": 3.9390406608581543,
        "runtime": 0.7755188941955566
    },
    "49": {
        "score": 3.807023048400879,
        "runtime": 0.785963773727417
    },
    "50": {
        "score": 3.883537530899048,
        "runtime": 0.7389998435974121
    },
    "51": {
        "score": 3.6750454902648926,
        "runtime": 0.7885165214538574
    },
    "52": {
        "score": 3.5137431621551514,
        "runtime": 0.7720010280609131
    },
    "53": {
        "score": 4.112093925476074,
        "runtime": 0.7949984073638916
    },
    "54": {
        "score": 3.9248223304748535,
        "runtime": 0.8159587383270264
    },
    "55": {
        "score": 3.6399409770965576,
        "runtime": 0.8059422969818115
    },
    "56": {
        "score": 4.023445129394531,
        "runtime": 0.8399999141693115
    },
    "57": {
        "score": 3.789414405822754,
        "runtime": 0.8110001087188721
    },
    "58": {
        "score": 3.994159698486328,
        "runtime": 0.7849993705749512
    },
    "59": {
        "score": 3.9377734661102295,
        "runtime": 0.791999101638794
    },
    "60": {
        "score": 3.8143482208251953,
        "runtime": 0.779949426651001
    },
    "61": {
        "score": 3.1892988681793213,
        "runtime": 0.7880003452301025
    },
    "62": {
        "score": 4.034071445465088,
        "runtime": 0.7689998149871826
    },
    "63": {
        "score": 4.1233038902282715,
        "runtime": 0.7900021076202393
    },
    "64": {
        "score": 3.782482624053955,
        "runtime": 0.7689995765686035
    },
    "65": {
        "score": 3.998300313949585,
        "runtime": 0.8029987812042236
    },
    "66": {
        "score": 3.855938673019409,
        "runtime": 0.7849805355072021
    },
    "67": {
        "score": 3.7267768383026123,
        "runtime": 0.7645213603973389
    },
    "68": {
        "score": 3.9826464653015137,
        "runtime": 0.78999924659729
    },
    "69": {
        "score": 3.6501429080963135,
        "runtime": 0.7800002098083496
    },
    "70": {
        "score": 3.609797477722168,
        "runtime": 0.7869997024536133
    },
    "71": {
        "score": 3.685668468475342,
        "runtime": 0.7820010185241699
    },
    "72": {
        "score": 4.37349271774292,
        "runtime": 0.778001070022583
    },
    "73": {
        "score": 3.780745029449463,
        "runtime": 0.765479326248169
    },
    "74": {
        "score": 3.9830660820007324,
        "runtime": 0.7780022621154785
    },
    "75": {
        "score": 4.153078079223633,
        "runtime": 0.7715215682983398
    },
    "76": {
        "score": 3.460819959640503,
        "runtime": 0.7570009231567383
    },
    "77": {
        "score": 3.9464802742004395,
        "runtime": 0.7760016918182373
    },
    "78": {
        "score": 4.144110679626465,
        "runtime": 0.8085169792175293
    },
    "79": {
        "score": 3.8339180946350098,
        "runtime": 0.7950022220611572
    },
    "80": {
        "score": 3.1857752799987793,
        "runtime": 0.7879452705383301
    },
    "81": {
        "score": 4.19277811050415,
        "runtime": 0.7700018882751465
    },
    "82": {
        "score": 3.753692626953125,
        "runtime": 0.7639980316162109
    },
    "83": {
        "score": 3.4393889904022217,
        "runtime": 0.7900002002716064
    },
    "84": {
        "score": 3.971017599105835,
        "runtime": 0.7530007362365723
    },
    "85": {
        "score": 3.948762893676758,