{
    "0": {
        "score": 9.80380916595459,
        "runtime": 0.32899975776672363
    },
    "1": {
        "score": 10.07288646697998,
        "runtime": 0.342998743057251
    },
    "average": {
        "score": 9.938347816467285,
        "runtime": 0.3359992504119873
    },
    "std": {
        "score": 0.01810064848177717,
        "runtime": 4.8992897291100235e-05
    }
}