{
    "0": {
        "score": 12.58418083190918,
        "runtime": 0.32799839973449707
    },
    "1": {
        "score": 11.098861694335938,
        "runtime": 0.34800052642822266
    },
    "average": {
        "score": 11.841521263122559,
        "runtime": 0.33799946308135986
    },
    "std": {
        "score": 0.55154323511033,
        "runtime": 0.00010002126806796241
    }
}