{
    "0": {
        "score": 6.5390729904174805,
        "runtime": 1.692000150680542
    },
    "1": {
        "score": 6.5390729904174805,
        "runtime": 1.7180020809173584
    },
    "2": {
        "score": 6.5390729904174805,
        "runtime": 1.6269989013671875
    },
    "3": {
        "score": 6.5390729904174805,
        "runtime": 1.797999620437622
    },
    "4": {
        "score": 6.5390729904174805,
        "runtime": 1.680999994277954
    },
    "5": {
        "score": 6.5390729904174805,
        "runtime": 1.683000087738037
    },
    "6": {
        "score": 6.5390729904174805,
        "runtime": 1.7150001525878906
    },
    "7": {
        "score": 6.5390729904174805,
        "runtime": 1.7169997692108154
    },
    "8": {
        "score": 6.5390729904174805,
        "runtime": 1.7339985370635986
    },
    "9": {
        "score": 6.5390729904174805,
        "runtime": 1.671001672744751
    },
    "10": {
        "score": 6.5390729904174805,
        "runtime": 1.706998348236084
    },
    "11": {
        "score": 6.5390729904174805,
        "runtime": 1.692997694015503
    },
    "12": {
        "score": 6.5390729904174805,
        "runtime": 1.734999656677246
    },
    "13": {
        "score": 6.5390729904174805,
        "runtime": 1.6350007057189941
    },
    "14": {
        "score": 6.5390729904174805,
        "runtime": 1.7079977989196777
    },
    "15": {
        "score": 6.5390729904174805,
        "runtime": 1.6779985427856445
    },
    "16": {
        "score": 6.5390729904174805,
        "runtime": 1.7969985008239746
    },
    "17": {
        "score": 6.5390729904174805,
        "runtime": 1.7019991874694824
    },
    "18": {
        "score": 6.5390729904174805,
        "runtime": 1.6770005226135254
    },
    "19": {
        "score": 6.5390729904174805,
        "runtime": 1.7329998016357422
    },
    "20": {
        "score": 6.5390729904174805,
        "runtime": 1.6700005531311035
    },
    "21": {
        "score": 6.5390729904174805,
        "runtime": 1.7500004768371582
    },
    "22": {
        "score": 6.5390729904174805,
        "runtime": 1.6719987392425537
    },
    "23": {
        "score": 6.5390729904174805,
        "runtime": 1.6709983348846436
    },
    "24": {
        "score": 6.5390729904174805,
        "runtime": 1.6310005187988281
    },
    "25": {
        "score": 6.5390729904174805,
        "runtime": 1.6789991855621338
    },
    "26": {
        "score": 6.5390729904174805,
        "runtime": 1.7110002040863037
    },
    "27": {
        "score": 6.5390729904174805,
        "runtime": 1.6649999618530273
    },
    "28": {
        "score": 6.5390729904174805,
        "runtime": 1.6669976711273193
    },
    "29": {
        "score": 6.5390729904174805,
        "runtime": 1.674001693725586
    },
    "30": {
        "score": 6.5390729904174805,
        "runtime": 1.6099998950958252
    },
    "31": {
        "score": 6.5390729904174805,
        "runtime": 1.6879980564117432
    },
    "32": {
        "score": 6.5390729904174805,
        "runtime": 1.7689995765686035
    },
    "33": {
        "score": 6.5390729904174805,
        "runtime": 1.6870007514953613
    },
    "34": {
        "score": 6.5390729904174805,
        "runtime": 1.7160000801086426
    },
    "35": {
        "score": 6.5390729904174805,
        "runtime": 1.6669566631317139
    },
    "36": {
        "score": 6.5390729904174805,
        "runtime": 1.6760003566741943
    },
    "37": {
        "score": 6.5390729904174805,
        "runtime": 1.683000087738037
    },
    "38": {
        "score": 6.5390729904174805,
        "runtime": 1.7109997272491455
    },
    "39": {
        "score": 6.5390729904174805,
        "runtime": 1.6900012493133545
    },
    "40": {
        "score": 6.5390729904174805,
        "runtime": 1.6329989433288574
    },
    "41": {
        "score": 6.5390729904174805,
        "runtime": 1.6949987411499023
    },
    "42": {
        "score": 6.5390729904174805,
        "runtime": 1.6929996013641357
    },
    "43": {
        "score": 6.5390729904174805,
        "runtime": 1.7019999027252197
    },
    "44": {
        "score": 6.5390729904174805,
        "runtime": 1.7160017490386963
    },
    "45": {
        "score": 6.5390729904174805,
        "runtime": 1.7079999446868896
    },
    "46": {
        "score": 6.5390729904174805,
        "runtime": 1.7189991474151611
    },
    "47": {
        "score": 6.5390729904174805,
        "runtime": 1.6900005340576172
    },
    "48": {
        "score": 6.5390729904174805,
        "runtime": 1.736001968383789
    },
    "49": {
        "score": 6.5390729904174805,
        "runtime": 1.6780002117156982
    },
    "50": {
        "score": 6.5390729904174805,
        "runtime": 1.6689987182617188
    },
    "51": {
        "score": 6.5390729904174805,
        "runtime": 1.6669986248016357
    },
    "52": {
        "score": 6.5390729904174805,
        "runtime": 1.731999158859253
    },
    "53": {
        "score": 6.5390729904174805,
        "runtime": 1.6690011024475098
    },
    "54": {
        "score": 6.5390729904174805,
        "runtime": 1.6919996738433838
    },
    "55": {
        "score": 6.5390729904174805,
        "runtime": 1.6589975357055664
    },
    "56": {
        "score": 6.5390729904174805,
        "runtime": 1.7170000076293945
    },
    "57": {
        "score": 6.5390729904174805,
        "runtime": 1.682999849319458
    },
    "58": {
        "score": 6.5390729904174805,
        "runtime": 1.6620001792907715
    },
    "59": {
        "score": 6.5390729904174805,
        "runtime": 1.6409976482391357
    },
    "60": {
        "score": 6.5390729904174805,
        "runtime": 1.6880009174346924
    },
    "61": {
        "score": 6.5390729904174805,
        "runtime": 1.6960008144378662
    },
    "62": {
        "score": 6.5390729904174805,
        "runtime": 1.6369991302490234
    },
    "63": {
        "score": 6.5390729904174805,
        "runtime": 1.6640021800994873
    },
    "64": {
        "score": 6.5390729904174805,
        "runtime": 1.6439993381500244
    },
    "65": {
        "score": 6.5390729904174805,
        "runtime": 1.68400239944458
    },
    "66": {
        "score": 6.5390729904174805,
        "runtime": 1.6910011768341064
    },
    "67": {
        "score": 6.5390729904174805,
        "runtime": 1.7349998950958252
    },
    "68": {
        "score": 6.5390729904174805,
        "runtime": 1.7400004863739014
    },
    "69": {
        "score": 6.5390729904174805,
        "runtime": 1.7150020599365234
    },
    "70": {
        "score": 6.5390729904174805,
        "runtime": 1.7060010433197021
    },
    "71": {
        "score": 6.5390729904174805,
        "runtime": 1.7419979572296143
    },
    "72": {
        "score": 6.5390729904174805,
        "runtime": 1.6699988842010498
    },
    "73": {
        "score": 6.5390729904174805,
        "runtime": 1.7409987449645996
    },
    "74": {
        "score": 6.5390729904174805,
        "runtime": 1.6730000972747803
    },
    "75": {
        "score": 6.5390729904174805,
        "runtime": 1.73600172996521
    },
    "76": {
        "score": 6.5390729904174805,
        "runtime": 1.7150003910064697
    },
    "77": {
        "score": 6.5390729904174805,
        "runtime": 1.7470011711120605
    },
    "78": {
        "score": 6.5390729904174805,
        "runtime": 1.6860005855560303
    },
    "79": {
        "score": 6.5390729904174805,
        "runtime": 1.7219974994659424
    },
    "80": {
        "score": 6.5390729904174805,
        "runtime": 1.6280019283294678
    },
    "81": {
        "score": 6.5390729904174805,
        "runtime": 1.720999002456665
    },
    "82": {
        "score": 6.5390729904174805,
        "runtime": 1.7079994678497314
    },
    "83": {
        "score": 6.5390729904174805,
        "runtime": 1.7100005149841309
    },
    "84": {
        "score": 6.5390729904174805,
        "runtime": 1.6670002937316895
    },