{
    "epoch=171-train_score=10.41639": {
        "result_avg": {
            "score": 11.04611234664917,
            "runtime": 20.574540104866028
        },
        "result_std": {
            "score": 0.004671589258350649,
            "runtime": 0.09655498158883007
        }
    },
    "epoch=117-train_score=10.39672": {
        "result_avg": {
            "score": 11.086319198608399,
            "runtime": 20.651409916877746
        },
        "result_std": {
            "score": 0.0023160721912994595,
            "runtime": 0.09833124807882725
        }
    },
    "epoch=125-train_score=10.40668": {
        "result_avg": {
            "score": 11.047929658889771,
            "runtime": 20.75442968130112
        },
        "result_std": {
            "score": 0.00162077229870001,
            "runtime": 0.10678607888576862
        }
    },
    "epoch=37-train_score=10.43144": {
        "result_avg": {
            "score": 10.893229637145996,
            "runtime": 20.570835387706758
        },
        "result_std": {
            "score": 0.0033983246465817524,
            "runtime": 0.11732145789527908
        }
    },
    "epoch=195-train_score=10.45409": {
        "result_avg": {
            "score": 11.05477108001709,
            "runtime": 20.56970489025116
        },
        "result_std": {
            "score": 0.004273440973275134,
            "runtime": 0.10385966842192886
        }
    }
}