{
    "0": {
        "score": 11.131300926208496,
        "runtime": 20.434000730514526
    },
    "1": {
        "score": 11.018959045410156,
        "runtime": 20.713001251220703
    },
    "2": {
        "score": 11.018959045410156,
        "runtime": 21.256998300552368
    },
    "3": {
        "score": 11.018959045410156,
        "runtime": 19.877997636795044
    },
    "4": {
        "score": 11.018959045410156,
        "runtime": 21.578001499176025
    },
    "5": {
        "score": 11.018959045410156,
        "runtime": 20.57200050354004
    },
    "6": {
        "score": 11.018959045410156,
        "runtime": 20.335000038146973
    },
    "7": {
        "score": 11.018959045410156,
        "runtime": 20.52199935913086
    },
    "8": {
        "score": 11.131300926208496,
        "runtime": 20.368998289108276
    },
    "9": {
        "score": 11.151459693908691,
        "runtime": 20.48599910736084
    },
    "10": {
        "score": 11.039117813110352,
        "runtime": 20.65800189971924
    },
    "11": {
        "score": 11.018959045410156,
        "runtime": 20.568998098373413
    },
    "12": {
        "score": 11.018959045410156,
        "runtime": 20.618998765945435
    },
    "13": {
        "score": 11.018959045410156,
        "runtime": 20.359001636505127
    },
    "14": {
        "score": 11.018959045410156,
        "runtime": 20.593997716903687
    },
    "15": {
        "score": 11.118843078613281,
        "runtime": 20.378000497817993
    },
    "16": {
        "score": 11.018959045410156,
        "runtime": 20.566999435424805
    },
    "17": {
        "score": 11.131300926208496,
        "runtime": 20.61099863052368
    },
    "18": {
        "score": 11.018959045410156,
        "runtime": 20.44300103187561
    },
    "19": {
        "score": 11.018959045410156,
        "runtime": 20.45400071144104
    },
    "20": {
        "score": 11.018959045410156,
        "runtime": 20.529999017715454
    },
    "21": {
        "score": 11.039117813110352,
        "runtime": 20.493000268936157
    },
    "22": {
        "score": 11.018959045410156,
        "runtime": 20.401001453399658
    },
    "23": {
        "score": 11.018959045410156,
        "runtime": 20.67900013923645
    },
    "24": {
        "score": 11.018959045410156,
        "runtime": 20.460002660751343
    },
    "25": {
        "score": 11.018959045410156,
        "runtime": 20.72100019454956
    },
    "26": {
        "score": 11.131300926208496,
        "runtime": 20.426000356674194
    },
    "27": {
        "score": 11.039117813110352,
        "runtime": 20.92200016975403
    },
    "28": {
        "score": 11.018959045410156,
        "runtime": 20.932000637054443
    },
    "29": {
        "score": 11.131300926208496,
        "runtime": 20.13599991798401
    },
    "30": {
        "score": 11.018959045410156,
        "runtime": 20.718001127243042
    },
    "31": {
        "score": 10.863372802734375,
        "runtime": 20.842001914978027
    },
    "32": {
        "score": 11.09192943572998,
        "runtime": 20.447996854782104
    },
    "33": {
        "score": 11.018959045410156,
        "runtime": 20.16846776008606
    },
    "34": {
        "score": 11.123689651489258,
        "runtime": 20.44000005722046
    },
    "35": {
        "score": 10.863372802734375,
        "runtime": 20.02200198173523
    },
    "36": {
        "score": 11.018959045410156,
        "runtime": 20.486492395401
    },
    "37": {
        "score": 11.039117813110352,
        "runtime": 20.386999130249023
    },
    "38": {
        "score": 10.863372802734375,
        "runtime": 20.212000608444214
    },
    "39": {
        "score": 11.018959045410156,
        "runtime": 20.610999584197998
    },
    "40": {
        "score": 10.863372802734375,
        "runtime": 20.21299934387207
    },
    "41": {
        "score": 11.039117813110352,
        "runtime": 20.674002170562744
    },
    "42": {
        "score": 11.018959045410156,
        "runtime": 20.23500156402588
    },
    "43": {
        "score": 11.039117813110352,
        "runtime": 20.8589985370636
    },
    "44": {
        "score": 11.131300926208496,
        "runtime": 20.273001670837402
    },
    "45": {
        "score": 11.131300926208496,
        "runtime": 20.268012762069702
    },
    "46": {
        "score": 11.138784408569336,
        "runtime": 20.930999040603638
    },
    "47": {
        "score": 11.239500999450684,
        "runtime": 20.951001167297363
    },
    "48": {
        "score": 11.100238800048828,
        "runtime": 20.19399905204773
    },
    "49": {
        "score": 11.018959045410156,
        "runtime": 20.318023204803467
    },
    "50": {
        "score": 11.018959045410156,
        "runtime": 20.548003435134888
    },
    "51": {
        "score": 11.131300926208496,
        "runtime": 20.203998565673828
    },
    "52": {
        "score": 11.131300926208496,
        "runtime": 20.03999972343445
    },
    "53": {
        "score": 11.131300926208496,
        "runtime": 20.676997423171997
    },
    "54": {
        "score": 11.281850814819336,
        "runtime": 20.245999097824097
    },
    "55": {
        "score": 11.018959045410156,
        "runtime": 20.802998542785645
    },
    "56": {
        "score": 11.100238800048828,
        "runtime": 21.52500033378601
    },
    "57": {
        "score": 11.131300926208496,
        "runtime": 20.195516109466553
    },
    "58": {
        "score": 11.018959045410156,
        "runtime": 20.440002918243408
    },
    "59": {
        "score": 11.018959045410156,
        "runtime": 20.6240017414093
    },
    "60": {
        "score": 11.018959045410156,
        "runtime": 20.72399926185608
    },
    "61": {
        "score": 11.039117813110352,
        "runtime": 20.456475257873535
    },
    "62": {
        "score": 11.018959045410156,
        "runtime": 20.46600317955017
    },
    "63": {
        "score": 11.039117813110352,
        "runtime": 20.4089994430542
    },
    "64": {
        "score": 11.018959045410156,
        "runtime": 20.36600112915039
    },
    "65": {
        "score": 11.018959045410156,
        "runtime": 20.626002311706543
    },
    "66": {
        "score": 11.018959045410156,
        "runtime": 20.125000476837158
    },
    "67": {
        "score": 11.131300926208496,
        "runtime": 20.136998414993286
    },
    "68": {
        "score": 11.018959045410156,
        "runtime": 20.695000171661377
    },
    "69": {
        "score": 11.018959045410156,
        "runtime": 20.501999139785767
    },
    "70": {
        "score": 11.018959045410156,
        "runtime": 20.772998094558716
    },
    "71": {
        "score": 11.018959045410156,
        "runtime": 20.875
    },
    "72": {
        "score": 11.018959045410156,
        "runtime": 20.688999891281128
    },
    "73": {
        "score": 11.018959045410156,
        "runtime": 20.323000192642212
    },
    "74": {
        "score": 11.139001846313477,
        "runtime": 20.78099775314331
    },
    "75": {
        "score": 11.131300926208496,
        "runtime": 20.578001022338867
    },
    "76": {
        "score": 11.018959045410156,
        "runtime": 20.619999170303345
    },
    "77": {
        "score": 11.131300926208496,
        "runtime": 20.181002378463745
    },
    "78": {
        "score": 11.018959045410156,
        "runtime": 20.820998907089233
    },
    "79": {
        "score": 11.131300926208496,
        "runtime": 20.765000820159912
    },
    "80": {
        "score": 11.018959045410156,
        "runtime": 20.692002296447754
    },
    "81": {
        "score": 11.018959045410156,
        "runtime": 20.446001768112183
    },
    "82": {
        "score": 11.018959045410156,
        "runtime": 20.54100227355957
    },
    "83": {
        "score": 11.131300926208496,
        "runtime": 20.360000371932983
    },
    "84": {
        "score": 11.018959045410156,
        "runtime": 20.973000049591064
    },
    "85": {
        "score": 11.018959045410156,