{
    "epoch=153-train_score=10.37676": {
        "result_avg": {
            "score": 11.198843307495117,
            "runtime": 20.554641435146333
        },
        "result_std": {
            "score": 0.035219460985497414,
            "runtime": 0.12995723301190001
        }
    },
    "epoch=119-train_score=10.40000": {
        "result_avg": {
            "score": 11.190839605331421,
            "runtime": 20.53938526391983
        },
        "result_std": {
            "score": 0.035314082793885176,
            "runtime": 0.1412101461490679
        }
    },
    "epoch=293-train_score=10.40979": {
        "result_avg": {
            "score": 11.358765077590942,
            "runtime": 20.753709695339204
        },
        "result_std": {
            "score": 0.0009739142424473357,
            "runtime": 0.12078532251047375
        }
    },
    "epoch=259-train_score=10.41799": {
        "result_avg": {
            "score": 11.14560894012451,
            "runtime": 20.49746524810791
        },
        "result_std": {
            "score": 0.0039569733900847465,
            "runtime": 0.12174337997149388
        }
    },
    "epoch=245-train_score=10.42350": {
        "result_avg": {
            "score": 11.301425533294678,
            "runtime": 20.6695804810524
        },
        "result_std": {
            "score": 0.027420788617858856,
            "runtime": 0.12811798397376617
        }
    }
}