{
    "0": {
        "score": 11.601536750793457,
        "runtime": 20.29900050163269
    },
    "1": {
        "score": 11.207168579101562,
        "runtime": 21.21758246421814
    },
    "2": {
        "score": 11.601536750793457,
        "runtime": 20.299997806549072
    },
    "3": {
        "score": 11.086404800415039,
        "runtime": 21.03400206565857
    },
    "4": {
        "score": 11.011051177978516,
        "runtime": 20.216997861862183
    },
    "5": {
        "score": 11.086404800415039,
        "runtime": 20.012999773025513
    },
    "6": {
        "score": 11.086404800415039,
        "runtime": 20.249998569488525
    },
    "7": {
        "score": 11.108802795410156,
        "runtime": 20.499998331069946
    },
    "8": {
        "score": 11.601536750793457,
        "runtime": 20.499000072479248
    },
    "9": {
        "score": 11.086404800415039,
        "runtime": 20.645456552505493
    },
    "10": {
        "score": 11.601536750793457,
        "runtime": 20.336997509002686
    },
    "11": {
        "score": 11.108802795410156,
        "runtime": 21.218997955322266
    },
    "12": {
        "score": 11.121797561645508,
        "runtime": 19.978999137878418
    },
    "13": {
        "score": 11.108802795410156,
        "runtime": 20.281999111175537
    },
    "14": {
        "score": 11.086404800415039,
        "runtime": 20.64799928665161
    },
    "15": {
        "score": 11.086404800415039,
        "runtime": 21.28699827194214
    },
    "16": {
        "score": 11.086404800415039,
        "runtime": 20.507996559143066
    },
    "17": {
        "score": 11.601536750793457,
        "runtime": 20.17300033569336
    },
    "18": {
        "score": 11.108802795410156,
        "runtime": 20.302002906799316
    },
    "19": {
        "score": 11.207168579101562,
        "runtime": 20.651999950408936
    },
    "20": {
        "score": 11.086404800415039,
        "runtime": 21.081000089645386
    },
    "21": {
        "score": 11.601536750793457,
        "runtime": 20.232999801635742
    },
    "22": {
        "score": 11.203856468200684,
        "runtime": 20.718000650405884
    },
    "23": {
        "score": 11.086404800415039,
        "runtime": 20.369000673294067
    },
    "24": {
        "score": 11.207168579101562,
        "runtime": 20.62800121307373
    },
    "25": {
        "score": 11.086404800415039,
        "runtime": 20.56700038909912
    },
    "26": {
        "score": 11.086404800415039,
        "runtime": 20.747003316879272
    },
    "27": {
        "score": 11.108802795410156,
        "runtime": 20.94399857521057
    },
    "28": {
        "score": 11.086404800415039,
        "runtime": 21.036000967025757
    },
    "29": {
        "score": 11.207168579101562,
        "runtime": 20.447999954223633
    },
    "30": {
        "score": 11.086404800415039,
        "runtime": 20.47400212287903
    },
    "31": {
        "score": 11.086404800415039,
        "runtime": 20.231998443603516
    },
    "32": {
        "score": 10.972694396972656,
        "runtime": 20.29499912261963
    },
    "33": {
        "score": 11.601536750793457,
        "runtime": 20.275001764297485
    },
    "34": {
        "score": 11.207168579101562,
        "runtime": 20.488999605178833
    },
    "35": {
        "score": 11.086404800415039,
        "runtime": 20.22900080680847
    },
    "36": {
        "score": 11.601536750793457,
        "runtime": 20.902015686035156
    },
    "37": {
        "score": 11.247030258178711,
        "runtime": 20.30599856376648
    },
    "38": {
        "score": 11.086404800415039,
        "runtime": 20.53901481628418
    },
    "39": {
        "score": 11.086404800415039,
        "runtime": 20.601998329162598
    },
    "40": {
        "score": 11.086404800415039,
        "runtime": 20.830013275146484
    },
    "41": {
        "score": 11.086404800415039,
        "runtime": 20.467998027801514
    },
    "42": {
        "score": 11.108802795410156,
        "runtime": 20.116997241973877
    },
    "43": {
        "score": 11.086404800415039,
        "runtime": 20.233999967575073
    },
    "44": {
        "score": 11.621695518493652,
        "runtime": 19.840999603271484
    },
    "45": {
        "score": 11.108802795410156,
        "runtime": 20.84049105644226
    },
    "46": {
        "score": 11.086404800415039,
        "runtime": 20.44200038909912
    },
    "47": {
        "score": 11.454029083251953,
        "runtime": 20.344001293182373
    },
    "48": {
        "score": 11.108802795410156,
        "runtime": 20.155001401901245
    },
    "49": {
        "score": 11.108802795410156,
        "runtime": 20.598000526428223
    },
    "50": {
        "score": 11.086404800415039,
        "runtime": 20.403000354766846
    },
    "51": {
        "score": 11.086404800415039,
        "runtime": 20.914997816085815
    },
    "52": {
        "score": 11.086404800415039,
        "runtime": 20.231999397277832
    },
    "53": {
        "score": 10.893060684204102,
        "runtime": 20.763999223709106
    },
    "54": {
        "score": 11.108802795410156,
        "runtime": 20.417997360229492
    },
    "55": {
        "score": 11.454029083251953,
        "runtime": 19.916000366210938
    },
    "56": {
        "score": 11.244733810424805,
        "runtime": 20.807000875473022
    },
    "57": {
        "score": 11.086404800415039,
        "runtime": 20.482999086380005
    },
    "58": {
        "score": 11.086404800415039,
        "runtime": 20.978001594543457
    },
    "59": {
        "score": 11.086404800415039,
        "runtime": 20.372999668121338
    },
    "60": {
        "score": 11.601536750793457,
        "runtime": 20.19199776649475
    },
    "61": {
        "score": 11.086404800415039,
        "runtime": 22.595998525619507
    },
    "62": {
        "score": 11.086404800415039,
        "runtime": 21.006999254226685
    },
    "63": {
        "score": 11.086404800415039,
        "runtime": 20.43800163269043
    },
    "64": {
        "score": 11.086404800415039,
        "runtime": 20.92899990081787
    },
    "65": {
        "score": 11.108802795410156,
        "runtime": 20.195000648498535
    },
    "66": {
        "score": 11.601536750793457,
        "runtime": 20.81700038909912
    },
    "67": {
        "score": 11.086404800415039,
        "runtime": 20.480997800827026
    },
    "68": {
        "score": 11.086404800415039,
        "runtime": 20.915998458862305
    },
    "69": {
        "score": 11.339110374450684,
        "runtime": 20.484999418258667
    },
    "70": {
        "score": 11.086404800415039,
        "runtime": 20.303001403808594
    },
    "71": {
        "score": 11.086404800415039,
        "runtime": 20.413002252578735
    },
    "72": {
        "score": 11.086404800415039,
        "runtime": 20.734999656677246
    },
    "73": {
        "score": 11.108802795410156,
        "runtime": 20.18699860572815
    },
    "74": {
        "score": 11.086404800415039,
        "runtime": 21.15800142288208
    },
    "75": {
        "score": 11.601536750793457,
        "runtime": 20.45599889755249
    },
    "76": {
        "score": 11.601536750793457,
        "runtime": 20.36899757385254
    },
    "77": {
        "score": 11.601536750793457,
        "runtime": 20.537999391555786
    },
    "78": {
        "score": 11.36398696899414,
        "runtime": 20.007999897003174
    },
    "79": {
        "score": 11.203856468200684,
        "runtime": 20.200998306274414
    },
    "80": {
        "score": 11.086404800415039,
        "runtime": 20.46399974822998
    },
    "81": {
        "score": 11.086404800415039,
        "runtime": 20.273000955581665
    },
    "82": {
        "score": 11.454029083251953,
        "runtime": 20.259485721588135
    },
    "83": {
        "score": 11.086404800415039,
        "runtime": 20.47200083732605
    },
    "84": {
        "score": 11.321053504943848,
        "runtime": 21.130002737045288
    },