{
    "0": {
        "score": 11.124629974365234,
        "runtime": 20.749001026153564
    },
    "1": {
        "score": 11.124629974365234,
        "runtime": 20.638999938964844
    },
    "2": {
        "score": 11.124629974365234,
        "runtime": 20.158000946044922
    },
    "3": {
        "score": 11.124629974365234,
        "runtime": 20.36400079727173
    },
    "4": {
        "score": 11.124629974365234,
        "runtime": 20.203997373580933
    },
    "5": {
        "score": 11.124629974365234,
        "runtime": 20.463002920150757
    },
    "6": {
        "score": 11.124629974365234,
        "runtime": 20.16699981689453
    },
    "7": {
        "score": 11.124629974365234,
        "runtime": 20.47100019454956
    },
    "8": {
        "score": 11.275846481323242,
        "runtime": 20.485000371932983
    },
    "9": {
        "score": 11.340198516845703,
        "runtime": 20.5864577293396
    },
    "10": {
        "score": 11.124629974365234,
        "runtime": 20.37399983406067
    },
    "11": {
        "score": 11.124629974365234,
        "runtime": 20.343000411987305
    },
    "12": {
        "score": 11.340198516845703,
        "runtime": 20.70599913597107
    },
    "13": {
        "score": 11.124629974365234,
        "runtime": 20.665002584457397
    },
    "14": {
        "score": 11.124629974365234,
        "runtime": 20.37399935722351
    },
    "15": {
        "score": 11.124629974365234,
        "runtime": 20.03999924659729
    },
    "16": {
        "score": 11.124629974365234,
        "runtime": 20.268999338150024
    },
    "17": {
        "score": 11.124629974365234,
        "runtime": 20.79099988937378
    },
    "18": {
        "score": 11.133386611938477,
        "runtime": 20.351999759674072
    },
    "19": {
        "score": 11.124629974365234,
        "runtime": 21.107999563217163
    },
    "20": {
        "score": 11.124629974365234,
        "runtime": 20.15299654006958
    },
    "21": {
        "score": 11.124629974365234,
        "runtime": 21.007001399993896
    },
    "22": {
        "score": 11.124629974365234,
        "runtime": 20.245999813079834
    },
    "23": {
        "score": 11.124629974365234,
        "runtime": 20.57599902153015
    },
    "24": {
        "score": 11.124629974365234,
        "runtime": 20.08400249481201
    },
    "25": {
        "score": 11.09381103515625,
        "runtime": 20.409002542495728
    },
    "26": {
        "score": 11.124629974365234,
        "runtime": 20.891997814178467
    },
    "27": {
        "score": 11.124629974365234,
        "runtime": 20.55400037765503
    },
    "28": {
        "score": 11.340198516845703,
        "runtime": 20.368000507354736
    },
    "29": {
        "score": 11.124629974365234,
        "runtime": 20.031002044677734
    },
    "30": {
        "score": 11.340198516845703,
        "runtime": 20.699000358581543
    },
    "31": {
        "score": 11.133386611938477,
        "runtime": 20.44700002670288
    },
    "32": {
        "score": 11.124629974365234,
        "runtime": 20.329997777938843
    },
    "33": {
        "score": 11.124629974365234,
        "runtime": 20.913999795913696
    },
    "34": {
        "score": 11.124629974365234,
        "runtime": 19.956000804901123
    },
    "35": {
        "score": 11.124629974365234,
        "runtime": 20.36799907684326
    },
    "36": {
        "score": 11.124629974365234,
        "runtime": 20.45101571083069
    },
    "37": {
        "score": 11.124629974365234,
        "runtime": 20.57500147819519
    },
    "38": {
        "score": 11.124629974365234,
        "runtime": 20.2169988155365
    },
    "39": {
        "score": 11.124629974365234,
        "runtime": 20.32100248336792
    },
    "40": {
        "score": 11.124629974365234,
        "runtime": 20.25201416015625
    },
    "41": {
        "score": 11.124629974365234,
        "runtime": 20.173999547958374
    },
    "42": {
        "score": 11.124629974365234,
        "runtime": 20.86100172996521
    },
    "43": {
        "score": 11.124629974365234,
        "runtime": 19.94300079345703
    },
    "44": {
        "score": 11.133386611938477,
        "runtime": 20.645997047424316
    },
    "45": {
        "score": 11.124629974365234,
        "runtime": 20.92100167274475
    },
    "46": {
        "score": 11.124629974365234,
        "runtime": 20.51501441001892
    },
    "47": {
        "score": 11.124629974365234,
        "runtime": 20.65299963951111
    },
    "48": {
        "score": 11.124629974365234,
        "runtime": 20.35800075531006
    },
    "49": {
        "score": 11.124629974365234,
        "runtime": 20.680999279022217
    },
    "50": {
        "score": 11.124629974365234,
        "runtime": 20.78700280189514
    },
    "51": {
        "score": 11.124629974365234,
        "runtime": 20.373998880386353
    },
    "52": {
        "score": 11.124629974365234,
        "runtime": 20.82000160217285
    },
    "53": {
        "score": 11.133386611938477,
        "runtime": 20.25600004196167
    },
    "54": {
        "score": 11.124629974365234,
        "runtime": 20.38800024986267
    },
    "55": {
        "score": 11.124629974365234,
        "runtime": 20.342000246047974
    },
    "56": {
        "score": 11.124629974365234,
        "runtime": 20.840999841690063
    },
    "57": {
        "score": 11.124629974365234,
        "runtime": 21.01299810409546
    },
    "58": {
        "score": 11.124629974365234,
        "runtime": 20.43600106239319
    },
    "59": {
        "score": 11.124629974365234,
        "runtime": 20.884013891220093
    },
    "60": {
        "score": 11.340198516845703,
        "runtime": 19.941001653671265
    },
    "61": {
        "score": 11.124629974365234,
        "runtime": 22.188000679016113
    },
    "62": {
        "score": 11.124629974365234,
        "runtime": 20.339998245239258
    },
    "63": {
        "score": 11.124629974365234,
        "runtime": 20.3829984664917
    },
    "64": {
        "score": 11.124629974365234,
        "runtime": 20.260998964309692
    },
    "65": {
        "score": 11.124629974365234,
        "runtime": 20.184001684188843
    },
    "66": {
        "score": 11.124629974365234,
        "runtime": 20.16000199317932
    },
    "67": {
        "score": 11.124629974365234,
        "runtime": 20.215997457504272
    },
    "68": {
        "score": 11.124629974365234,
        "runtime": 20.3849995136261
    },
    "69": {
        "score": 11.124629974365234,
        "runtime": 20.15999984741211
    },
    "70": {
        "score": 11.124629974365234,
        "runtime": 20.444000482559204
    },
    "71": {
        "score": 11.340198516845703,
        "runtime": 20.890002489089966
    },
    "72": {
        "score": 11.124629974365234,
        "runtime": 20.53700017929077
    },
    "73": {
        "score": 11.124629974365234,
        "runtime": 20.934001684188843
    },
    "74": {
        "score": 11.124629974365234,
        "runtime": 20.327996969223022
    },
    "75": {
        "score": 11.124629974365234,
        "runtime": 19.992001056671143
    },
    "76": {
        "score": 11.124629974365234,
        "runtime": 20.671998023986816
    },
    "77": {
        "score": 11.124629974365234,
        "runtime": 21.025999546051025
    },
    "78": {
        "score": 11.124629974365234,
        "runtime": 20.292999982833862
    },
    "79": {
        "score": 11.124629974365234,
        "runtime": 20.486003160476685
    },
    "80": {
        "score": 11.124629974365234,
        "runtime": 20.641000747680664
    },
    "81": {
        "score": 11.124629974365234,
        "runtime": 20.279003143310547
    },
    "82": {
        "score": 11.340198516845703,
        "runtime": 20.698485374450684
    },
    "83": {
        "score": 11.333797454833984,
        "runtime": 21.50650429725647
    },
    "84": {
        "score": 11.124629974365234,
        "runtime": 20.004998445510864
    },
    "85": {
        "score": 11.124629974365234,