{
    "0": {
        "score": 11.296998977661133,
        "runtime": 20.85400152206421
    },
    "1": {
        "score": 11.369906425476074,
        "runtime": 20.8389995098114
    },
    "2": {
        "score": 11.369906425476074,
        "runtime": 20.945998668670654
    },
    "3": {
        "score": 11.369906425476074,
        "runtime": 20.789000272750854
    },
    "4": {
        "score": 11.369906425476074,
        "runtime": 20.40999722480774
    },
    "5": {
        "score": 11.369906425476074,
        "runtime": 20.97800040245056
    },
    "6": {
        "score": 11.285104751586914,
        "runtime": 20.24599814414978
    },
    "7": {
        "score": 11.369906425476074,
        "runtime": 21.034002542495728
    },
    "8": {
        "score": 11.369906425476074,
        "runtime": 20.84699845314026
    },
    "9": {
        "score": 11.369906425476074,
        "runtime": 21.429455995559692
    },
    "10": {
        "score": 11.296998977661133,
        "runtime": 20.62000060081482
    },
    "11": {
        "score": 11.369906425476074,
        "runtime": 20.976999759674072
    },
    "12": {
        "score": 11.369906425476074,
        "runtime": 20.15799903869629
    },
    "13": {
        "score": 11.369906425476074,
        "runtime": 20.993000030517578
    },
    "14": {
        "score": 11.369906425476074,
        "runtime": 20.665000915527344
    },
    "15": {
        "score": 11.310097694396973,
        "runtime": 20.64599895477295
    },
    "16": {
        "score": 11.369906425476074,
        "runtime": 20.41900110244751
    },
    "17": {
        "score": 11.369906425476074,
        "runtime": 20.771000146865845
    },
    "18": {
        "score": 11.369906425476074,
        "runtime": 20.584001541137695
    },
    "19": {
        "score": 11.369906425476074,
        "runtime": 20.66700053215027
    },
    "20": {
        "score": 11.369906425476074,
        "runtime": 20.527002096176147
    },
    "21": {
        "score": 11.369906425476074,
        "runtime": 20.527999877929688
    },
    "22": {
        "score": 11.296998977661133,
        "runtime": 20.75
    },
    "23": {
        "score": 11.285104751586914,
        "runtime": 20.338001489639282
    },
    "24": {
        "score": 11.296998977661133,
        "runtime": 20.434998989105225
    },
    "25": {
        "score": 11.369906425476074,
        "runtime": 20.841999769210815
    },
    "26": {
        "score": 11.369906425476074,
        "runtime": 20.440999746322632
    },
    "27": {
        "score": 11.369906425476074,
        "runtime": 21.10800075531006
    },
    "28": {
        "score": 11.369906425476074,
        "runtime": 20.684001207351685
    },
    "29": {
        "score": 11.369906425476074,
        "runtime": 20.607997179031372
    },
    "30": {
        "score": 11.369906425476074,
        "runtime": 20.98800230026245
    },
    "31": {
        "score": 11.369906425476074,
        "runtime": 20.32500147819519
    },
    "32": {
        "score": 11.296998977661133,
        "runtime": 20.74500036239624
    },
    "33": {
        "score": 11.41990852355957,
        "runtime": 20.52099847793579
    },
    "34": {
        "score": 11.369906425476074,
        "runtime": 20.63199782371521
    },
    "35": {
        "score": 11.296998977661133,
        "runtime": 20.401000261306763
    },
    "36": {
        "score": 11.369906425476074,
        "runtime": 20.529016971588135
    },
    "37": {
        "score": 11.369906425476074,
        "runtime": 20.663000345230103
    },
    "38": {
        "score": 11.369906425476074,
        "runtime": 21.179001331329346
    },
    "39": {
        "score": 11.369906425476074,
        "runtime": 20.446996450424194
    },
    "40": {
        "score": 11.369906425476074,
        "runtime": 21.12301206588745
    },
    "41": {
        "score": 11.369906425476074,
        "runtime": 20.67100214958191
    },
    "42": {
        "score": 11.369906425476074,
        "runtime": 20.529001712799072
    },
    "43": {
        "score": 11.369906425476074,
        "runtime": 20.44700050354004
    },
    "44": {
        "score": 11.369906425476074,
        "runtime": 20.388001441955566
    },
    "45": {
        "score": 11.369906425476074,
        "runtime": 21.254492044448853
    },
    "46": {
        "score": 11.369906425476074,
        "runtime": 21.528016328811646
    },
    "47": {
        "score": 11.369906425476074,
        "runtime": 20.663002490997314
    },
    "48": {
        "score": 11.310097694396973,
        "runtime": 21.296000719070435
    },
    "49": {
        "score": 11.369906425476074,
        "runtime": 20.972999811172485
    },
    "50": {
        "score": 11.369906425476074,
        "runtime": 20.91899871826172
    },
    "51": {
        "score": 11.369906425476074,
        "runtime": 20.628999948501587
    },
    "52": {
        "score": 11.285104751586914,
        "runtime": 20.30100131034851
    },
    "53": {
        "score": 11.369906425476074,
        "runtime": 20.655000925064087
    },
    "54": {
        "score": 11.369906425476074,
        "runtime": 20.865000247955322
    },
    "55": {
        "score": 11.296998977661133,
        "runtime": 21.483999013900757
    },
    "56": {
        "score": 11.369906425476074,
        "runtime": 20.349998950958252
    },
    "57": {
        "score": 11.369906425476074,
        "runtime": 20.62699842453003
    },
    "58": {
        "score": 11.369906425476074,
        "runtime": 20.73599934577942
    },
    "59": {
        "score": 11.369906425476074,
        "runtime": 20.546001195907593
    },
    "60": {
        "score": 11.369906425476074,
        "runtime": 20.754002571105957
    },
    "61": {
        "score": 11.369906425476074,
        "runtime": 21.952999353408813
    },
    "62": {
        "score": 11.369906425476074,
        "runtime": 20.771998405456543
    },
    "63": {
        "score": 11.369906425476074,
        "runtime": 21.62699866294861
    },
    "64": {
        "score": 11.369906425476074,
        "runtime": 20.547001600265503
    },
    "65": {
        "score": 11.369906425476074,
        "runtime": 20.652999877929688
    },
    "66": {
        "score": 11.369906425476074,
        "runtime": 20.453999280929565
    },
    "67": {
        "score": 11.369906425476074,
        "runtime": 21.020998239517212
    },
    "68": {
        "score": 11.369906425476074,
        "runtime": 20.618998050689697
    },
    "69": {
        "score": 11.369906425476074,
        "runtime": 20.530001401901245
    },
    "70": {
        "score": 11.369906425476074,
        "runtime": 20.675998210906982
    },
    "71": {
        "score": 11.369906425476074,
        "runtime": 21.98900294303894
    },
    "72": {
        "score": 11.369906425476074,
        "runtime": 20.421000003814697
    },
    "73": {
        "score": 11.285104751586914,
        "runtime": 20.465998888015747
    },
    "74": {
        "score": 11.369906425476074,
        "runtime": 20.792999267578125
    },
    "75": {
        "score": 11.369906425476074,
        "runtime": 21.14400053024292
    },
    "76": {
        "score": 11.369906425476074,
        "runtime": 20.859002351760864
    },
    "77": {
        "score": 11.369906425476074,
        "runtime": 20.761000394821167
    },
    "78": {
        "score": 11.369906425476074,
        "runtime": 20.85099983215332
    },
    "79": {
        "score": 11.369906425476074,
        "runtime": 20.932002544403076
    },
    "80": {
        "score": 11.369906425476074,
        "runtime": 20.470000505447388
    },
    "81": {
        "score": 11.296998977661133,
        "runtime": 20.397998809814453
    },
    "82": {
        "score": 11.369906425476074,
        "runtime": 20.665485382080078
    },
    "83": {
        "score": 11.369906425476074,
        "runtime": 20.75599980354309
    },
    "84": {
        "score": 11.296998977661133,
        "runtime": 20.47699785232544
    },
    "85": {
        "score": 11.354046821594238,