{
    "0": {
        "score": 5.585679531097412,
        "runtime": 10.949419736862183
    },
    "1": {
        "score": 5.691456317901611,
        "runtime": 10.872939348220825
    },
    "2": {
        "score": 6.335326671600342,
        "runtime": 11.169946670532227
    },
    "3": {
        "score": 6.00524377822876,
        "runtime": 11.085961818695068
    },
    "4": {
        "score": 5.68243932723999,
        "runtime": 11.216487407684326
    },
    "5": {
        "score": 5.812621116638184,
        "runtime": 11.180933475494385
    },
    "6": {
        "score": 6.139273166656494,
        "runtime": 11.174980401992798
    },
    "7": {
        "score": 5.95625638961792,
        "runtime": 11.101706743240356
    },
    "8": {
        "score": 5.736600399017334,
        "runtime": 11.16194200515747
    },
    "9": {
        "score": 6.267785549163818,
        "runtime": 11.243935346603394
    },
    "10": {
        "score": 5.496968746185303,
        "runtime": 10.889942407608032
    },
    "11": {
        "score": 5.010799884796143,
        "runtime": 10.92249083518982
    },
    "12": {
        "score": 5.8283867835998535,
        "runtime": 10.837680101394653
    },
    "13": {
        "score": 5.980339050292969,
        "runtime": 11.163942575454712
    },
    "14": {
        "score": 5.97642707824707,
        "runtime": 10.994950294494629
    },
    "15": {
        "score": 5.9942779541015625,
        "runtime": 10.904002904891968
    },
    "16": {
        "score": 5.773288726806641,
        "runtime": 10.954957962036133
    },
    "17": {
        "score": 5.545279026031494,
        "runtime": 10.974228620529175
    },
    "18": {
        "score": 5.666976451873779,
        "runtime": 10.938963413238525
    },
    "19": {
        "score": 5.629433631896973,
        "runtime": 10.997938632965088
    },
    "20": {
        "score": 5.483345985412598,
        "runtime": 10.96999454498291
    },
    "21": {
        "score": 5.8985066413879395,
        "runtime": 11.03495717048645
    },
    "22": {
        "score": 5.63731575012207,
        "runtime": 11.070421695709229
    },
    "23": {
        "score": 5.657573223114014,
        "runtime": 10.961696863174438
    },
    "24": {
        "score": 5.578342914581299,
        "runtime": 11.436485767364502
    },
    "25": {
        "score": 6.0714592933654785,
        "runtime": 11.1204674243927
    },
    "26": {
        "score": 5.8203277587890625,
        "runtime": 10.783987760543823
    },
    "27": {
        "score": 5.74063777923584,
        "runtime": 10.971493005752563
    },
    "28": {
        "score": 5.783083915710449,
        "runtime": 10.878933668136597
    },
    "29": {
        "score": 6.025158882141113,
        "runtime": 10.897935152053833
    },
    "30": {
        "score": 5.829540252685547,
        "runtime": 11.08396601676941
    },
    "31": {
        "score": 5.7430419921875,
        "runtime": 10.948940753936768
    },
    "32": {
        "score": 5.97671365737915,
        "runtime": 10.938975811004639
    },
    "33": {
        "score": 5.634585380554199,
        "runtime": 10.72795844078064
    },
    "34": {
        "score": 5.526946067810059,
        "runtime": 11.01420545578003
    },
    "35": {
        "score": 5.755558967590332,
        "runtime": 10.909990072250366
    },
    "36": {
        "score": 5.761852741241455,
        "runtime": 10.95169448852539
    },
    "37": {
        "score": 6.2375874519348145,
        "runtime": 10.733500242233276
    },
    "38": {
        "score": 5.617483615875244,
        "runtime": 10.813969850540161
    },
    "39": {
        "score": 6.200957298278809,
        "runtime": 11.014468431472778
    },
    "40": {
        "score": 5.667033672332764,
        "runtime": 10.772915363311768
    },
    "41": {
        "score": 5.765598297119141,
        "runtime": 10.942916631698608
    },
    "42": {
        "score": 5.7371721267700195,
        "runtime": 10.94896912574768
    },
    "43": {
        "score": 6.485743522644043,
        "runtime": 10.898659944534302
    },
    "44": {
        "score": 5.716372489929199,
        "runtime": 10.960958242416382
    },
    "45": {
        "score": 5.670146465301514,
        "runtime": 11.045486688613892
    },
    "46": {
        "score": 5.9342522621154785,
        "runtime": 10.676438808441162
    },
    "47": {
        "score": 5.659748554229736,
        "runtime": 11.037883758544922
    },
    "48": {
        "score": 5.658264636993408,
        "runtime": 10.871953248977661
    },
    "49": {
        "score": 6.259560585021973,
        "runtime": 10.925180673599243
    },
    "50": {
        "score": 5.921019554138184,
        "runtime": 10.837462186813354
    },
    "51": {
        "score": 5.818638801574707,
        "runtime": 10.939950466156006
    },
    "52": {
        "score": 6.33341646194458,
        "runtime": 10.946931838989258
    },
    "53": {
        "score": 5.455046653747559,
        "runtime": 11.087944984436035
    },
    "54": {
        "score": 5.701295375823975,
        "runtime": 10.996997117996216
    },
    "55": {
        "score": 5.900045871734619,
        "runtime": 10.956941366195679
    },
    "56": {
        "score": 6.045798301696777,
        "runtime": 11.052417516708374
    },
    "57": {
        "score": 5.929169178009033,
        "runtime": 10.991955518722534
    },
    "58": {
        "score": 5.685807704925537,
        "runtime": 11.159692764282227
    },
    "59": {
        "score": 5.824336051940918,
        "runtime": 11.002908706665039
    },
    "60": {
        "score": 6.2674970626831055,
        "runtime": 10.984157085418701
    },
    "61": {
        "score": 5.652717590332031,
        "runtime": 10.86798882484436
    },
    "62": {
        "score": 5.885622024536133,
        "runtime": 10.889949560165405
    },
    "63": {
        "score": 5.619737148284912,
        "runtime": 10.79347014427185
    },
    "64": {
        "score": 5.8830647468566895,
        "runtime": 10.946951866149902
    },
    "65": {
        "score": 5.669130802154541,
        "runtime": 11.017469644546509
    },
    "66": {
        "score": 5.530121326446533,
        "runtime": 11.09817886352539
    },
    "67": {
        "score": 5.406996726989746,
        "runtime": 10.98493218421936
    },
    "68": {
        "score": 5.758696556091309,
        "runtime": 11.106461524963379
    },
    "69": {
        "score": 5.381344318389893,
        "runtime": 10.918422937393188
    },
    "70": {
        "score": 5.8246660232543945,
        "runtime": 10.850416898727417
    },
    "71": {
        "score": 5.450438499450684,
        "runtime": 10.951472759246826
    },
    "72": {
        "score": 6.034285545349121,
        "runtime": 10.878973007202148
    },
    "73": {
        "score": 5.827200889587402,
        "runtime": 10.935980558395386
    },
    "74": {
        "score": 5.6795973777771,
        "runtime": 11.12641716003418
    },
    "75": {
        "score": 5.673725605010986,
        "runtime": 10.969430685043335
    },
    "76": {
        "score": 6.229314804077148,
        "runtime": 11.141950130462646
    },
    "77": {
        "score": 5.738405704498291,
        "runtime": 11.051958322525024
    },
    "78": {
        "score": 6.002120018005371,
        "runtime": 10.843992710113525
    },
    "79": {
        "score": 5.166144847869873,
        "runtime": 11.01446008682251
    },
    "80": {
        "score": 5.734940528869629,
        "runtime": 10.962887525558472
    },
    "81": {
        "score": 5.382617950439453,
        "runtime": 10.913918018341064
    },
    "82": {
        "score": 5.55540657043457,
        "runtime": 10.988954305648804
    },
    "83": {
        "score": 6.141189098358154,
        "runtime": 10.912879705429077
    },
    "84": {
        "score": 5.88977575302124,
        "runtime": 10.926961421966553
    },
    "85": {
        "score": 5.817774295806885,
        "runtime": 11.020926475524902
    },