{
    "0": {
        "score": 5.515387058258057,
        "runtime": 11.042418718338013
    },
    "1": {
        "score": 5.7967047691345215,
        "runtime": 11.078936100006104
    },
    "2": {
        "score": 6.170563697814941,
        "runtime": 11.201425552368164
    },
    "3": {
        "score": 6.017477035522461,
        "runtime": 11.010481834411621
    },
    "4": {
        "score": 5.696531295776367,
        "runtime": 10.916967630386353
    },
    "5": {
        "score": 5.812621116638184,
        "runtime": 11.119486808776855
    },
    "6": {
        "score": 6.166800498962402,
        "runtime": 10.968967199325562
    },
    "7": {
        "score": 6.069847583770752,
        "runtime": 10.873713254928589
    },
    "8": {
        "score": 5.766714572906494,
        "runtime": 11.105936765670776
    },
    "9": {
        "score": 6.159329891204834,
        "runtime": 11.296442747116089
    },
    "10": {
        "score": 5.496968746185303,
        "runtime": 11.15446662902832
    },
    "11": {
        "score": 5.133031368255615,
        "runtime": 10.842870950698853
    },
    "12": {
        "score": 5.733208179473877,
        "runtime": 11.070691108703613
    },
    "13": {
        "score": 6.054482460021973,
        "runtime": 10.872966527938843
    },
    "14": {
        "score": 5.937066555023193,
        "runtime": 11.082947254180908
    },
    "15": {
        "score": 5.9535112380981445,
        "runtime": 10.885431051254272
    },
    "16": {
        "score": 5.717080116271973,
        "runtime": 11.19287657737732
    },
    "17": {
        "score": 5.741801738739014,
        "runtime": 11.110957622528076
    },
    "18": {
        "score": 5.666976451873779,
        "runtime": 10.94391655921936
    },
    "19": {
        "score": 5.614080905914307,
        "runtime": 10.667452573776245
    },
    "20": {
        "score": 5.482839107513428,
        "runtime": 10.94592809677124
    },
    "21": {
        "score": 6.035417079925537,
        "runtime": 10.866963863372803
    },
    "22": {
        "score": 5.671297073364258,
        "runtime": 11.180944204330444
    },
    "23": {
        "score": 5.670497417449951,
        "runtime": 10.8874671459198
    },
    "24": {
        "score": 5.644977569580078,
        "runtime": 11.76300048828125
    },
    "25": {
        "score": 6.078736782073975,
        "runtime": 11.035708665847778
    },
    "26": {
        "score": 5.894558906555176,
        "runtime": 10.953952550888062
    },
    "27": {
        "score": 5.729949951171875,
        "runtime": 10.847498416900635
    },
    "28": {
        "score": 5.638572692871094,
        "runtime": 10.954918622970581
    },
    "29": {
        "score": 6.094962120056152,
        "runtime": 10.871936798095703
    },
    "30": {
        "score": 6.105368614196777,
        "runtime": 11.224459648132324
    },
    "31": {
        "score": 5.692385673522949,
        "runtime": 10.99549651145935
    },
    "32": {
        "score": 6.044275283813477,
        "runtime": 10.80242371559143
    },
    "33": {
        "score": 5.573751449584961,
        "runtime": 11.047942161560059
    },
    "34": {
        "score": 5.544055461883545,
        "runtime": 10.799962997436523
    },
    "35": {
        "score": 5.756474018096924,
        "runtime": 10.83694076538086
    },
    "36": {
        "score": 5.751577854156494,
        "runtime": 10.983465671539307
    },
    "37": {
        "score": 6.43343448638916,
        "runtime": 10.804944515228271
    },
    "38": {
        "score": 5.695516109466553,
        "runtime": 11.230438470840454
    },
    "39": {
        "score": 6.049899101257324,
        "runtime": 11.068523406982422
    },
    "40": {
        "score": 5.533389568328857,
        "runtime": 10.878994226455688
    },
    "41": {
        "score": 5.670089244842529,
        "runtime": 11.04448938369751
    },
    "42": {
        "score": 5.644322872161865,
        "runtime": 10.993937730789185
    },
    "43": {
        "score": 6.583739757537842,
        "runtime": 10.990226030349731
    },
    "44": {
        "score": 5.749177932739258,
        "runtime": 10.867884397506714
    },
    "45": {
        "score": 5.7591938972473145,
        "runtime": 11.100440502166748
    },
    "46": {
        "score": 5.9823126792907715,
        "runtime": 10.980472087860107
    },
    "47": {
        "score": 5.706631660461426,
        "runtime": 10.970707416534424
    },
    "48": {
        "score": 5.927269458770752,
        "runtime": 11.009931325912476
    },
    "49": {
        "score": 6.142537593841553,
        "runtime": 10.877979040145874
    },
    "50": {
        "score": 5.96268367767334,
        "runtime": 10.80715823173523
    },
    "51": {
        "score": 5.857828617095947,
        "runtime": 10.918452978134155
    },
    "52": {
        "score": 6.358135223388672,
        "runtime": 11.059436798095703
    },
    "53": {
        "score": 5.741715908050537,
        "runtime": 10.989959478378296
    },
    "54": {
        "score": 5.592309474945068,
        "runtime": 10.895171880722046
    },
    "55": {
        "score": 5.864351272583008,
        "runtime": 11.087944984436035
    },
    "56": {
        "score": 6.046895503997803,
        "runtime": 11.035726070404053
    },
    "57": {
        "score": 5.789655685424805,
        "runtime": 10.859458446502686
    },
    "58": {
        "score": 5.718440532684326,
        "runtime": 11.025401592254639
    },
    "59": {
        "score": 5.866320610046387,
        "runtime": 10.986950874328613
    },
    "60": {
        "score": 6.270698547363281,
        "runtime": 11.030946493148804
    },
    "61": {
        "score": 5.666247844696045,
        "runtime": 11.09747314453125
    },
    "62": {
        "score": 5.885622024536133,
        "runtime": 11.26590895652771
    },
    "63": {
        "score": 5.720301151275635,
        "runtime": 11.242464303970337
    },
    "64": {
        "score": 5.8311662673950195,
        "runtime": 11.220428705215454
    },
    "65": {
        "score": 5.60249662399292,
        "runtime": 10.854480981826782
    },
    "66": {
        "score": 5.457874774932861,
        "runtime": 11.003710269927979
    },
    "67": {
        "score": 5.378158092498779,
        "runtime": 11.018470525741577
    },
    "68": {
        "score": 5.692628860473633,
        "runtime": 10.87698483467102
    },
    "69": {
        "score": 5.390874862670898,
        "runtime": 10.891469478607178
    },
    "70": {
        "score": 5.834214687347412,
        "runtime": 11.040923595428467
    },
    "71": {
        "score": 5.319661617279053,
        "runtime": 10.8504958152771
    },
    "72": {
        "score": 5.8505353927612305,
        "runtime": 11.112944841384888
    },
    "73": {
        "score": 5.530844688415527,
        "runtime": 10.990431785583496
    },
    "74": {
        "score": 5.663001537322998,
        "runtime": 11.0704824924469
    },
    "75": {
        "score": 5.9141669273376465,
        "runtime": 11.056362867355347
    },
    "76": {
        "score": 6.223555564880371,
        "runtime": 10.78897738456726
    },
    "77": {
        "score": 5.710273265838623,
        "runtime": 10.98771333694458
    },
    "78": {
        "score": 5.886294364929199,
        "runtime": 11.069978475570679
    },
    "79": {
        "score": 5.165066242218018,
        "runtime": 10.796933650970459
    },
    "80": {
        "score": 5.764978408813477,
        "runtime": 11.026935577392578
    },
    "81": {
        "score": 5.33355712890625,
        "runtime": 11.082913160324097
    },
    "82": {
        "score": 5.511092185974121,
        "runtime": 10.86545729637146
    },
    "83": {
        "score": 6.291188716888428,
        "runtime": 10.878954410552979
    },
    "84": {
        "score": 5.777026653289795,
        "runtime": 10.943434238433838
    },
    "85": {
        "score": 5.794270038604736,
        "runtime": 11.09791874885559
    },