{
    "0": {
        "score": 11.206572532653809,
        "runtime": 20.06599736213684
    },
    "1": {
        "score": 11.041603088378906,
        "runtime": 20.615002632141113
    },
    "2": {
        "score": 10.960638999938965,
        "runtime": 20.350000381469727
    },
    "3": {
        "score": 11.61520004272461,
        "runtime": 20.823997259140015
    },
    "4": {
        "score": 11.041603088378906,
        "runtime": 20.39000105857849
    },
    "5": {
        "score": 11.241954803466797,
        "runtime": 20.381001234054565
    },
    "6": {
        "score": 11.254483222961426,
        "runtime": 20.918001890182495
    },
    "7": {
        "score": 11.163717269897461,
        "runtime": 20.33347749710083
    },
    "8": {
        "score": 11.041603088378906,
        "runtime": 20.7850022315979
    },
    "9": {
        "score": 11.241954803466797,
        "runtime": 20.432998657226562
    },
    "10": {
        "score": 11.041603088378906,
        "runtime": 20.70799994468689
    },
    "11": {
        "score": 11.041603088378906,
        "runtime": 20.30900001525879
    },
    "12": {
        "score": 11.041603088378906,
        "runtime": 20.875028371810913
    },
    "13": {
        "score": 11.041603088378906,
        "runtime": 20.43252182006836
    },
    "14": {
        "score": 11.041603088378906,
        "runtime": 20.31400227546692
    },
    "15": {
        "score": 11.041603088378906,
        "runtime": 20.848001718521118
    },
    "16": {
        "score": 11.367396354675293,
        "runtime": 20.935102701187134
    },
    "17": {
        "score": 11.041603088378906,
        "runtime": 20.487999439239502
    },
    "18": {
        "score": 11.61520004272461,
        "runtime": 20.72200083732605
    },
    "19": {
        "score": 11.041603088378906,
        "runtime": 20.374000310897827
    },
    "20": {
        "score": 11.241954803466797,
        "runtime": 20.313000440597534
    },
    "21": {
        "score": 11.041603088378906,
        "runtime": 20.66600012779236
    },
    "22": {
        "score": 11.041603088378906,
        "runtime": 20.23199963569641
    },
    "23": {
        "score": 11.241954803466797,
        "runtime": 20.34900140762329
    },
    "24": {
        "score": 11.041603088378906,
        "runtime": 20.477012395858765
    },
    "25": {
        "score": 11.241954803466797,
        "runtime": 20.21500062942505
    },
    "26": {
        "score": 11.265057563781738,
        "runtime": 20.40499997138977
    },
    "27": {
        "score": 11.241954803466797,
        "runtime": 20.710001230239868
    },
    "28": {
        "score": 11.163717269897461,
        "runtime": 20.522000551223755
    },
    "29": {
        "score": 11.041603088378906,
        "runtime": 21.15700054168701
    },
    "30": {
        "score": 11.041603088378906,
        "runtime": 20.51699686050415
    },
    "31": {
        "score": 11.041603088378906,
        "runtime": 20.629002809524536
    },
    "32": {
        "score": 11.537781715393066,
        "runtime": 20.28100275993347
    },
    "33": {
        "score": 11.041603088378906,
        "runtime": 21.01699995994568
    },
    "34": {
        "score": 11.041603088378906,
        "runtime": 20.574000597000122
    },
    "35": {
        "score": 11.041603088378906,
        "runtime": 20.874202966690063
    },
    "36": {
        "score": 11.041603088378906,
        "runtime": 20.49900221824646
    },
    "37": {
        "score": 10.975724220275879,
        "runtime": 20.109000205993652
    },
    "38": {
        "score": 11.61520004272461,
        "runtime": 20.571484088897705
    },
    "39": {
        "score": 11.265057563781738,
        "runtime": 20.935999631881714
    },
    "40": {
        "score": 11.041603088378906,
        "runtime": 20.210999250411987
    },
    "41": {
        "score": 11.353785514831543,
        "runtime": 20.859482765197754
    },
    "42": {
        "score": 11.353785514831543,
        "runtime": 20.36699867248535
    },
    "43": {
        "score": 11.257039070129395,
        "runtime": 21.353002071380615
    },
    "44": {
        "score": 11.241954803466797,
        "runtime": 20.355000019073486
    },
    "45": {
        "score": 11.041603088378906,
        "runtime": 21.047001361846924
    },
    "46": {
        "score": 11.537781715393066,
        "runtime": 20.32399845123291
    },
    "47": {
        "score": 11.041603088378906,
        "runtime": 20.571999073028564
    },
    "48": {
        "score": 11.041603088378906,
        "runtime": 20.771998167037964
    },
    "49": {
        "score": 11.241954803466797,
        "runtime": 20.22752571105957
    },
    "50": {
        "score": 11.537781715393066,
        "runtime": 20.4610013961792
    },
    "51": {
        "score": 11.257039070129395,
        "runtime": 20.10700035095215
    },
    "52": {
        "score": 11.265057563781738,
        "runtime": 20.72600245475769
    },
    "53": {
        "score": 11.265057563781738,
        "runtime": 20.53800082206726
    },
    "54": {
        "score": 11.265057563781738,
        "runtime": 20.419999361038208
    },
    "55": {
        "score": 11.257039070129395,
        "runtime": 20.010000705718994
    },
    "56": {
        "score": 11.041603088378906,
        "runtime": 20.34399700164795
    },
    "57": {
        "score": 11.217923164367676,
        "runtime": 20.76118278503418
    },
    "58": {
        "score": 11.041603088378906,
        "runtime": 20.541999340057373
    },
    "59": {
        "score": 11.537781715393066,
        "runtime": 20.454000234603882
    },
    "60": {
        "score": 11.05445384979248,
        "runtime": 20.903000831604004
    },
    "61": {
        "score": 11.041603088378906,
        "runtime": 20.521000146865845
    },
    "62": {
        "score": 11.217923164367676,
        "runtime": 20.678999185562134
    },
    "63": {
        "score": 11.041603088378906,
        "runtime": 20.706001043319702
    },
    "64": {
        "score": 11.041603088378906,
        "runtime": 20.15900206565857
    },
    "65": {
        "score": 11.016583442687988,
        "runtime": 21.214000940322876
    },
    "66": {
        "score": 11.241954803466797,
        "runtime": 20.1059992313385
    },
    "67": {
        "score": 11.241954803466797,
        "runtime": 20.14899754524231
    },
    "68": {
        "score": 10.975724220275879,
        "runtime": 20.4440016746521
    },
    "69": {
        "score": 11.206572532653809,
        "runtime": 20.343997716903687
    },
    "70": {
        "score": 11.041603088378906,
        "runtime": 21.18100142478943
    },
    "71": {
        "score": 11.041603088378906,
        "runtime": 21.03599977493286
    },
    "72": {
        "score": 11.257039070129395,
        "runtime": 21.164002180099487
    },
    "73": {
        "score": 11.537781715393066,
        "runtime": 20.291999101638794
    },
    "74": {
        "score": 11.030004501342773,
        "runtime": 20.73900270462036
    },
    "75": {
        "score": 11.041603088378906,
        "runtime": 20.439001083374023
    },
    "76": {
        "score": 11.241954803466797,
        "runtime": 20.670003414154053
    },
    "77": {
        "score": 11.041603088378906,
        "runtime": 20.62699842453003
    },
    "78": {
        "score": 11.257039070129395,
        "runtime": 20.87299942970276
    },
    "79": {
        "score": 11.041603088378906,
        "runtime": 20.36300253868103
    },
    "80": {
        "score": 11.041603088378906,
        "runtime": 21.04700016975403
    },
    "81": {
        "score": 11.041603088378906,
        "runtime": 20.525999307632446
    },
    "82": {
        "score": 11.217923164367676,
        "runtime": 20.913002967834473
    },
    "83": {
        "score": 11.217923164367676,
        "runtime": 20.627001762390137
    },
    "84": {
        "score": 11.206572532653809,
        "runtime": 20.407999992370605
    },
    "85": {
        "score": 11.206572532653809,