{
    "0": {
        "score": 11.340198516845703,
        "runtime": 20.511002779006958
    },
    "1": {
        "score": 11.124629974365234,
        "runtime": 20.388002395629883
    },
    "2": {
        "score": 11.124629974365234,
        "runtime": 20.045000553131104
    },
    "3": {
        "score": 11.124629974365234,
        "runtime": 20.85100030899048
    },
    "4": {
        "score": 11.124629974365234,
        "runtime": 20.41300082206726
    },
    "5": {
        "score": 11.124629974365234,
        "runtime": 20.34099793434143
    },
    "6": {
        "score": 11.124629974365234,
        "runtime": 20.476000785827637
    },
    "7": {
        "score": 11.124629974365234,
        "runtime": 20.59547710418701
    },
    "8": {
        "score": 11.124629974365234,
        "runtime": 20.226996660232544
    },
    "9": {
        "score": 11.124629974365234,
        "runtime": 20.981000661849976
    },
    "10": {
        "score": 11.124629974365234,
        "runtime": 20.362000465393066
    },
    "11": {
        "score": 11.124629974365234,
        "runtime": 21.10800004005432
    },
    "12": {
        "score": 11.124629974365234,
        "runtime": 20.562997579574585
    },
    "13": {
        "score": 11.124629974365234,
        "runtime": 20.493000745773315
    },
    "14": {
        "score": 11.124629974365234,
        "runtime": 20.533000469207764
    },
    "15": {
        "score": 11.124629974365234,
        "runtime": 20.789002656936646
    },
    "16": {
        "score": 11.124629974365234,
        "runtime": 20.2920024394989
    },
    "17": {
        "score": 11.124629974365234,
        "runtime": 21.1080002784729
    },
    "18": {
        "score": 11.124629974365234,
        "runtime": 20.721000909805298
    },
    "19": {
        "score": 11.124629974365234,
        "runtime": 20.174001932144165
    },
    "20": {
        "score": 11.124629974365234,
        "runtime": 20.614999532699585
    },
    "21": {
        "score": 11.124629974365234,
        "runtime": 20.866998195648193
    },
    "22": {
        "score": 11.124629974365234,
        "runtime": 20.459001779556274
    },
    "23": {
        "score": 11.124629974365234,
        "runtime": 20.2160005569458
    },
    "24": {
        "score": 11.124629974365234,
        "runtime": 20.258012294769287
    },
    "25": {
        "score": 11.124629974365234,
        "runtime": 20.692464351654053
    },
    "26": {
        "score": 11.124629974365234,
        "runtime": 21.40799880027771
    },
    "27": {
        "score": 11.124629974365234,
        "runtime": 20.53600025177002
    },
    "28": {
        "score": 11.124629974365234,
        "runtime": 20.602999448776245
    },
    "29": {
        "score": 11.124629974365234,
        "runtime": 20.38300132751465
    },
    "30": {
        "score": 11.124629974365234,
        "runtime": 20.723000049591064
    },
    "31": {
        "score": 11.124629974365234,
        "runtime": 20.466999769210815
    },
    "32": {
        "score": 11.124629974365234,
        "runtime": 20.960999250411987
    },
    "33": {
        "score": 11.124629974365234,
        "runtime": 20.341001749038696
    },
    "34": {
        "score": 11.133386611938477,
        "runtime": 20.594000339508057
    },
    "35": {
        "score": 11.124629974365234,
        "runtime": 20.494001865386963
    },
    "36": {
        "score": 11.124629974365234,
        "runtime": 20.847999811172485
    },
    "37": {
        "score": 11.133386611938477,
        "runtime": 20.43499994277954
    },
    "38": {
        "score": 11.124629974365234,
        "runtime": 20.48748016357422
    },
    "39": {
        "score": 11.124629974365234,
        "runtime": 20.06099843978882
    },
    "40": {
        "score": 11.124629974365234,
        "runtime": 21.053999423980713
    },
    "41": {
        "score": 11.124629974365234,
        "runtime": 20.401002407073975
    },
    "42": {
        "score": 11.124629974365234,
        "runtime": 21.24199891090393
    },
    "43": {
        "score": 11.124629974365234,
        "runtime": 20.114001989364624
    },
    "44": {
        "score": 11.133386611938477,
        "runtime": 20.959002017974854
    },
    "45": {
        "score": 11.124629974365234,
        "runtime": 20.805999755859375
    },
    "46": {
        "score": 11.124629974365234,
        "runtime": 20.91700267791748
    },
    "47": {
        "score": 11.124629974365234,
        "runtime": 20.74399733543396
    },
    "48": {
        "score": 11.124629974365234,
        "runtime": 20.89299988746643
    },
    "49": {
        "score": 11.124629974365234,
        "runtime": 20.411001682281494
    },
    "50": {
        "score": 11.133386611938477,
        "runtime": 20.976999759674072
    },
    "51": {
        "score": 11.124629974365234,
        "runtime": 20.187999486923218
    },
    "52": {
        "score": 11.133386611938477,
        "runtime": 19.98200249671936
    },
    "53": {
        "score": 11.133386611938477,
        "runtime": 20.152000904083252
    },
    "54": {
        "score": 11.124629974365234,
        "runtime": 20.27499747276306
    },
    "55": {
        "score": 11.124629974365234,
        "runtime": 20.569998741149902
    },
    "56": {
        "score": 11.124629974365234,
        "runtime": 20.42000102996826
    },
    "57": {
        "score": 11.124629974365234,
        "runtime": 20.27700185775757
    },
    "58": {
        "score": 11.124629974365234,
        "runtime": 20.35499882698059
    },
    "59": {
        "score": 11.124629974365234,
        "runtime": 20.90699863433838
    },
    "60": {
        "score": 11.124629974365234,
        "runtime": 20.33700156211853
    },
    "61": {
        "score": 11.124629974365234,
        "runtime": 21.292999267578125
    },
    "62": {
        "score": 11.124629974365234,
        "runtime": 20.486465454101562
    },
    "63": {
        "score": 11.124629974365234,
        "runtime": 20.480998992919922
    },
    "64": {
        "score": 11.124629974365234,
        "runtime": 20.247999668121338
    },
    "65": {
        "score": 11.124629974365234,
        "runtime": 20.246997117996216
    },
    "66": {
        "score": 11.133386611938477,
        "runtime": 20.41300058364868
    },
    "67": {
        "score": 11.124629974365234,
        "runtime": 20.38955807685852
    },
    "68": {
        "score": 11.133386611938477,
        "runtime": 20.92400074005127
    },
    "69": {
        "score": 11.124629974365234,
        "runtime": 20.486999034881592
    },
    "70": {
        "score": 11.124629974365234,
        "runtime": 20.464999198913574
    },
    "71": {
        "score": 11.124629974365234,
        "runtime": 21.216500520706177
    },
    "72": {
        "score": 11.124629974365234,
        "runtime": 20.203999757766724
    },
    "73": {
        "score": 11.124629974365234,
        "runtime": 20.768001556396484
    },
    "74": {
        "score": 11.124629974365234,
        "runtime": 20.488998413085938
    },
    "75": {
        "score": 11.340198516845703,
        "runtime": 20.969000577926636
    },
    "76": {
        "score": 11.124629974365234,
        "runtime": 20.208999395370483
    },
    "77": {
        "score": 11.124629974365234,
        "runtime": 21.15700054168701
    },
    "78": {
        "score": 11.124629974365234,
        "runtime": 20.627002954483032
    },
    "79": {
        "score": 11.124629974365234,
        "runtime": 20.99600052833557
    },
    "80": {
        "score": 11.124629974365234,
        "runtime": 20.666998147964478
    },
    "81": {
        "score": 11.124629974365234,
        "runtime": 20.316000938415527
    },
    "82": {
        "score": 11.124629974365234,
        "runtime": 20.244001626968384
    },
    "83": {
        "score": 11.124629974365234,
        "runtime": 21.260998010635376
    },
    "84": {
        "score": 11.124629974365234,
        "runtime": 20.32800006866455
    },
    "85": {
        "score": 11.124629974365234,