{
    "0": {
        "score": 6.123326778411865,
        "runtime": 2.772174119949341
    },
    "1": {
        "score": 6.123326778411865,
        "runtime": 2.6357345581054688
    },
    "average": {
        "score": 6.123326778411865,
        "runtime": 2.703954339027405
    },
    "std": {
        "score": 0.0,
        "runtime": 0.004653938509036948
    }
}