{
    "0": {
        "score": 3.663829803466797,
        "runtime": 0.09699892997741699
    },
    "1": {
        "score": 3.761995553970337,
        "runtime": 0.10599994659423828
    },
    "2": {
        "score": 3.7796685695648193,
        "runtime": 0.0970001220703125
    },
    "3": {
        "score": 4.167393207550049,
        "runtime": 0.09599971771240234
    },
    "4": {
        "score": 3.2645254135131836,
        "runtime": 0.08999872207641602
    },
    "5": {
        "score": 3.860729455947876,
        "runtime": 0.08099937438964844
    },
    "6": {
        "score": 3.8685247898101807,
        "runtime": 0.0970008373260498
    },
    "7": {
        "score": 3.951625347137451,
        "runtime": 0.10899972915649414
    },
    "8": {
        "score": 4.128917694091797,
        "runtime": 0.08899927139282227
    },
    "9": {
        "score": 4.006816864013672,
        "runtime": 0.08900022506713867
    },
    "10": {
        "score": 3.778759479522705,
        "runtime": 0.06900143623352051
    },
    "11": {
        "score": 3.8282344341278076,
        "runtime": 0.0839996337890625
    },
    "12": {
        "score": 4.087907791137695,
        "runtime": 0.07899928092956543
    },
    "13": {
        "score": 3.7108867168426514,
        "runtime": 0.0970010757446289
    },
    "14": {
        "score": 4.372614860534668,
        "runtime": 0.07100081443786621
    },
    "15": {
        "score": 3.9959185123443604,
        "runtime": 0.08599972724914551
    },
    "16": {
        "score": 4.209713935852051,
        "runtime": 0.08400082588195801
    },
    "17": {
        "score": 3.341623067855835,
        "runtime": 0.09599947929382324
    },
    "18": {
        "score": 3.703400135040283,
        "runtime": 0.08199882507324219
    },
    "19": {
        "score": 3.8638968467712402,
        "runtime": 0.0859994888305664
    },
    "20": {
        "score": 3.877220630645752,
        "runtime": 0.09599900245666504
    },
    "21": {
        "score": 3.4828336238861084,
        "runtime": 0.0729990005493164
    },
    "22": {
        "score": 3.8590354919433594,
        "runtime": 0.0969991683959961
    },
    "23": {
        "score": 4.350894927978516,
        "runtime": 0.07899999618530273
    },
    "24": {
        "score": 4.068873405456543,
        "runtime": 0.1210012435913086
    },
    "25": {
        "score": 3.8711776733398438,
        "runtime": 0.06800174713134766
    },
    "26": {
        "score": 4.578735828399658,
        "runtime": 0.10399866104125977
    },
    "27": {
        "score": 3.749234199523926,
        "runtime": 0.0969998836517334
    },
    "28": {
        "score": 3.308075189590454,
        "runtime": 0.09000015258789062
    },
    "29": {
        "score": 3.9138457775115967,
        "runtime": 0.10299944877624512
    },
    "30": {
        "score": 3.8944716453552246,
        "runtime": 0.07799959182739258
    },
    "31": {
        "score": 3.209815263748169,
        "runtime": 0.1100001335144043
    },
    "32": {
        "score": 4.040256023406982,
        "runtime": 0.09499955177307129
    },
    "33": {
        "score": 4.225244998931885,
        "runtime": 0.11200070381164551
    },
    "34": {
        "score": 4.319533824920654,
        "runtime": 0.0970003604888916
    },
    "35": {
        "score": 4.384587287902832,
        "runtime": 0.12199974060058594
    },
    "36": {
        "score": 4.009539604187012,
        "runtime": 0.10100102424621582
    },
    "37": {
        "score": 3.717787742614746,
        "runtime": 0.08099913597106934
    },
    "38": {
        "score": 3.927903413772583,
        "runtime": 0.09299993515014648
    },
    "39": {
        "score": 4.187337398529053,
        "runtime": 0.07399988174438477
    },
    "40": {
        "score": 3.9290759563446045,
        "runtime": 0.11500048637390137
    },
    "41": {
        "score": 3.9975218772888184,
        "runtime": 0.09200000762939453
    },
    "42": {
        "score": 3.5343122482299805,
        "runtime": 0.08600115776062012
    },
    "43": {
        "score": 3.28609299659729,
        "runtime": 0.069000244140625
    },
    "44": {
        "score": 3.92326021194458,
        "runtime": 0.09199833869934082
    },
    "45": {
        "score": 3.6989119052886963,
        "runtime": 0.08900022506713867
    },
    "46": {
        "score": 4.148586750030518,
        "runtime": 0.07399940490722656
    },
    "47": {
        "score": 3.721055507659912,
        "runtime": 0.09600090980529785
    },
    "48": {
        "score": 3.9390408992767334,
        "runtime": 0.10700082778930664
    },
    "49": {
        "score": 3.853579044342041,
        "runtime": 0.07400035858154297
    },
    "50": {
        "score": 3.8545479774475098,
        "runtime": 0.10200071334838867
    },
    "51": {
        "score": 3.6750454902648926,
        "runtime": 0.08300065994262695
    },
    "52": {
        "score": 3.5137431621551514,
        "runtime": 0.11100196838378906
    },
    "53": {
        "score": 4.114353656768799,
        "runtime": 0.10600137710571289
    },
    "54": {
        "score": 3.9248223304748535,
        "runtime": 0.08300042152404785
    },
    "55": {
        "score": 3.632526397705078,
        "runtime": 0.1009984016418457
    },
    "56": {
        "score": 4.036168098449707,
        "runtime": 0.08899927139282227
    },
    "57": {
        "score": 3.789414405822754,
        "runtime": 0.09999895095825195
    },
    "58": {
        "score": 3.9642252922058105,
        "runtime": 0.10699939727783203
    },
    "59": {
        "score": 3.9368135929107666,
        "runtime": 0.10700082778930664
    },
    "60": {
        "score": 3.8441123962402344,
        "runtime": 0.08199954032897949
    },
    "61": {
        "score": 3.1804888248443604,
        "runtime": 0.07900023460388184
    },
    "62": {
        "score": 4.034071922302246,
        "runtime": 0.07999897003173828
    },
    "63": {
        "score": 4.115477085113525,
        "runtime": 0.10500144958496094
    },
    "64": {
        "score": 3.763899564743042,
        "runtime": 0.11899995803833008
    },
    "65": {
        "score": 3.998300075531006,
        "runtime": 0.10399985313415527
    },
    "66": {
        "score": 3.7593417167663574,
        "runtime": 0.09399938583374023
    },
    "67": {
        "score": 3.6951253414154053,
        "runtime": 0.0950009822845459
    },
    "68": {
        "score": 4.000242233276367,
        "runtime": 0.08499932289123535
    },
    "69": {
        "score": 3.6501429080963135,
        "runtime": 0.11999988555908203
    },
    "70": {
        "score": 3.571722984313965,
        "runtime": 0.08300209045410156
    },
    "71": {
        "score": 3.6524572372436523,
        "runtime": 0.09599828720092773
    },
    "72": {
        "score": 4.327773571014404,
        "runtime": 0.09200048446655273
    },
    "73": {
        "score": 3.780745267868042,
        "runtime": 0.09599924087524414
    },
    "74": {
        "score": 3.9664056301116943,
        "runtime": 0.0989992618560791
    },
    "75": {
        "score": 4.156336307525635,
        "runtime": 0.08000063896179199
    },
    "76": {
        "score": 3.4614906311035156,
        "runtime": 0.07600021362304688
    },
    "77": {
        "score": 3.96547269821167,
        "runtime": 0.08299994468688965
    },
    "78": {
        "score": 4.173035144805908,
        "runtime": 0.0930013656616211
    },
    "79": {
        "score": 3.845454692840576,
        "runtime": 0.07999944686889648
    },
    "80": {
        "score": 3.185774803161621,
        "runtime": 0.10100007057189941
    },
    "81": {
        "score": 4.19277811050415,
        "runtime": 0.09699869155883789
    },
    "82": {
        "score": 3.8572707176208496,
        "runtime": 0.095001220703125
    },
    "83": {
        "score": 3.4756152629852295,
        "runtime": 0.10100102424621582
    },
    "84": {
        "score": 3.980363368988037,
        "runtime": 0.09399962425231934
    },