{
    "0": {
        "score": 3.663829803466797,
        "runtime": 0.10199856758117676
    },
    "1": {
        "score": 3.8008804321289062,
        "runtime": 0.08499956130981445
    },
    "2": {
        "score": 3.799975633621216,
        "runtime": 0.10399985313415527
    },
    "3": {
        "score": 4.25653076171875,
        "runtime": 0.09499955177307129
    },
    "4": {
        "score": 3.2648541927337646,
        "runtime": 0.10599994659423828
    },
    "5": {
        "score": 3.860729455947876,
        "runtime": 0.07600092887878418
    },
    "6": {
        "score": 3.931661367416382,
        "runtime": 0.10299968719482422
    },
    "7": {
        "score": 3.951625347137451,
        "runtime": 0.11599850654602051
    },
    "8": {
        "score": 4.128917694091797,
        "runtime": 0.10199856758117676
    },
    "9": {
        "score": 4.014928340911865,
        "runtime": 0.09000039100646973
    },
    "10": {
        "score": 3.778759479522705,
        "runtime": 0.07999992370605469
    },
    "11": {
        "score": 3.7704179286956787,
        "runtime": 0.09699869155883789
    },
    "12": {
        "score": 4.087907791137695,
        "runtime": 0.08999872207641602
    },
    "13": {
        "score": 3.693781614303589,
        "runtime": 0.11399984359741211
    },
    "14": {
        "score": 4.328239440917969,
        "runtime": 0.11400032043457031
    },
    "15": {
        "score": 4.027010440826416,
        "runtime": 0.10199952125549316
    },
    "16": {
        "score": 4.211307048797607,
        "runtime": 0.10500073432922363
    },
    "17": {
        "score": 3.341623067855835,
        "runtime": 0.10900044441223145
    },
    "18": {
        "score": 3.703400135040283,
        "runtime": 0.11500048637390137
    },
    "19": {
        "score": 3.8638968467712402,
        "runtime": 0.0839996337890625
    },
    "20": {
        "score": 3.9067583084106445,
        "runtime": 0.12800025939941406
    },
    "21": {
        "score": 3.4828336238861084,
        "runtime": 0.11500120162963867
    },
    "22": {
        "score": 3.84525728225708,
        "runtime": 0.09099936485290527
    },
    "23": {
        "score": 4.342336654663086,
        "runtime": 0.10499930381774902
    },
    "24": {
        "score": 3.9885852336883545,
        "runtime": 0.07300043106079102
    },
    "25": {
        "score": 3.8711776733398438,
        "runtime": 0.10400104522705078
    },
    "26": {
        "score": 4.330911159515381,
        "runtime": 0.09999847412109375
    },
    "27": {
        "score": 3.749234199523926,
        "runtime": 0.09399986267089844
    },
    "28": {
        "score": 3.308075189590454,
        "runtime": 0.0970005989074707
    },
    "29": {
        "score": 3.9138457775115967,
        "runtime": 0.0820012092590332
    },
    "30": {
        "score": 3.8944716453552246,
        "runtime": 0.0819997787475586
    },
    "31": {
        "score": 3.209815263748169,
        "runtime": 0.10200166702270508
    },
    "32": {
        "score": 4.040256023406982,
        "runtime": 0.0840001106262207
    },
    "33": {
        "score": 4.217051029205322,
        "runtime": 0.09499311447143555
    },
    "34": {
        "score": 4.319533824920654,
        "runtime": 0.09600162506103516
    },
    "35": {
        "score": 4.257804870605469,
        "runtime": 0.0969998836517334
    },
    "36": {
        "score": 4.009539604187012,
        "runtime": 0.09600019454956055
    },
    "37": {
        "score": 3.717787742614746,
        "runtime": 0.09200143814086914
    },
    "38": {
        "score": 3.8522095680236816,
        "runtime": 0.0969991683959961
    },
    "39": {
        "score": 4.187337398529053,
        "runtime": 0.0840001106262207
    },
    "40": {
        "score": 3.9290759563446045,
        "runtime": 0.09299969673156738
    },
    "41": {
        "score": 3.9975218772888184,
        "runtime": 0.08500027656555176
    },
    "42": {
        "score": 3.5343122482299805,
        "runtime": 0.0839986801147461
    },
    "43": {
        "score": 3.28609299659729,
        "runtime": 0.10199999809265137
    },
    "44": {
        "score": 3.92326021194458,
        "runtime": 0.11500144004821777
    },
    "45": {
        "score": 3.6989119052886963,
        "runtime": 0.09599971771240234
    },
    "46": {
        "score": 4.058369159698486,
        "runtime": 0.10399889945983887
    },
    "47": {
        "score": 3.7274136543273926,
        "runtime": 0.08899950981140137
    },
    "48": {
        "score": 3.927215337753296,
        "runtime": 0.09499883651733398
    },
    "49": {
        "score": 3.807023048400879,
        "runtime": 0.07699990272521973
    },
    "50": {
        "score": 3.8545479774475098,
        "runtime": 0.09700131416320801
    },
    "51": {
        "score": 3.6750454902648926,
        "runtime": 0.10399985313415527
    },
    "52": {
        "score": 3.5137431621551514,
        "runtime": 0.12199902534484863
    },
    "53": {
        "score": 4.114353656768799,
        "runtime": 0.08800029754638672
    },
    "54": {
        "score": 3.9248223304748535,
        "runtime": 0.10699939727783203
    },
    "55": {
        "score": 3.632526397705078,
        "runtime": 0.09299802780151367
    },
    "56": {
        "score": 4.023445129394531,
        "runtime": 0.09500002861022949
    },
    "57": {
        "score": 3.789414405822754,
        "runtime": 0.09299874305725098
    },
    "58": {
        "score": 3.979959487915039,
        "runtime": 0.10699963569641113
    },
    "59": {
        "score": 3.909616470336914,
        "runtime": 0.08299994468688965
    },
    "60": {
        "score": 3.8143486976623535,
        "runtime": 0.0970001220703125
    },
    "61": {
        "score": 3.1791799068450928,
        "runtime": 0.10399937629699707
    },
    "62": {
        "score": 4.033547878265381,
        "runtime": 0.07699871063232422
    },
    "63": {
        "score": 4.115477085113525,
        "runtime": 0.08299589157104492
    },
    "64": {
        "score": 3.763899564743042,
        "runtime": 0.09599971771240234
    },
    "65": {
        "score": 3.998300075531006,
        "runtime": 0.08699989318847656
    },
    "66": {
        "score": 3.7593417167663574,
        "runtime": 0.09200096130371094
    },
    "67": {
        "score": 3.6951253414154053,
        "runtime": 0.0840005874633789
    },
    "68": {
        "score": 3.9582393169403076,
        "runtime": 0.0690009593963623
    },
    "69": {
        "score": 3.6501429080963135,
        "runtime": 0.07799935340881348
    },
    "70": {
        "score": 3.571722984313965,
        "runtime": 0.0950002670288086
    },
    "71": {
        "score": 3.6524572372436523,
        "runtime": 0.09599924087524414
    },
    "72": {
        "score": 4.327773571014404,
        "runtime": 0.07599973678588867
    },
    "73": {
        "score": 3.831160306930542,
        "runtime": 0.09900093078613281
    },
    "74": {
        "score": 3.975198984146118,
        "runtime": 0.095001220703125
    },
    "75": {
        "score": 4.153078079223633,
        "runtime": 0.08199906349182129
    },
    "76": {
        "score": 3.4614906311035156,
        "runtime": 0.12099838256835938
    },
    "77": {
        "score": 3.96547269821167,
        "runtime": 0.08199834823608398
    },
    "78": {
        "score": 4.144110679626465,
        "runtime": 0.10299897193908691
    },
    "79": {
        "score": 3.8339178562164307,
        "runtime": 0.0930016040802002
    },
    "80": {
        "score": 3.175424575805664,
        "runtime": 0.08500170707702637
    },
    "81": {
        "score": 4.092862606048584,
        "runtime": 0.0859992504119873
    },
    "82": {
        "score": 3.753692388534546,
        "runtime": 0.12399864196777344
    },
    "83": {
        "score": 3.47387957572937,
        "runtime": 0.08699989318847656
    },
    "84": {
        "score": 3.977057695388794,
        "runtime": 0.10099983215332031
    },