{
    "0": {
        "score": 5.778051853179932,
        "runtime": 11.441690444946289
    },
    "1": {
        "score": 6.036558151245117,
        "runtime": 11.183258533477783
    },
    "2": {
        "score": 6.228974342346191,
        "runtime": 11.15895676612854
    },
    "3": {
        "score": 6.019261837005615,
        "runtime": 11.075213193893433
    },
    "4": {
        "score": 5.758479118347168,
        "runtime": 11.14494276046753
    },
    "5": {
        "score": 5.9112019538879395,
        "runtime": 11.285723209381104
    },
    "6": {
        "score": 6.071447372436523,
        "runtime": 11.004695415496826
    },
    "7": {
        "score": 6.00775146484375,
        "runtime": 11.08449411392212
    },
    "8": {
        "score": 5.767615795135498,
        "runtime": 11.013905048370361
    },
    "9": {
        "score": 6.343799591064453,
        "runtime": 10.960453033447266
    },
    "10": {
        "score": 5.827972412109375,
        "runtime": 10.910468339920044
    },
    "11": {
        "score": 5.186854839324951,
        "runtime": 11.052411556243896
    },
    "12": {
        "score": 5.920711040496826,
        "runtime": 10.924942255020142
    },
    "13": {
        "score": 5.749359130859375,
        "runtime": 10.904974222183228
    },
    "14": {
        "score": 6.001717567443848,
        "runtime": 11.020737648010254
    },
    "15": {
        "score": 6.3103227615356445,
        "runtime": 11.08597207069397
    },
    "16": {
        "score": 5.756888389587402,
        "runtime": 11.036222457885742
    },
    "17": {
        "score": 5.47195291519165,
        "runtime": 10.956940650939941
    },
    "18": {
        "score": 5.820853233337402,
        "runtime": 11.151956796646118
    },
    "19": {
        "score": 5.571242332458496,
        "runtime": 10.989465475082397
    },
    "20": {
        "score": 5.445560455322266,
        "runtime": 10.957401752471924
    },
    "21": {
        "score": 5.830796718597412,
        "runtime": 11.021603345870972
    },
    "22": {
        "score": 5.874357223510742,
        "runtime": 10.883405923843384
    },
    "23": {
        "score": 5.661653995513916,
        "runtime": 11.3032865524292
    },
    "24": {
        "score": 5.8091020584106445,
        "runtime": 11.037694215774536
    },
    "25": {
        "score": 6.266983985900879,
        "runtime": 10.901420831680298
    },
    "26": {
        "score": 6.009103298187256,
        "runtime": 11.083717823028564
    },
    "27": {
        "score": 5.780109405517578,
        "runtime": 10.76844596862793
    },
    "28": {
        "score": 5.964602947235107,
        "runtime": 11.020732164382935
    },
    "29": {
        "score": 6.069036483764648,
        "runtime": 10.794923067092896
    },
    "30": {
        "score": 5.893190860748291,
        "runtime": 11.114945888519287
    },
    "31": {
        "score": 5.657261371612549,
        "runtime": 10.8079993724823
    },
    "32": {
        "score": 5.880220890045166,
        "runtime": 10.916265726089478
    },
    "33": {
        "score": 5.609893798828125,
        "runtime": 10.749472379684448
    },
    "34": {
        "score": 5.658628463745117,
        "runtime": 10.766956567764282
    },
    "35": {
        "score": 5.796228408813477,
        "runtime": 10.971968173980713
    },
    "36": {
        "score": 5.998816013336182,
        "runtime": 10.931475400924683
    },
    "37": {
        "score": 6.340416431427002,
        "runtime": 10.853672742843628
    },
    "38": {
        "score": 5.6081109046936035,
        "runtime": 10.781991243362427
    },
    "39": {
        "score": 6.129616737365723,
        "runtime": 11.005688428878784
    },
    "40": {
        "score": 5.625700950622559,
        "runtime": 11.079960346221924
    },
    "41": {
        "score": 5.741351127624512,
        "runtime": 10.946476221084595
    },
    "42": {
        "score": 6.156073570251465,
        "runtime": 10.987925291061401
    },
    "43": {
        "score": 6.607781887054443,
        "runtime": 10.761680364608765
    },
    "44": {
        "score": 5.445080757141113,
        "runtime": 10.756457805633545
    },
    "45": {
        "score": 5.946858882904053,
        "runtime": 10.854996681213379
    },
    "46": {
        "score": 6.052632808685303,
        "runtime": 10.863476991653442
    },
    "47": {
        "score": 5.659748554229736,
        "runtime": 10.9467191696167
    },
    "48": {
        "score": 5.590330600738525,
        "runtime": 10.929213047027588
    },
    "49": {
        "score": 6.253106117248535,
        "runtime": 11.001433372497559
    },
    "50": {
        "score": 6.071988105773926,
        "runtime": 10.92845106124878
    },
    "51": {
        "score": 6.087924957275391,
        "runtime": 10.942415714263916
    },
    "52": {
        "score": 6.3256940841674805,
        "runtime": 11.095776557922363
    },
    "53": {
        "score": 5.5042548179626465,
        "runtime": 11.039466142654419
    },
    "54": {
        "score": 5.8000264167785645,
        "runtime": 11.052906274795532
    },
    "55": {
        "score": 6.319271564483643,
        "runtime": 10.99925184249878
    },
    "56": {
        "score": 6.1917948722839355,
        "runtime": 10.952952146530151
    },
    "57": {
        "score": 5.638439655303955,
        "runtime": 11.17567491531372
    },
    "58": {
        "score": 5.742729663848877,
        "runtime": 10.939982652664185
    },
    "59": {
        "score": 5.7669358253479,
        "runtime": 11.143923997879028
    },
    "60": {
        "score": 6.364154815673828,
        "runtime": 11.02098298072815
    },
    "61": {
        "score": 5.774795055389404,
        "runtime": 10.895018815994263
    },
    "62": {
        "score": 5.949050426483154,
        "runtime": 11.008951902389526
    },
    "63": {
        "score": 5.66042947769165,
        "runtime": 11.033936023712158
    },
    "64": {
        "score": 5.6673383712768555,
        "runtime": 10.950433492660522
    },
    "65": {
        "score": 5.760947227478027,
        "runtime": 11.30015254020691
    },
    "66": {
        "score": 5.635595798492432,
        "runtime": 11.113952398300171
    },
    "67": {
        "score": 5.431697845458984,
        "runtime": 11.087899208068848
    },
    "68": {
        "score": 5.804957866668701,
        "runtime": 10.99446153640747
    },
    "69": {
        "score": 5.867008209228516,
        "runtime": 10.973480224609375
    },
    "70": {
        "score": 6.092076778411865,
        "runtime": 10.941439628601074
    },
    "71": {
        "score": 5.651636123657227,
        "runtime": 11.091927766799927
    },
    "72": {
        "score": 6.1120100021362305,
        "runtime": 11.010941743850708
    },
    "73": {
        "score": 5.648659706115723,
        "runtime": 10.921951293945312
    },
    "74": {
        "score": 5.7857489585876465,
        "runtime": 11.046459674835205
    },
    "75": {
        "score": 6.007861614227295,
        "runtime": 10.900919914245605
    },
    "76": {
        "score": 6.205915927886963,
        "runtime": 11.019451379776001
    },
    "77": {
        "score": 5.7541022300720215,
        "runtime": 11.146727800369263
    },
    "78": {
        "score": 6.372406005859375,
        "runtime": 10.84441590309143
    },
    "79": {
        "score": 5.1824631690979,
        "runtime": 10.83641505241394
    },
    "80": {
        "score": 5.753700256347656,
        "runtime": 11.109938144683838
    },
    "81": {
        "score": 5.338550090789795,
        "runtime": 10.844856023788452
    },
    "82": {
        "score": 5.5394511222839355,
        "runtime": 10.935947895050049
    },
    "83": {
        "score": 6.481534481048584,
        "runtime": 10.855891704559326
    },
    "84": {
        "score": 5.975893020629883,
        "runtime": 11.17047929763794
    },
    "85": {
        "score": 5.881627559661865,
        "runtime": 11.044687271118164
    },