{
    "0": {
        "score": 5.5300469398498535,
        "runtime": 11.307713508605957
    },
    "1": {
        "score": 5.864249229431152,
        "runtime": 11.067510843276978
    },
    "2": {
        "score": 6.260612964630127,
        "runtime": 11.151902198791504
    },
    "3": {
        "score": 5.985764503479004,
        "runtime": 11.146212577819824
    },
    "4": {
        "score": 5.7333173751831055,
        "runtime": 11.130942344665527
    },
    "5": {
        "score": 5.90177059173584,
        "runtime": 10.9607253074646
    },
    "6": {
        "score": 6.181353569030762,
        "runtime": 10.78496527671814
    },
    "7": {
        "score": 6.05481481552124,
        "runtime": 10.90050220489502
    },
    "8": {
        "score": 5.758062839508057,
        "runtime": 10.99595832824707
    },
    "9": {
        "score": 6.159329891204834,
        "runtime": 10.898707151412964
    },
    "10": {
        "score": 5.541236400604248,
        "runtime": 10.693970203399658
    },
    "11": {
        "score": 5.1200270652771,
        "runtime": 11.047946453094482
    },
    "12": {
        "score": 5.925655841827393,
        "runtime": 10.71696925163269
    },
    "13": {
        "score": 5.7537336349487305,
        "runtime": 11.07895827293396
    },
    "14": {
        "score": 5.9782280921936035,
        "runtime": 11.003437519073486
    },
    "15": {
        "score": 5.9535112380981445,
        "runtime": 11.027491331100464
    },
    "16": {
        "score": 5.591575622558594,
        "runtime": 10.92164921760559
    },
    "17": {
        "score": 5.454102039337158,
        "runtime": 10.93145489692688
    },
    "18": {
        "score": 5.7203264236450195,
        "runtime": 10.928900957107544
    },
    "19": {
        "score": 5.620327472686768,
        "runtime": 10.978942155838013
    },
    "20": {
        "score": 5.4540629386901855,
        "runtime": 10.775458097457886
    },
    "21": {
        "score": 6.049302101135254,
        "runtime": 10.832382202148438
    },
    "22": {
        "score": 5.63731575012207,
        "runtime": 11.06346869468689
    },
    "23": {
        "score": 5.67860746383667,
        "runtime": 11.00454592704773
    },
    "24": {
        "score": 5.906662940979004,
        "runtime": 10.84993600845337
    },
    "25": {
        "score": 6.141809940338135,
        "runtime": 10.966468572616577
    },
    "26": {
        "score": 5.887399196624756,
        "runtime": 11.102445840835571
    },
    "27": {
        "score": 5.799983024597168,
        "runtime": 10.924458265304565
    },
    "28": {
        "score": 5.642683982849121,
        "runtime": 10.983911037445068
    },
    "29": {
        "score": 6.260650634765625,
        "runtime": 10.827926635742188
    },
    "30": {
        "score": 5.866437911987305,
        "runtime": 10.930936098098755
    },
    "31": {
        "score": 5.657261371612549,
        "runtime": 10.788494110107422
    },
    "32": {
        "score": 6.0271382331848145,
        "runtime": 10.849952220916748
    },
    "33": {
        "score": 5.600203514099121,
        "runtime": 10.86043930053711
    },
    "34": {
        "score": 5.733445167541504,
        "runtime": 10.89890193939209
    },
    "35": {
        "score": 5.922872543334961,
        "runtime": 10.621982336044312
    },
    "36": {
        "score": 6.058920383453369,
        "runtime": 11.074934005737305
    },
    "37": {
        "score": 6.342751979827881,
        "runtime": 10.965936422348022
    },
    "38": {
        "score": 5.785482883453369,
        "runtime": 11.00595736503601
    },
    "39": {
        "score": 6.089543342590332,
        "runtime": 10.955492973327637
    },
    "40": {
        "score": 5.987112045288086,
        "runtime": 11.08148717880249
    },
    "41": {
        "score": 6.038154602050781,
        "runtime": 11.042497396469116
    },
    "42": {
        "score": 5.822061538696289,
        "runtime": 10.842458248138428
    },
    "43": {
        "score": 6.568941593170166,
        "runtime": 11.009950637817383
    },
    "44": {
        "score": 5.6065778732299805,
        "runtime": 11.09241509437561
    },
    "45": {
        "score": 5.737240314483643,
        "runtime": 10.804206132888794
    },
    "46": {
        "score": 6.116273880004883,
        "runtime": 11.038448333740234
    },
    "47": {
        "score": 5.73004674911499,
        "runtime": 10.96649718284607
    },
    "48": {
        "score": 5.591424465179443,
        "runtime": 11.139989614486694
    },
    "49": {
        "score": 6.202858924865723,
        "runtime": 10.945934295654297
    },
    "50": {
        "score": 5.957938194274902,
        "runtime": 11.024218082427979
    },
    "51": {
        "score": 5.859257221221924,
        "runtime": 10.90843415260315
    },
    "52": {
        "score": 6.267343521118164,
        "runtime": 11.212929725646973
    },
    "53": {
        "score": 5.438981056213379,
        "runtime": 11.188406944274902
    },
    "54": {
        "score": 5.711057662963867,
        "runtime": 11.023481607437134
    },
    "55": {
        "score": 6.075608253479004,
        "runtime": 11.028387308120728
    },
    "56": {
        "score": 6.1150665283203125,
        "runtime": 10.932908296585083
    },
    "57": {
        "score": 6.078670978546143,
        "runtime": 11.103958368301392
    },
    "58": {
        "score": 5.795512676239014,
        "runtime": 11.00294542312622
    },
    "59": {
        "score": 5.820050239562988,
        "runtime": 10.878960371017456
    },
    "60": {
        "score": 6.475722312927246,
        "runtime": 10.909191131591797
    },
    "61": {
        "score": 5.843289375305176,
        "runtime": 10.990731716156006
    },
    "62": {
        "score": 5.8128814697265625,
        "runtime": 11.129941940307617
    },
    "63": {
        "score": 5.582336902618408,
        "runtime": 11.036968469619751
    },
    "64": {
        "score": 5.755349159240723,
        "runtime": 11.037957668304443
    },
    "65": {
        "score": 5.729552745819092,
        "runtime": 11.002153158187866
    },
    "66": {
        "score": 5.531118392944336,
        "runtime": 11.1974515914917
    },
    "67": {
        "score": 5.431962490081787,
        "runtime": 10.982420921325684
    },
    "68": {
        "score": 5.768123626708984,
        "runtime": 10.974483728408813
    },
    "69": {
        "score": 5.437502384185791,
        "runtime": 10.956212520599365
    },
    "70": {
        "score": 5.936954021453857,
        "runtime": 10.996975660324097
    },
    "71": {
        "score": 5.524672985076904,
        "runtime": 10.873509407043457
    },
    "72": {
        "score": 6.368072032928467,
        "runtime": 11.009955406188965
    },
    "73": {
        "score": 5.736806869506836,
        "runtime": 10.944411516189575
    },
    "74": {
        "score": 5.630668640136719,
        "runtime": 10.882899522781372
    },
    "75": {
        "score": 5.896310329437256,
        "runtime": 10.930938720703125
    },
    "76": {
        "score": 6.093181610107422,
        "runtime": 10.994931936264038
    },
    "77": {
        "score": 5.732614994049072,
        "runtime": 11.153986930847168
    },
    "78": {
        "score": 6.079685688018799,
        "runtime": 10.939616203308105
    },
    "79": {
        "score": 5.139204978942871,
        "runtime": 10.98457932472229
    },
    "80": {
        "score": 5.737931251525879,
        "runtime": 10.92246389389038
    },
    "81": {
        "score": 5.348573684692383,
        "runtime": 10.9159255027771
    },
    "82": {
        "score": 5.57737398147583,
        "runtime": 11.05500054359436
    },
    "83": {
        "score": 6.2571892738342285,
        "runtime": 10.802891254425049
    },
    "84": {
        "score": 6.439406394958496,
        "runtime": 11.202938318252563
    },
    "85": {
        "score": 5.845407962799072,
        "runtime": 11.341685771942139
    },