{
    "0": {
        "score": 3.6493992805480957,
        "runtime": 0.08799958229064941
    },
    "1": {
        "score": 3.763136863708496,
        "runtime": 0.10299897193908691
    },
    "2": {
        "score": 3.799975633621216,
        "runtime": 0.07999897003173828
    },
    "3": {
        "score": 4.614720821380615,
        "runtime": 0.10700011253356934
    },
    "4": {
        "score": 3.2648541927337646,
        "runtime": 0.10800004005432129
    },
    "5": {
        "score": 3.860729455947876,
        "runtime": 0.11599516868591309
    },
    "6": {
        "score": 3.875203847885132,
        "runtime": 0.11700129508972168
    },
    "7": {
        "score": 3.951625347137451,
        "runtime": 0.11799907684326172
    },
    "8": {
        "score": 4.128917694091797,
        "runtime": 0.10599899291992188
    },
    "9": {
        "score": 4.014928340911865,
        "runtime": 0.07399964332580566
    },
    "10": {
        "score": 3.791715145111084,
        "runtime": 0.08100080490112305
    },
    "11": {
        "score": 3.7704179286956787,
        "runtime": 0.10399985313415527
    },
    "12": {
        "score": 4.076560974121094,
        "runtime": 0.09600186347961426
    },
    "13": {
        "score": 3.7108867168426514,
        "runtime": 0.07800173759460449
    },
    "14": {
        "score": 4.300230503082275,
        "runtime": 0.09799981117248535
    },
    "15": {
        "score": 3.9959185123443604,
        "runtime": 0.08899927139282227
    },
    "16": {
        "score": 4.157617568969727,
        "runtime": 0.09399986267089844
    },
    "17": {
        "score": 3.341623067855835,
        "runtime": 0.0989992618560791
    },
    "18": {
        "score": 3.703400135040283,
        "runtime": 0.0969998836517334
    },
    "19": {
        "score": 3.8638968467712402,
        "runtime": 0.11700129508972168
    },
    "20": {
        "score": 3.8967041969299316,
        "runtime": 0.10300087928771973
    },
    "21": {
        "score": 3.4828336238861084,
        "runtime": 0.10100078582763672
    },
    "22": {
        "score": 3.8590354919433594,
        "runtime": 0.1289994716644287
    },
    "23": {
        "score": 4.350894927978516,
        "runtime": 0.08600163459777832
    },
    "24": {
        "score": 3.990177631378174,
        "runtime": 0.08500051498413086
    },
    "25": {
        "score": 3.8711776733398438,
        "runtime": 0.0540003776550293
    },
    "26": {
        "score": 4.316011428833008,
        "runtime": 0.10200119018554688
    },
    "27": {
        "score": 3.730915069580078,
        "runtime": 0.10099983215332031
    },
    "28": {
        "score": 3.308075189590454,
        "runtime": 0.09499835968017578
    },
    "29": {
        "score": 3.9138457775115967,
        "runtime": 0.08999943733215332
    },
    "30": {
        "score": 3.8944716453552246,
        "runtime": 0.07999968528747559
    },
    "31": {
        "score": 3.209815263748169,
        "runtime": 0.08699941635131836
    },
    "32": {
        "score": 4.040256023406982,
        "runtime": 0.09800028800964355
    },
    "33": {
        "score": 4.225244998931885,
        "runtime": 0.08899998664855957
    },
    "34": {
        "score": 4.319533824920654,
        "runtime": 0.08800053596496582
    },
    "35": {
        "score": 4.263957500457764,
        "runtime": 0.10699987411499023
    },
    "36": {
        "score": 4.027777671813965,
        "runtime": 0.0950002670288086
    },
    "37": {
        "score": 3.717787742614746,
        "runtime": 0.09100008010864258
    },
    "38": {
        "score": 3.8522095680236816,
        "runtime": 0.09400057792663574
    },
    "39": {
        "score": 4.264479637145996,
        "runtime": 0.10499858856201172
    },
    "40": {
        "score": 3.923027992248535,
        "runtime": 0.10900068283081055
    },
    "41": {
        "score": 3.9975218772888184,
        "runtime": 0.09999895095825195
    },
    "42": {
        "score": 3.5284109115600586,
        "runtime": 0.0950007438659668
    },
    "43": {
        "score": 3.28609299659729,
        "runtime": 0.08700203895568848
    },
    "44": {
        "score": 3.9143929481506348,
        "runtime": 0.07899928092956543
    },
    "45": {
        "score": 3.707735300064087,
        "runtime": 0.09499955177307129
    },
    "46": {
        "score": 4.05287504196167,
        "runtime": 0.08600330352783203
    },
    "47": {
        "score": 3.7258424758911133,
        "runtime": 0.11999988555908203
    },
    "48": {
        "score": 3.9390408992767334,
        "runtime": 0.08499979972839355
    },
    "49": {
        "score": 3.807023048400879,
        "runtime": 0.09099793434143066
    },
    "50": {
        "score": 3.8545479774475098,
        "runtime": 0.0820002555847168
    },
    "51": {
        "score": 3.6685421466827393,
        "runtime": 0.09800052642822266
    },
    "52": {
        "score": 3.5137431621551514,
        "runtime": 0.09800076484680176
    },
    "53": {
        "score": 4.114580154418945,
        "runtime": 0.08900046348571777
    },
    "54": {
        "score": 3.939969301223755,
        "runtime": 0.0859994888305664
    },
    "55": {
        "score": 3.632526397705078,
        "runtime": 0.08800125122070312
    },
    "56": {
        "score": 4.050745010375977,
        "runtime": 0.09900045394897461
    },
    "57": {
        "score": 3.811187744140625,
        "runtime": 0.09599971771240234
    },
    "58": {
        "score": 3.965982437133789,
        "runtime": 0.08899998664855957
    },
    "59": {
        "score": 3.9408223628997803,
        "runtime": 0.0989997386932373
    },
    "60": {
        "score": 3.8143486976623535,
        "runtime": 0.10200095176696777
    },
    "61": {
        "score": 3.1791799068450928,
        "runtime": 0.08600020408630371
    },
    "62": {
        "score": 4.033547878265381,
        "runtime": 0.11099863052368164
    },
    "63": {
        "score": 4.123303413391113,
        "runtime": 0.10000061988830566
    },
    "64": {
        "score": 3.763899564743042,
        "runtime": 0.07899880409240723
    },
    "65": {
        "score": 3.998300075531006,
        "runtime": 0.10399937629699707
    },
    "66": {
        "score": 3.7813100814819336,
        "runtime": 0.09200024604797363
    },
    "67": {
        "score": 3.726776599884033,
        "runtime": 0.09400081634521484
    },
    "68": {
        "score": 3.957408905029297,
        "runtime": 0.08299875259399414
    },
    "69": {
        "score": 3.6501429080963135,
        "runtime": 0.10100054740905762
    },
    "70": {
        "score": 3.6207680702209473,
        "runtime": 0.10900044441223145
    },
    "71": {
        "score": 3.6524572372436523,
        "runtime": 0.09099984169006348
    },
    "72": {
        "score": 4.327773571014404,
        "runtime": 0.10899949073791504
    },
    "73": {
        "score": 3.852264165878296,
        "runtime": 0.08100008964538574
    },
    "74": {
        "score": 4.001102447509766,
        "runtime": 0.0989980697631836
    },
    "75": {
        "score": 4.156336307525635,
        "runtime": 0.09199905395507812
    },
    "76": {
        "score": 3.4614906311035156,
        "runtime": 0.13899970054626465
    },
    "77": {
        "score": 3.9464800357818604,
        "runtime": 0.0859994888305664
    },
    "78": {
        "score": 4.157724380493164,
        "runtime": 0.10199880599975586
    },
    "79": {
        "score": 3.845454692840576,
        "runtime": 0.0950007438659668
    },
    "80": {
        "score": 3.175424575805664,
        "runtime": 0.09400010108947754
    },
    "81": {
        "score": 4.09826135635376,
        "runtime": 0.08099889755249023
    },
    "82": {
        "score": 3.7449758052825928,
        "runtime": 0.10199999809265137
    },
    "83": {
        "score": 3.441124677658081,
        "runtime": 0.10300040245056152
    },
    "84": {
        "score": 3.9712026119232178,
        "runtime": 0.0839993953704834
    },