{
    "0": {
        "score": 3.704458236694336,
        "runtime": 0.09599852561950684
    },
    "1": {
        "score": 3.763136863708496,
        "runtime": 0.0989983081817627
    },
    "2": {
        "score": 3.799975633621216,
        "runtime": 0.08699965476989746
    },
    "3": {
        "score": 4.237422943115234,
        "runtime": 0.09199881553649902
    },
    "4": {
        "score": 3.2947840690612793,
        "runtime": 0.0859992504119873
    },
    "5": {
        "score": 3.8676135540008545,
        "runtime": 0.08299946784973145
    },
    "6": {
        "score": 4.033141613006592,
        "runtime": 0.07999897003173828
    },
    "7": {
        "score": 4.2309136390686035,
        "runtime": 0.08700060844421387
    },
    "8": {
        "score": 4.128917694091797,
        "runtime": 0.11100006103515625
    },
    "9": {
        "score": 4.014928340911865,
        "runtime": 0.09800100326538086
    },
    "10": {
        "score": 3.778759479522705,
        "runtime": 0.08600187301635742
    },
    "11": {
        "score": 3.7704179286956787,
        "runtime": 0.08699965476989746
    },
    "12": {
        "score": 4.076560974121094,
        "runtime": 0.09399962425231934
    },
    "13": {
        "score": 3.7108867168426514,
        "runtime": 0.08700084686279297
    },
    "14": {
        "score": 4.300230503082275,
        "runtime": 0.08700037002563477
    },
    "15": {
        "score": 4.047923564910889,
        "runtime": 0.08900046348571777
    },
    "16": {
        "score": 4.186491012573242,
        "runtime": 0.09600043296813965
    },
    "17": {
        "score": 3.341623067855835,
        "runtime": 0.10799932479858398
    },
    "18": {
        "score": 3.7888731956481934,
        "runtime": 0.0950009822845459
    },
    "19": {
        "score": 3.8638968467712402,
        "runtime": 0.09900069236755371
    },
    "20": {
        "score": 3.8967041969299316,
        "runtime": 0.0839998722076416
    },
    "21": {
        "score": 3.493420362472534,
        "runtime": 0.08999967575073242
    },
    "22": {
        "score": 3.8590354919433594,
        "runtime": 0.08999991416931152
    },
    "23": {
        "score": 4.342336654663086,
        "runtime": 0.07900047302246094
    },
    "24": {
        "score": 3.9885852336883545,
        "runtime": 0.10000014305114746
    },
    "25": {
        "score": 3.8711776733398438,
        "runtime": 0.1080012321472168
    },
    "26": {
        "score": 4.330911159515381,
        "runtime": 0.10399913787841797
    },
    "27": {
        "score": 3.730915069580078,
        "runtime": 0.09400081634521484
    },
    "28": {
        "score": 3.308075189590454,
        "runtime": 0.08900046348571777
    },
    "29": {
        "score": 3.9138457775115967,
        "runtime": 0.10599970817565918
    },
    "30": {
        "score": 3.8944716453552246,
        "runtime": 0.09600067138671875
    },
    "31": {
        "score": 3.209815263748169,
        "runtime": 0.10700035095214844
    },
    "32": {
        "score": 4.040256023406982,
        "runtime": 0.09400105476379395
    },
    "33": {
        "score": 4.553381443023682,
        "runtime": 0.10099983215332031
    },
    "34": {
        "score": 4.319533824920654,
        "runtime": 0.10499978065490723
    },
    "35": {
        "score": 4.422720909118652,
        "runtime": 0.07699966430664062
    },
    "36": {
        "score": 4.017929553985596,
        "runtime": 0.08100008964538574
    },
    "37": {
        "score": 3.717787742614746,
        "runtime": 0.08500051498413086
    },
    "38": {
        "score": 4.0666961669921875,
        "runtime": 0.08799958229064941
    },
    "39": {
        "score": 4.3639020919799805,
        "runtime": 0.10199952125549316
    },
    "40": {
        "score": 3.9290759563446045,
        "runtime": 0.0840005874633789
    },
    "41": {
        "score": 4.0225324630737305,
        "runtime": 0.09299826622009277
    },
    "42": {
        "score": 3.5284109115600586,
        "runtime": 0.10400056838989258
    },
    "43": {
        "score": 3.2898268699645996,
        "runtime": 0.0729987621307373
    },
    "44": {
        "score": 3.9223580360412598,
        "runtime": 0.08299994468688965
    },
    "45": {
        "score": 3.6989119052886963,
        "runtime": 0.10599851608276367
    },
    "46": {
        "score": 4.05287504196167,
        "runtime": 0.08799862861633301
    },
    "47": {
        "score": 3.7959790229797363,
        "runtime": 0.09199976921081543
    },
    "48": {
        "score": 3.9390408992767334,
        "runtime": 0.07699942588806152
    },
    "49": {
        "score": 3.8861756324768066,
        "runtime": 0.09699821472167969
    },
    "50": {
        "score": 3.976349115371704,
        "runtime": 0.09299921989440918
    },
    "51": {
        "score": 3.6685421466827393,
        "runtime": 0.09799838066101074
    },
    "52": {
        "score": 3.7014217376708984,
        "runtime": 0.0950005054473877
    },
    "53": {
        "score": 4.11683988571167,
        "runtime": 0.07200026512145996
    },
    "54": {
        "score": 3.9248223304748535,
        "runtime": 0.11500120162963867
    },
    "55": {
        "score": 3.6817665100097656,
        "runtime": 0.09799838066101074
    },
    "56": {
        "score": 4.036168098449707,
        "runtime": 0.0969994068145752
    },
    "57": {
        "score": 3.789414405822754,
        "runtime": 0.09599947929382324
    },
    "58": {
        "score": 4.077564239501953,
        "runtime": 0.09400153160095215
    },
    "59": {
        "score": 3.9408223628997803,
        "runtime": 0.11100006103515625
    },
    "60": {
        "score": 3.8143486976623535,
        "runtime": 0.07400035858154297
    },
    "61": {
        "score": 3.228513240814209,
        "runtime": 0.0970003604888916
    },
    "62": {
        "score": 4.063938617706299,
        "runtime": 0.07400035858154297
    },
    "63": {
        "score": 4.14190673828125,
        "runtime": 0.08799934387207031
    },
    "64": {
        "score": 3.797248601913452,
        "runtime": 0.11700081825256348
    },
    "65": {
        "score": 3.998300075531006,
        "runtime": 0.09999942779541016
    },
    "66": {
        "score": 3.7870137691497803,
        "runtime": 0.09100151062011719
    },
    "67": {
        "score": 3.7624094486236572,
        "runtime": 0.0969998836517334
    },
    "68": {
        "score": 3.981815814971924,
        "runtime": 0.10000038146972656
    },
    "69": {
        "score": 3.6501429080963135,
        "runtime": 0.09799885749816895
    },
    "70": {
        "score": 3.6207680702209473,
        "runtime": 0.10900044441223145
    },
    "71": {
        "score": 3.6524572372436523,
        "runtime": 0.09400057792663574
    },
    "72": {
        "score": 4.327773571014404,
        "runtime": 0.08499956130981445
    },
    "73": {
        "score": 3.852264165878296,
        "runtime": 0.10600018501281738
    },
    "74": {
        "score": 4.032074451446533,
        "runtime": 0.09800148010253906
    },
    "75": {
        "score": 4.193187713623047,
        "runtime": 0.09800052642822266
    },
    "76": {
        "score": 3.4614906311035156,
        "runtime": 0.07500028610229492
    },
    "77": {
        "score": 3.9464800357818604,
        "runtime": 0.07899928092956543
    },
    "78": {
        "score": 4.169132232666016,
        "runtime": 0.0840003490447998
    },
    "79": {
        "score": 3.8809099197387695,
        "runtime": 0.0930018424987793
    },
    "80": {
        "score": 3.2235188484191895,
        "runtime": 0.09100031852722168
    },
    "81": {
        "score": 4.19277811050415,
        "runtime": 0.11299943923950195
    },
    "82": {
        "score": 3.7449758052825928,
        "runtime": 0.11300039291381836
    },
    "83": {
        "score": 3.4393889904022217,
        "runtime": 0.10300111770629883
    },
    "84": {
        "score": 4.039593696594238,