{
    "epoch=13-train_score=3.75413": {
        "result_avg": {
            "score": 3.889225387573242,
            "runtime": 0.7812373423576355
        },
        "result_std": {
            "score": 0.09378397796487091,
            "runtime": 0.00034892484327553466
        }
    },
    "epoch=165-train_score=3.76186": {
        "result_avg": {
            "score": 3.8495147109031675,
            "runtime": 0.7840544295310974
        },
        "result_std": {
            "score": 0.08459221977200217,
            "runtime": 0.0002931409366279411
        }
    },
    "epoch=79-train_score=3.76020": {
        "result_avg": {
            "score": 3.8564350390434265,
            "runtime": 0.7824892210960388
        },
        "result_std": {
            "score": 0.0861850772046047,
            "runtime": 0.0003360709188257886
        }
    },
    "epoch=23-train_score=3.76809": {
        "result_avg": {
            "score": 3.8751053047180175,
            "runtime": 0.7812641096115113
        },
        "result_std": {
            "score": 0.09018843038693138,
            "runtime": 0.0002497392492857443
        }
    },
    "epoch=137-train_score=3.76633": {
        "result_avg": {
            "score": 3.852188968658447,
            "runtime": 0.7818903398513793
        },
        "result_std": {
            "score": 0.08653241910364383,
            "runtime": 0.0004001072775663261
        }
    }
}