{
    "0": {
        "score": 3.6493992805480957,
        "runtime": 0.7740011215209961
    },
    "1": {
        "score": 3.800880193710327,
        "runtime": 0.7840001583099365
    },
    "2": {
        "score": 3.7796688079833984,
        "runtime": 0.7760007381439209
    },
    "3": {
        "score": 4.122701644897461,
        "runtime": 0.7649984359741211
    },
    "4": {
        "score": 3.2648539543151855,
        "runtime": 0.7860002517700195
    },
    "5": {
        "score": 3.860729932785034,
        "runtime": 0.7829549312591553
    },
    "6": {
        "score": 3.8794033527374268,
        "runtime": 0.7790007591247559
    },
    "7": {
        "score": 3.9224014282226562,
        "runtime": 0.8009998798370361
    },
    "8": {
        "score": 4.128917694091797,
        "runtime": 0.8050005435943604
    },
    "9": {
        "score": 4.006816864013672,
        "runtime": 0.768972635269165
    },
    "10": {
        "score": 3.7934024333953857,
        "runtime": 0.7979569435119629
    },
    "11": {
        "score": 3.770418167114258,
        "runtime": 0.7850015163421631
    },
    "12": {
        "score": 4.076560974121094,
        "runtime": 0.7910006046295166
    },
    "13": {
        "score": 3.693781614303589,
        "runtime": 0.777998685836792
    },
    "14": {
        "score": 4.300230979919434,
        "runtime": 0.7639577388763428
    },
    "15": {
        "score": 3.9959187507629395,
        "runtime": 0.8090012073516846
    },
    "16": {
        "score": 4.157617568969727,
        "runtime": 0.7980005741119385
    },
    "17": {
        "score": 3.341622829437256,
        "runtime": 0.8179986476898193
    },
    "18": {
        "score": 3.7305448055267334,
        "runtime": 0.8094804286956787
    },
    "19": {
        "score": 3.8721656799316406,
        "runtime": 0.7760000228881836
    },
    "20": {
        "score": 3.877220869064331,
        "runtime": 0.755000114440918
    },
    "21": {
        "score": 3.493420362472534,
        "runtime": 0.7909989356994629
    },
    "22": {
        "score": 3.8361217975616455,
        "runtime": 0.7880010604858398
    },
    "23": {
        "score": 4.350894927978516,
        "runtime": 0.7740011215209961
    },
    "24": {
        "score": 3.9885854721069336,
        "runtime": 0.7969532012939453
    },
    "25": {
        "score": 3.8711776733398438,
        "runtime": 0.7740018367767334
    },
    "26": {
        "score": 4.3942790031433105,
        "runtime": 0.7830004692077637
    },
    "27": {
        "score": 3.715338945388794,
        "runtime": 0.7889983654022217
    },
    "28": {
        "score": 3.308074951171875,
        "runtime": 0.8279995918273926
    },
    "29": {
        "score": 3.9138455390930176,
        "runtime": 0.820000171661377
    },
    "30": {
        "score": 3.8944716453552246,
        "runtime": 0.7840006351470947
    },
    "31": {
        "score": 3.209815263748169,
        "runtime": 0.7610025405883789
    },
    "32": {
        "score": 4.06200647354126,
        "runtime": 0.7969977855682373
    },
    "33": {
        "score": 4.2240376472473145,
        "runtime": 0.7695155143737793
    },
    "34": {
        "score": 4.319533824920654,
        "runtime": 0.7979581356048584
    },
    "35": {
        "score": 4.260029315948486,
        "runtime": 0.7920010089874268
    },
    "36": {
        "score": 4.017929553985596,
        "runtime": 0.7760014533996582
    },
    "37": {
        "score": 3.717787742614746,
        "runtime": 0.7820000648498535
    },
    "38": {
        "score": 3.8522093296051025,
        "runtime": 0.7760000228881836
    },
    "39": {
        "score": 4.187337875366211,
        "runtime": 0.7760007381439209
    },
    "40": {
        "score": 3.923027992248535,
        "runtime": 0.7839972972869873
    },
    "41": {
        "score": 3.9975223541259766,
        "runtime": 0.7779998779296875
    },
    "42": {
        "score": 3.5343122482299805,
        "runtime": 0.7770013809204102
    },
    "43": {
        "score": 3.28609299659729,
        "runtime": 0.8030009269714355
    },
    "44": {
        "score": 3.92326021194458,
        "runtime": 0.7800009250640869
    },
    "45": {
        "score": 3.707735538482666,
        "runtime": 0.7634842395782471
    },
    "46": {
        "score": 4.052874565124512,
        "runtime": 0.773003339767456
    },
    "47": {
        "score": 3.7245850563049316,
        "runtime": 0.80299973487854
    },
    "48": {
        "score": 3.9390406608581543,
        "runtime": 0.7659652233123779
    },
    "49": {
        "score": 3.807023048400879,
        "runtime": 0.8040003776550293
    },
    "50": {
        "score": 3.854548215866089,
        "runtime": 0.8030014038085938
    },
    "51": {
        "score": 3.6899423599243164,
        "runtime": 0.7710020542144775
    },
    "52": {
        "score": 3.5809741020202637,
        "runtime": 0.7899990081787109
    },
    "53": {
        "score": 4.114580154418945,
        "runtime": 0.7784736156463623
    },
    "54": {
        "score": 3.9248223304748535,
        "runtime": 0.792999267578125
    },
    "55": {
        "score": 3.6325266361236572,
        "runtime": 0.8435187339782715
    },
    "56": {
        "score": 4.039519786834717,
        "runtime": 0.7790024280548096
    },
    "57": {
        "score": 3.789414405822754,
        "runtime": 0.7579972743988037
    },
    "58": {
        "score": 3.965982437133789,
        "runtime": 0.8105177879333496
    },
    "59": {
        "score": 3.881514310836792,
        "runtime": 0.7789993286132812
    },
    "60": {
        "score": 3.8143482208251953,
        "runtime": 0.7879989147186279
    },
    "61": {
        "score": 3.1906075477600098,
        "runtime": 0.7370030879974365
    },
    "62": {
        "score": 4.033323764801025,
        "runtime": 0.7779989242553711
    },
    "63": {
        "score": 4.115477561950684,
        "runtime": 0.8019993305206299
    },
    "64": {
        "score": 3.782482624053955,
        "runtime": 0.7979984283447266
    },
    "65": {
        "score": 3.998300313949585,
        "runtime": 0.7720000743865967
    },
    "66": {
        "score": 3.7593417167663574,
        "runtime": 0.77500319480896
    },
    "67": {
        "score": 3.7240097522735596,
        "runtime": 0.7677164077758789
    },
    "68": {
        "score": 3.981815814971924,
        "runtime": 0.7789998054504395
    },
    "69": {
        "score": 3.6501429080963135,
        "runtime": 0.7989976406097412
    },
    "70": {
        "score": 3.5717227458953857,
        "runtime": 0.7599999904632568
    },
    "71": {
        "score": 3.6524572372436523,
        "runtime": 0.7555227279663086
    },
    "72": {
        "score": 4.374373435974121,
        "runtime": 0.761512041091919
    },
    "73": {
        "score": 3.780745029449463,
        "runtime": 0.7760016918182373
    },
    "74": {
        "score": 3.9830660820007324,
        "runtime": 0.7939989566802979
    },
    "75": {
        "score": 4.1667585372924805,
        "runtime": 0.8019688129425049
    },
    "76": {
        "score": 3.4727978706359863,
        "runtime": 0.7710025310516357
    },
    "77": {
        "score": 3.9464802742004395,
        "runtime": 0.7690014839172363
    },
    "78": {
        "score": 4.144110679626465,
        "runtime": 0.7789983749389648
    },
    "79": {
        "score": 3.8339180946350098,
        "runtime": 0.7979981899261475
    },
    "80": {
        "score": 3.175424575805664,
        "runtime": 0.7829973697662354
    },
    "81": {
        "score": 4.09826135635376,
        "runtime": 0.7617084980010986
    },
    "82": {
        "score": 3.7449755668640137,
        "runtime": 0.7670016288757324
    },
    "83": {
        "score": 3.441124200820923,
        "runtime": 0.8037669658660889
    },
    "84": {
        "score": 3.971017599105835,
        "runtime": 0.7889986038208008
    },
    "85": {
        "score": 3.948762893676758,