{
    "0": {
        "score": 5.642298698425293,
        "runtime": 11.462456226348877
    },
    "1": {
        "score": 5.875400543212891,
        "runtime": 11.856056928634644
    },
    "2": {
        "score": 6.260612964630127,
        "runtime": 11.732892274856567
    },
    "3": {
        "score": 5.985764503479004,
        "runtime": 11.626495599746704
    },
    "4": {
        "score": 5.7333173751831055,
        "runtime": 11.635696649551392
    },
    "5": {
        "score": 5.840554714202881,
        "runtime": 11.66745662689209
    },
    "6": {
        "score": 6.181353569030762,
        "runtime": 11.5106680393219
    },
    "7": {
        "score": 6.05481481552124,
        "runtime": 11.312020778656006
    },
    "8": {
        "score": 5.758062839508057,
        "runtime": 11.316921710968018
    },
    "9": {
        "score": 6.159329891204834,
        "runtime": 11.779803276062012
    },
    "10": {
        "score": 5.541236400604248,
        "runtime": 11.598507165908813
    },
    "11": {
        "score": 5.015531539916992,
        "runtime": 11.6514732837677
    },
    "12": {
        "score": 5.925655841827393,
        "runtime": 11.403419017791748
    },
    "13": {
        "score": 5.7537336349487305,
        "runtime": 11.416947364807129
    },
    "14": {
        "score": 5.9782280921936035,
        "runtime": 11.571057081222534
    },
    "15": {
        "score": 5.967011451721191,
        "runtime": 11.363923788070679
    },
    "16": {
        "score": 5.591575622558594,
        "runtime": 11.401413679122925
    },
    "17": {
        "score": 5.42086124420166,
        "runtime": 11.64295244216919
    },
    "18": {
        "score": 5.7994303703308105,
        "runtime": 11.51686978340149
    },
    "19": {
        "score": 5.620327472686768,
        "runtime": 11.52160358428955
    },
    "20": {
        "score": 5.4540629386901855,
        "runtime": 11.383727788925171
    },
    "21": {
        "score": 6.050093650817871,
        "runtime": 11.594935417175293
    },
    "22": {
        "score": 5.63731575012207,
        "runtime": 11.719946384429932
    },
    "23": {
        "score": 5.67860746383667,
        "runtime": 11.437164783477783
    },
    "24": {
        "score": 5.91417932510376,
        "runtime": 11.339671611785889
    },
    "25": {
        "score": 6.141809940338135,
        "runtime": 11.373424291610718
    },
    "26": {
        "score": 5.743160724639893,
        "runtime": 11.42065954208374
    },
    "27": {
        "score": 5.799983024597168,
        "runtime": 11.269490957260132
    },
    "28": {
        "score": 5.5747389793396,
        "runtime": 11.435001850128174
    },
    "29": {
        "score": 6.239546298980713,
        "runtime": 11.489415168762207
    },
    "30": {
        "score": 5.866437911987305,
        "runtime": 11.419020414352417
    },
    "31": {
        "score": 5.657261371612549,
        "runtime": 11.43999457359314
    },
    "32": {
        "score": 6.0271382331848145,
        "runtime": 11.534910440444946
    },
    "33": {
        "score": 5.600203514099121,
        "runtime": 11.32297134399414
    },
    "34": {
        "score": 5.673521518707275,
        "runtime": 11.57122015953064
    },
    "35": {
        "score": 5.811681747436523,
        "runtime": 11.314215898513794
    },
    "36": {
        "score": 5.8581767082214355,
        "runtime": 11.375985145568848
    },
    "37": {
        "score": 6.342751979827881,
        "runtime": 11.45498251914978
    },
    "38": {
        "score": 5.64814567565918,
        "runtime": 11.411948680877686
    },
    "39": {
        "score": 6.089543342590332,
        "runtime": 11.349741458892822
    },
    "40": {
        "score": 5.53599739074707,
        "runtime": 11.524391651153564
    },
    "41": {
        "score": 5.730392932891846,
        "runtime": 11.445915699005127
    },
    "42": {
        "score": 5.785049915313721,
        "runtime": 11.359953880310059
    },
    "43": {
        "score": 6.491611003875732,
        "runtime": 11.391927719116211
    },
    "44": {
        "score": 5.6065778732299805,
        "runtime": 11.654873371124268
    },
    "45": {
        "score": 5.759480953216553,
        "runtime": 11.441377401351929
    },
    "46": {
        "score": 6.116273880004883,
        "runtime": 11.490480422973633
    },
    "47": {
        "score": 5.788419246673584,
        "runtime": 11.385489702224731
    },
    "48": {
        "score": 5.591424465179443,
        "runtime": 11.15186333656311
    },
    "49": {
        "score": 6.152585029602051,
        "runtime": 11.431998491287231
    },
    "50": {
        "score": 5.957938194274902,
        "runtime": 11.624107360839844
    },
    "51": {
        "score": 5.859257221221924,
        "runtime": 11.58618426322937
    },
    "52": {
        "score": 6.267343521118164,
        "runtime": 11.394947052001953
    },
    "53": {
        "score": 5.438981056213379,
        "runtime": 11.607978582382202
    },
    "54": {
        "score": 5.6296305656433105,
        "runtime": 11.475913763046265
    },
    "55": {
        "score": 6.075608253479004,
        "runtime": 11.786174058914185
    },
    "56": {
        "score": 6.1150665283203125,
        "runtime": 11.499956607818604
    },
    "57": {
        "score": 5.948593616485596,
        "runtime": 11.467912435531616
    },
    "58": {
        "score": 5.795512676239014,
        "runtime": 11.408897399902344
    },
    "59": {
        "score": 5.735616683959961,
        "runtime": 11.580647706985474
    },
    "60": {
        "score": 6.475722312927246,
        "runtime": 11.428410053253174
    },
    "61": {
        "score": 5.615568161010742,
        "runtime": 11.53893756866455
    },
    "62": {
        "score": 5.8128814697265625,
        "runtime": 11.540893077850342
    },
    "63": {
        "score": 5.582336902618408,
        "runtime": 11.37592339515686
    },
    "64": {
        "score": 5.7067952156066895,
        "runtime": 11.706424236297607
    },
    "65": {
        "score": 5.729552745819092,
        "runtime": 11.61017632484436
    },
    "66": {
        "score": 5.531118392944336,
        "runtime": 11.353902578353882
    },
    "67": {
        "score": 5.384851932525635,
        "runtime": 11.577983140945435
    },
    "68": {
        "score": 5.692628860473633,
        "runtime": 11.368867874145508
    },
    "69": {
        "score": 5.437502384185791,
        "runtime": 11.24441146850586
    },
    "70": {
        "score": 5.936954021453857,
        "runtime": 11.523963212966919
    },
    "71": {
        "score": 5.482124328613281,
        "runtime": 12.024395227432251
    },
    "72": {
        "score": 5.980818271636963,
        "runtime": 11.68742823600769
    },
    "73": {
        "score": 5.613287448883057,
        "runtime": 11.660473823547363
    },
    "74": {
        "score": 5.630668640136719,
        "runtime": 11.337708234786987
    },
    "75": {
        "score": 5.929213047027588,
        "runtime": 11.410011053085327
    },
    "76": {
        "score": 6.093181610107422,
        "runtime": 11.39941692352295
    },
    "77": {
        "score": 5.732614994049072,
        "runtime": 11.392889738082886
    },
    "78": {
        "score": 5.890219688415527,
        "runtime": 11.456247806549072
    },
    "79": {
        "score": 5.139204978942871,
        "runtime": 11.689435720443726
    },
    "80": {
        "score": 5.737931251525879,
        "runtime": 11.47438359260559
    },
    "81": {
        "score": 5.348573684692383,
        "runtime": 11.32599139213562
    },
    "82": {
        "score": 5.57737398147583,
        "runtime": 11.672494411468506
    },
    "83": {
        "score": 6.2571892738342285,
        "runtime": 11.621912717819214
    },
    "84": {
        "score": 5.893861770629883,
        "runtime": 11.519985914230347
    },
    "85": {
        "score": 5.845407962799072,
        "runtime": 11.638411283493042
    },