{
    "0": {
        "score": 3.663829803466797,
        "runtime": 0.8360018730163574
    },
    "1": {
        "score": 3.9494547843933105,
        "runtime": 0.7899305820465088
    },
    "2": {
        "score": 3.7796685695648193,
        "runtime": 0.7919998168945312
    },
    "3": {
        "score": 4.122701168060303,
        "runtime": 0.7984774112701416
    },
    "4": {
        "score": 3.2645254135131836,
        "runtime": 0.8039999008178711
    },
    "5": {
        "score": 3.860729455947876,
        "runtime": 0.8185145854949951
    },
    "6": {
        "score": 3.8685247898101807,
        "runtime": 0.775515079498291
    },
    "7": {
        "score": 3.9224016666412354,
        "runtime": 0.7810029983520508
    },
    "8": {
        "score": 4.128917694091797,
        "runtime": 0.7930021286010742
    },
    "9": {
        "score": 4.006816864013672,
        "runtime": 0.797001838684082
    },
    "10": {
        "score": 3.791715145111084,
        "runtime": 0.7819974422454834
    },
    "11": {
        "score": 3.7704179286956787,
        "runtime": 0.7740023136138916
    },
    "12": {
        "score": 4.087907791137695,
        "runtime": 0.858710527420044
    },
    "13": {
        "score": 3.693781614303589,
        "runtime": 0.7759988307952881
    },
    "14": {
        "score": 4.353672981262207,
        "runtime": 0.7640013694763184
    },
    "15": {
        "score": 3.9959185123443604,
        "runtime": 0.8019974231719971
    },
    "16": {
        "score": 4.185165882110596,
        "runtime": 0.8039994239807129
    },
    "17": {
        "score": 3.341623067855835,
        "runtime": 0.8160004615783691
    },
    "18": {
        "score": 3.703400135040283,
        "runtime": 0.7590012550354004
    },
    "19": {
        "score": 3.8638968467712402,
        "runtime": 0.8025166988372803
    },
    "20": {
        "score": 3.877220630645752,
        "runtime": 0.8280010223388672
    },
    "21": {
        "score": 3.4828336238861084,
        "runtime": 0.7580008506774902
    },
    "22": {
        "score": 3.8590354919433594,
        "runtime": 0.7850003242492676
    },
    "23": {
        "score": 4.320151329040527,
        "runtime": 0.8069992065429688
    },
    "24": {
        "score": 3.9885852336883545,
        "runtime": 0.7719986438751221
    },
    "25": {
        "score": 3.8711776733398438,
        "runtime": 0.7750029563903809
    },
    "26": {
        "score": 4.316011428833008,
        "runtime": 0.7680013179779053
    },
    "27": {
        "score": 3.753551959991455,
        "runtime": 0.7869994640350342
    },
    "28": {
        "score": 3.308075189590454,
        "runtime": 0.7789995670318604
    },
    "29": {
        "score": 3.9138457775115967,
        "runtime": 0.791999101638794
    },
    "30": {
        "score": 3.8944716453552246,
        "runtime": 0.781745433807373
    },
    "31": {
        "score": 3.209815263748169,
        "runtime": 0.7819991111755371
    },
    "32": {
        "score": 4.040256023406982,
        "runtime": 0.7619988918304443
    },
    "33": {
        "score": 4.225244998931885,
        "runtime": 0.8239994049072266
    },
    "34": {
        "score": 4.319533824920654,
        "runtime": 0.828498125076294
    },
    "35": {
        "score": 4.263957500457764,
        "runtime": 0.7760004997253418
    },
    "36": {
        "score": 4.104812145233154,
        "runtime": 0.8130002021789551
    },
    "37": {
        "score": 3.717787742614746,
        "runtime": 0.7810013294219971
    },
    "38": {
        "score": 3.8522095680236816,
        "runtime": 0.7719967365264893
    },
    "39": {
        "score": 4.200603008270264,
        "runtime": 0.7679991722106934
    },
    "40": {
        "score": 3.923027992248535,
        "runtime": 0.8129627704620361
    },
    "41": {
        "score": 3.9975218772888184,
        "runtime": 0.781524658203125
    },
    "42": {
        "score": 3.5284109115600586,
        "runtime": 0.7940003871917725
    },
    "43": {
        "score": 3.2898268699645996,
        "runtime": 0.773000955581665
    },
    "44": {
        "score": 3.92326021194458,
        "runtime": 0.7839717864990234
    },
    "45": {
        "score": 3.6989119052886963,
        "runtime": 0.8214867115020752
    },
    "46": {
        "score": 4.05287504196167,
        "runtime": 0.8000001907348633
    },
    "47": {
        "score": 3.7245850563049316,
        "runtime": 0.7970027923583984
    },
    "48": {
        "score": 4.109371185302734,
        "runtime": 0.765000581741333
    },
    "49": {
        "score": 3.8162293434143066,
        "runtime": 0.8060007095336914
    },
    "50": {
        "score": 3.8545479774475098,
        "runtime": 0.7859978675842285
    },
    "51": {
        "score": 3.6788876056671143,
        "runtime": 0.780524492263794
    },
    "52": {
        "score": 3.70713472366333,
        "runtime": 0.7790021896362305
    },
    "53": {
        "score": 4.112093448638916,
        "runtime": 0.7889971733093262
    },
    "54": {
        "score": 3.962324619293213,
        "runtime": 0.7950000762939453
    },
    "55": {
        "score": 3.6399407386779785,
        "runtime": 0.7945232391357422
    },
    "56": {
        "score": 4.036168098449707,
        "runtime": 0.820000410079956
    },
    "57": {
        "score": 3.789414405822754,
        "runtime": 0.7849996089935303
    },
    "58": {
        "score": 3.965982437133789,
        "runtime": 0.793999433517456
    },
    "59": {
        "score": 3.9359447956085205,
        "runtime": 0.7629995346069336
    },
    "60": {
        "score": 3.8143486976623535,
        "runtime": 0.7609829902648926
    },
    "61": {
        "score": 3.1791799068450928,
        "runtime": 0.7732365131378174
    },
    "62": {
        "score": 4.063190937042236,
        "runtime": 0.7630000114440918
    },
    "63": {
        "score": 4.123303413391113,
        "runtime": 0.7559759616851807
    },
    "64": {
        "score": 3.797248601913452,
        "runtime": 0.7760002613067627
    },
    "65": {
        "score": 4.152408123016357,
        "runtime": 0.7994744777679443
    },
    "66": {
        "score": 3.7593417167663574,
        "runtime": 0.7990026473999023
    },
    "67": {
        "score": 3.726776599884033,
        "runtime": 0.7679994106292725
    },
    "68": {
        "score": 3.957408905029297,
        "runtime": 0.7539534568786621
    },
    "69": {
        "score": 3.6501429080963135,
        "runtime": 0.7760004997253418
    },
    "70": {
        "score": 3.571722984313965,
        "runtime": 0.7900032997131348
    },
    "71": {
        "score": 3.6524572372436523,
        "runtime": 0.7840030193328857
    },
    "72": {
        "score": 4.3316330909729,
        "runtime": 0.7760000228881836
    },
    "73": {
        "score": 3.780745267868042,
        "runtime": 0.7805135250091553
    },
    "74": {
        "score": 4.032074451446533,
        "runtime": 0.8125183582305908
    },
    "75": {
        "score": 4.156336307525635,
        "runtime": 0.8020014762878418
    },
    "76": {
        "score": 3.4614906311035156,
        "runtime": 0.7677605152130127
    },
    "77": {
        "score": 4.088417053222656,
        "runtime": 0.8080005645751953
    },
    "78": {
        "score": 4.144110679626465,
        "runtime": 0.8190031051635742
    },
    "79": {
        "score": 3.9843461513519287,
        "runtime": 0.7749981880187988
    },
    "80": {
        "score": 3.175424575805664,
        "runtime": 0.7950007915496826
    },
    "81": {
        "score": 4.092862606048584,
        "runtime": 0.7580013275146484
    },
    "82": {
        "score": 3.7449758052825928,
        "runtime": 0.7840003967285156
    },
    "83": {
        "score": 3.441124677658081,
        "runtime": 0.7949321269989014
    },
    "84": {
        "score": 3.902392625808716,
        "runtime": 0.7815184593200684
    },
    "85": {
        "score": 3.9487624168395996,