{
    "0": {
        "score": 7.862424373626709,
        "runtime": 122.4728376865387
    },
    "1": {
        "score": 8.474183082580566,
        "runtime": 124.04185390472412
    },
    "2": {
        "score": 8.220939636230469,
        "runtime": 123.68284034729004
    },
    "3": {
        "score": 8.520668029785156,
        "runtime": 123.70345282554626
    },
    "4": {
        "score": 8.599099159240723,
        "runtime": 121.60936069488525
    },
    "5": {
        "score": 7.81923246383667,
        "runtime": 122.15047645568848
    },
    "6": {
        "score": 7.912703990936279,
        "runtime": 122.64665651321411
    },
    "7": {
        "score": 8.351152420043945,
        "runtime": 121.90303945541382
    },
    "8": {
        "score": 7.699704647064209,
        "runtime": 121.95907425880432
    },
    "9": {
        "score": 7.922370910644531,
        "runtime": 122.92638278007507
    },
    "10": {
        "score": 8.041718482971191,
        "runtime": 124.27865195274353
    },
    "11": {
        "score": 7.678574085235596,
        "runtime": 122.65889263153076
    },
    "12": {
        "score": 8.27979564666748,
        "runtime": 122.3084990978241
    },
    "13": {
        "score": 7.7624077796936035,
        "runtime": 125.53515124320984
    },
    "14": {
        "score": 8.062151908874512,
        "runtime": 122.94676685333252
    },
    "15": {
        "score": 8.021649360656738,
        "runtime": 123.57992267608643
    },
    "16": {
        "score": 7.953567981719971,
        "runtime": 121.54487419128418
    },
    "17": {
        "score": 8.01252269744873,
        "runtime": 122.55019092559814
    },
    "18": {
        "score": 8.069328308105469,
        "runtime": 123.09623885154724
    },
    "19": {
        "score": 8.450346946716309,
        "runtime": 122.83119511604309
    },
    "20": {
        "score": 8.035709381103516,
        "runtime": 123.5825777053833
    },
    "21": {
        "score": 8.33946418762207,
        "runtime": 123.92936873435974
    },
    "22": {
        "score": 7.877754211425781,
        "runtime": 122.74437141418457
    },
    "23": {
        "score": 7.943613529205322,
        "runtime": 123.42540097236633
    },
    "24": {
        "score": 7.665855407714844,
        "runtime": 123.66690278053284
    },
    "25": {
        "score": 8.213859558105469,
        "runtime": 122.50569915771484
    },
    "26": {
        "score": 8.027958869934082,
        "runtime": 123.75276899337769
    },
    "27": {
        "score": 7.881891250610352,
        "runtime": 123.09712600708008
    },
    "28": {
        "score": 8.429179191589355,
        "runtime": 123.02089643478394
    },
    "29": {
        "score": 7.756875991821289,
        "runtime": 122.83413314819336
    },
    "30": {
        "score": 7.948494911193848,
        "runtime": 124.51571464538574
    },
    "31": {
        "score": 7.978390693664551,
        "runtime": 125.5166482925415
    },
    "32": {
        "score": 7.633080005645752,
        "runtime": 123.29802513122559
    },
    "33": {
        "score": 7.865747928619385,
        "runtime": 123.30774927139282
    },
    "34": {
        "score": 8.136290550231934,
        "runtime": 124.04792857170105
    },
    "35": {
        "score": 8.042447090148926,
        "runtime": 124.4159026145935
    },
    "36": {
        "score": 8.247193336486816,
        "runtime": 122.99734830856323
    },
    "37": {
        "score": 8.264931678771973,
        "runtime": 122.16788744926453
    },
    "38": {
        "score": 7.911230564117432,
        "runtime": 123.28899478912354
    },
    "39": {
        "score": 7.618065357208252,
        "runtime": 123.28119039535522
    },
    "40": {
        "score": 8.041740417480469,
        "runtime": 123.91108655929565
    },
    "41": {
        "score": 7.744593143463135,
        "runtime": 121.2236156463623
    },
    "42": {
        "score": 7.902294635772705,
        "runtime": 122.12064719200134
    },
    "43": {
        "score": 7.983578205108643,
        "runtime": 123.43049168586731
    },
    "44": {
        "score": 7.8602986335754395,
        "runtime": 123.20032072067261
    },
    "45": {
        "score": 7.834186553955078,
        "runtime": 124.25646376609802
    },
    "46": {
        "score": 8.511824607849121,
        "runtime": 124.32572674751282
    },
    "47": {
        "score": 7.980550289154053,
        "runtime": 124.05519008636475
    },
    "48": {
        "score": 8.14871883392334,
        "runtime": 122.85027122497559
    },
    "49": {
        "score": 8.38422966003418,
        "runtime": 123.21308708190918
    },
    "50": {
        "score": 8.417214393615723,
        "runtime": 124.30115389823914
    },
    "51": {
        "score": 8.162657737731934,
        "runtime": 123.78513097763062
    },
    "52": {
        "score": 8.190077781677246,
        "runtime": 122.76271486282349
    },
    "53": {
        "score": 7.575497627258301,
        "runtime": 123.38021111488342
    },
    "54": {
        "score": 8.347155570983887,
        "runtime": 123.4370756149292
    },
    "55": {
        "score": 7.8821516036987305,
        "runtime": 121.36994981765747
    },
    "56": {
        "score": 8.326393127441406,
        "runtime": 124.17214870452881
    },
    "57": {
        "score": 8.108321189880371,
        "runtime": 126.3737428188324
    },
    "58": {
        "score": 8.166606903076172,
        "runtime": 122.47974157333374
    },
    "59": {
        "score": 7.605370998382568,
        "runtime": 124.23166561126709
    },
    "60": {
        "score": 8.051864624023438,
        "runtime": 123.16618800163269
    },
    "61": {
        "score": 8.04332160949707,
        "runtime": 124.847252368927
    },
    "62": {
        "score": 8.095013618469238,
        "runtime": 124.24565887451172
    },
    "63": {
        "score": 8.131950378417969,
        "runtime": 123.47289395332336
    },
    "64": {
        "score": 7.778156757354736,
        "runtime": 123.86371755599976
    },
    "65": {
        "score": 8.516012191772461,
        "runtime": 122.5551483631134
    },
    "66": {
        "score": 8.33495044708252,
        "runtime": 122.64097738265991
    },
    "67": {
        "score": 8.227416038513184,
        "runtime": 122.12187337875366
    },
    "68": {
        "score": 7.758313179016113,
        "runtime": 122.73186254501343
    },
    "69": {
        "score": 7.807629585266113,
        "runtime": 123.63790607452393
    },
    "70": {
        "score": 8.413673400878906,
        "runtime": 123.42265844345093
    },
    "71": {
        "score": 7.355691909790039,
        "runtime": 124.17757940292358
    },
    "72": {
        "score": 8.07323169708252,
        "runtime": 122.1594009399414
    },
    "73": {
        "score": 8.2505464553833,
        "runtime": 124.5524730682373
    },
    "74": {
        "score": 7.790788173675537,
        "runtime": 122.93329691886902
    },
    "75": {
        "score": 7.673420429229736,
        "runtime": 122.98067331314087
    },
    "76": {
        "score": 8.098621368408203,
        "runtime": 122.41549754142761
    },
    "77": {
        "score": 8.325837135314941,
        "runtime": 124.2961049079895
    },
    "78": {
        "score": 7.928258895874023,
        "runtime": 123.58755946159363
    },
    "79": {
        "score": 8.020242691040039,
        "runtime": 123.11913895606995
    },
    "80": {
        "score": 7.603510856628418,
        "runtime": 121.55429196357727
    },
    "81": {
        "score": 7.9051713943481445,
        "runtime": 124.4951503276825
    },
    "82": {
        "score": 7.706351280212402,
        "runtime": 141.58172750473022
    },
    "83": {
        "score": 7.355306625366211,
        "runtime": 122.80600142478943
    },
    "84": {
        "score": 7.89449405670166,
        "runtime": 121.70648193359375
    },
    "85": {
        "score": 7.943789482116699,
        "runtime": 124.22150230407715
    },