{
    "0": {
        "score": 7.963590145111084,
        "runtime": 123.74734854698181
    },
    "1": {
        "score": 8.59058952331543,
        "runtime": 122.7035813331604
    },
    "2": {
        "score": 8.142135620117188,
        "runtime": 122.39127683639526
    },
    "3": {
        "score": 8.291033744812012,
        "runtime": 121.99448442459106
    },
    "4": {
        "score": 8.455586433410645,
        "runtime": 122.7648138999939
    },
    "5": {
        "score": 7.813779354095459,
        "runtime": 123.32112693786621
    },
    "6": {
        "score": 8.073928833007812,
        "runtime": 122.03392195701599
    },
    "7": {
        "score": 8.247800827026367,
        "runtime": 122.53686213493347
    },
    "8": {
        "score": 7.7255940437316895,
        "runtime": 123.15948629379272
    },
    "9": {
        "score": 7.852011680603027,
        "runtime": 122.50887298583984
    },
    "10": {
        "score": 8.006390571594238,
        "runtime": 122.50789785385132
    },
    "11": {
        "score": 7.704477787017822,
        "runtime": 122.81661677360535
    },
    "12": {
        "score": 8.35444164276123,
        "runtime": 122.80666494369507
    },
    "13": {
        "score": 7.790041923522949,
        "runtime": 124.43888521194458
    },
    "14": {
        "score": 8.111391067504883,
        "runtime": 123.44243574142456
    },
    "15": {
        "score": 8.076411247253418,
        "runtime": 123.86901998519897
    },
    "16": {
        "score": 8.042689323425293,
        "runtime": 123.85404968261719
    },
    "17": {
        "score": 8.027832984924316,
        "runtime": 121.81094932556152
    },
    "18": {
        "score": 8.076574325561523,
        "runtime": 122.98841762542725
    },
    "19": {
        "score": 8.484764099121094,
        "runtime": 123.08517050743103
    },
    "20": {
        "score": 8.142152786254883,
        "runtime": 122.3252522945404
    },
    "21": {
        "score": 8.298859596252441,
        "runtime": 123.28176879882812
    },
    "22": {
        "score": 7.8298163414001465,
        "runtime": 123.97392582893372
    },
    "23": {
        "score": 8.101963996887207,
        "runtime": 123.08838939666748
    },
    "24": {
        "score": 7.461770057678223,
        "runtime": 123.11729574203491
    },
    "25": {
        "score": 8.077787399291992,
        "runtime": 123.84923195838928
    },
    "26": {
        "score": 8.219636917114258,
        "runtime": 122.91673851013184
    },
    "27": {
        "score": 7.958079814910889,
        "runtime": 123.69194436073303
    },
    "28": {
        "score": 8.50749683380127,
        "runtime": 123.70066332817078
    },
    "29": {
        "score": 7.538400650024414,
        "runtime": 124.6778974533081
    },
    "30": {
        "score": 8.013202667236328,
        "runtime": 125.5496335029602
    },
    "31": {
        "score": 7.852048397064209,
        "runtime": 124.5975821018219
    },
    "32": {
        "score": 7.65293025970459,
        "runtime": 122.58644366264343
    },
    "33": {
        "score": 8.060818672180176,
        "runtime": 122.99479961395264
    },
    "34": {
        "score": 8.098339080810547,
        "runtime": 123.83420777320862
    },
    "35": {
        "score": 8.227076530456543,
        "runtime": 122.56624746322632
    },
    "36": {
        "score": 8.070653915405273,
        "runtime": 123.298588514328
    },
    "37": {
        "score": 8.026162147521973,
        "runtime": 121.97109818458557
    },
    "38": {
        "score": 7.91939640045166,
        "runtime": 122.21041941642761
    },
    "39": {
        "score": 7.548222064971924,
        "runtime": 123.03338384628296
    },
    "40": {
        "score": 8.012399673461914,
        "runtime": 123.59607815742493
    },
    "41": {
        "score": 7.9569807052612305,
        "runtime": 123.65645170211792
    },
    "42": {
        "score": 7.866657257080078,
        "runtime": 123.50742793083191
    },
    "43": {
        "score": 8.015266418457031,
        "runtime": 122.23879623413086
    },
    "44": {
        "score": 7.871505260467529,
        "runtime": 122.34808230400085
    },
    "45": {
        "score": 7.81242561340332,
        "runtime": 123.50168991088867
    },
    "46": {
        "score": 8.514660835266113,
        "runtime": 124.00760650634766
    },
    "47": {
        "score": 7.998436450958252,
        "runtime": 124.82290172576904
    },
    "48": {
        "score": 8.19824504852295,
        "runtime": 123.20023131370544
    },
    "49": {
        "score": 8.579747200012207,
        "runtime": 126.0671501159668
    },
    "50": {
        "score": 8.39577865600586,
        "runtime": 123.0440559387207
    },
    "51": {
        "score": 8.077553749084473,
        "runtime": 123.76898837089539
    },
    "52": {
        "score": 8.140422821044922,
        "runtime": 123.42097020149231
    },
    "53": {
        "score": 7.583072185516357,
        "runtime": 122.53737592697144
    },
    "54": {
        "score": 8.506305694580078,
        "runtime": 123.03948712348938
    },
    "55": {
        "score": 7.950623512268066,
        "runtime": 123.98322892189026
    },
    "56": {
        "score": 8.233320236206055,
        "runtime": 124.06492257118225
    },
    "57": {
        "score": 8.089468955993652,
        "runtime": 123.32446765899658
    },
    "58": {
        "score": 8.328910827636719,
        "runtime": 122.96313405036926
    },
    "59": {
        "score": 7.59451150894165,
        "runtime": 123.07590341567993
    },
    "60": {
        "score": 7.9902753829956055,
        "runtime": 122.71875238418579
    },
    "61": {
        "score": 8.094457626342773,
        "runtime": 122.9049596786499
    },
    "62": {
        "score": 8.174280166625977,
        "runtime": 124.67091631889343
    },
    "63": {
        "score": 7.849534511566162,
        "runtime": 123.09511804580688
    },
    "64": {
        "score": 7.743551731109619,
        "runtime": 122.99794363975525
    },
    "65": {
        "score": 8.513775825500488,
        "runtime": 124.23014330863953
    },
    "66": {
        "score": 8.362481117248535,
        "runtime": 123.31240963935852
    },
    "67": {
        "score": 8.076918601989746,
        "runtime": 123.1247866153717
    },
    "68": {
        "score": 7.7202982902526855,
        "runtime": 123.75586295127869
    },
    "69": {
        "score": 7.765367031097412,
        "runtime": 123.5660228729248
    },
    "70": {
        "score": 8.47911548614502,
        "runtime": 124.66613221168518
    },
    "71": {
        "score": 7.416431903839111,
        "runtime": 123.01082038879395
    },
    "72": {
        "score": 8.109125137329102,
        "runtime": 123.4832353591919
    },
    "73": {
        "score": 8.281628608703613,
        "runtime": 127.9504165649414
    },
    "74": {
        "score": 7.8061041831970215,
        "runtime": 122.0084753036499
    },
    "75": {
        "score": 8.021653175354004,
        "runtime": 122.91722011566162
    },
    "76": {
        "score": 8.156593322753906,
        "runtime": 121.87134289741516
    },
    "77": {
        "score": 8.121121406555176,
        "runtime": 122.48544716835022
    },
    "78": {
        "score": 7.86941385269165,
        "runtime": 121.09238505363464
    },
    "79": {
        "score": 8.085984230041504,
        "runtime": 123.01738476753235
    },
    "80": {
        "score": 7.730261325836182,
        "runtime": 122.87705540657043
    },
    "81": {
        "score": 7.897406578063965,
        "runtime": 129.64773654937744
    },
    "82": {
        "score": 7.655588150024414,
        "runtime": 141.70418190956116
    },
    "83": {
        "score": 7.327454566955566,
        "runtime": 124.11800074577332
    },
    "84": {
        "score": 7.755128860473633,
        "runtime": 121.25248122215271
    },
    "85": {
        "score": 8.044580459594727,
        "runtime": 122.85654258728027
    },