{
    "0": {
        "score": 8.03307056427002,
        "runtime": 115.5139479637146
    },
    "1": {
        "score": 9.005990982055664,
        "runtime": 114.84174752235413
    },
    "2": {
        "score": 8.131930351257324,
        "runtime": 114.1256194114685
    },
    "3": {
        "score": 8.999999046325684,
        "runtime": 114.46188974380493
    },
    "4": {
        "score": 8.813558578491211,
        "runtime": 115.70994329452515
    },
    "5": {
        "score": 8.181401252746582,
        "runtime": 115.70251059532166
    },
    "6": {
        "score": 8.329678535461426,
        "runtime": 115.16900205612183
    },
    "7": {
        "score": 8.626368522644043,
        "runtime": 114.10850501060486
    },
    "8": {
        "score": 8.047820091247559,
        "runtime": 114.91076254844666
    },
    "9": {
        "score": 8.2760009765625,
        "runtime": 115.76215767860413
    },
    "10": {
        "score": 8.371648788452148,
        "runtime": 114.62758135795593
    },
    "11": {
        "score": 8.82439136505127,
        "runtime": 115.31282091140747
    },
    "12": {
        "score": 8.094324111938477,
        "runtime": 114.86459541320801
    },
    "13": {
        "score": 7.816751956939697,
        "runtime": 115.84712386131287
    },
    "14": {
        "score": 8.702583312988281,
        "runtime": 116.92865109443665
    },
    "15": {
        "score": 8.343847274780273,
        "runtime": 116.42277669906616
    },
    "16": {
        "score": 8.672442436218262,
        "runtime": 114.77839016914368
    },
    "17": {
        "score": 8.283721923828125,
        "runtime": 115.33591079711914
    },
    "18": {
        "score": 8.369194984436035,
        "runtime": 115.30222487449646
    },
    "19": {
        "score": 8.833477020263672,
        "runtime": 115.4296989440918
    },
    "20": {
        "score": 8.9843111038208,
        "runtime": 115.23755431175232
    },
    "21": {
        "score": 8.56144905090332,
        "runtime": 115.83857774734497
    },
    "22": {
        "score": 8.128924369812012,
        "runtime": 116.26901888847351
    },
    "23": {
        "score": 8.241730690002441,
        "runtime": 116.35327768325806
    },
    "24": {
        "score": 7.606348991394043,
        "runtime": 116.19444036483765
    },
    "25": {
        "score": 8.239234924316406,
        "runtime": 115.6136622428894
    },
    "26": {
        "score": 8.402669906616211,
        "runtime": 115.78247737884521
    },
    "27": {
        "score": 7.901114463806152,
        "runtime": 115.99356031417847
    },
    "28": {
        "score": 8.58230209350586,
        "runtime": 115.57454299926758
    },
    "29": {
        "score": 8.007222175598145,
        "runtime": 116.02196788787842
    },
    "30": {
        "score": 8.187677383422852,
        "runtime": 116.16449689865112
    },
    "31": {
        "score": 8.095972061157227,
        "runtime": 116.5203812122345
    },
    "32": {
        "score": 7.786320209503174,
        "runtime": 115.4431836605072
    },
    "33": {
        "score": 8.543208122253418,
        "runtime": 114.89739751815796
    },
    "34": {
        "score": 8.418789863586426,
        "runtime": 114.4784722328186
    },
    "35": {
        "score": 8.053516387939453,
        "runtime": 115.86048412322998
    },
    "36": {
        "score": 8.412493705749512,
        "runtime": 115.82554388046265
    },
    "37": {
        "score": 8.32550048828125,
        "runtime": 115.77737617492676
    },
    "38": {
        "score": 8.216127395629883,
        "runtime": 115.6016411781311
    },
    "39": {
        "score": 7.521419048309326,
        "runtime": 114.97820091247559
    },
    "40": {
        "score": 8.195330619812012,
        "runtime": 116.11172890663147
    },
    "41": {
        "score": 7.809261798858643,
        "runtime": 115.60431456565857
    },
    "42": {
        "score": 7.848339080810547,
        "runtime": 115.13991832733154
    },
    "43": {
        "score": 8.051907539367676,
        "runtime": 115.20153427124023
    },
    "44": {
        "score": 8.355448722839355,
        "runtime": 115.9229462146759
    },
    "45": {
        "score": 7.971044063568115,
        "runtime": 116.1150894165039
    },
    "46": {
        "score": 8.85084342956543,
        "runtime": 116.1155092716217
    },
    "47": {
        "score": 7.956933498382568,
        "runtime": 116.45017385482788
    },
    "48": {
        "score": 8.217288970947266,
        "runtime": 114.86114692687988
    },
    "49": {
        "score": 8.302037239074707,
        "runtime": 115.31297850608826
    },
    "50": {
        "score": 8.359396934509277,
        "runtime": 114.91843938827515
    },
    "51": {
        "score": 8.395291328430176,
        "runtime": 115.3547568321228
    },
    "52": {
        "score": 8.601044654846191,
        "runtime": 114.78931856155396
    },
    "53": {
        "score": 8.308430671691895,
        "runtime": 116.90069770812988
    },
    "54": {
        "score": 8.691343307495117,
        "runtime": 115.24218583106995
    },
    "55": {
        "score": 8.305413246154785,
        "runtime": 115.57526326179504
    },
    "56": {
        "score": 8.16518497467041,
        "runtime": 116.50811886787415
    },
    "57": {
        "score": 8.277623176574707,
        "runtime": 117.65275168418884
    },
    "58": {
        "score": 8.541170120239258,
        "runtime": 115.097172498703
    },
    "59": {
        "score": 7.571901321411133,
        "runtime": 114.55205965042114
    },
    "60": {
        "score": 8.582022666931152,
        "runtime": 115.54712915420532
    },
    "61": {
        "score": 8.066241264343262,
        "runtime": 115.08137655258179
    },
    "62": {
        "score": 8.237730979919434,
        "runtime": 115.01920914649963
    },
    "63": {
        "score": 8.048870086669922,
        "runtime": 115.72305583953857
    },
    "64": {
        "score": 8.368473052978516,
        "runtime": 115.43230533599854
    },
    "65": {
        "score": 8.854410171508789,
        "runtime": 115.68904066085815
    },
    "66": {
        "score": 8.291993141174316,
        "runtime": 116.75549173355103
    },
    "67": {
        "score": 8.981745719909668,
        "runtime": 115.02351808547974
    },
    "68": {
        "score": 8.28158187866211,
        "runtime": 115.05760025978088
    },
    "69": {
        "score": 8.022488594055176,
        "runtime": 116.35715198516846
    },
    "70": {
        "score": 8.766357421875,
        "runtime": 116.09092736244202
    },
    "71": {
        "score": 7.862078666687012,
        "runtime": 116.08468413352966
    },
    "72": {
        "score": 8.54749584197998,
        "runtime": 114.66039609909058
    },
    "73": {
        "score": 8.500029563903809,
        "runtime": 115.6457109451294
    },
    "74": {
        "score": 8.050188064575195,
        "runtime": 115.27578544616699
    },
    "75": {
        "score": 7.666344165802002,
        "runtime": 114.40059757232666
    },
    "76": {
        "score": 8.243176460266113,
        "runtime": 114.18115854263306
    },
    "77": {
        "score": 8.38856029510498,
        "runtime": 114.86282873153687
    },
    "78": {
        "score": 7.935142993927002,
        "runtime": 120.82336711883545
    },
    "79": {
        "score": 8.120534896850586,
        "runtime": 115.36597418785095
    },
    "80": {
        "score": 7.66616153717041,
        "runtime": 117.79005885124207
    },
    "81": {
        "score": 8.147093772888184,
        "runtime": 117.29443025588989
    },
    "82": {
        "score": 8.181543350219727,
        "runtime": 129.21873497962952
    },
    "83": {
        "score": 7.944079875946045,
        "runtime": 127.42046618461609
    },
    "84": {
        "score": 7.888485431671143,
        "runtime": 116.514000415802
    },
    "85": {
        "score": 8.087654113769531,
        "runtime": 137.03390884399414
    },