{
    "0": {
        "score": 11.075373649597168,
        "runtime": 20.79300022125244
    },
    "1": {
        "score": 11.075373649597168,
        "runtime": 20.502002239227295
    },
    "2": {
        "score": 11.213258743286133,
        "runtime": 20.610999822616577
    },
    "3": {
        "score": 11.075373649597168,
        "runtime": 20.653002500534058
    },
    "4": {
        "score": 11.456205368041992,
        "runtime": 20.28100299835205
    },
    "5": {
        "score": 11.456205368041992,
        "runtime": 20.27900266647339
    },
    "6": {
        "score": 11.075373649597168,
        "runtime": 20.841002225875854
    },
    "7": {
        "score": 11.115350723266602,
        "runtime": 20.592000007629395
    },
    "8": {
        "score": 11.213258743286133,
        "runtime": 20.322999238967896
    },
    "9": {
        "score": 11.458906173706055,
        "runtime": 20.515999794006348
    },
    "10": {
        "score": 11.456205368041992,
        "runtime": 20.374000310897827
    },
    "11": {
        "score": 11.0789213180542,
        "runtime": 20.53200078010559
    },
    "12": {
        "score": 11.322270393371582,
        "runtime": 21.133000373840332
    },
    "13": {
        "score": 11.456205368041992,
        "runtime": 20.534001350402832
    },
    "14": {
        "score": 11.353700637817383,
        "runtime": 20.486998796463013
    },
    "15": {
        "score": 11.213258743286133,
        "runtime": 20.160001277923584
    },
    "16": {
        "score": 11.075373649597168,
        "runtime": 20.428999185562134
    },
    "17": {
        "score": 11.456205368041992,
        "runtime": 20.472002029418945
    },
    "18": {
        "score": 11.213258743286133,
        "runtime": 20.289000511169434
    },
    "19": {
        "score": 11.240342140197754,
        "runtime": 20.613000869750977
    },
    "20": {
        "score": 11.075373649597168,
        "runtime": 20.180001974105835
    },
    "21": {
        "score": 11.456205368041992,
        "runtime": 21.215030670166016
    },
    "22": {
        "score": 11.58662223815918,
        "runtime": 20.11299991607666
    },
    "23": {
        "score": 11.456205368041992,
        "runtime": 20.272001266479492
    },
    "24": {
        "score": 11.277552604675293,
        "runtime": 20.66300058364868
    },
    "25": {
        "score": 11.075373649597168,
        "runtime": 21.40599751472473
    },
    "26": {
        "score": 11.456205368041992,
        "runtime": 20.33099865913391
    },
    "27": {
        "score": 11.456205368041992,
        "runtime": 20.88299870491028
    },
    "28": {
        "score": 11.075373649597168,
        "runtime": 20.65452241897583
    },
    "29": {
        "score": 11.213258743286133,
        "runtime": 20.223002433776855
    },
    "30": {
        "score": 11.456205368041992,
        "runtime": 20.532001733779907
    },
    "31": {
        "score": 11.434596061706543,
        "runtime": 20.182997941970825
    },
    "32": {
        "score": 11.075373649597168,
        "runtime": 20.159000635147095
    },
    "33": {
        "score": 11.783623695373535,
        "runtime": 20.67900061607361
    },
    "34": {
        "score": 11.456205368041992,
        "runtime": 20.347002029418945
    },
    "35": {
        "score": 11.456205368041992,
        "runtime": 20.688998699188232
    },
    "36": {
        "score": 11.213258743286133,
        "runtime": 20.209001302719116
    },
    "37": {
        "score": 11.402361869812012,
        "runtime": 21.090998649597168
    },
    "38": {
        "score": 11.515934944152832,
        "runtime": 20.444002628326416
    },
    "39": {
        "score": 11.456205368041992,
        "runtime": 20.95500135421753
    },
    "40": {
        "score": 11.1757173538208,
        "runtime": 20.274999618530273
    },
    "41": {
        "score": 11.12115478515625,
        "runtime": 21.114012479782104
    },
    "42": {
        "score": 11.075373649597168,
        "runtime": 20.36400270462036
    },
    "43": {
        "score": 11.075373649597168,
        "runtime": 20.162014484405518
    },
    "44": {
        "score": 11.075373649597168,
        "runtime": 20.475000381469727
    },
    "45": {
        "score": 11.456205368041992,
        "runtime": 21.07799744606018
    },
    "46": {
        "score": 11.217939376831055,
        "runtime": 20.472001314163208
    },
    "47": {
        "score": 11.075373649597168,
        "runtime": 20.625
    },
    "48": {
        "score": 11.211740493774414,
        "runtime": 20.79699730873108
    },
    "49": {
        "score": 11.68152141571045,
        "runtime": 20.139002084732056
    },
    "50": {
        "score": 11.075373649597168,
        "runtime": 21.118999004364014
    },
    "51": {
        "score": 11.456205368041992,
        "runtime": 20.170999765396118
    },
    "52": {
        "score": 11.379716873168945,
        "runtime": 20.401999473571777
    },
    "53": {
        "score": 11.456205368041992,
        "runtime": 20.15399980545044
    },
    "54": {
        "score": 11.075373649597168,
        "runtime": 21.0299973487854
    },
    "55": {
        "score": 11.643280029296875,
        "runtime": 20.708000659942627
    },
    "56": {
        "score": 11.045987129211426,
        "runtime": 21.161000728607178
    },
    "57": {
        "score": 11.172168731689453,
        "runtime": 20.41000247001648
    },
    "58": {
        "score": 11.075371742248535,
        "runtime": 20.41800045967102
    },
    "59": {
        "score": 11.213258743286133,
        "runtime": 20.680000066757202
    },
    "60": {
        "score": 11.458906173706055,
        "runtime": 20.326001405715942
    },
    "61": {
        "score": 11.456205368041992,
        "runtime": 20.231000661849976
    },
    "62": {
        "score": 11.68152141571045,
        "runtime": 20.82600212097168
    },
    "63": {
        "score": 11.291112899780273,
        "runtime": 20.158998489379883
    },
    "64": {
        "score": 11.318041801452637,
        "runtime": 20.183000087738037
    },
    "65": {
        "score": 11.075373649597168,
        "runtime": 20.471998929977417
    },
    "66": {
        "score": 11.220086097717285,
        "runtime": 20.637003183364868
    },
    "67": {
        "score": 11.075373649597168,
        "runtime": 20.923997402191162
    },
    "68": {
        "score": 11.075373649597168,
        "runtime": 20.407001972198486
    },
    "69": {
        "score": 11.381449699401855,
        "runtime": 21.003002405166626
    },
    "70": {
        "score": 11.38194465637207,
        "runtime": 20.365999221801758
    },
    "71": {
        "score": 11.38652229309082,
        "runtime": 20.377998113632202
    },
    "72": {
        "score": 11.456205368041992,
        "runtime": 20.429999113082886
    },
    "73": {
        "score": 11.648128509521484,
        "runtime": 20.334999561309814
    },
    "74": {
        "score": 11.292013168334961,
        "runtime": 21.113999843597412
    },
    "75": {
        "score": 11.458906173706055,
        "runtime": 20.614999294281006
    },
    "76": {
        "score": 11.075371742248535,
        "runtime": 20.362000465393066
    },
    "77": {
        "score": 11.456205368041992,
        "runtime": 20.559001922607422
    },
    "78": {
        "score": 11.277552604675293,
        "runtime": 20.694997549057007
    },
    "79": {
        "score": 11.456205368041992,
        "runtime": 20.614001035690308
    },
    "80": {
        "score": 11.343786239624023,
        "runtime": 20.411000728607178
    },
    "81": {
        "score": 11.636777877807617,
        "runtime": 20.295998334884644
    },
    "82": {
        "score": 11.456205368041992,
        "runtime": 20.442002534866333
    },
    "83": {
        "score": 11.456205368041992,
        "runtime": 21.17200207710266
    },
    "84": {
        "score": 11.648128509521484,
        "runtime": 20.40899896621704
    },
    "85": {
        "score": 11.72376823425293,