{
    "0": {
        "score": 3.6493992805480957,
        "runtime": 0.7729992866516113
    },
    "1": {
        "score": 3.761995553970337,
        "runtime": 0.7969987392425537
    },
    "2": {
        "score": 3.7796688079833984,
        "runtime": 0.8150002956390381
    },
    "3": {
        "score": 4.1494598388671875,
        "runtime": 0.8340003490447998
    },
    "4": {
        "score": 3.294783592224121,
        "runtime": 0.7689995765686035
    },
    "5": {
        "score": 3.860729932785034,
        "runtime": 0.7839527130126953
    },
    "6": {
        "score": 3.836202621459961,
        "runtime": 0.795968770980835
    },
    "7": {
        "score": 3.9224014282226562,
        "runtime": 0.804999828338623
    },
    "8": {
        "score": 4.128917694091797,
        "runtime": 0.7840003967285156
    },
    "9": {
        "score": 4.014928340911865,
        "runtime": 0.8329722881317139
    },
    "10": {
        "score": 3.778759717941284,
        "runtime": 0.7929999828338623
    },
    "11": {
        "score": 3.7717671394348145,
        "runtime": 0.7699995040893555
    },
    "12": {
        "score": 4.087907791137695,
        "runtime": 0.804999828338623
    },
    "13": {
        "score": 3.693781614303589,
        "runtime": 0.8139522075653076
    },
    "14": {
        "score": 4.376522064208984,
        "runtime": 0.7945148944854736
    },
    "15": {
        "score": 3.9959187507629395,
        "runtime": 0.8039977550506592
    },
    "16": {
        "score": 4.182433605194092,
        "runtime": 0.8020017147064209
    },
    "17": {
        "score": 3.341622829437256,
        "runtime": 0.8210008144378662
    },
    "18": {
        "score": 3.7034003734588623,
        "runtime": 0.7935199737548828
    },
    "19": {
        "score": 3.863896369934082,
        "runtime": 0.818997859954834
    },
    "20": {
        "score": 3.9067585468292236,
        "runtime": 0.8259985446929932
    },
    "21": {
        "score": 3.493420362472534,
        "runtime": 0.7904818058013916
    },
    "22": {
        "score": 3.8361217975616455,
        "runtime": 0.7720012664794922
    },
    "23": {
        "score": 4.350894927978516,
        "runtime": 0.8399991989135742
    },
    "24": {
        "score": 4.07985782623291,
        "runtime": 0.7985198497772217
    },
    "25": {
        "score": 3.8711776733398438,
        "runtime": 0.80899977684021
    },
    "26": {
        "score": 4.354970932006836,
        "runtime": 0.7730004787445068
    },
    "27": {
        "score": 3.715338945388794,
        "runtime": 0.7690019607543945
    },
    "28": {
        "score": 3.308074951171875,
        "runtime": 0.7850010395050049
    },
    "29": {
        "score": 3.9138455390930176,
        "runtime": 0.7854740619659424
    },
    "30": {
        "score": 3.8944716453552246,
        "runtime": 0.7809715270996094
    },
    "31": {
        "score": 3.209815263748169,
        "runtime": 0.7894799709320068
    },
    "32": {
        "score": 4.040256500244141,
        "runtime": 0.7870004177093506
    },
    "33": {
        "score": 4.2170515060424805,
        "runtime": 0.8079996109008789
    },
    "34": {
        "score": 4.319533824920654,
        "runtime": 0.8059992790222168
    },
    "35": {
        "score": 4.257804870605469,
        "runtime": 0.7670004367828369
    },
    "36": {
        "score": 4.027778148651123,
        "runtime": 0.8160006999969482
    },
    "37": {
        "score": 3.717787742614746,
        "runtime": 0.7739825248718262
    },
    "38": {
        "score": 4.049488067626953,
        "runtime": 0.7759997844696045
    },
    "39": {
        "score": 4.200603008270264,
        "runtime": 0.7739977836608887
    },
    "40": {
        "score": 3.9290757179260254,
        "runtime": 0.7969989776611328
    },
    "41": {
        "score": 3.9975223541259766,
        "runtime": 0.7880005836486816
    },
    "42": {
        "score": 3.5343122482299805,
        "runtime": 0.804999828338623
    },
    "43": {
        "score": 3.28609299659729,
        "runtime": 0.7859995365142822
    },
    "44": {
        "score": 3.9104576110839844,
        "runtime": 0.7960021495819092
    },
    "45": {
        "score": 3.6989119052886963,
        "runtime": 0.7909963130950928
    },
    "46": {
        "score": 4.052874565124512,
        "runtime": 0.7900023460388184
    },
    "47": {
        "score": 3.7472667694091797,
        "runtime": 0.7960002422332764
    },
    "48": {
        "score": 3.925548553466797,
        "runtime": 0.7970016002655029
    },
    "49": {
        "score": 3.807023048400879,
        "runtime": 0.798999547958374
    },
    "50": {
        "score": 3.854548215866089,
        "runtime": 0.7679991722106934
    },
    "51": {
        "score": 3.6750454902648926,
        "runtime": 0.7919983863830566
    },
    "52": {
        "score": 3.5989694595336914,
        "runtime": 0.8000004291534424
    },
    "53": {
        "score": 4.114580154418945,
        "runtime": 0.800999641418457
    },
    "54": {
        "score": 3.9248223304748535,
        "runtime": 0.8120005130767822
    },
    "55": {
        "score": 3.6325266361236572,
        "runtime": 0.7850000858306885
    },
    "56": {
        "score": 4.023445129394531,
        "runtime": 0.8220000267028809
    },
    "57": {
        "score": 3.789414405822754,
        "runtime": 0.8399477005004883
    },
    "58": {
        "score": 3.971700668334961,
        "runtime": 0.7850017547607422
    },
    "59": {
        "score": 3.995159864425659,
        "runtime": 0.8020002841949463
    },
    "60": {
        "score": 3.8143482208251953,
        "runtime": 0.7715234756469727
    },
    "61": {
        "score": 3.1892988681793213,
        "runtime": 0.7959976196289062
    },
    "62": {
        "score": 4.03279972076416,
        "runtime": 0.8190004825592041
    },
    "63": {
        "score": 4.115477561950684,
        "runtime": 0.752000093460083
    },
    "64": {
        "score": 3.782482624053955,
        "runtime": 0.7809994220733643
    },
    "65": {
        "score": 3.998300313949585,
        "runtime": 0.7949972152709961
    },
    "66": {
        "score": 3.7593417167663574,
        "runtime": 0.7960009574890137
    },
    "67": {
        "score": 3.825378656387329,
        "runtime": 0.8109993934631348
    },
    "68": {
        "score": 3.9826464653015137,
        "runtime": 0.7690010070800781
    },
    "69": {
        "score": 3.6501429080963135,
        "runtime": 0.8110027313232422
    },
    "70": {
        "score": 3.5725555419921875,
        "runtime": 0.7899997234344482
    },
    "71": {
        "score": 3.721059560775757,
        "runtime": 0.7950029373168945
    },
    "72": {
        "score": 4.3277740478515625,
        "runtime": 0.7690017223358154
    },
    "73": {
        "score": 3.780745029449463,
        "runtime": 0.7690000534057617
    },
    "74": {
        "score": 3.94234037399292,
        "runtime": 0.7610006332397461
    },
    "75": {
        "score": 4.170016288757324,
        "runtime": 0.7849681377410889
    },
    "76": {
        "score": 3.4614906311035156,
        "runtime": 0.7769975662231445
    },
    "77": {
        "score": 4.011816501617432,
        "runtime": 0.7720017433166504
    },
    "78": {
        "score": 4.226280212402344,
        "runtime": 0.7799985408782959
    },
    "79": {
        "score": 3.8339180946350098,
        "runtime": 0.8030006885528564
    },
    "80": {
        "score": 3.175424575805664,
        "runtime": 0.8099994659423828
    },
    "81": {
        "score": 4.092862606048584,
        "runtime": 0.7935192584991455
    },
    "82": {
        "score": 3.753692626953125,
        "runtime": 0.798999547958374
    },
    "83": {
        "score": 3.4467151165008545,
        "runtime": 0.755002498626709
    },
    "84": {
        "score": 4.017753601074219,
        "runtime": 0.786001443862915
    },
    "85": {
        "score": 3.960803270339966,