{
    "0": {
        "score": 3.6493992805480957,
        "runtime": 0.7890005111694336
    },
    "1": {
        "score": 3.761995553970337,
        "runtime": 0.7980005741119385
    },
    "2": {
        "score": 3.7796688079833984,
        "runtime": 0.7844460010528564
    },
    "3": {
        "score": 4.1494598388671875,
        "runtime": 0.8019986152648926
    },
    "4": {
        "score": 3.2648539543151855,
        "runtime": 0.7619998455047607
    },
    "5": {
        "score": 3.8676135540008545,
        "runtime": 0.7789983749389648
    },
    "6": {
        "score": 3.8685250282287598,
        "runtime": 0.7879688739776611
    },
    "7": {
        "score": 3.9224014282226562,
        "runtime": 0.8135170936584473
    },
    "8": {
        "score": 4.128917694091797,
        "runtime": 0.8000001907348633
    },
    "9": {
        "score": 4.006816864013672,
        "runtime": 0.7979979515075684
    },
    "10": {
        "score": 3.7990994453430176,
        "runtime": 0.8455188274383545
    },
    "11": {
        "score": 3.7717671394348145,
        "runtime": 0.7949981689453125
    },
    "12": {
        "score": 4.076560974121094,
        "runtime": 0.7899985313415527
    },
    "13": {
        "score": 3.693781614303589,
        "runtime": 0.7859518527984619
    },
    "14": {
        "score": 4.300230979919434,
        "runtime": 0.7625148296356201
    },
    "15": {
        "score": 3.9959187507629395,
        "runtime": 0.7879970073699951
    },
    "16": {
        "score": 4.157617568969727,
        "runtime": 0.7750000953674316
    },
    "17": {
        "score": 3.341622829437256,
        "runtime": 0.8070001602172852
    },
    "18": {
        "score": 3.7034003734588623,
        "runtime": 0.7889997959136963
    },
    "19": {
        "score": 3.863896369934082,
        "runtime": 0.8010008335113525
    },
    "20": {
        "score": 3.9067585468292236,
        "runtime": 0.7979996204376221
    },
    "21": {
        "score": 3.493420362472534,
        "runtime": 0.7925221920013428
    },
    "22": {
        "score": 3.8361217975616455,
        "runtime": 0.7780013084411621
    },
    "23": {
        "score": 4.350894927978516,
        "runtime": 0.7610001564025879
    },
    "24": {
        "score": 4.07985782623291,
        "runtime": 0.8065190315246582
    },
    "25": {
        "score": 3.8711776733398438,
        "runtime": 0.8000004291534424
    },
    "26": {
        "score": 4.3942790031433105,
        "runtime": 0.8259966373443604
    },
    "27": {
        "score": 3.715338945388794,
        "runtime": 0.8050017356872559
    },
    "28": {
        "score": 3.308074951171875,
        "runtime": 0.7729997634887695
    },
    "29": {
        "score": 3.9138455390930176,
        "runtime": 0.7975192070007324
    },
    "30": {
        "score": 3.8944716453552246,
        "runtime": 0.7939701080322266
    },
    "31": {
        "score": 3.209815263748169,
        "runtime": 0.7885191440582275
    },
    "32": {
        "score": 4.040256500244141,
        "runtime": 0.8219988346099854
    },
    "33": {
        "score": 4.2170515060424805,
        "runtime": 0.802001953125
    },
    "34": {
        "score": 4.319533824920654,
        "runtime": 0.8580012321472168
    },
    "35": {
        "score": 4.263957500457764,
        "runtime": 0.7990000247955322
    },
    "36": {
        "score": 4.017929553985596,
        "runtime": 0.7889547348022461
    },
    "37": {
        "score": 3.717787742614746,
        "runtime": 0.7889986038208008
    },
    "38": {
        "score": 3.8522093296051025,
        "runtime": 0.7990012168884277
    },
    "39": {
        "score": 4.264480113983154,
        "runtime": 0.8169999122619629
    },
    "40": {
        "score": 3.923027992248535,
        "runtime": 0.777001142501831
    },
    "41": {
        "score": 3.9975223541259766,
        "runtime": 0.778975248336792
    },
    "42": {
        "score": 3.5284109115600586,
        "runtime": 0.7809991836547852
    },
    "43": {
        "score": 3.28609299659729,
        "runtime": 0.7975192070007324
    },
    "44": {
        "score": 3.9104576110839844,
        "runtime": 0.7909996509552002
    },
    "45": {
        "score": 3.721534013748169,
        "runtime": 0.7970001697540283
    },
    "46": {
        "score": 4.052874565124512,
        "runtime": 0.7709989547729492
    },
    "47": {
        "score": 3.7245850563049316,
        "runtime": 0.785001277923584
    },
    "48": {
        "score": 3.927215576171875,
        "runtime": 0.7880027294158936
    },
    "49": {
        "score": 3.807023048400879,
        "runtime": 0.7845232486724854
    },
    "50": {
        "score": 3.854548215866089,
        "runtime": 0.7850003242492676
    },
    "51": {
        "score": 3.6899423599243164,
        "runtime": 0.7959549427032471
    },
    "52": {
        "score": 3.5137431621551514,
        "runtime": 0.7940032482147217
    },
    "53": {
        "score": 4.114580154418945,
        "runtime": 0.8110013008117676
    },
    "54": {
        "score": 3.9248223304748535,
        "runtime": 0.7769999504089355
    },
    "55": {
        "score": 3.6325266361236572,
        "runtime": 0.8230023384094238
    },
    "56": {
        "score": 4.023445129394531,
        "runtime": 0.8169999122619629
    },
    "57": {
        "score": 3.789414405822754,
        "runtime": 0.7835261821746826
    },
    "58": {
        "score": 3.965982437133789,
        "runtime": 0.78999924659729
    },
    "59": {
        "score": 3.9105398654937744,
        "runtime": 0.7879993915557861
    },
    "60": {
        "score": 3.855342388153076,
        "runtime": 0.7965240478515625
    },
    "61": {
        "score": 3.1906075477600098,
        "runtime": 0.7969970703125
    },
    "62": {
        "score": 4.034071445465088,
        "runtime": 0.7909996509552002
    },
    "63": {
        "score": 4.1233038902282715,
        "runtime": 0.758997917175293
    },
    "64": {
        "score": 3.7814419269561768,
        "runtime": 0.7840025424957275
    },
    "65": {
        "score": 3.998300313949585,
        "runtime": 0.7879986763000488
    },
    "66": {
        "score": 3.7813100814819336,
        "runtime": 0.7875146865844727
    },
    "67": {
        "score": 3.6951253414154053,
        "runtime": 0.7835266590118408
    },
    "68": {
        "score": 4.009921073913574,
        "runtime": 0.7670011520385742
    },
    "69": {
        "score": 3.6501429080963135,
        "runtime": 0.783998966217041
    },
    "70": {
        "score": 3.5871407985687256,
        "runtime": 0.801997184753418
    },
    "71": {
        "score": 3.657021999359131,
        "runtime": 0.7790012359619141
    },
    "72": {
        "score": 4.396737575531006,
        "runtime": 0.7889986038208008
    },
    "73": {
        "score": 3.780745029449463,
        "runtime": 0.805999755859375
    },
    "74": {
        "score": 3.975198745727539,
        "runtime": 0.7759988307952881
    },
    "75": {
        "score": 4.153078079223633,
        "runtime": 0.8040013313293457
    },
    "76": {
        "score": 3.4614906311035156,
        "runtime": 0.8019974231719971
    },
    "77": {
        "score": 3.9464802742004395,
        "runtime": 0.7949995994567871
    },
    "78": {
        "score": 4.188507556915283,
        "runtime": 0.7979996204376221
    },
    "79": {
        "score": 3.8339180946350098,
        "runtime": 0.7999768257141113
    },
    "80": {
        "score": 3.175424575805664,
        "runtime": 0.8005187511444092
    },
    "81": {
        "score": 4.09826135635376,
        "runtime": 0.7800025939941406
    },
    "82": {
        "score": 3.753692626953125,
        "runtime": 0.8099992275238037
    },
    "83": {
        "score": 3.4467151165008545,
        "runtime": 0.7939989566802979
    },
    "84": {
        "score": 3.9712026119232178,
        "runtime": 0.7699563503265381
    },
    "85": {
        "score": 3.948762893676758,