{
    "0": {
        "score": 5.321966648101807,
        "runtime": 11.661936044692993
    },
    "1": {
        "score": 5.687736988067627,
        "runtime": 11.612913608551025
    },
    "2": {
        "score": 6.088074207305908,
        "runtime": 11.705985307693481
    },
    "3": {
        "score": 6.009098052978516,
        "runtime": 11.566980838775635
    },
    "4": {
        "score": 5.704805850982666,
        "runtime": 11.575002670288086
    },
    "5": {
        "score": 5.793453693389893,
        "runtime": 11.678479671478271
    },
    "6": {
        "score": 6.100691795349121,
        "runtime": 11.66951060295105
    },
    "7": {
        "score": 5.959535598754883,
        "runtime": 11.768003940582275
    },
    "8": {
        "score": 5.725388526916504,
        "runtime": 11.527467012405396
    },
    "9": {
        "score": 6.159329891204834,
        "runtime": 11.911444425582886
    },
    "10": {
        "score": 5.496968746185303,
        "runtime": 11.558393716812134
    },
    "11": {
        "score": 5.022002696990967,
        "runtime": 11.390868902206421
    },
    "12": {
        "score": 5.77071475982666,
        "runtime": 11.507946014404297
    },
    "13": {
        "score": 5.7016520500183105,
        "runtime": 11.512923955917358
    },
    "14": {
        "score": 5.931210517883301,
        "runtime": 11.502460718154907
    },
    "15": {
        "score": 5.941286087036133,
        "runtime": 11.386889219284058
    },
    "16": {
        "score": 5.701312065124512,
        "runtime": 11.43045163154602
    },
    "17": {
        "score": 5.593533992767334,
        "runtime": 11.421619415283203
    },
    "18": {
        "score": 5.666976451873779,
        "runtime": 11.382423162460327
    },
    "19": {
        "score": 5.571242332458496,
        "runtime": 11.355456352233887
    },
    "20": {
        "score": 5.581485271453857,
        "runtime": 11.388950109481812
    },
    "21": {
        "score": 5.843054294586182,
        "runtime": 11.432461261749268
    },
    "22": {
        "score": 5.493204116821289,
        "runtime": 11.52042818069458
    },
    "23": {
        "score": 5.640738487243652,
        "runtime": 11.584457874298096
    },
    "24": {
        "score": 5.54427433013916,
        "runtime": 12.536999225616455
    },
    "25": {
        "score": 6.097858905792236,
        "runtime": 11.475272178649902
    },
    "26": {
        "score": 5.702732086181641,
        "runtime": 11.413435220718384
    },
    "27": {
        "score": 5.787729740142822,
        "runtime": 11.450977087020874
    },
    "28": {
        "score": 5.620049953460693,
        "runtime": 11.407451391220093
    },
    "29": {
        "score": 5.995782852172852,
        "runtime": 11.574971199035645
    },
    "30": {
        "score": 5.767335414886475,
        "runtime": 11.56990909576416
    },
    "31": {
        "score": 5.735320568084717,
        "runtime": 11.405007362365723
    },
    "32": {
        "score": 5.872584342956543,
        "runtime": 11.358421087265015
    },
    "33": {
        "score": 5.609893798828125,
        "runtime": 11.407429695129395
    },
    "34": {
        "score": 5.574660301208496,
        "runtime": 11.345971822738647
    },
    "35": {
        "score": 5.756474018096924,
        "runtime": 11.375454425811768
    },
    "36": {
        "score": 5.791804313659668,
        "runtime": 11.467468976974487
    },
    "37": {
        "score": 6.2375874519348145,
        "runtime": 11.28242540359497
    },
    "38": {
        "score": 5.59433126449585,
        "runtime": 11.381432056427002
    },
    "39": {
        "score": 5.973584175109863,
        "runtime": 11.647235631942749
    },
    "40": {
        "score": 5.52548360824585,
        "runtime": 11.374993562698364
    },
    "41": {
        "score": 5.639674663543701,
        "runtime": 11.630491256713867
    },
    "42": {
        "score": 5.773248672485352,
        "runtime": 11.369940519332886
    },
    "43": {
        "score": 7.280975818634033,
        "runtime": 11.464946508407593
    },
    "44": {
        "score": 5.4490227699279785,
        "runtime": 11.444446563720703
    },
    "45": {
        "score": 5.6674370765686035,
        "runtime": 11.526443004608154
    },
    "46": {
        "score": 5.815186977386475,
        "runtime": 11.199466705322266
    },
    "47": {
        "score": 5.659748554229736,
        "runtime": 11.581180572509766
    },
    "48": {
        "score": 5.55390739440918,
        "runtime": 11.417953729629517
    },
    "49": {
        "score": 6.212522506713867,
        "runtime": 11.54997706413269
    },
    "50": {
        "score": 6.016213417053223,
        "runtime": 11.39415717124939
    },
    "51": {
        "score": 5.822262763977051,
        "runtime": 11.435450315475464
    },
    "52": {
        "score": 6.1427001953125,
        "runtime": 11.481917381286621
    },
    "53": {
        "score": 5.355240345001221,
        "runtime": 11.536482334136963
    },
    "54": {
        "score": 5.607326030731201,
        "runtime": 11.428469181060791
    },
    "55": {
        "score": 5.844577312469482,
        "runtime": 11.434944868087769
    },
    "56": {
        "score": 6.011691093444824,
        "runtime": 11.41276240348816
    },
    "57": {
        "score": 5.67117166519165,
        "runtime": 11.519462585449219
    },
    "58": {
        "score": 5.575067043304443,
        "runtime": 11.530401706695557
    },
    "59": {
        "score": 5.809879302978516,
        "runtime": 11.573950290679932
    },
    "60": {
        "score": 6.294225692749023,
        "runtime": 11.457473039627075
    },
    "61": {
        "score": 5.573424339294434,
        "runtime": 11.415914297103882
    },
    "62": {
        "score": 5.885622024536133,
        "runtime": 11.612973928451538
    },
    "63": {
        "score": 5.619351863861084,
        "runtime": 11.630947828292847
    },
    "64": {
        "score": 5.650197505950928,
        "runtime": 11.511943817138672
    },
    "65": {
        "score": 5.7668938636779785,
        "runtime": 11.822930574417114
    },
    "66": {
        "score": 5.528189659118652,
        "runtime": 11.541935443878174
    },
    "67": {
        "score": 5.380460739135742,
        "runtime": 11.640517473220825
    },
    "68": {
        "score": 5.731781005859375,
        "runtime": 11.370983123779297
    },
    "69": {
        "score": 5.3585333824157715,
        "runtime": 11.387469053268433
    },
    "70": {
        "score": 5.865813732147217,
        "runtime": 11.226945161819458
    },
    "71": {
        "score": 5.362576484680176,
        "runtime": 11.31797170639038
    },
    "72": {
        "score": 5.951728343963623,
        "runtime": 11.35494613647461
    },
    "73": {
        "score": 5.530844688415527,
        "runtime": 11.19064974784851
    },
    "74": {
        "score": 5.675265789031982,
        "runtime": 11.506954908370972
    },
    "75": {
        "score": 5.788858890533447,
        "runtime": 11.618378162384033
    },
    "76": {
        "score": 6.058325290679932,
        "runtime": 11.39296841621399
    },
    "77": {
        "score": 5.7317609786987305,
        "runtime": 11.462658405303955
    },
    "78": {
        "score": 5.979029655456543,
        "runtime": 11.383461952209473
    },
    "79": {
        "score": 5.114880084991455,
        "runtime": 11.407878398895264
    },
    "80": {
        "score": 5.704781532287598,
        "runtime": 11.323451042175293
    },
    "81": {
        "score": 5.33355712890625,
        "runtime": 11.496944427490234
    },
    "82": {
        "score": 5.516755104064941,
        "runtime": 11.498975276947021
    },
    "83": {
        "score": 6.147640228271484,
        "runtime": 11.696950435638428
    },
    "84": {
        "score": 5.769014358520508,
        "runtime": 11.409433126449585
    },
    "85": {
        "score": 5.7454094886779785,
        "runtime": 11.55691933631897
    },