{
    "0": {
        "score": 8.05046272277832,
        "runtime": 114.67151999473572
    },
    "1": {
        "score": 8.686524391174316,
        "runtime": 114.98630905151367
    },
    "2": {
        "score": 8.2848539352417,
        "runtime": 114.69188976287842
    },
    "3": {
        "score": 8.532608032226562,
        "runtime": 115.33399605751038
    },
    "4": {
        "score": 8.56595516204834,
        "runtime": 114.99182033538818
    },
    "5": {
        "score": 8.148202896118164,
        "runtime": 115.46370911598206
    },
    "6": {
        "score": 8.077444076538086,
        "runtime": 115.59947323799133
    },
    "7": {
        "score": 8.679644584655762,
        "runtime": 116.24668836593628
    },
    "8": {
        "score": 9.18701171875,
        "runtime": 116.0524172782898
    },
    "9": {
        "score": 8.076629638671875,
        "runtime": 115.19276642799377
    },
    "10": {
        "score": 8.399025917053223,
        "runtime": 116.083176612854
    },
    "11": {
        "score": 8.104203224182129,
        "runtime": 115.06871628761292
    },
    "12": {
        "score": 8.69989013671875,
        "runtime": 115.41946244239807
    },
    "13": {
        "score": 7.815332889556885,
        "runtime": 116.34375548362732
    },
    "14": {
        "score": 8.230334281921387,
        "runtime": 116.1690411567688
    },
    "15": {
        "score": 8.315511703491211,
        "runtime": 114.36491346359253
    },
    "16": {
        "score": 8.07480239868164,
        "runtime": 116.52069139480591
    },
    "17": {
        "score": 8.149681091308594,
        "runtime": 115.36787343025208
    },
    "18": {
        "score": 9.121094703674316,
        "runtime": 114.63956332206726
    },
    "19": {
        "score": 8.623821258544922,
        "runtime": 114.54853463172913
    },
    "20": {
        "score": 8.34990119934082,
        "runtime": 115.60289812088013
    },
    "21": {
        "score": 8.334479331970215,
        "runtime": 115.23992657661438
    },
    "22": {
        "score": 9.459738731384277,
        "runtime": 115.26501655578613
    },
    "23": {
        "score": 8.272239685058594,
        "runtime": 115.96874785423279
    },
    "24": {
        "score": 7.762259483337402,
        "runtime": 115.4216685295105
    },
    "25": {
        "score": 9.976691246032715,
        "runtime": 115.6655375957489
    },
    "26": {
        "score": 8.386978149414062,
        "runtime": 115.5530788898468
    },
    "27": {
        "score": 8.16283130645752,
        "runtime": 116.85142087936401
    },
    "28": {
        "score": 8.867473602294922,
        "runtime": 115.5928328037262
    },
    "29": {
        "score": 7.637599945068359,
        "runtime": 115.98816871643066
    },
    "30": {
        "score": 8.900105476379395,
        "runtime": 117.50996899604797
    },
    "31": {
        "score": 8.109783172607422,
        "runtime": 116.96575140953064
    },
    "32": {
        "score": 7.867124557495117,
        "runtime": 115.01476240158081
    },
    "33": {
        "score": 8.146090507507324,
        "runtime": 115.93172860145569
    },
    "34": {
        "score": 8.101339340209961,
        "runtime": 116.60282516479492
    },
    "35": {
        "score": 8.079452514648438,
        "runtime": 114.62167143821716
    },
    "36": {
        "score": 8.5757417678833,
        "runtime": 116.77482414245605
    },
    "37": {
        "score": 8.06467342376709,
        "runtime": 114.88858222961426
    },
    "38": {
        "score": 8.133506774902344,
        "runtime": 116.4673240184784
    },
    "39": {
        "score": 8.024462699890137,
        "runtime": 117.71941351890564
    },
    "40": {
        "score": 8.063343048095703,
        "runtime": 115.28907585144043
    },
    "41": {
        "score": 8.45260238647461,
        "runtime": 115.29032492637634
    },
    "42": {
        "score": 7.872951030731201,
        "runtime": 114.59767603874207
    },
    "43": {
        "score": 8.235422134399414,
        "runtime": 115.773761510849
    },
    "44": {
        "score": 7.878174781799316,
        "runtime": 115.3406138420105
    },
    "45": {
        "score": 8.474170684814453,
        "runtime": 115.65271806716919
    },
    "46": {
        "score": 8.518301010131836,
        "runtime": 115.84801959991455
    },
    "47": {
        "score": 8.242413520812988,
        "runtime": 116.23323202133179
    },
    "48": {
        "score": 8.55920124053955,
        "runtime": 115.77494215965271
    },
    "49": {
        "score": 9.024980545043945,
        "runtime": 116.91769933700562
    },
    "50": {
        "score": 8.424445152282715,
        "runtime": 116.16160368919373
    },
    "51": {
        "score": 8.174832344055176,
        "runtime": 114.7611756324768
    },
    "52": {
        "score": 9.281290054321289,
        "runtime": 116.38948798179626
    },
    "53": {
        "score": 8.239487648010254,
        "runtime": 116.01235914230347
    },
    "54": {
        "score": 8.591201782226562,
        "runtime": 116.93314838409424
    },
    "55": {
        "score": 8.31497859954834,
        "runtime": 114.95121574401855
    },
    "56": {
        "score": 9.168895721435547,
        "runtime": 115.47762060165405
    },
    "57": {
        "score": 8.293871879577637,
        "runtime": 115.63539218902588
    },
    "58": {
        "score": 8.588991165161133,
        "runtime": 115.48309278488159
    },
    "59": {
        "score": 7.886024475097656,
        "runtime": 115.94580125808716
    },
    "60": {
        "score": 8.414719581604004,
        "runtime": 116.21064186096191
    },
    "61": {
        "score": 7.9694037437438965,
        "runtime": 114.48130679130554
    },
    "62": {
        "score": 8.459088325500488,
        "runtime": 115.63787269592285
    },
    "63": {
        "score": 8.066887855529785,
        "runtime": 116.85773229598999
    },
    "64": {
        "score": 7.963347911834717,
        "runtime": 115.6612503528595
    },
    "65": {
        "score": 8.8353910446167,
        "runtime": 116.01010847091675
    },
    "66": {
        "score": 8.26702880859375,
        "runtime": 113.50458788871765
    },
    "67": {
        "score": 8.192882537841797,
        "runtime": 116.30722212791443
    },
    "68": {
        "score": 8.026552200317383,
        "runtime": 116.97116947174072
    },
    "69": {
        "score": 7.914096355438232,
        "runtime": 116.25624442100525
    },
    "70": {
        "score": 8.443653106689453,
        "runtime": 116.76363921165466
    },
    "71": {
        "score": 7.5818610191345215,
        "runtime": 115.14523768424988
    },
    "72": {
        "score": 8.856385231018066,
        "runtime": 114.1155571937561
    },
    "73": {
        "score": 8.298775672912598,
        "runtime": 116.19354796409607
    },
    "74": {
        "score": 7.983903884887695,
        "runtime": 114.19354057312012
    },
    "75": {
        "score": 7.911698818206787,
        "runtime": 115.25569200515747
    },
    "76": {
        "score": 8.324511528015137,
        "runtime": 115.82301759719849
    },
    "77": {
        "score": 8.222041130065918,
        "runtime": 114.46748924255371
    },
    "78": {
        "score": 8.272351264953613,
        "runtime": 117.45481324195862
    },
    "79": {
        "score": 8.332258224487305,
        "runtime": 122.07370281219482
    },
    "80": {
        "score": 8.030040740966797,
        "runtime": 114.6423454284668
    },
    "81": {
        "score": 8.046157836914062,
        "runtime": 114.94567322731018
    },
    "82": {
        "score": 7.682587623596191,
        "runtime": 122.293860912323
    },
    "83": {
        "score": 7.627144813537598,
        "runtime": 124.61459159851074
    },
    "84": {
        "score": 7.928025722503662,
        "runtime": 119.16595435142517
    },
    "85": {
        "score": 9.090763092041016,
        "runtime": 113.98314714431763
    },
    "86": {
        "score": 8.06428050994873,