{
    "0": {
        "score": 11.369906425476074,
        "runtime": 20.996000051498413
    },
    "1": {
        "score": 11.296998977661133,
        "runtime": 20.546001434326172
    },
    "2": {
        "score": 11.369906425476074,
        "runtime": 20.80699920654297
    },
    "3": {
        "score": 11.369906425476074,
        "runtime": 20.780000686645508
    },
    "4": {
        "score": 11.285104751586914,
        "runtime": 20.533000230789185
    },
    "5": {
        "score": 11.369906425476074,
        "runtime": 21.058998584747314
    },
    "6": {
        "score": 11.369906425476074,
        "runtime": 20.479999542236328
    },
    "7": {
        "score": 11.369906425476074,
        "runtime": 21.26799964904785
    },
    "8": {
        "score": 11.369906425476074,
        "runtime": 20.76300048828125
    },
    "9": {
        "score": 11.296998977661133,
        "runtime": 21.709996938705444
    },
    "10": {
        "score": 11.369906425476074,
        "runtime": 20.69300103187561
    },
    "11": {
        "score": 11.369906425476074,
        "runtime": 20.619999408721924
    },
    "12": {
        "score": 11.369906425476074,
        "runtime": 20.77000069618225
    },
    "13": {
        "score": 11.369906425476074,
        "runtime": 21.457000255584717
    },
    "14": {
        "score": 11.369906425476074,
        "runtime": 20.889001607894897
    },
    "15": {
        "score": 11.296998977661133,
        "runtime": 20.56799864768982
    },
    "16": {
        "score": 11.369906425476074,
        "runtime": 20.332481384277344
    },
    "17": {
        "score": 11.369906425476074,
        "runtime": 20.713998794555664
    },
    "18": {
        "score": 11.369906425476074,
        "runtime": 20.570997953414917
    },
    "19": {
        "score": 11.369906425476074,
        "runtime": 20.319002389907837
    },
    "20": {
        "score": 11.369906425476074,
        "runtime": 20.848000049591064
    },
    "21": {
        "score": 11.369906425476074,
        "runtime": 20.835000038146973
    },
    "22": {
        "score": 11.369906425476074,
        "runtime": 20.59599757194519
    },
    "23": {
        "score": 11.369906425476074,
        "runtime": 20.568997621536255
    },
    "24": {
        "score": 11.369906425476074,
        "runtime": 20.52200150489807
    },
    "25": {
        "score": 11.369906425476074,
        "runtime": 20.682013750076294
    },
    "26": {
        "score": 11.369906425476074,
        "runtime": 20.913002729415894
    },
    "27": {
        "score": 11.369906425476074,
        "runtime": 20.714000701904297
    },
    "28": {
        "score": 11.369906425476074,
        "runtime": 20.671999216079712
    },
    "29": {
        "score": 11.369906425476074,
        "runtime": 20.669002294540405
    },
    "30": {
        "score": 11.296998977661133,
        "runtime": 21.021002054214478
    },
    "31": {
        "score": 11.285104751586914,
        "runtime": 20.349000215530396
    },
    "32": {
        "score": 11.369906425476074,
        "runtime": 20.775999546051025
    },
    "33": {
        "score": 11.296998977661133,
        "runtime": 20.438997745513916
    },
    "34": {
        "score": 11.369906425476074,
        "runtime": 20.874038457870483
    },
    "35": {
        "score": 11.369906425476074,
        "runtime": 20.90872311592102
    },
    "36": {
        "score": 11.369906425476074,
        "runtime": 20.804001808166504
    },
    "37": {
        "score": 11.296998977661133,
        "runtime": 20.83500051498413
    },
    "38": {
        "score": 11.369906425476074,
        "runtime": 21.073002099990845
    },
    "39": {
        "score": 11.369906425476074,
        "runtime": 20.580999851226807
    },
    "40": {
        "score": 11.369906425476074,
        "runtime": 21.11500072479248
    },
    "41": {
        "score": 11.296998977661133,
        "runtime": 20.66499972343445
    },
    "42": {
        "score": 11.369906425476074,
        "runtime": 20.540001392364502
    },
    "43": {
        "score": 11.369906425476074,
        "runtime": 20.427997589111328
    },
    "44": {
        "score": 11.369906425476074,
        "runtime": 20.419000148773193
    },
    "45": {
        "score": 11.369906425476074,
        "runtime": 20.768011569976807
    },
    "46": {
        "score": 11.369906425476074,
        "runtime": 20.856999397277832
    },
    "47": {
        "score": 11.369906425476074,
        "runtime": 20.64699959754944
    },
    "48": {
        "score": 11.369906425476074,
        "runtime": 20.58999729156494
    },
    "49": {
        "score": 11.296998977661133,
        "runtime": 20.49800133705139
    },
    "50": {
        "score": 11.285104751586914,
        "runtime": 20.311999797821045
    },
    "51": {
        "score": 11.369906425476074,
        "runtime": 20.788001537322998
    },
    "52": {
        "score": 11.369906425476074,
        "runtime": 20.569999933242798
    },
    "53": {
        "score": 11.369906425476074,
        "runtime": 20.65001344680786
    },
    "54": {
        "score": 11.296998977661133,
        "runtime": 20.58600091934204
    },
    "55": {
        "score": 11.369906425476074,
        "runtime": 21.327999353408813
    },
    "56": {
        "score": 11.369906425476074,
        "runtime": 20.733999729156494
    },
    "57": {
        "score": 11.369906425476074,
        "runtime": 20.978001594543457
    },
    "58": {
        "score": 11.369906425476074,
        "runtime": 20.364031314849854
    },
    "59": {
        "score": 11.369906425476074,
        "runtime": 20.866015911102295
    },
    "60": {
        "score": 11.369906425476074,
        "runtime": 20.585000038146973
    },
    "61": {
        "score": 11.369906425476074,
        "runtime": 23.922998428344727
    },
    "62": {
        "score": 11.369906425476074,
        "runtime": 20.7599995136261
    },
    "63": {
        "score": 11.369906425476074,
        "runtime": 21.135000944137573
    },
    "64": {
        "score": 11.369906425476074,
        "runtime": 20.991748571395874
    },
    "65": {
        "score": 11.369906425476074,
        "runtime": 20.779998064041138
    },
    "66": {
        "score": 11.369906425476074,
        "runtime": 20.625016927719116
    },
    "67": {
        "score": 11.296998977661133,
        "runtime": 20.599998474121094
    },
    "68": {
        "score": 11.285104751586914,
        "runtime": 20.51100254058838
    },
    "69": {
        "score": 11.369906425476074,
        "runtime": 20.601001977920532
    },
    "70": {
        "score": 11.369906425476074,
        "runtime": 20.81600022315979
    },
    "71": {
        "score": 11.369906425476074,
        "runtime": 20.800997495651245
    },
    "72": {
        "score": 11.369906425476074,
        "runtime": 20.64200258255005
    },
    "73": {
        "score": 11.369906425476074,
        "runtime": 20.67400050163269
    },
    "74": {
        "score": 11.369906425476074,
        "runtime": 20.747998476028442
    },
    "75": {
        "score": 11.369906425476074,
        "runtime": 20.720999240875244
    },
    "76": {
        "score": 11.369906425476074,
        "runtime": 20.50199866294861
    },
    "77": {
        "score": 11.369906425476074,
        "runtime": 20.631999492645264
    },
    "78": {
        "score": 11.369906425476074,
        "runtime": 21.083999156951904
    },
    "79": {
        "score": 11.296998977661133,
        "runtime": 21.326997756958008
    },
    "80": {
        "score": 11.296998977661133,
        "runtime": 20.588000535964966
    },
    "81": {
        "score": 11.369906425476074,
        "runtime": 20.392998933792114
    },
    "82": {
        "score": 11.369906425476074,
        "runtime": 20.85301446914673
    },
    "83": {
        "score": 11.369906425476074,
        "runtime": 20.99550175666809
    },
    "84": {
        "score": 11.369906425476074,
        "runtime": 20.970998525619507
    },