{
    "0": {
        "score": 11.217923164367676,
        "runtime": 20.265000581741333
    },
    "1": {
        "score": 11.041603088378906,
        "runtime": 20.678999423980713
    },
    "2": {
        "score": 11.041603088378906,
        "runtime": 20.443001985549927
    },
    "3": {
        "score": 11.041603088378906,
        "runtime": 20.694002151489258
    },
    "4": {
        "score": 11.61520004272461,
        "runtime": 20.587000131607056
    },
    "5": {
        "score": 11.61520004272461,
        "runtime": 20.273000955581665
    },
    "6": {
        "score": 11.265057563781738,
        "runtime": 21.235998392105103
    },
    "7": {
        "score": 10.960638999938965,
        "runtime": 20.205003023147583
    },
    "8": {
        "score": 11.350410461425781,
        "runtime": 20.919999837875366
    },
    "9": {
        "score": 11.61520004272461,
        "runtime": 20.769453048706055
    },
    "10": {
        "score": 11.257039070129395,
        "runtime": 20.87000274658203
    },
    "11": {
        "score": 11.041603088378906,
        "runtime": 20.10600256919861
    },
    "12": {
        "score": 11.041603088378906,
        "runtime": 21.526000261306763
    },
    "13": {
        "score": 11.61520004272461,
        "runtime": 20.283998012542725
    },
    "14": {
        "score": 11.041603088378906,
        "runtime": 20.739001512527466
    },
    "15": {
        "score": 10.960638999938965,
        "runtime": 20.549001455307007
    },
    "16": {
        "score": 11.041603088378906,
        "runtime": 21.054998874664307
    },
    "17": {
        "score": 11.041603088378906,
        "runtime": 20.52099895477295
    },
    "18": {
        "score": 11.217923164367676,
        "runtime": 20.628998279571533
    },
    "19": {
        "score": 11.61520004272461,
        "runtime": 20.531999349594116
    },
    "20": {
        "score": 10.960638999938965,
        "runtime": 20.248998165130615
    },
    "21": {
        "score": 11.241954803466797,
        "runtime": 20.64900231361389
    },
    "22": {
        "score": 11.265057563781738,
        "runtime": 20.125998497009277
    },
    "23": {
        "score": 11.537781715393066,
        "runtime": 20.445000648498535
    },
    "24": {
        "score": 11.041603088378906,
        "runtime": 21.176000118255615
    },
    "25": {
        "score": 11.206572532653809,
        "runtime": 20.67101263999939
    },
    "26": {
        "score": 11.537781715393066,
        "runtime": 20.56999969482422
    },
    "27": {
        "score": 11.041603088378906,
        "runtime": 20.35299801826477
    },
    "28": {
        "score": 10.960638999938965,
        "runtime": 20.03900146484375
    },
    "29": {
        "score": 11.241954803466797,
        "runtime": 20.964999437332153
    },
    "30": {
        "score": 11.257039070129395,
        "runtime": 20.13200092315674
    },
    "31": {
        "score": 11.217923164367676,
        "runtime": 20.251996755599976
    },
    "32": {
        "score": 11.257039070129395,
        "runtime": 20.298999309539795
    },
    "33": {
        "score": 10.975724220275879,
        "runtime": 21.064998865127563
    },
    "34": {
        "score": 11.206572532653809,
        "runtime": 20.32404088973999
    },
    "35": {
        "score": 11.61520004272461,
        "runtime": 20.65299963951111
    },
    "36": {
        "score": 11.257039070129395,
        "runtime": 20.065998077392578
    },
    "37": {
        "score": 10.960638999938965,
        "runtime": 20.525002002716064
    },
    "38": {
        "score": 11.265057563781738,
        "runtime": 20.568001747131348
    },
    "39": {
        "score": 11.537781715393066,
        "runtime": 20.959999084472656
    },
    "40": {
        "score": 11.206572532653809,
        "runtime": 20.52499747276306
    },
    "41": {
        "score": 11.257039070129395,
        "runtime": 20.277003526687622
    },
    "42": {
        "score": 11.241954803466797,
        "runtime": 20.057997226715088
    },
    "43": {
        "score": 11.222424507141113,
        "runtime": 20.217000722885132
    },
    "44": {
        "score": 11.241954803466797,
        "runtime": 20.463000059127808
    },
    "45": {
        "score": 11.387751579284668,
        "runtime": 20.30000114440918
    },
    "46": {
        "score": 11.206572532653809,
        "runtime": 20.565014123916626
    },
    "47": {
        "score": 11.61520004272461,
        "runtime": 20.35899782180786
    },
    "48": {
        "score": 11.41668701171875,
        "runtime": 20.507999420166016
    },
    "49": {
        "score": 11.241954803466797,
        "runtime": 20.966001272201538
    },
    "50": {
        "score": 11.241954803466797,
        "runtime": 20.601000785827637
    },
    "51": {
        "score": 11.241954803466797,
        "runtime": 20.36499786376953
    },
    "52": {
        "score": 11.041603088378906,
        "runtime": 20.53999972343445
    },
    "53": {
        "score": 11.241954803466797,
        "runtime": 20.420000314712524
    },
    "54": {
        "score": 11.041603088378906,
        "runtime": 20.302998304367065
    },
    "55": {
        "score": 11.041603088378906,
        "runtime": 20.698997974395752
    },
    "56": {
        "score": 11.041603088378906,
        "runtime": 20.389002799987793
    },
    "57": {
        "score": 11.257039070129395,
        "runtime": 20.73300004005432
    },
    "58": {
        "score": 11.138986587524414,
        "runtime": 19.83402967453003
    },
    "59": {
        "score": 11.041603088378906,
        "runtime": 20.683013677597046
    },
    "60": {
        "score": 11.241954803466797,
        "runtime": 20.93199920654297
    },
    "61": {
        "score": 11.61520004272461,
        "runtime": 21.5319983959198
    },
    "62": {
        "score": 11.041603088378906,
        "runtime": 20.7669997215271
    },
    "63": {
        "score": 10.960638999938965,
        "runtime": 20.329001665115356
    },
    "64": {
        "score": 11.041603088378906,
        "runtime": 20.56474757194519
    },
    "65": {
        "score": 11.217923164367676,
        "runtime": 20.546000480651855
    },
    "66": {
        "score": 11.241954803466797,
        "runtime": 20.261017560958862
    },
    "67": {
        "score": 11.217923164367676,
        "runtime": 20.575001001358032
    },
    "68": {
        "score": 11.241954803466797,
        "runtime": 20.294997453689575
    },
    "69": {
        "score": 11.537781715393066,
        "runtime": 20.466000080108643
    },
    "70": {
        "score": 11.041603088378906,
        "runtime": 20.940999269485474
    },
    "71": {
        "score": 11.265057563781738,
        "runtime": 20.528000354766846
    },
    "72": {
        "score": 11.041603088378906,
        "runtime": 21.023998022079468
    },
    "73": {
        "score": 11.265057563781738,
        "runtime": 20.16600012779236
    },
    "74": {
        "score": 11.206572532653809,
        "runtime": 20.571000337600708
    },
    "75": {
        "score": 11.041603088378906,
        "runtime": 20.339001417160034
    },
    "76": {
        "score": 11.257039070129395,
        "runtime": 21.062000274658203
    },
    "77": {
        "score": 11.041603088378906,
        "runtime": 20.751999378204346
    },
    "78": {
        "score": 11.217923164367676,
        "runtime": 20.414999961853027
    },
    "79": {
        "score": 11.041603088378906,
        "runtime": 20.48999857902527
    },
    "80": {
        "score": 11.041603088378906,
        "runtime": 21.04099988937378
    },
    "81": {
        "score": 11.241954803466797,
        "runtime": 20.503002882003784
    },
    "82": {
        "score": 11.241954803466797,
        "runtime": 20.622010469436646
    },
    "83": {
        "score": 11.241954803466797,
        "runtime": 20.391502857208252
    },
    "84": {
        "score": 11.257039070129395,
        "runtime": 20.19599986076355
    },
    "85": {
        "score": 11.041603088378906,