{
    "0": {
        "score": 11.124629974365234,
        "runtime": 20.40399956703186
    },
    "1": {
        "score": 11.124629974365234,
        "runtime": 20.678000926971436
    },
    "2": {
        "score": 11.124629974365234,
        "runtime": 19.846002340316772
    },
    "3": {
        "score": 11.124629974365234,
        "runtime": 20.65899968147278
    },
    "4": {
        "score": 11.133386611938477,
        "runtime": 20.475998878479004
    },
    "5": {
        "score": 11.133386611938477,
        "runtime": 20.476000547409058
    },
    "6": {
        "score": 11.124629974365234,
        "runtime": 20.56999969482422
    },
    "7": {
        "score": 11.124629974365234,
        "runtime": 20.50799870491028
    },
    "8": {
        "score": 11.133386611938477,
        "runtime": 20.19499969482422
    },
    "9": {
        "score": 11.124629974365234,
        "runtime": 21.1460018157959
    },
    "10": {
        "score": 11.124629974365234,
        "runtime": 20.562998056411743
    },
    "11": {
        "score": 11.133386611938477,
        "runtime": 20.5469970703125
    },
    "12": {
        "score": 11.124629974365234,
        "runtime": 20.609028100967407
    },
    "13": {
        "score": 11.124629974365234,
        "runtime": 20.707523345947266
    },
    "14": {
        "score": 11.124629974365234,
        "runtime": 20.351001024246216
    },
    "15": {
        "score": 11.124629974365234,
        "runtime": 20.931002140045166
    },
    "16": {
        "score": 11.124629974365234,
        "runtime": 20.29900074005127
    },
    "17": {
        "score": 11.124629974365234,
        "runtime": 21.069999933242798
    },
    "18": {
        "score": 11.124629974365234,
        "runtime": 20.487000226974487
    },
    "19": {
        "score": 11.124629974365234,
        "runtime": 20.900001049041748
    },
    "20": {
        "score": 11.124629974365234,
        "runtime": 20.089998245239258
    },
    "21": {
        "score": 11.124629974365234,
        "runtime": 20.91200017929077
    },
    "22": {
        "score": 11.124629974365234,
        "runtime": 20.160999059677124
    },
    "23": {
        "score": 11.133386611938477,
        "runtime": 20.346998929977417
    },
    "24": {
        "score": 11.124629974365234,
        "runtime": 20.393999576568604
    },
    "25": {
        "score": 11.124629974365234,
        "runtime": 20.346999883651733
    },
    "26": {
        "score": 11.133386611938477,
        "runtime": 20.875463008880615
    },
    "27": {
        "score": 11.133386611938477,
        "runtime": 20.416999578475952
    },
    "28": {
        "score": 11.124629974365234,
        "runtime": 20.29300022125244
    },
    "29": {
        "score": 11.124629974365234,
        "runtime": 20.312999486923218
    },
    "30": {
        "score": 11.124629974365234,
        "runtime": 20.502002477645874
    },
    "31": {
        "score": 11.124629974365234,
        "runtime": 20.843997716903687
    },
    "32": {
        "score": 11.124629974365234,
        "runtime": 21.045002937316895
    },
    "33": {
        "score": 11.124629974365234,
        "runtime": 20.298016786575317
    },
    "34": {
        "score": 11.124629974365234,
        "runtime": 20.34499979019165
    },
    "35": {
        "score": 11.124629974365234,
        "runtime": 20.662201642990112
    },
    "36": {
        "score": 11.124629974365234,
        "runtime": 20.884999990463257
    },
    "37": {
        "score": 11.124629974365234,
        "runtime": 20.328999519348145
    },
    "38": {
        "score": 11.124629974365234,
        "runtime": 20.046998023986816
    },
    "39": {
        "score": 11.124629974365234,
        "runtime": 20.395998001098633
    },
    "40": {
        "score": 11.124629974365234,
        "runtime": 20.661999225616455
    },
    "41": {
        "score": 11.124629974365234,
        "runtime": 20.086482524871826
    },
    "42": {
        "score": 11.133386611938477,
        "runtime": 21.173002004623413
    },
    "43": {
        "score": 11.124629974365234,
        "runtime": 20.250998973846436
    },
    "44": {
        "score": 11.124629974365234,
        "runtime": 20.908999919891357
    },
    "45": {
        "score": 11.124629974365234,
        "runtime": 20.709998607635498
    },
    "46": {
        "score": 11.133386611938477,
        "runtime": 20.97199821472168
    },
    "47": {
        "score": 11.124629974365234,
        "runtime": 20.365000247955322
    },
    "48": {
        "score": 11.124629974365234,
        "runtime": 21.06699776649475
    },
    "49": {
        "score": 11.124629974365234,
        "runtime": 20.376526355743408
    },
    "50": {
        "score": 11.124629974365234,
        "runtime": 21.081997871398926
    },
    "51": {
        "score": 11.124629974365234,
        "runtime": 20.361999034881592
    },
    "52": {
        "score": 11.124629974365234,
        "runtime": 20.491000652313232
    },
    "53": {
        "score": 11.133386611938477,
        "runtime": 20.144001007080078
    },
    "54": {
        "score": 11.124629974365234,
        "runtime": 20.548002243041992
    },
    "55": {
        "score": 11.124629974365234,
        "runtime": 20.488001108169556
    },
    "56": {
        "score": 11.124629974365234,
        "runtime": 20.586001873016357
    },
    "57": {
        "score": 11.133386611938477,
        "runtime": 21.32674551010132
    },
    "58": {
        "score": 11.374934196472168,
        "runtime": 20.111998796463013
    },
    "59": {
        "score": 11.124629974365234,
        "runtime": 20.948000192642212
    },
    "60": {
        "score": 11.133386611938477,
        "runtime": 20.36900281906128
    },
    "61": {
        "score": 11.124629974365234,
        "runtime": 21.25800347328186
    },
    "62": {
        "score": 11.124629974365234,
        "runtime": 20.614999532699585
    },
    "63": {
        "score": 11.124629974365234,
        "runtime": 20.272998094558716
    },
    "64": {
        "score": 11.133386611938477,
        "runtime": 20.225001335144043
    },
    "65": {
        "score": 11.124629974365234,
        "runtime": 20.07099962234497
    },
    "66": {
        "score": 11.124629974365234,
        "runtime": 20.396999835968018
    },
    "67": {
        "score": 11.124629974365234,
        "runtime": 20.215001344680786
    },
    "68": {
        "score": 11.133386611938477,
        "runtime": 20.54500102996826
    },
    "69": {
        "score": 11.124629974365234,
        "runtime": 20.241002321243286
    },
    "70": {
        "score": 11.124629974365234,
        "runtime": 20.36099886894226
    },
    "71": {
        "score": 11.124629974365234,
        "runtime": 21.552000284194946
    },
    "72": {
        "score": 11.124629974365234,
        "runtime": 20.42199969291687
    },
    "73": {
        "score": 11.124629974365234,
        "runtime": 20.818000316619873
    },
    "74": {
        "score": 11.124629974365234,
        "runtime": 20.81300187110901
    },
    "75": {
        "score": 11.124629974365234,
        "runtime": 20.620998859405518
    },
    "76": {
        "score": 11.124629974365234,
        "runtime": 20.237030029296875
    },
    "77": {
        "score": 11.124629974365234,
        "runtime": 20.95200228691101
    },
    "78": {
        "score": 11.124629974365234,
        "runtime": 20.395000219345093
    },
    "79": {
        "score": 11.133386611938477,
        "runtime": 20.732999563217163
    },
    "80": {
        "score": 11.124629974365234,
        "runtime": 20.217003107070923
    },
    "81": {
        "score": 11.124629974365234,
        "runtime": 20.353002548217773
    },
    "82": {
        "score": 11.124629974365234,
        "runtime": 20.44199776649475
    },
    "83": {
        "score": 11.124629974365234,
        "runtime": 21.01099991798401
    },
    "84": {
        "score": 11.124629974365234,
        "runtime": 20.17000150680542
    },