{
    "0": {
        "score": 11.207168579101562,
        "runtime": 20.177000284194946
    },
    "1": {
        "score": 11.086404800415039,
        "runtime": 20.924997329711914
    },
    "2": {
        "score": 11.22956657409668,
        "runtime": 20.735999584197998
    },
    "3": {
        "score": 11.207168579101562,
        "runtime": 21.07100009918213
    },
    "4": {
        "score": 11.207168579101562,
        "runtime": 20.244999885559082
    },
    "5": {
        "score": 11.086404800415039,
        "runtime": 20.279999017715454
    },
    "6": {
        "score": 11.086404800415039,
        "runtime": 20.689000606536865
    },
    "7": {
        "score": 11.086404800415039,
        "runtime": 20.338001251220703
    },
    "8": {
        "score": 11.108802795410156,
        "runtime": 20.466000080108643
    },
    "9": {
        "score": 11.086404800415039,
        "runtime": 20.55100131034851
    },
    "10": {
        "score": 11.086404800415039,
        "runtime": 20.58699941635132
    },
    "11": {
        "score": 11.086404800415039,
        "runtime": 21.35599970817566
    },
    "12": {
        "score": 11.454029083251953,
        "runtime": 20.05002784729004
    },
    "13": {
        "score": 11.086404800415039,
        "runtime": 20.479999780654907
    },
    "14": {
        "score": 11.108802795410156,
        "runtime": 21.056999683380127
    },
    "15": {
        "score": 11.207168579101562,
        "runtime": 20.27999997138977
    },
    "16": {
        "score": 11.086404800415039,
        "runtime": 20.150519132614136
    },
    "17": {
        "score": 11.086404800415039,
        "runtime": 20.502000093460083
    },
    "18": {
        "score": 11.086404800415039,
        "runtime": 21.103999614715576
    },
    "19": {
        "score": 11.108802795410156,
        "runtime": 20.303001880645752
    },
    "20": {
        "score": 11.601536750793457,
        "runtime": 20.814998865127563
    },
    "21": {
        "score": 11.601536750793457,
        "runtime": 20.281998872756958
    },
    "22": {
        "score": 11.086404800415039,
        "runtime": 21.170998334884644
    },
    "23": {
        "score": 11.300301551818848,
        "runtime": 20.35599994659424
    },
    "24": {
        "score": 11.086404800415039,
        "runtime": 21.3249990940094
    },
    "25": {
        "score": 11.108802795410156,
        "runtime": 20.303999662399292
    },
    "26": {
        "score": 11.108802795410156,
        "runtime": 20.09046506881714
    },
    "27": {
        "score": 11.086404800415039,
        "runtime": 21.184000253677368
    },
    "28": {
        "score": 11.086404800415039,
        "runtime": 21.262999534606934
    },
    "29": {
        "score": 11.108802795410156,
        "runtime": 20.28500008583069
    },
    "30": {
        "score": 11.086404800415039,
        "runtime": 20.340002059936523
    },
    "31": {
        "score": 11.086404800415039,
        "runtime": 20.638999938964844
    },
    "32": {
        "score": 11.086404800415039,
        "runtime": 20.30600142478943
    },
    "33": {
        "score": 11.086404800415039,
        "runtime": 20.503015279769897
    },
    "34": {
        "score": 11.086404800415039,
        "runtime": 20.805001497268677
    },
    "35": {
        "score": 11.086404800415039,
        "runtime": 20.305001974105835
    },
    "36": {
        "score": 11.108802795410156,
        "runtime": 20.49099898338318
    },
    "37": {
        "score": 11.207168579101562,
        "runtime": 19.987000226974487
    },
    "38": {
        "score": 11.601536750793457,
        "runtime": 20.294999599456787
    },
    "39": {
        "score": 11.086404800415039,
        "runtime": 20.427001476287842
    },
    "40": {
        "score": 11.601536750793457,
        "runtime": 20.57599902153015
    },
    "41": {
        "score": 11.086404800415039,
        "runtime": 20.895482540130615
    },
    "42": {
        "score": 11.086404800415039,
        "runtime": 20.876999378204346
    },
    "43": {
        "score": 11.086404800415039,
        "runtime": 20.59199833869934
    },
    "44": {
        "score": 11.086404800415039,
        "runtime": 20.444002389907837
    },
    "45": {
        "score": 11.086404800415039,
        "runtime": 20.543999671936035
    },
    "46": {
        "score": 11.086404800415039,
        "runtime": 20.362000465393066
    },
    "47": {
        "score": 11.086404800415039,
        "runtime": 20.831002473831177
    },
    "48": {
        "score": 11.086404800415039,
        "runtime": 20.09100079536438
    },
    "49": {
        "score": 11.086404800415039,
        "runtime": 20.314000129699707
    },
    "50": {
        "score": 11.601536750793457,
        "runtime": 20.420000076293945
    },
    "51": {
        "score": 11.601536750793457,
        "runtime": 20.90499973297119
    },
    "52": {
        "score": 11.601536750793457,
        "runtime": 20.33199954032898
    },
    "53": {
        "score": 11.086404800415039,
        "runtime": 21.110000610351562
    },
    "54": {
        "score": 11.108802795410156,
        "runtime": 20.21999979019165
    },
    "55": {
        "score": 11.086404800415039,
        "runtime": 20.408002138137817
    },
    "56": {
        "score": 11.108802795410156,
        "runtime": 21.009000301361084
    },
    "57": {
        "score": 11.086404800415039,
        "runtime": 20.576746702194214
    },
    "58": {
        "score": 11.086404800415039,
        "runtime": 20.77099847793579
    },
    "59": {
        "score": 11.601536750793457,
        "runtime": 20.29199981689453
    },
    "60": {
        "score": 11.086404800415039,
        "runtime": 20.277000427246094
    },
    "61": {
        "score": 11.086404800415039,
        "runtime": 23.408000230789185
    },
    "62": {
        "score": 11.601536750793457,
        "runtime": 21.17300248146057
    },
    "63": {
        "score": 11.207168579101562,
        "runtime": 20.682000398635864
    },
    "64": {
        "score": 11.086404800415039,
        "runtime": 21.174999713897705
    },
    "65": {
        "score": 11.086404800415039,
        "runtime": 20.245001554489136
    },
    "66": {
        "score": 11.207168579101562,
        "runtime": 20.84800100326538
    },
    "67": {
        "score": 11.108802795410156,
        "runtime": 20.297998666763306
    },
    "68": {
        "score": 11.601536750793457,
        "runtime": 20.83600091934204
    },
    "69": {
        "score": 11.086404800415039,
        "runtime": 20.201000690460205
    },
    "70": {
        "score": 11.108802795410156,
        "runtime": 20.45599889755249
    },
    "71": {
        "score": 11.086404800415039,
        "runtime": 20.868000507354736
    },
    "72": {
        "score": 11.601536750793457,
        "runtime": 20.636998176574707
    },
    "73": {
        "score": 11.108802795410156,
        "runtime": 20.390997886657715
    },
    "74": {
        "score": 11.086404800415039,
        "runtime": 21.4089994430542
    },
    "75": {
        "score": 11.108802795410156,
        "runtime": 20.649001359939575
    },
    "76": {
        "score": 11.086404800415039,
        "runtime": 20.63302969932556
    },
    "77": {
        "score": 11.601536750793457,
        "runtime": 20.198001384735107
    },
    "78": {
        "score": 11.108802795410156,
        "runtime": 20.487000226974487
    },
    "79": {
        "score": 11.601536750793457,
        "runtime": 20.226000785827637
    },
    "80": {
        "score": 11.601536750793457,
        "runtime": 20.556001663208008
    },
    "81": {
        "score": 11.086404800415039,
        "runtime": 20.350000143051147
    },
    "82": {
        "score": 11.086404800415039,
        "runtime": 21.316002368927002
    },
    "83": {
        "score": 11.086404800415039,
        "runtime": 20.470000743865967
    },
    "84": {
        "score": 11.086404800415039,
        "runtime": 21.063998222351074
    },