{
    "epoch=13-train_score=17.13534": {
        "result_avg": {
            "score": 17.42969549179077,
            "runtime": 191.94288780212403
        },
        "result_std": {
            "score": 0.0006479796868876297,
            "runtime": 114.20894785536927
        }
    },
    "epoch=15-train_score=17.48128": {
        "result_avg": {
            "score": 16.966502990722656,
            "runtime": 192.30584739208223
        },
        "result_std": {
            "score": 0.01578795043683785,
            "runtime": 105.42698681888305
        }
    },
    "epoch=11-train_score=17.63382": {
        "result_avg": {
            "score": 17.09153882980347,
            "runtime": 191.42490594387056
        },
        "result_std": {
            "score": 0.028183800584032363,
            "runtime": 100.26535216294684
        }
    },
    "epoch=9-train_score=17.83665": {
        "result_avg": {
            "score": 17.910560646057128,
            "runtime": 191.4632006239891
        },
        "result_std": {
            "score": 0.00957291517697596,
            "runtime": 95.8777760077428
        }
    },
    "epoch=3-train_score=18.35944": {
        "result_avg": {
            "score": 19.733370094299318,
            "runtime": 191.473914706707
        },
        "result_std": {
            "score": 0.07267072292103113,
            "runtime": 96.6745703632014
        }
    }
}