{
    "0": {
        "score": 17.181488037109375,
        "runtime": 190.15816259384155
    },
    "1": {
        "score": 17.181488037109375,
        "runtime": 190.85059881210327
    },
    "2": {
        "score": 17.15033531188965,
        "runtime": 189.98263573646545
    },
    "3": {
        "score": 17.19228172302246,
        "runtime": 190.10406351089478
    },
    "4": {
        "score": 17.15033531188965,
        "runtime": 192.60143303871155
    },
    "5": {
        "score": 17.257871627807617,
        "runtime": 188.72809386253357
    },
    "6": {
        "score": 16.855804443359375,
        "runtime": 190.27376747131348
    },
    "7": {
        "score": 17.22951316833496,
        "runtime": 190.5544719696045
    },
    "8": {
        "score": 17.15033531188965,
        "runtime": 189.3679883480072
    },
    "9": {
        "score": 16.817346572875977,
        "runtime": 192.88238906860352
    },
    "10": {
        "score": 17.15033531188965,
        "runtime": 188.75500082969666
    },
    "11": {
        "score": 17.2041072845459,
        "runtime": 192.20447397232056
    },
    "12": {
        "score": 17.22951316833496,
        "runtime": 191.39705181121826
    },
    "13": {
        "score": 17.035694122314453,
        "runtime": 190.4520034790039
    },
    "14": {
        "score": 17.223600387573242,
        "runtime": 192.57198429107666
    },
    "15": {
        "score": 17.19228172302246,
        "runtime": 191.82248067855835
    },
    "16": {
        "score": 17.15033531188965,
        "runtime": 190.6749746799469
    },
    "17": {
        "score": 17.112077713012695,
        "runtime": 193.15848541259766
    },
    "18": {
        "score": 17.22951316833496,
        "runtime": 189.7554669380188
    },
    "19": {
        "score": 17.25475311279297,
        "runtime": 191.66699957847595
    },
    "20": {
        "score": 16.744083404541016,
        "runtime": 189.28099822998047
    },
    "21": {
        "score": 17.15033531188965,
        "runtime": 189.57267594337463
    },
    "22": {
        "score": 16.744083404541016,
        "runtime": 188.36700177192688
    },
    "23": {
        "score": 17.172954559326172,
        "runtime": 186.09600114822388
    },
    "24": {
        "score": 17.22951316833496,
        "runtime": 188.3102970123291
    },
    "25": {
        "score": 17.214900970458984,
        "runtime": 189.78699827194214
    },
    "26": {
        "score": 16.744083404541016,
        "runtime": 187.79000091552734
    },
    "27": {
        "score": 16.93046760559082,
        "runtime": 192.55925154685974
    },
    "28": {
        "score": 17.1197509765625,
        "runtime": 189.32499766349792
    },
    "29": {
        "score": 17.15033531188965,
        "runtime": 191.19292736053467
    },
    "30": {
        "score": 17.161128997802734,
        "runtime": 189.9890022277832
    },
    "31": {
        "score": 17.19228172302246,
        "runtime": 192.47851753234863
    },
    "32": {
        "score": 16.795291900634766,
        "runtime": 189.53800082206726
    },
    "33": {
        "score": 17.15033531188965,
        "runtime": 190.95000004768372
    },
    "34": {
        "score": 17.288454055786133,
        "runtime": 190.04007124900818
    },
    "35": {
        "score": 17.161128997802734,
        "runtime": 189.29799842834473
    },
    "36": {
        "score": 17.181488037109375,
        "runtime": 189.74146699905396
    },
    "37": {
        "score": 16.744083404541016,
        "runtime": 189.75899744033813
    },
    "38": {
        "score": 17.172954559326172,
        "runtime": 191.22900223731995
    },
    "39": {
        "score": 16.97154426574707,
        "runtime": 190.79300141334534
    },
    "40": {
        "score": 17.15033531188965,
        "runtime": 190.89249110221863
    },
    "41": {
        "score": 17.180217742919922,
        "runtime": 189.32399988174438
    },
    "42": {
        "score": 17.161128997802734,
        "runtime": 187.3575119972229
    },
    "43": {
        "score": 17.15033531188965,
        "runtime": 191.52399802207947
    },
    "44": {
        "score": 17.214900970458984,
        "runtime": 190.46705293655396
    },
    "45": {
        "score": 17.181488037109375,
        "runtime": 191.35000252723694
    },
    "46": {
        "score": 17.25475311279297,
        "runtime": 191.64099860191345
    },
    "47": {
        "score": 16.7548770904541,
        "runtime": 191.61700892448425
    },
    "48": {
        "score": 17.181488037109375,
        "runtime": 194.33700037002563
    },
    "49": {
        "score": 17.2041072845459,
        "runtime": 189.57845091819763
    },
    "50": {
        "score": 17.15033531188965,
        "runtime": 190.7911832332611
    },
    "51": {
        "score": 17.15033531188965,
        "runtime": 190.89794421195984
    },
    "52": {
        "score": 17.172954559326172,
        "runtime": 192.544939994812
    },
    "53": {
        "score": 17.172954559326172,
        "runtime": 185.24700164794922
    },
    "54": {
        "score": 17.181488037109375,
        "runtime": 184.27546405792236
    },
    "55": {
        "score": 17.181488037109375,
        "runtime": 183.10200142860413
    },
    "56": {
        "score": 17.172954559326172,
        "runtime": 183.08199834823608
    },
    "57": {
        "score": 16.7548770904541,
        "runtime": 183.21451544761658
    },
    "58": {
        "score": 17.15033531188965,
        "runtime": 182.36599779129028
    },
    "59": {
        "score": 17.246219635009766,
        "runtime": 184.22948932647705
    },
    "60": {
        "score": 17.15033531188965,
        "runtime": 183.316002368927
    },
    "61": {
        "score": 17.15033531188965,
        "runtime": 185.48845267295837
    },
    "62": {
        "score": 16.817346572875977,
        "runtime": 184.83081674575806
    },
    "63": {
        "score": 17.180217742919922,
        "runtime": 219.26110458374023
    },
    "64": {
        "score": 17.15033531188965,
        "runtime": 185.01900148391724
    },
    "65": {
        "score": 17.15033531188965,
        "runtime": 185.95300006866455
    },
    "66": {
        "score": 17.035694122314453,
        "runtime": 187.37907433509827
    },
    "67": {
        "score": 17.181488037109375,
        "runtime": 184.3931531906128
    },
    "68": {
        "score": 17.181488037109375,
        "runtime": 186.0474808216095
    },
    "69": {
        "score": 17.177446365356445,
        "runtime": 186.56712341308594
    },
    "70": {
        "score": 17.035694122314453,
        "runtime": 185.30024075508118
    },
    "71": {
        "score": 17.15033531188965,
        "runtime": 185.6529996395111
    },
    "72": {
        "score": 17.180217742919922,
        "runtime": 185.81402969360352
    },
    "73": {
        "score": 16.744083404541016,
        "runtime": 186.26004314422607
    },
    "74": {
        "score": 17.19228172302246,
        "runtime": 184.89302778244019
    },
    "75": {
        "score": 16.744083404541016,
        "runtime": 184.84209632873535
    },
    "76": {
        "score": 17.035694122314453,
        "runtime": 185.39246773719788
    },
    "77": {
        "score": 17.161128997802734,
        "runtime": 184.67463779449463
    },
    "78": {
        "score": 16.744083404541016,
        "runtime": 184.97848415374756
    },
    "79": {
        "score": 17.09198570251465,
        "runtime": 186.1850025653839
    },
    "80": {
        "score": 16.83349609375,
        "runtime": 184.88502955436707
    },
    "81": {
        "score": 16.744081497192383,
        "runtime": 184.0247678756714
    },
    "82": {
        "score": 16.744083404541016,
        "runtime": 183.83958435058594
    },
    "83": {
        "score": 17.181488037109375,
        "runtime": 218.5193166732788
    },
    "84": {
        "score": 17.183748245239258,
        "runtime": 194.63556432724
    },
    "85": {
        "score": 17.15033531188965,