{
    "0": {
        "score": 17.184768676757812,
        "runtime": 190.51216053962708
    },
    "1": {
        "score": 16.973676681518555,
        "runtime": 193.21259570121765
    },
    "2": {
        "score": 16.9585018157959,
        "runtime": 191.24463367462158
    },
    "3": {
        "score": 16.90375518798828,
        "runtime": 190.241064786911
    },
    "4": {
        "score": 17.006380081176758,
        "runtime": 191.99143075942993
    },
    "5": {
        "score": 17.091157913208008,
        "runtime": 190.6780936717987
    },
    "6": {
        "score": 16.9585018157959,
        "runtime": 191.19177079200745
    },
    "7": {
        "score": 16.813119888305664,
        "runtime": 191.71147108078003
    },
    "8": {
        "score": 16.813119888305664,
        "runtime": 190.93398761749268
    },
    "9": {
        "score": 17.0484676361084,
        "runtime": 193.3243887424469
    },
    "10": {
        "score": 16.935888290405273,
        "runtime": 188.385999917984
    },
    "11": {
        "score": 16.861713409423828,
        "runtime": 190.911474943161
    },
    "12": {
        "score": 16.970033645629883,
        "runtime": 190.77605485916138
    },
    "13": {
        "score": 17.006380081176758,
        "runtime": 191.14000153541565
    },
    "14": {
        "score": 16.8653564453125,
        "runtime": 191.94998359680176
    },
    "15": {
        "score": 16.970603942871094,
        "runtime": 189.14748191833496
    },
    "16": {
        "score": 16.901132583618164,
        "runtime": 190.92597436904907
    },
    "17": {
        "score": 16.973676681518555,
        "runtime": 191.77696537971497
    },
    "18": {
        "score": 16.739099502563477,
        "runtime": 190.442467212677
    },
    "19": {
        "score": 17.039005279541016,
        "runtime": 191.55800104141235
    },
    "20": {
        "score": 17.091537475585938,
        "runtime": 190.1949999332428
    },
    "21": {
        "score": 16.9585018157959,
        "runtime": 190.13667392730713
    },
    "22": {
        "score": 17.091157913208008,
        "runtime": 189.34800004959106
    },
    "23": {
        "score": 16.939531326293945,
        "runtime": 187.9670021533966
    },
    "24": {
        "score": 16.966960906982422,
        "runtime": 191.41129636764526
    },
    "25": {
        "score": 16.863203048706055,
        "runtime": 189.50200247764587
    },
    "26": {
        "score": 16.735454559326172,
        "runtime": 192.4319999217987
    },
    "27": {
        "score": 17.091157913208008,
        "runtime": 192.18125200271606
    },
    "28": {
        "score": 16.8653564453125,
        "runtime": 190.3580024242401
    },
    "29": {
        "score": 17.083223342895508,
        "runtime": 191.33192944526672
    },
    "30": {
        "score": 16.901132583618164,
        "runtime": 191.05200171470642
    },
    "31": {
        "score": 16.754314422607422,
        "runtime": 191.49451804161072
    },
    "32": {
        "score": 16.859560012817383,
        "runtime": 191.92000150680542
    },
    "33": {
        "score": 17.091344833374023,
        "runtime": 191.95900058746338
    },
    "34": {
        "score": 16.863203048706055,
        "runtime": 190.4314830303192
    },
    "35": {
        "score": 16.973676681518555,
        "runtime": 189.62799787521362
    },
    "36": {
        "score": 17.091157913208008,
        "runtime": 189.99446630477905
    },
    "37": {
        "score": 17.077129364013672,
        "runtime": 190.03999853134155
    },
    "38": {
        "score": 17.12901496887207,
        "runtime": 192.50199818611145
    },
    "39": {
        "score": 16.95849609375,
        "runtime": 189.6209990978241
    },
    "40": {
        "score": 16.973676681518555,
        "runtime": 190.3334925174713
    },
    "41": {
        "score": 17.041135787963867,
        "runtime": 190.49599766731262
    },
    "42": {
        "score": 16.863203048706055,
        "runtime": 190.80499839782715
    },
    "43": {
        "score": 17.091157913208008,
        "runtime": 191.4770007133484
    },
    "44": {
        "score": 16.813119888305664,
        "runtime": 191.2220537662506
    },
    "45": {
        "score": 16.9585018157959,
        "runtime": 192.83499765396118
    },
    "46": {
        "score": 16.95849609375,
        "runtime": 192.086998462677
    },
    "47": {
        "score": 17.002737045288086,
        "runtime": 193.0950117111206
    },
    "48": {
        "score": 17.091157913208008,
        "runtime": 194.7709996700287
    },
    "49": {
        "score": 16.82742691040039,
        "runtime": 193.28445315361023
    },
    "50": {
        "score": 16.72218132019043,
        "runtime": 192.12218236923218
    },
    "51": {
        "score": 16.973676681518555,
        "runtime": 191.4969449043274
    },
    "52": {
        "score": 17.0484676361084,
        "runtime": 192.93294215202332
    },
    "53": {
        "score": 17.091157913208008,
        "runtime": 183.65199971199036
    },
    "54": {
        "score": 16.8653564453125,
        "runtime": 184.29396510124207
    },
    "55": {
        "score": 17.091157913208008,
        "runtime": 184.39999890327454
    },
    "56": {
        "score": 16.9585018157959,
        "runtime": 184.19900107383728
    },
    "57": {
        "score": 16.939531326293945,
        "runtime": 182.9745180606842
    },
    "58": {
        "score": 17.077129364013672,
        "runtime": 186.19099926948547
    },
    "59": {
        "score": 17.18438720703125,
        "runtime": 185.37548804283142
    },
    "60": {
        "score": 16.95849609375,
        "runtime": 182.8400001525879
    },
    "61": {
        "score": 16.970603942871094,
        "runtime": 185.31945300102234
    },
    "62": {
        "score": 17.006380081176758,
        "runtime": 183.58581709861755
    },
    "63": {
        "score": 16.95849609375,
        "runtime": 221.5595989227295
    },
    "64": {
        "score": 16.759241104125977,
        "runtime": 184.65299940109253
    },
    "65": {
        "score": 17.077129364013672,
        "runtime": 186.08999872207642
    },
    "66": {
        "score": 16.99690055847168,
        "runtime": 187.8110752105713
    },
    "67": {
        "score": 17.006380081176758,
        "runtime": 186.41415286064148
    },
    "68": {
        "score": 16.966960906982422,
        "runtime": 187.24948143959045
    },
    "69": {
        "score": 16.813114166259766,
        "runtime": 187.69212198257446
    },
    "70": {
        "score": 17.006380081176758,
        "runtime": 188.0282382965088
    },
    "71": {
        "score": 17.044776916503906,
        "runtime": 189.40800094604492
    },
    "72": {
        "score": 16.939531326293945,
        "runtime": 184.95502734184265
    },
    "73": {
        "score": 16.81391716003418,
        "runtime": 185.67151379585266
    },
    "74": {
        "score": 17.039005279541016,
        "runtime": 186.5210554599762
    },
    "75": {
        "score": 16.970603942871094,
        "runtime": 185.9410960674286
    },
    "76": {
        "score": 16.901132583618164,
        "runtime": 185.18546748161316
    },
    "77": {
        "score": 16.91318130493164,
        "runtime": 185.635999917984
    },
    "78": {
        "score": 16.9585018157959,
        "runtime": 186.91945362091064
    },
    "79": {
        "score": 16.739099502563477,
        "runtime": 186.5880012512207
    },
    "80": {
        "score": 17.091157913208008,
        "runtime": 186.65602612495422
    },
    "81": {
        "score": 17.200279235839844,
        "runtime": 183.46185541152954
    },
    "82": {
        "score": 17.0484676361084,
        "runtime": 184.63965249061584
    },
    "83": {
        "score": 17.091157913208008,
        "runtime": 217.9575412273407
    },
    "84": {
        "score": 16.930124282836914,
        "runtime": 194.28942322731018
    },
    "85": {
        "score": 17.006380081176758,
        "runtime": 238.08771586418152
    },