{
    "epoch=23-train_score=3.76809": {
        "result_avg": {
            "score": 3.7505701780319214,
            "runtime": 1.390107274055481
        },
        "result_std": {
            "score": 0.0025310976775614336,
            "runtime": 1.2009770813392606e-06
        }
    }
}