{
    "0": {
        "score": 3.7002601623535156,
        "runtime": 1.3890113830566406
    },
    "1": {
        "score": 3.800880193710327,
        "runtime": 1.3912031650543213
    },
    "average": {
        "score": 3.7505701780319214,
        "runtime": 1.390107274055481
    },
    "std": {
        "score": 0.0025310976775614336,
        "runtime": 1.2009770813392606e-06
    }
}