{
    "0": {
        "score": 3.6493992805480957,
        "runtime": 0.13599729537963867
    },
    "1": {
        "score": 3.761995553970337,
        "runtime": 0.10099959373474121
    },
    "2": {
        "score": 3.7796688079833984,
        "runtime": 0.0950009822845459
    },
    "3": {
        "score": 4.1494598388671875,
        "runtime": 0.08799982070922852
    },
    "4": {
        "score": 3.2645251750946045,
        "runtime": 0.09900212287902832
    },
    "5": {
        "score": 3.860729932785034,
        "runtime": 0.08999919891357422
    },
    "6": {
        "score": 3.938175916671753,
        "runtime": 0.10699987411499023
    },
    "7": {
        "score": 3.9224014282226562,
        "runtime": 0.07799959182739258
    },
    "8": {
        "score": 4.128917694091797,
        "runtime": 0.10399937629699707
    },
    "9": {
        "score": 4.014928340911865,
        "runtime": 0.10000109672546387
    },
    "10": {
        "score": 3.7990994453430176,
        "runtime": 0.09999895095825195
    },
    "11": {
        "score": 3.770418167114258,
        "runtime": 0.09400820732116699
    },
    "12": {
        "score": 4.076560974121094,
        "runtime": 0.12200093269348145
    },
    "13": {
        "score": 3.693781614303589,
        "runtime": 0.09800124168395996
    },
    "14": {
        "score": 4.338846683502197,
        "runtime": 0.10999846458435059
    },
    "15": {
        "score": 3.9959187507629395,
        "runtime": 0.11100053787231445
    },
    "16": {
        "score": 4.182433605194092,
        "runtime": 0.08000063896179199
    },
    "17": {
        "score": 3.341622829437256,
        "runtime": 0.07799863815307617
    },
    "18": {
        "score": 3.7305448055267334,
        "runtime": 0.10000038146972656
    },
    "19": {
        "score": 3.863896369934082,
        "runtime": 0.10199952125549316
    },
    "20": {
        "score": 3.8967044353485107,
        "runtime": 0.10000014305114746
    },
    "21": {
        "score": 3.4828333854675293,
        "runtime": 0.08199906349182129
    },
    "22": {
        "score": 3.8361217975616455,
        "runtime": 0.0970010757446289
    },
    "23": {
        "score": 4.342337131500244,
        "runtime": 0.0970001220703125
    },
    "24": {
        "score": 4.07985782623291,
        "runtime": 0.09199905395507812
    },
    "25": {
        "score": 3.8711776733398438,
        "runtime": 0.06899857521057129
    },
    "26": {
        "score": 4.354970932006836,
        "runtime": 0.10399985313415527
    },
    "27": {
        "score": 3.715338945388794,
        "runtime": 0.09100031852722168
    },
    "28": {
        "score": 3.308074951171875,
        "runtime": 0.08499789237976074
    },
    "29": {
        "score": 3.9138455390930176,
        "runtime": 0.11099934577941895
    },
    "30": {
        "score": 3.8944716453552246,
        "runtime": 0.08099961280822754
    },
    "31": {
        "score": 3.209815263748169,
        "runtime": 0.09400057792663574
    },
    "32": {
        "score": 4.040256500244141,
        "runtime": 0.08799982070922852
    },
    "33": {
        "score": 4.2170515060424805,
        "runtime": 0.11400127410888672
    },
    "34": {
        "score": 4.319533824920654,
        "runtime": 0.10400056838989258
    },
    "35": {
        "score": 4.260029315948486,
        "runtime": 0.09400010108947754
    },
    "36": {
        "score": 4.019388198852539,
        "runtime": 0.08899950981140137
    },
    "37": {
        "score": 3.717787742614746,
        "runtime": 0.10300016403198242
    },
    "38": {
        "score": 3.8553543090820312,
        "runtime": 0.10000133514404297
    },
    "39": {
        "score": 4.200603008270264,
        "runtime": 0.09099960327148438
    },
    "40": {
        "score": 3.9290757179260254,
        "runtime": 0.08800148963928223
    },
    "41": {
        "score": 4.0438079833984375,
        "runtime": 0.10299944877624512
    },
    "42": {
        "score": 3.5284109115600586,
        "runtime": 0.09499979019165039
    },
    "43": {
        "score": 3.28609299659729,
        "runtime": 0.09000372886657715
    },
    "44": {
        "score": 3.919325113296509,
        "runtime": 0.06499981880187988
    },
    "45": {
        "score": 3.6989119052886963,
        "runtime": 0.08100032806396484
    },
    "46": {
        "score": 4.052874565124512,
        "runtime": 0.09000134468078613
    },
    "47": {
        "score": 3.7472667694091797,
        "runtime": 0.10299944877624512
    },
    "48": {
        "score": 3.927215576171875,
        "runtime": 0.1119992733001709
    },
    "49": {
        "score": 3.807023048400879,
        "runtime": 0.08800220489501953
    },
    "50": {
        "score": 3.854548215866089,
        "runtime": 0.09200096130371094
    },
    "51": {
        "score": 3.6899423599243164,
        "runtime": 0.10100054740905762
    },
    "52": {
        "score": 3.5989694595336914,
        "runtime": 0.07500004768371582
    },
    "53": {
        "score": 4.112093925476074,
        "runtime": 0.09499907493591309
    },
    "54": {
        "score": 3.9248223304748535,
        "runtime": 0.08999896049499512
    },
    "55": {
        "score": 3.6399409770965576,
        "runtime": 0.11800074577331543
    },
    "56": {
        "score": 4.023445129394531,
        "runtime": 0.09999585151672363
    },
    "57": {
        "score": 3.789414405822754,
        "runtime": 0.082000732421875
    },
    "58": {
        "score": 3.9642252922058105,
        "runtime": 0.10100126266479492
    },
    "59": {
        "score": 3.9553184509277344,
        "runtime": 0.09300088882446289
    },
    "60": {
        "score": 3.8143482208251953,
        "runtime": 0.10099959373474121
    },
    "61": {
        "score": 3.179180145263672,
        "runtime": 0.06899833679199219
    },
    "62": {
        "score": 4.063938617706299,
        "runtime": 0.08499979972839355
    },
    "63": {
        "score": 4.115477561950684,
        "runtime": 0.08500003814697266
    },
    "64": {
        "score": 3.782482624053955,
        "runtime": 0.10799956321716309
    },
    "65": {
        "score": 3.998300313949585,
        "runtime": 0.07700014114379883
    },
    "66": {
        "score": 3.7593417167663574,
        "runtime": 0.12399935722351074
    },
    "67": {
        "score": 3.7267768383026123,
        "runtime": 0.09499931335449219
    },
    "68": {
        "score": 3.9582395553588867,
        "runtime": 0.09300017356872559
    },
    "69": {
        "score": 3.6501429080963135,
        "runtime": 0.0969991683959961
    },
    "70": {
        "score": 3.5725555419921875,
        "runtime": 0.07599925994873047
    },
    "71": {
        "score": 3.6524572372436523,
        "runtime": 0.09600019454956055
    },
    "72": {
        "score": 4.331632614135742,
        "runtime": 0.10699939727783203
    },
    "73": {
        "score": 3.780745029449463,
        "runtime": 0.0969996452331543
    },
    "74": {
        "score": 3.975198745727539,
        "runtime": 0.1119992733001709
    },
    "75": {
        "score": 4.1968607902526855,
        "runtime": 0.09999918937683105
    },
    "76": {
        "score": 3.4614906311035156,
        "runtime": 0.08100104331970215
    },
    "77": {
        "score": 3.9464802742004395,
        "runtime": 0.07999897003173828
    },
    "78": {
        "score": 4.179685115814209,
        "runtime": 0.07300138473510742
    },
    "79": {
        "score": 3.8339180946350098,
        "runtime": 0.12399816513061523
    },
    "80": {
        "score": 3.1857752799987793,
        "runtime": 0.1380000114440918
    },
    "81": {
        "score": 4.092862606048584,
        "runtime": 0.10299944877624512
    },
    "82": {
        "score": 3.7449755668640137,
        "runtime": 0.08100080490112305
    },
    "83": {
        "score": 3.47387957572937,
        "runtime": 0.09399986267089844
    },
    "84": {
        "score": 3.9712026119232178,