{
    "0": {
        "score": 6.624468803405762,
        "runtime": 1.7370026111602783
    },
    "1": {
        "score": 6.624468803405762,
        "runtime": 1.6759982109069824
    },
    "2": {
        "score": 6.624468803405762,
        "runtime": 1.675001859664917
    },
    "3": {
        "score": 6.624468803405762,
        "runtime": 1.7710018157958984
    },
    "4": {
        "score": 6.624468803405762,
        "runtime": 1.7560038566589355
    },
    "5": {
        "score": 6.624468803405762,
        "runtime": 1.599998950958252
    },
    "6": {
        "score": 6.624468803405762,
        "runtime": 1.7039988040924072
    },
    "7": {
        "score": 6.624468803405762,
        "runtime": 1.6949985027313232
    },
    "8": {
        "score": 6.624468803405762,
        "runtime": 1.7179994583129883
    },
    "9": {
        "score": 6.624468803405762,
        "runtime": 1.7209994792938232
    },
    "10": {
        "score": 6.624468803405762,
        "runtime": 1.6939997673034668
    },
    "11": {
        "score": 6.624468803405762,
        "runtime": 1.7300002574920654
    },
    "12": {
        "score": 6.624468803405762,
        "runtime": 1.6839995384216309
    },
    "13": {
        "score": 6.624468803405762,
        "runtime": 1.6800003051757812
    },
    "14": {
        "score": 6.624468803405762,
        "runtime": 1.735996961593628
    },
    "15": {
        "score": 6.624468803405762,
        "runtime": 1.7020018100738525
    },
    "16": {
        "score": 6.624468803405762,
        "runtime": 1.6899991035461426
    },
    "17": {
        "score": 6.624468803405762,
        "runtime": 1.7100021839141846
    },
    "18": {
        "score": 6.624468803405762,
        "runtime": 1.7419979572296143
    },
    "19": {
        "score": 6.624468803405762,
        "runtime": 1.7209985256195068
    },
    "20": {
        "score": 6.624468803405762,
        "runtime": 1.708998441696167
    },
    "21": {
        "score": 6.624468803405762,
        "runtime": 1.6620001792907715
    },
    "22": {
        "score": 6.624468803405762,
        "runtime": 1.69700026512146
    },
    "23": {
        "score": 6.624468803405762,
        "runtime": 1.6679985523223877
    },
    "24": {
        "score": 6.624468803405762,
        "runtime": 1.6970009803771973
    },
    "25": {
        "score": 6.624468803405762,
        "runtime": 1.6949996948242188
    },
    "26": {
        "score": 6.624468803405762,
        "runtime": 1.7129981517791748
    },
    "27": {
        "score": 6.624468803405762,
        "runtime": 1.7469995021820068
    },
    "28": {
        "score": 6.624468803405762,
        "runtime": 1.686002254486084
    },
    "29": {
        "score": 6.624468803405762,
        "runtime": 1.7539989948272705
    },
    "30": {
        "score": 6.624468803405762,
        "runtime": 1.7399988174438477
    },
    "31": {
        "score": 6.624468803405762,
        "runtime": 1.6810007095336914
    },
    "32": {
        "score": 6.624468803405762,
        "runtime": 1.6970000267028809
    },
    "33": {
        "score": 6.624468803405762,
        "runtime": 1.7189974784851074
    },
    "34": {
        "score": 6.624468803405762,
        "runtime": 1.7340004444122314
    },
    "35": {
        "score": 6.738554000854492,
        "runtime": 1.763000249862671
    },
    "36": {
        "score": 6.624468803405762,
        "runtime": 1.6639997959136963
    },
    "37": {
        "score": 6.624468803405762,
        "runtime": 1.6760022640228271
    },
    "38": {
        "score": 6.624468803405762,
        "runtime": 1.6870009899139404
    },
    "39": {
        "score": 6.624468803405762,
        "runtime": 1.6939997673034668
    },
    "40": {
        "score": 6.624468803405762,
        "runtime": 1.6969990730285645
    },
    "41": {
        "score": 6.738554000854492,
        "runtime": 1.6979999542236328
    },
    "42": {
        "score": 6.624468803405762,
        "runtime": 1.7040014266967773
    },
    "43": {
        "score": 6.624468803405762,
        "runtime": 1.7039985656738281
    },
    "44": {
        "score": 6.624468803405762,
        "runtime": 1.6590020656585693
    },
    "45": {
        "score": 6.624468803405762,
        "runtime": 1.7210009098052979
    },
    "46": {
        "score": 6.624468803405762,
        "runtime": 1.6470000743865967
    },
    "47": {
        "score": 6.624468803405762,
        "runtime": 1.672001600265503
    },
    "48": {
        "score": 6.624468803405762,
        "runtime": 1.6730012893676758
    },
    "49": {
        "score": 6.624468803405762,
        "runtime": 1.7119994163513184
    },
    "50": {
        "score": 6.624468803405762,
        "runtime": 1.6689987182617188
    },
    "51": {
        "score": 6.624468803405762,
        "runtime": 1.739999532699585
    },
    "52": {
        "score": 6.624468803405762,
        "runtime": 1.7500038146972656
    },
    "53": {
        "score": 6.624468803405762,
        "runtime": 1.7069995403289795
    },
    "54": {
        "score": 6.738554000854492,
        "runtime": 1.7379992008209229
    },
    "55": {
        "score": 6.624468803405762,
        "runtime": 1.7480010986328125
    },
    "56": {
        "score": 6.624468803405762,
        "runtime": 1.707000494003296
    },
    "57": {
        "score": 6.624468803405762,
        "runtime": 1.6509969234466553
    },
    "58": {
        "score": 6.624468803405762,
        "runtime": 1.6979985237121582
    },
    "59": {
        "score": 6.624468803405762,
        "runtime": 1.6849994659423828
    },
    "60": {
        "score": 6.624468803405762,
        "runtime": 1.7559990882873535
    },
    "61": {
        "score": 6.624468803405762,
        "runtime": 1.7069973945617676
    },
    "62": {
        "score": 6.624468803405762,
        "runtime": 1.6700000762939453
    },
    "63": {
        "score": 6.624468803405762,
        "runtime": 1.6660006046295166
    },
    "64": {
        "score": 6.624468803405762,
        "runtime": 1.7999999523162842
    },
    "65": {
        "score": 6.624468803405762,
        "runtime": 1.655998945236206
    },
    "66": {
        "score": 6.624468803405762,
        "runtime": 1.7089998722076416
    },
    "67": {
        "score": 6.624468803405762,
        "runtime": 1.7869997024536133
    },
    "68": {
        "score": 6.624468803405762,
        "runtime": 1.7000010013580322
    },
    "69": {
        "score": 6.624468803405762,
        "runtime": 1.7600030899047852
    },
    "70": {
        "score": 6.624468803405762,
        "runtime": 1.6919994354248047
    },
    "71": {
        "score": 6.624468803405762,
        "runtime": 1.682997465133667
    },
    "72": {
        "score": 6.624468803405762,
        "runtime": 1.6779999732971191
    },
    "73": {
        "score": 6.624468803405762,
        "runtime": 1.7590010166168213
    },
    "74": {
        "score": 6.624468803405762,
        "runtime": 1.7599990367889404
    },
    "75": {
        "score": 6.624468803405762,
        "runtime": 1.6399962902069092
    },
    "76": {
        "score": 6.624468803405762,
        "runtime": 1.6730005741119385
    },
    "77": {
        "score": 6.624468803405762,
        "runtime": 1.7279984951019287
    },
    "78": {
        "score": 6.624468803405762,
        "runtime": 1.6530003547668457
    },
    "79": {
        "score": 6.624468803405762,
        "runtime": 1.708003044128418
    },
    "80": {
        "score": 6.624468803405762,
        "runtime": 1.711998462677002
    },
    "81": {
        "score": 6.624468803405762,
        "runtime": 1.6940009593963623
    },
    "82": {
        "score": 6.624468803405762,
        "runtime": 1.677997350692749
    },
    "83": {
        "score": 6.624468803405762,
        "runtime": 1.6860020160675049
    },
    "84": {
        "score": 6.624468803405762,
        "runtime": 1.6870017051696777
    },
    "85": {
        "score": 6.624468803405762,
        "runtime": 1.6779985427856445
    },