{
    "0": {
        "score": 3.6493992805480957,
        "runtime": 0.7979998588562012
    },
    "1": {
        "score": 3.761995553970337,
        "runtime": 0.8059999942779541
    },
    "2": {
        "score": 3.7796685695648193,
        "runtime": 0.7960033416748047
    },
    "3": {
        "score": 4.167393207550049,
        "runtime": 0.7699997425079346
    },
    "4": {
        "score": 3.513030767440796,
        "runtime": 0.7969982624053955
    },
    "5": {
        "score": 3.860729455947876,
        "runtime": 0.799999475479126
    },
    "6": {
        "score": 3.836202383041382,
        "runtime": 0.7860009670257568
    },
    "7": {
        "score": 3.9224016666412354,
        "runtime": 0.7770037651062012
    },
    "8": {
        "score": 4.128917694091797,
        "runtime": 0.7699661254882812
    },
    "9": {
        "score": 4.014928340911865,
        "runtime": 0.773998498916626
    },
    "10": {
        "score": 3.791715145111084,
        "runtime": 0.7817988395690918
    },
    "11": {
        "score": 3.7704179286956787,
        "runtime": 0.8189980983734131
    },
    "12": {
        "score": 4.087907791137695,
        "runtime": 0.8590009212493896
    },
    "13": {
        "score": 3.693781614303589,
        "runtime": 0.7700021266937256
    },
    "14": {
        "score": 4.300230503082275,
        "runtime": 0.7870018482208252
    },
    "15": {
        "score": 3.9959185123443604,
        "runtime": 0.8009970188140869
    },
    "16": {
        "score": 4.157617568969727,
        "runtime": 0.7990007400512695
    },
    "17": {
        "score": 3.341623067855835,
        "runtime": 0.7659990787506104
    },
    "18": {
        "score": 3.703400135040283,
        "runtime": 0.7850010395050049
    },
    "19": {
        "score": 3.8638968467712402,
        "runtime": 0.7780013084411621
    },
    "20": {
        "score": 3.926241874694824,
        "runtime": 0.7995202541351318
    },
    "21": {
        "score": 3.4828336238861084,
        "runtime": 0.8300001621246338
    },
    "22": {
        "score": 3.8361215591430664,
        "runtime": 0.7800009250640869
    },
    "23": {
        "score": 4.320151329040527,
        "runtime": 0.78999924659729
    },
    "24": {
        "score": 3.9885852336883545,
        "runtime": 0.785001277923584
    },
    "25": {
        "score": 3.8711776733398438,
        "runtime": 0.7729532718658447
    },
    "26": {
        "score": 4.330911159515381,
        "runtime": 0.8009977340698242
    },
    "27": {
        "score": 3.753551959991455,
        "runtime": 0.7589991092681885
    },
    "28": {
        "score": 3.308075189590454,
        "runtime": 0.8050005435943604
    },
    "29": {
        "score": 3.9138457775115967,
        "runtime": 0.7660012245178223
    },
    "30": {
        "score": 3.8944716453552246,
        "runtime": 0.7749998569488525
    },
    "31": {
        "score": 3.209815263748169,
        "runtime": 0.7890000343322754
    },
    "32": {
        "score": 4.040256023406982,
        "runtime": 0.7859988212585449
    },
    "33": {
        "score": 4.224037170410156,
        "runtime": 0.7530002593994141
    },
    "34": {
        "score": 4.319533824920654,
        "runtime": 0.7719991207122803
    },
    "35": {
        "score": 4.384587287902832,
        "runtime": 0.7675163745880127
    },
    "36": {
        "score": 4.019388198852539,
        "runtime": 0.7899999618530273
    },
    "37": {
        "score": 3.717787742614746,
        "runtime": 0.7849698066711426
    },
    "38": {
        "score": 3.8522095680236816,
        "runtime": 0.778519868850708
    },
    "39": {
        "score": 4.187337398529053,
        "runtime": 0.8120017051696777
    },
    "40": {
        "score": 3.9290759563446045,
        "runtime": 0.768000602722168
    },
    "41": {
        "score": 3.9975218772888184,
        "runtime": 0.7930009365081787
    },
    "42": {
        "score": 3.5343122482299805,
        "runtime": 0.772998571395874
    },
    "43": {
        "score": 3.28609299659729,
        "runtime": 0.7679660320281982
    },
    "44": {
        "score": 3.9143929481506348,
        "runtime": 0.7910029888153076
    },
    "45": {
        "score": 3.6989119052886963,
        "runtime": 0.7820003032684326
    },
    "46": {
        "score": 4.05287504196167,
        "runtime": 0.8165218830108643
    },
    "47": {
        "score": 3.721055507659912,
        "runtime": 0.7739973068237305
    },
    "48": {
        "score": 3.927215337753296,
        "runtime": 0.7739646434783936
    },
    "49": {
        "score": 3.8669557571411133,
        "runtime": 0.8119170665740967
    },
    "50": {
        "score": 3.8545479774475098,
        "runtime": 0.8079245090484619
    },
    "51": {
        "score": 3.6685421466827393,
        "runtime": 0.779998779296875
    },
    "52": {
        "score": 3.5350968837738037,
        "runtime": 0.7800006866455078
    },
    "53": {
        "score": 4.16370964050293,
        "runtime": 0.795459508895874
    },
    "54": {
        "score": 3.939969301223755,
        "runtime": 0.7589507102966309
    },
    "55": {
        "score": 3.6817665100097656,
        "runtime": 0.7499990463256836
    },
    "56": {
        "score": 4.036168098449707,
        "runtime": 0.7874753475189209
    },
    "57": {
        "score": 3.789414405822754,
        "runtime": 0.7999601364135742
    },
    "58": {
        "score": 3.965982437133789,
        "runtime": 0.781001091003418
    },
    "59": {
        "score": 3.881514310836792,
        "runtime": 0.7939996719360352
    },
    "60": {
        "score": 3.8143486976623535,
        "runtime": 0.7810003757476807
    },
    "61": {
        "score": 3.1804888248443604,
        "runtime": 0.8040003776550293
    },
    "62": {
        "score": 4.063190937042236,
        "runtime": 0.7924959659576416
    },
    "63": {
        "score": 4.123303413391113,
        "runtime": 0.760998010635376
    },
    "64": {
        "score": 3.797248601913452,
        "runtime": 0.7769999504089355
    },
    "65": {
        "score": 3.998300075531006,
        "runtime": 0.7950024604797363
    },
    "66": {
        "score": 3.7593417167663574,
        "runtime": 0.7650001049041748
    },
    "67": {
        "score": 3.7240097522735596,
        "runtime": 0.7810008525848389
    },
    "68": {
        "score": 3.957408905029297,
        "runtime": 0.7970001697540283
    },
    "69": {
        "score": 3.6501429080963135,
        "runtime": 0.7839977741241455
    },
    "70": {
        "score": 3.5725557804107666,
        "runtime": 0.7359724044799805
    },
    "71": {
        "score": 3.6524572372436523,
        "runtime": 0.7909989356994629
    },
    "72": {
        "score": 4.3316330909729,
        "runtime": 0.8179984092712402
    },
    "73": {
        "score": 3.780745267868042,
        "runtime": 0.7829995155334473
    },
    "74": {
        "score": 4.025167465209961,
        "runtime": 0.7829968929290771
    },
    "75": {
        "score": 4.156336307525635,
        "runtime": 0.7940020561218262
    },
    "76": {
        "score": 3.4614906311035156,
        "runtime": 0.8220012187957764
    },
    "77": {
        "score": 4.072081565856934,
        "runtime": 0.7965290546417236
    },
    "78": {
        "score": 4.169132232666016,
        "runtime": 0.7950024604797363
    },
    "79": {
        "score": 3.845454692840576,
        "runtime": 0.8099539279937744
    },
    "80": {
        "score": 3.185774803161621,
        "runtime": 0.8169667720794678
    },
    "81": {
        "score": 4.092862606048584,
        "runtime": 0.76399827003479
    },
    "82": {
        "score": 3.7449758052825928,
        "runtime": 0.7969989776611328
    },
    "83": {
        "score": 3.441124677658081,
        "runtime": 0.8020007610321045
    },
    "84": {
        "score": 3.971017360687256,
        "runtime": 0.7729980945587158
    },
    "85": {
        "score": 3.9487624168395996,