{
    "0": {
        "score": 7.978996753692627,
        "runtime": 0.5379993915557861
    },
    "1": {
        "score": 8.450470924377441,
        "runtime": 0.4389984607696533
    },
    "2": {
        "score": 8.168403625488281,
        "runtime": 0.44700121879577637
    },
    "3": {
        "score": 8.34154987335205,
        "runtime": 0.48800134658813477
    },
    "4": {
        "score": 8.770645141601562,
        "runtime": 0.4569990634918213
    },
    "5": {
        "score": 7.654203414916992,
        "runtime": 0.41299891471862793
    },
    "6": {
        "score": 8.142772674560547,
        "runtime": 0.4419996738433838
    },
    "7": {
        "score": 8.396885871887207,
        "runtime": 0.42099976539611816
    },
    "8": {
        "score": 7.720444202423096,
        "runtime": 0.4590003490447998
    },
    "9": {
        "score": 8.038525581359863,
        "runtime": 0.46400022506713867
    },
    "10": {
        "score": 8.070086479187012,
        "runtime": 0.42599987983703613
    },
    "11": {
        "score": 7.6925740242004395,
        "runtime": 0.4029989242553711
    },
    "12": {
        "score": 8.189798355102539,
        "runtime": 0.5029988288879395
    },
    "13": {
        "score": 7.6767778396606445,
        "runtime": 0.4519994258880615
    },
    "14": {
        "score": 8.116557121276855,
        "runtime": 0.4030003547668457
    },
    "15": {
        "score": 8.03941535949707,
        "runtime": 0.41899895668029785
    },
    "16": {
        "score": 8.01491928100586,
        "runtime": 0.4120016098022461
    },
    "17": {
        "score": 8.112195014953613,
        "runtime": 0.4090003967285156
    },
    "18": {
        "score": 8.104225158691406,
        "runtime": 0.4350001811981201
    },
    "19": {
        "score": 8.462557792663574,
        "runtime": 0.4199991226196289
    },
    "20": {
        "score": 8.07606029510498,
        "runtime": 0.4350008964538574
    },
    "21": {
        "score": 9.037620544433594,
        "runtime": 0.39300060272216797
    },
    "22": {
        "score": 7.902531147003174,
        "runtime": 0.4399995803833008
    },
    "23": {
        "score": 8.073978424072266,
        "runtime": 0.4070007801055908
    },
    "24": {
        "score": 7.675420761108398,
        "runtime": 0.4050006866455078
    },
    "25": {
        "score": 8.423559188842773,
        "runtime": 0.42800116539001465
    },
    "26": {
        "score": 8.293222427368164,
        "runtime": 0.4589998722076416
    },
    "27": {
        "score": 8.05715560913086,
        "runtime": 0.4549984931945801
    },
    "28": {
        "score": 8.677427291870117,
        "runtime": 0.406998872756958
    },
    "29": {
        "score": 7.559686660766602,
        "runtime": 0.42400145530700684
    },
    "30": {
        "score": 8.14530086517334,
        "runtime": 0.42100000381469727
    },
    "31": {
        "score": 7.855188369750977,
        "runtime": 0.4829990863800049
    },
    "32": {
        "score": 7.701521396636963,
        "runtime": 0.4480001926422119
    },
    "33": {
        "score": 8.044615745544434,
        "runtime": 0.41900134086608887
    },
    "34": {
        "score": 8.356144905090332,
        "runtime": 0.43599891662597656
    },
    "35": {
        "score": 8.184022903442383,
        "runtime": 0.4589993953704834
    },
    "36": {
        "score": 8.15101432800293,
        "runtime": 0.43200063705444336
    },
    "37": {
        "score": 8.115055084228516,
        "runtime": 0.42099952697753906
    },
    "38": {
        "score": 8.04112720489502,
        "runtime": 0.4629995822906494
    },
    "39": {
        "score": 7.626486301422119,
        "runtime": 0.4360015392303467
    },
    "40": {
        "score": 8.028033256530762,
        "runtime": 0.44900059700012207
    },
    "41": {
        "score": 7.846043109893799,
        "runtime": 0.47700023651123047
    },
    "42": {
        "score": 7.83833646774292,
        "runtime": 0.4460000991821289
    },
    "43": {
        "score": 8.039393424987793,
        "runtime": 0.4439983367919922
    },
    "44": {
        "score": 7.795372009277344,
        "runtime": 0.46199917793273926
    },
    "45": {
        "score": 7.893162250518799,
        "runtime": 0.48399901390075684
    },
    "46": {
        "score": 8.582834243774414,
        "runtime": 0.4629983901977539
    },
    "47": {
        "score": 8.090800285339355,
        "runtime": 0.4159979820251465
    },
    "48": {
        "score": 8.229376792907715,
        "runtime": 0.4459991455078125
    },
    "49": {
        "score": 8.620521545410156,
        "runtime": 0.4310014247894287
    },
    "50": {
        "score": 8.34035587310791,
        "runtime": 0.45399951934814453
    },
    "51": {
        "score": 8.023978233337402,
        "runtime": 0.44499897956848145
    },
    "52": {
        "score": 8.293330192565918,
        "runtime": 0.46599793434143066
    },
    "53": {
        "score": 7.554540634155273,
        "runtime": 0.4499983787536621
    },
    "54": {
        "score": 8.411294937133789,
        "runtime": 0.43000102043151855
    },
    "55": {
        "score": 7.97582483291626,
        "runtime": 0.46900177001953125
    },
    "56": {
        "score": 8.210558891296387,
        "runtime": 0.42400097846984863
    },
    "57": {
        "score": 8.089468955993652,
        "runtime": 0.49000120162963867
    },
    "58": {
        "score": 8.253338813781738,
        "runtime": 0.4230003356933594
    },
    "59": {
        "score": 7.609717845916748,
        "runtime": 0.45399928092956543
    },
    "60": {
        "score": 7.996150016784668,
        "runtime": 0.44499993324279785
    },
    "61": {
        "score": 8.238859176635742,
        "runtime": 0.4089994430541992
    },
    "62": {
        "score": 8.168135643005371,
        "runtime": 0.4109995365142822
    },
    "63": {
        "score": 7.923292636871338,
        "runtime": 0.4589989185333252
    },
    "64": {
        "score": 7.7280144691467285,
        "runtime": 0.43399953842163086
    },
    "65": {
        "score": 8.676865577697754,
        "runtime": 0.47699928283691406
    },
    "66": {
        "score": 8.40293025970459,
        "runtime": 0.437999963760376
    },
    "67": {
        "score": 8.035956382751465,
        "runtime": 0.45800161361694336
    },
    "68": {
        "score": 7.821735858917236,
        "runtime": 0.4349997043609619
    },
    "69": {
        "score": 7.783494472503662,
        "runtime": 0.418001651763916
    },
    "70": {
        "score": 8.530467987060547,
        "runtime": 0.4180026054382324
    },
    "71": {
        "score": 7.491110801696777,
        "runtime": 0.44299888610839844
    },
    "72": {
        "score": 8.33129596710205,
        "runtime": 0.46899914741516113
    },
    "73": {
        "score": 8.200531005859375,
        "runtime": 0.4050002098083496
    },
    "74": {
        "score": 7.823381423950195,
        "runtime": 0.4330000877380371
    },
    "75": {
        "score": 7.690030097961426,
        "runtime": 0.4459993839263916
    },
    "76": {
        "score": 8.191849708557129,
        "runtime": 0.4529993534088135
    },
    "77": {
        "score": 8.228287696838379,
        "runtime": 0.4160006046295166
    },
    "78": {
        "score": 7.875741481781006,
        "runtime": 0.4609992504119873
    },
    "79": {
        "score": 8.102499008178711,
        "runtime": 0.4640004634857178
    },
    "80": {
        "score": 7.542368412017822,
        "runtime": 0.44899868965148926
    },
    "81": {
        "score": 7.902590751647949,
        "runtime": 0.44900083541870117
    },
    "82": {
        "score": 7.560791015625,
        "runtime": 0.4389986991882324
    },
    "83": {
        "score": 7.361108779907227,
        "runtime": 0.46500086784362793
    },
    "84": {
        "score": 7.739932060241699,
        "runtime": 0.4349997043609619
    },
    "85": {
        "score": 7.96055793762207,