{
    "0": {
        "score": 8.004076957702637,
        "runtime": 0.5089988708496094
    },
    "1": {
        "score": 8.474183082580566,
        "runtime": 0.4399991035461426
    },
    "2": {
        "score": 8.097247123718262,
        "runtime": 0.43399930000305176
    },
    "3": {
        "score": 8.520668029785156,
        "runtime": 0.44299936294555664
    },
    "4": {
        "score": 8.599099159240723,
        "runtime": 0.43000006675720215
    },
    "5": {
        "score": 7.81923246383667,
        "runtime": 0.42799949645996094
    },
    "6": {
        "score": 7.912703990936279,
        "runtime": 0.4270005226135254
    },
    "7": {
        "score": 8.327577590942383,
        "runtime": 0.49599790573120117
    },
    "8": {
        "score": 7.699704647064209,
        "runtime": 0.4219980239868164
    },
    "9": {
        "score": 7.922370910644531,
        "runtime": 0.47699999809265137
    },
    "10": {
        "score": 7.946487903594971,
        "runtime": 0.43200063705444336
    },
    "11": {
        "score": 7.678574085235596,
        "runtime": 0.4650003910064697
    },
    "12": {
        "score": 8.262616157531738,
        "runtime": 0.46699953079223633
    },
    "13": {
        "score": 7.7675371170043945,
        "runtime": 0.43799877166748047
    },
    "14": {
        "score": 8.062151908874512,
        "runtime": 0.41300153732299805
    },
    "15": {
        "score": 8.021649360656738,
        "runtime": 0.4510009288787842
    },
    "16": {
        "score": 7.953567981719971,
        "runtime": 0.4129984378814697
    },
    "17": {
        "score": 8.01252269744873,
        "runtime": 0.45200014114379883
    },
    "18": {
        "score": 8.069328308105469,
        "runtime": 0.4330000877380371
    },
    "19": {
        "score": 8.450346946716309,
        "runtime": 0.3689992427825928
    },
    "20": {
        "score": 8.035709381103516,
        "runtime": 0.42100095748901367
    },
    "21": {
        "score": 8.412788391113281,
        "runtime": 0.41499924659729004
    },
    "22": {
        "score": 7.877754211425781,
        "runtime": 0.4440016746520996
    },
    "23": {
        "score": 7.943613529205322,
        "runtime": 0.4220004081726074
    },
    "24": {
        "score": 7.665855407714844,
        "runtime": 0.4159998893737793
    },
    "25": {
        "score": 8.213859558105469,
        "runtime": 0.41900038719177246
    },
    "26": {
        "score": 8.037484169006348,
        "runtime": 0.4330005645751953
    },
    "27": {
        "score": 7.872334957122803,
        "runtime": 0.4700007438659668
    },
    "28": {
        "score": 8.414576530456543,
        "runtime": 0.43400001525878906
    },
    "29": {
        "score": 7.756875991821289,
        "runtime": 0.4160006046295166
    },
    "30": {
        "score": 7.994205474853516,
        "runtime": 0.40200042724609375
    },
    "31": {
        "score": 7.964815616607666,
        "runtime": 0.46000051498413086
    },
    "32": {
        "score": 7.633080005645752,
        "runtime": 0.47300076484680176
    },
    "33": {
        "score": 7.865747928619385,
        "runtime": 0.4420015811920166
    },
    "34": {
        "score": 8.136290550231934,
        "runtime": 0.4519996643066406
    },
    "35": {
        "score": 8.042447090148926,
        "runtime": 0.4640011787414551
    },
    "36": {
        "score": 8.247193336486816,
        "runtime": 0.4060018062591553
    },
    "37": {
        "score": 8.238444328308105,
        "runtime": 0.4029991626739502
    },
    "38": {
        "score": 7.911230564117432,
        "runtime": 0.4439995288848877
    },
    "39": {
        "score": 7.618065357208252,
        "runtime": 0.4440000057220459
    },
    "40": {
        "score": 8.041740417480469,
        "runtime": 0.44299983978271484
    },
    "41": {
        "score": 7.754518985748291,
        "runtime": 0.410999059677124
    },
    "42": {
        "score": 7.902294635772705,
        "runtime": 0.46900081634521484
    },
    "43": {
        "score": 7.983578205108643,
        "runtime": 0.46200013160705566
    },
    "44": {
        "score": 7.8602986335754395,
        "runtime": 0.41500020027160645
    },
    "45": {
        "score": 7.834186553955078,
        "runtime": 0.43600034713745117
    },
    "46": {
        "score": 8.511824607849121,
        "runtime": 0.41699910163879395
    },
    "47": {
        "score": 7.980550289154053,
        "runtime": 0.40799927711486816
    },
    "48": {
        "score": 8.14871883392334,
        "runtime": 0.44300150871276855
    },
    "49": {
        "score": 8.418253898620605,
        "runtime": 0.4099998474121094
    },
    "50": {
        "score": 8.417214393615723,
        "runtime": 0.4660012722015381
    },
    "51": {
        "score": 8.13381290435791,
        "runtime": 0.44299888610839844
    },
    "52": {
        "score": 8.190077781677246,
        "runtime": 0.4290001392364502
    },
    "53": {
        "score": 7.575497627258301,
        "runtime": 0.43199825286865234
    },
    "54": {
        "score": 8.347155570983887,
        "runtime": 0.45600152015686035
    },
    "55": {
        "score": 7.8821516036987305,
        "runtime": 0.42800164222717285
    },
    "56": {
        "score": 8.32479476928711,
        "runtime": 0.38300013542175293
    },
    "57": {
        "score": 8.108321189880371,
        "runtime": 0.44499826431274414
    },
    "58": {
        "score": 8.166606903076172,
        "runtime": 0.4310007095336914
    },
    "59": {
        "score": 7.605370998382568,
        "runtime": 0.5000002384185791
    },
    "60": {
        "score": 8.051864624023438,
        "runtime": 0.43600034713745117
    },
    "61": {
        "score": 8.04332160949707,
        "runtime": 0.3879997730255127
    },
    "62": {
        "score": 8.098539352416992,
        "runtime": 0.5030004978179932
    },
    "63": {
        "score": 8.099419593811035,
        "runtime": 0.44300103187561035
    },
    "64": {
        "score": 7.778156757354736,
        "runtime": 0.4569997787475586
    },
    "65": {
        "score": 8.516012191772461,
        "runtime": 0.38299989700317383
    },
    "66": {
        "score": 8.33495044708252,
        "runtime": 0.43700146675109863
    },
    "67": {
        "score": 8.223340034484863,
        "runtime": 0.4529998302459717
    },
    "68": {
        "score": 7.758313179016113,
        "runtime": 0.4419999122619629
    },
    "69": {
        "score": 7.807629585266113,
        "runtime": 0.43000054359436035
    },
    "70": {
        "score": 8.413673400878906,
        "runtime": 0.4549996852874756
    },
    "71": {
        "score": 7.355691909790039,
        "runtime": 0.4139993190765381
    },
    "72": {
        "score": 8.07323169708252,
        "runtime": 0.4269993305206299
    },
    "73": {
        "score": 8.2505464553833,
        "runtime": 0.4330000877380371
    },
    "74": {
        "score": 7.790788173675537,
        "runtime": 0.421999454498291
    },
    "75": {
        "score": 7.6170806884765625,
        "runtime": 0.4199995994567871
    },
    "76": {
        "score": 8.087153434753418,
        "runtime": 0.44900059700012207
    },
    "77": {
        "score": 8.247408866882324,
        "runtime": 0.43199920654296875
    },
    "78": {
        "score": 7.928258895874023,
        "runtime": 0.437999963760376
    },
    "79": {
        "score": 8.020242691040039,
        "runtime": 0.375
    },
    "80": {
        "score": 7.53126859664917,
        "runtime": 0.4480006694793701
    },
    "81": {
        "score": 7.9051713943481445,
        "runtime": 0.44500041007995605
    },
    "82": {
        "score": 7.706351280212402,
        "runtime": 0.44700002670288086
    },
    "83": {
        "score": 7.355306625366211,
        "runtime": 0.44900012016296387
    },
    "84": {
        "score": 7.8465495109558105,
        "runtime": 0.44699764251708984
    },
    "85": {
        "score": 7.943789482116699,