{
    "0": {
        "score": 5.596268177032471,
        "runtime": 10.844972610473633
    },
    "1": {
        "score": 5.73863410949707,
        "runtime": 11.242470502853394
    },
    "2": {
        "score": 6.18124532699585,
        "runtime": 10.94045639038086
    },
    "3": {
        "score": 6.020211696624756,
        "runtime": 11.148651123046875
    },
    "4": {
        "score": 5.686152935028076,
        "runtime": 10.977329015731812
    },
    "5": {
        "score": 5.845565319061279,
        "runtime": 11.226481199264526
    },
    "6": {
        "score": 6.086172580718994,
        "runtime": 11.096710920333862
    },
    "7": {
        "score": 6.037320137023926,
        "runtime": 10.844490051269531
    },
    "8": {
        "score": 5.766714572906494,
        "runtime": 11.16822862625122
    },
    "9": {
        "score": 6.152530670166016,
        "runtime": 11.24847960472107
    },
    "10": {
        "score": 5.496968746185303,
        "runtime": 10.810881614685059
    },
    "11": {
        "score": 5.0198140144348145,
        "runtime": 11.025938510894775
    },
    "12": {
        "score": 5.779090404510498,
        "runtime": 11.052932500839233
    },
    "13": {
        "score": 5.706243515014648,
        "runtime": 11.18694806098938
    },
    "14": {
        "score": 5.9500956535339355,
        "runtime": 10.93320918083191
    },
    "15": {
        "score": 5.982269287109375,
        "runtime": 10.95189380645752
    },
    "16": {
        "score": 5.645664215087891,
        "runtime": 11.054936647415161
    },
    "17": {
        "score": 5.423128128051758,
        "runtime": 10.82192850112915
    },
    "18": {
        "score": 5.702567100524902,
        "runtime": 10.87147045135498
    },
    "19": {
        "score": 5.5648193359375,
        "runtime": 10.89951205253601
    },
    "20": {
        "score": 5.3671064376831055,
        "runtime": 11.039492130279541
    },
    "21": {
        "score": 5.8354573249816895,
        "runtime": 10.9869544506073
    },
    "22": {
        "score": 5.4906697273254395,
        "runtime": 10.985963582992554
    },
    "23": {
        "score": 5.712677478790283,
        "runtime": 11.067765474319458
    },
    "24": {
        "score": 5.5525665283203125,
        "runtime": 10.727947473526001
    },
    "25": {
        "score": 6.076054096221924,
        "runtime": 10.783216953277588
    },
    "26": {
        "score": 5.713903903961182,
        "runtime": 10.931485652923584
    },
    "27": {
        "score": 5.735879898071289,
        "runtime": 10.949759721755981
    },
    "28": {
        "score": 5.595152854919434,
        "runtime": 10.9309561252594
    },
    "29": {
        "score": 6.288692474365234,
        "runtime": 11.167727947235107
    },
    "30": {
        "score": 5.7547993659973145,
        "runtime": 10.974955558776855
    },
    "31": {
        "score": 5.7836785316467285,
        "runtime": 10.965940952301025
    },
    "32": {
        "score": 5.866602897644043,
        "runtime": 10.891454219818115
    },
    "33": {
        "score": 5.569371223449707,
        "runtime": 10.808962345123291
    },
    "34": {
        "score": 5.620074272155762,
        "runtime": 10.863686084747314
    },
    "35": {
        "score": 5.755558967590332,
        "runtime": 11.0809907913208
    },
    "36": {
        "score": 5.67930793762207,
        "runtime": 10.940696716308594
    },
    "37": {
        "score": 6.516188621520996,
        "runtime": 10.841903686523438
    },
    "38": {
        "score": 5.60764741897583,
        "runtime": 10.97067141532898
    },
    "39": {
        "score": 6.017568111419678,
        "runtime": 11.028936862945557
    },
    "40": {
        "score": 5.573097229003906,
        "runtime": 10.974481582641602
    },
    "41": {
        "score": 5.660446643829346,
        "runtime": 10.80146312713623
    },
    "42": {
        "score": 5.5833916664123535,
        "runtime": 10.904999494552612
    },
    "43": {
        "score": 6.423295974731445,
        "runtime": 10.793994426727295
    },
    "44": {
        "score": 5.486983299255371,
        "runtime": 11.476657390594482
    },
    "45": {
        "score": 5.667777061462402,
        "runtime": 11.106947183609009
    },
    "46": {
        "score": 5.9282026290893555,
        "runtime": 10.92488431930542
    },
    "47": {
        "score": 5.706631660461426,
        "runtime": 10.878686428070068
    },
    "48": {
        "score": 5.555156230926514,
        "runtime": 10.83793830871582
    },
    "49": {
        "score": 6.126574516296387,
        "runtime": 11.079415082931519
    },
    "50": {
        "score": 5.966586589813232,
        "runtime": 11.223474502563477
    },
    "51": {
        "score": 5.938388824462891,
        "runtime": 11.112491607666016
    },
    "52": {
        "score": 6.133717060089111,
        "runtime": 11.114953994750977
    },
    "53": {
        "score": 5.3735032081604,
        "runtime": 11.352205753326416
    },
    "54": {
        "score": 5.636755466461182,
        "runtime": 10.91241717338562
    },
    "55": {
        "score": 5.935150623321533,
        "runtime": 11.147924423217773
    },
    "56": {
        "score": 6.071952819824219,
        "runtime": 11.107006549835205
    },
    "57": {
        "score": 5.954314708709717,
        "runtime": 11.10647463798523
    },
    "58": {
        "score": 5.629714488983154,
        "runtime": 10.92188572883606
    },
    "59": {
        "score": 5.746501445770264,
        "runtime": 11.02497148513794
    },
    "60": {
        "score": 6.621901035308838,
        "runtime": 10.872982025146484
    },
    "61": {
        "score": 5.810013294219971,
        "runtime": 11.528664350509644
    },
    "62": {
        "score": 5.843436241149902,
        "runtime": 11.013973712921143
    },
    "63": {
        "score": 5.5977702140808105,
        "runtime": 11.305964946746826
    },
    "64": {
        "score": 5.698297500610352,
        "runtime": 10.802934885025024
    },
    "65": {
        "score": 5.844361305236816,
        "runtime": 11.248424768447876
    },
    "66": {
        "score": 5.675195693969727,
        "runtime": 11.21414589881897
    },
    "67": {
        "score": 5.413974285125732,
        "runtime": 10.959998369216919
    },
    "68": {
        "score": 5.757712364196777,
        "runtime": 11.01941704750061
    },
    "69": {
        "score": 5.362603187561035,
        "runtime": 10.920909881591797
    },
    "70": {
        "score": 5.882741451263428,
        "runtime": 10.848503589630127
    },
    "71": {
        "score": 5.335147380828857,
        "runtime": 10.921942472457886
    },
    "72": {
        "score": 5.894354343414307,
        "runtime": 11.08321738243103
    },
    "73": {
        "score": 5.688159942626953,
        "runtime": 11.015962600708008
    },
    "74": {
        "score": 5.646213531494141,
        "runtime": 10.994426965713501
    },
    "75": {
        "score": 5.788858890533447,
        "runtime": 10.996447086334229
    },
    "76": {
        "score": 6.0284576416015625,
        "runtime": 11.06147027015686
    },
    "77": {
        "score": 5.726630210876465,
        "runtime": 10.953938245773315
    },
    "78": {
        "score": 5.8777875900268555,
        "runtime": 11.108481168746948
    },
    "79": {
        "score": 5.1738715171813965,
        "runtime": 11.068942308425903
    },
    "80": {
        "score": 5.697159767150879,
        "runtime": 11.015000343322754
    },
    "81": {
        "score": 5.348573684692383,
        "runtime": 11.035477876663208
    },
    "82": {
        "score": 5.573817253112793,
        "runtime": 10.689937591552734
    },
    "83": {
        "score": 6.172510623931885,
        "runtime": 11.08615517616272
    },
    "84": {
        "score": 5.800370216369629,
        "runtime": 11.09718656539917
    },
    "85": {
        "score": 5.7275166511535645,
        "runtime": 10.954824686050415
    },